model,year,region,season,pct_normal,z_member_sd,frac_members_above_normal,n_mem,anom,nino34_NDJ_model,obs_region,obs_pct_normal,obs_z,ONI_NDJ,RONI_NDJ
CMC1-CanCM3,1981,NorCal_box,DJF,123.976,0.843,0.700,10,,0.071,NorCal_d2,103.659,0.087,-0.140,-0.080
CMC1-CanCM3,1982,NorCal_box,DJF,121.072,0.741,0.700,10,,2.001,NorCal_d2,137.010,0.878,2.120,2.360
CMC1-CanCM3,1983,NorCal_box,DJF,99.513,-0.017,0.500,10,,-0.812,NorCal_d2,90.774,-0.219,-0.890,-0.960
CMC1-CanCM3,1984,NorCal_box,DJF,120.543,0.722,0.900,10,,-0.384,NorCal_d2,32.131,-1.610,-1.060,-0.930
CMC1-CanCM3,1985,NorCal_box,DJF,101.800,0.063,0.500,10,,-0.212,NorCal_d2,140.721,0.966,-0.360,-0.210
CMC1-CanCM3,1986,NorCal_box,DJF,108.714,0.306,0.600,10,,0.801,NorCal_d2,57.582,-1.006,1.210,1.420
CMC1-CanCM3,1987,NorCal_box,DJF,107.227,0.254,0.600,10,,1.106,NorCal_d2,81.018,-0.450,1.000,0.800
CMC1-CanCM3,1988,NorCal_box,DJF,105.543,0.195,0.400,10,,-1.968,NorCal_d2,44.008,-1.328,-1.850,-1.940
CMC1-CanCM3,1989,NorCal_box,DJF,83.210,-0.590,0.400,10,,0.020,NorCal_d2,49.417,-1.200,-0.040,0.060
CMC1-CanCM3,1990,NorCal_box,DJF,82.296,-0.622,0.200,10,,0.452,NorCal_d2,27.094,-1.729,0.340,0.430
CMC1-CanCM3,1991,NorCal_box,DJF,126.179,0.920,0.900,10,,1.147,NorCal_d2,73.118,-0.638,1.430,1.970
CMC1-CanCM3,1992,NorCal_box,DJF,102.641,0.093,0.600,10,,-0.364,NorCal_d2,159.650,1.415,-0.050,0.350
CMC1-CanCM3,1993,NorCal_box,DJF,103.736,0.131,0.500,10,,0.076,NorCal_d2,68.611,-0.744,0.190,0.420
CMC1-CanCM3,1994,NorCal_box,DJF,95.950,-0.142,0.400,10,,0.323,NorCal_d2,140.880,0.970,0.970,1.280
CMC1-CanCM3,1995,NorCal_box,DJF,96.199,-0.134,0.500,10,,-1.294,NorCal_d2,150.477,1.197,-1.010,-0.990
CMC1-CanCM3,1996,NorCal_box,DJF,108.552,0.301,0.500,10,,-0.508,NorCal_d2,154.825,1.300,-0.410,-0.290
CMC1-CanCM3,1997,NorCal_box,DJF,105.584,0.196,0.500,10,,2.436,NorCal_d2,166.278,1.572,2.370,2.280
CMC1-CanCM3,1998,NorCal_box,DJF,97.719,-0.080,0.400,10,,-2.256,NorCal_d2,91.304,-0.206,-1.470,-1.610
CMC1-CanCM3,1999,NorCal_box,DJF,107.997,0.281,0.500,10,,-1.319,NorCal_d2,113.627,0.323,-1.530,-1.560
CMC1-CanCM3,2000,NorCal_box,DJF,90.919,-0.319,0.300,10,,-0.303,NorCal_d2,62.884,-0.880,-0.780,-0.820
CMC1-CanCM3,2001,NorCal_box,DJF,94.898,-0.179,0.500,10,,-0.339,NorCal_d2,85.843,-0.336,-0.320,-0.320
CMC1-CanCM3,2002,NorCal_box,DJF,114.240,0.501,0.700,10,,0.978,NorCal_d2,111.771,0.279,1.080,1.130
CMC1-CanCM3,2003,NorCal_box,DJF,92.851,-0.251,0.300,10,,0.207,NorCal_d2,128.897,0.685,0.290,0.220
CMC1-CanCM3,2004,NorCal_box,DJF,101.551,0.055,0.500,10,,0.593,NorCal_d2,90.562,-0.224,0.710,0.690
CMC1-CanCM3,2005,NorCal_box,DJF,95.619,-0.154,0.400,10,,-0.170,NorCal_d2,145.016,1.068,-0.820,-0.810
CMC1-CanCM3,2006,NorCal_box,DJF,89.101,-0.383,0.200,10,,0.911,NorCal_d2,74.019,-0.616,0.880,0.890
CMC1-CanCM3,2007,NorCal_box,DJF,109.537,0.335,0.800,10,,-1.539,NorCal_d2,102.015,0.048,-1.720,-1.650
CMC1-CanCM3,2008,NorCal_box,DJF,95.259,-0.167,0.500,10,,0.211,NorCal_d2,73.224,-0.635,-0.790,-0.860
CMC1-CanCM3,2009,NorCal_box,DJF,96.023,-0.140,0.400,10,,1.122,NorCal_d2,98.250,-0.041,1.500,1.500
CMC1-CanCM3,2010,NorCal_box,DJF,109.769,0.343,0.700,10,,-2.572,NorCal_d2,93.372,-0.157,-1.480,-1.550
CMC1-CanCM3,2011,NorCal_box,DJF,90.788,-0.324,0.400,10,,-0.772,NorCal_d2,41.569,-1.386,-0.920,-0.960
CMC1-CanCM3,2012,NorCal_box,DJF,91.407,-0.302,0.400,10,,0.569,NorCal_d2,69.512,-0.723,-0.030,-0.270
CMC1-CanCM3,2013,NorCal_box,DJF,91.631,-0.294,0.300,10,,-0.003,NorCal_d2,48.780,-1.215,-0.110,-0.270
CMC1-CanCM3,2014,NorCal_box,DJF,99.030,-0.034,0.500,10,,0.532,NorCal_d2,89.608,-0.246,0.800,0.620
CMC1-CanCM3,2015,NorCal_box,DJF,100.218,0.008,0.300,10,,2.127,NorCal_d2,105.302,0.126,2.590,2.250
CMC1-CanCM3,2016,NorCal_box,DJF,102.259,0.079,0.500,10,,-0.308,NorCal_d2,188.812,2.106,-0.370,-0.890
CMC1-CanCM3,2017,NorCal_box,DJF,108.749,0.308,0.500,10,,-0.451,NorCal_d2,34.199,-1.561,-0.760,-1.140
CMC1-CanCM3,2018,NorCal_box,DJF,99.296,-0.025,0.500,10,,0.515,NorCal_d2,143.902,1.041,1.050,0.780
CMC1-CanCM3,1981,NorCal_box,JFM,130.445,1.087,0.800,10,,0.071,NorCal_d2,106.166,0.135,-0.140,-0.080
CMC1-CanCM3,1982,NorCal_box,JFM,124.954,0.891,0.700,10,,2.001,NorCal_d2,186.307,1.883,2.120,2.360
CMC1-CanCM3,1983,NorCal_box,JFM,100.859,0.031,0.500,10,,-0.812,NorCal_d2,42.822,-1.247,-0.890,-0.960
CMC1-CanCM3,1984,NorCal_box,JFM,114.290,0.510,0.600,10,,-0.384,NorCal_d2,48.726,-1.119,-1.060,-0.930
CMC1-CanCM3,1985,NorCal_box,JFM,92.771,-0.258,0.400,10,,-0.212,NorCal_d2,170.829,1.545,-0.360,-0.210
CMC1-CanCM3,1986,NorCal_box,JFM,95.910,-0.146,0.600,10,,0.801,NorCal_d2,86.332,-0.298,1.210,1.420
CMC1-CanCM3,1987,NorCal_box,JFM,114.913,0.532,0.800,10,,1.106,NorCal_d2,43.567,-1.231,1.000,0.800
CMC1-CanCM3,1988,NorCal_box,JFM,109.509,0.339,0.500,10,,-1.968,NorCal_d2,89.714,-0.224,-1.850,-1.940
CMC1-CanCM3,1989,NorCal_box,JFM,87.240,-0.456,0.400,10,,0.020,NorCal_d2,66.268,-0.736,-0.040,0.060
CMC1-CanCM3,1990,NorCal_box,JFM,80.557,-0.694,0.100,10,,0.452,NorCal_d2,95.103,-0.107,0.340,0.430
CMC1-CanCM3,1991,NorCal_box,JFM,111.271,0.402,0.600,10,,1.147,NorCal_d2,82.720,-0.377,1.430,1.970
CMC1-CanCM3,1992,NorCal_box,JFM,103.702,0.132,0.500,10,,-0.364,NorCal_d2,140.791,0.890,-0.050,0.350
CMC1-CanCM3,1993,NorCal_box,JFM,100.568,0.020,0.600,10,,0.076,NorCal_d2,56.408,-0.951,0.190,0.420
CMC1-CanCM3,1994,NorCal_box,JFM,93.930,-0.217,0.300,10,,0.323,NorCal_d2,211.358,2.430,0.970,1.280
CMC1-CanCM3,1995,NorCal_box,JFM,110.907,0.389,0.500,10,,-1.294,NorCal_d2,126.173,0.571,-1.010,-0.990
CMC1-CanCM3,1996,NorCal_box,JFM,101.247,0.045,0.500,10,,-0.508,NorCal_d2,88.854,-0.243,-0.410,-0.290
CMC1-CanCM3,1997,NorCal_box,JFM,110.520,0.376,0.500,10,,2.436,NorCal_d2,189.689,1.957,2.370,2.280
CMC1-CanCM3,1998,NorCal_box,JFM,102.356,0.084,0.600,10,,-2.256,NorCal_d2,103.701,0.081,-1.470,-1.610
CMC1-CanCM3,1999,NorCal_box,JFM,112.119,0.433,0.600,10,,-1.319,NorCal_d2,134.256,0.747,-1.530,-1.560
CMC1-CanCM3,2000,NorCal_box,JFM,96.555,-0.123,0.500,10,,-0.303,NorCal_d2,76.414,-0.515,-0.780,-0.820
CMC1-CanCM3,2001,NorCal_box,JFM,92.997,-0.250,0.400,10,,-0.339,NorCal_d2,57.669,-0.924,-0.320,-0.320
CMC1-CanCM3,2002,NorCal_box,JFM,111.231,0.401,0.800,10,,0.978,NorCal_d2,63.230,-0.802,1.080,1.130
CMC1-CanCM3,2003,NorCal_box,JFM,97.670,-0.083,0.500,10,,0.207,NorCal_d2,85.988,-0.306,0.290,0.220
CMC1-CanCM3,2004,NorCal_box,JFM,100.835,0.030,0.500,10,,0.593,NorCal_d2,86.446,-0.296,0.710,0.690
CMC1-CanCM3,2005,NorCal_box,JFM,97.457,-0.091,0.400,10,,-0.170,NorCal_d2,117.689,0.386,-0.820,-0.810
CMC1-CanCM3,2006,NorCal_box,JFM,86.869,-0.469,0.300,10,,0.911,NorCal_d2,55.777,-0.965,0.880,0.890
CMC1-CanCM3,2007,NorCal_box,JFM,107.901,0.282,0.500,10,,-1.539,NorCal_d2,87.708,-0.268,-1.720,-1.650
CMC1-CanCM3,2008,NorCal_box,JFM,99.887,-0.004,0.400,10,,0.211,NorCal_d2,83.351,-0.363,-0.790,-0.860
CMC1-CanCM3,2009,NorCal_box,JFM,95.067,-0.176,0.400,10,,1.122,NorCal_d2,102.497,0.054,1.500,1.500
CMC1-CanCM3,2010,NorCal_box,JFM,109.012,0.322,0.800,10,,-2.572,NorCal_d2,102.841,0.062,-1.480,-1.550
CMC1-CanCM3,2011,NorCal_box,JFM,97.283,-0.097,0.400,10,,-0.772,NorCal_d2,94.185,-0.127,-0.920,-0.960
CMC1-CanCM3,2012,NorCal_box,JFM,85.711,-0.510,0.400,10,,0.569,NorCal_d2,24.191,-1.654,-0.030,-0.270
CMC1-CanCM3,2013,NorCal_box,JFM,76.493,-0.839,0.200,10,,-0.003,NorCal_d2,86.389,-0.297,-0.110,-0.270
CMC1-CanCM3,2014,NorCal_box,JFM,105.953,0.213,0.600,10,,0.532,NorCal_d2,34.395,-1.431,0.800,0.620
CMC1-CanCM3,2015,NorCal_box,JFM,100.473,0.017,0.300,10,,2.127,NorCal_d2,126.345,0.575,2.590,2.250
CMC1-CanCM3,2016,NorCal_box,JFM,109.049,0.323,0.600,10,,-0.308,NorCal_d2,189.689,1.957,-0.370,-0.890
CMC1-CanCM3,2017,NorCal_box,JFM,108.721,0.311,0.600,10,,-0.451,NorCal_d2,80.370,-0.428,-0.760,-1.140
CMC1-CanCM3,2018,NorCal_box,JFM,93.656,-0.226,0.400,10,,0.515,NorCal_d2,172.262,1.577,1.050,0.780
CMC1-CanCM3,1981,NorCal_d2,DJF,123.115,0.823,0.700,10,,0.071,NorCal_d2,103.659,0.087,-0.140,-0.080
CMC1-CanCM3,1982,NorCal_d2,DJF,119.579,0.697,0.700,10,,2.001,NorCal_d2,137.010,0.878,2.120,2.360
CMC1-CanCM3,1983,NorCal_d2,DJF,99.952,-0.002,0.600,10,,-0.812,NorCal_d2,90.774,-0.219,-0.890,-0.960
CMC1-CanCM3,1984,NorCal_d2,DJF,119.726,0.702,0.900,10,,-0.384,NorCal_d2,32.131,-1.610,-1.060,-0.930
CMC1-CanCM3,1985,NorCal_d2,DJF,101.584,0.056,0.500,10,,-0.212,NorCal_d2,140.721,0.966,-0.360,-0.210
CMC1-CanCM3,1986,NorCal_d2,DJF,108.173,0.291,0.600,10,,0.801,NorCal_d2,57.582,-1.006,1.210,1.420
CMC1-CanCM3,1987,NorCal_d2,DJF,107.421,0.264,0.600,10,,1.106,NorCal_d2,81.018,-0.450,1.000,0.800
CMC1-CanCM3,1988,NorCal_d2,DJF,105.321,0.189,0.400,10,,-1.968,NorCal_d2,44.008,-1.328,-1.850,-1.940
CMC1-CanCM3,1989,NorCal_d2,DJF,83.123,-0.601,0.400,10,,0.020,NorCal_d2,49.417,-1.200,-0.040,0.060
CMC1-CanCM3,1990,NorCal_d2,DJF,82.854,-0.610,0.200,10,,0.452,NorCal_d2,27.094,-1.729,0.340,0.430
CMC1-CanCM3,1991,NorCal_d2,DJF,125.615,0.912,0.900,10,,1.147,NorCal_d2,73.118,-0.638,1.430,1.970
CMC1-CanCM3,1992,NorCal_d2,DJF,101.990,0.071,0.600,10,,-0.364,NorCal_d2,159.650,1.415,-0.050,0.350
CMC1-CanCM3,1993,NorCal_d2,DJF,103.095,0.110,0.500,10,,0.076,NorCal_d2,68.611,-0.744,0.190,0.420
CMC1-CanCM3,1994,NorCal_d2,DJF,95.491,-0.161,0.400,10,,0.323,NorCal_d2,140.880,0.970,0.970,1.280
CMC1-CanCM3,1995,NorCal_d2,DJF,96.356,-0.130,0.400,10,,-1.294,NorCal_d2,150.477,1.197,-1.010,-0.990
CMC1-CanCM3,1996,NorCal_d2,DJF,108.490,0.302,0.500,10,,-0.508,NorCal_d2,154.825,1.300,-0.410,-0.290
CMC1-CanCM3,1997,NorCal_d2,DJF,105.373,0.191,0.500,10,,2.436,NorCal_d2,166.278,1.572,2.370,2.280
CMC1-CanCM3,1998,NorCal_d2,DJF,97.805,-0.078,0.400,10,,-2.256,NorCal_d2,91.304,-0.206,-1.470,-1.610
CMC1-CanCM3,1999,NorCal_d2,DJF,108.143,0.290,0.500,10,,-1.319,NorCal_d2,113.627,0.323,-1.530,-1.560
CMC1-CanCM3,2000,NorCal_d2,DJF,91.211,-0.313,0.300,10,,-0.303,NorCal_d2,62.884,-0.880,-0.780,-0.820
CMC1-CanCM3,2001,NorCal_d2,DJF,95.216,-0.170,0.500,10,,-0.339,NorCal_d2,85.843,-0.336,-0.320,-0.320
CMC1-CanCM3,2002,NorCal_d2,DJF,113.630,0.485,0.700,10,,0.978,NorCal_d2,111.771,0.279,1.080,1.130
CMC1-CanCM3,2003,NorCal_d2,DJF,93.260,-0.240,0.300,10,,0.207,NorCal_d2,128.897,0.685,0.290,0.220
CMC1-CanCM3,2004,NorCal_d2,DJF,101.503,0.053,0.500,10,,0.593,NorCal_d2,90.562,-0.224,0.710,0.690
CMC1-CanCM3,2005,NorCal_d2,DJF,96.193,-0.136,0.400,10,,-0.170,NorCal_d2,145.016,1.068,-0.820,-0.810
CMC1-CanCM3,2006,NorCal_d2,DJF,89.552,-0.372,0.200,10,,0.911,NorCal_d2,74.019,-0.616,0.880,0.890
CMC1-CanCM3,2007,NorCal_d2,DJF,109.629,0.343,0.700,10,,-1.539,NorCal_d2,102.015,0.048,-1.720,-1.650
CMC1-CanCM3,2008,NorCal_d2,DJF,95.423,-0.163,0.500,10,,0.211,NorCal_d2,73.224,-0.635,-0.790,-0.860
CMC1-CanCM3,2009,NorCal_d2,DJF,95.397,-0.164,0.400,10,,1.122,NorCal_d2,98.250,-0.041,1.500,1.500
CMC1-CanCM3,2010,NorCal_d2,DJF,110.185,0.363,0.700,10,,-2.572,NorCal_d2,93.372,-0.157,-1.480,-1.550
CMC1-CanCM3,2011,NorCal_d2,DJF,91.368,-0.307,0.400,10,,-0.772,NorCal_d2,41.569,-1.386,-0.920,-0.960
CMC1-CanCM3,2012,NorCal_d2,DJF,91.324,-0.309,0.400,10,,0.569,NorCal_d2,69.512,-0.723,-0.030,-0.270
CMC1-CanCM3,2013,NorCal_d2,DJF,91.913,-0.288,0.300,10,,-0.003,NorCal_d2,48.780,-1.215,-0.110,-0.270
CMC1-CanCM3,2014,NorCal_d2,DJF,98.953,-0.037,0.500,10,,0.532,NorCal_d2,89.608,-0.246,0.800,0.620
CMC1-CanCM3,2015,NorCal_d2,DJF,99.781,-0.008,0.300,10,,2.127,NorCal_d2,105.302,0.126,2.590,2.250
CMC1-CanCM3,2016,NorCal_d2,DJF,101.954,0.070,0.500,10,,-0.308,NorCal_d2,188.812,2.106,-0.370,-0.890
CMC1-CanCM3,2017,NorCal_d2,DJF,108.851,0.315,0.500,10,,-0.451,NorCal_d2,34.199,-1.561,-0.760,-1.140
CMC1-CanCM3,2018,NorCal_d2,DJF,99.447,-0.020,0.500,10,,0.515,NorCal_d2,143.902,1.041,1.050,0.780
CMC1-CanCM3,1981,NorCal_d2,JFM,129.642,1.071,0.800,10,,0.071,NorCal_d2,106.166,0.135,-0.140,-0.080
CMC1-CanCM3,1982,NorCal_d2,JFM,123.594,0.852,0.700,10,,2.001,NorCal_d2,186.307,1.883,2.120,2.360
CMC1-CanCM3,1983,NorCal_d2,JFM,101.507,0.054,0.500,10,,-0.812,NorCal_d2,42.822,-1.247,-0.890,-0.960
CMC1-CanCM3,1984,NorCal_d2,JFM,113.690,0.495,0.600,10,,-0.384,NorCal_d2,48.726,-1.119,-1.060,-0.930
CMC1-CanCM3,1985,NorCal_d2,JFM,92.743,-0.262,0.400,10,,-0.212,NorCal_d2,170.829,1.545,-0.360,-0.210
CMC1-CanCM3,1986,NorCal_d2,JFM,95.664,-0.157,0.600,10,,0.801,NorCal_d2,86.332,-0.298,1.210,1.420
CMC1-CanCM3,1987,NorCal_d2,JFM,115.323,0.554,0.800,10,,1.106,NorCal_d2,43.567,-1.231,1.000,0.800
CMC1-CanCM3,1988,NorCal_d2,JFM,109.218,0.333,0.600,10,,-1.968,NorCal_d2,89.714,-0.224,-1.850,-1.940
CMC1-CanCM3,1989,NorCal_d2,JFM,87.281,-0.460,0.300,10,,0.020,NorCal_d2,66.268,-0.736,-0.040,0.060
CMC1-CanCM3,1990,NorCal_d2,JFM,80.853,-0.692,0.100,10,,0.452,NorCal_d2,95.103,-0.107,0.340,0.430
CMC1-CanCM3,1991,NorCal_d2,JFM,110.680,0.386,0.600,10,,1.147,NorCal_d2,82.720,-0.377,1.430,1.970
CMC1-CanCM3,1992,NorCal_d2,JFM,103.277,0.118,0.500,10,,-0.364,NorCal_d2,140.791,0.890,-0.050,0.350
CMC1-CanCM3,1993,NorCal_d2,JFM,100.152,0.005,0.600,10,,0.076,NorCal_d2,56.408,-0.951,0.190,0.420
CMC1-CanCM3,1994,NorCal_d2,JFM,93.821,-0.223,0.200,10,,0.323,NorCal_d2,211.358,2.430,0.970,1.280
CMC1-CanCM3,1995,NorCal_d2,JFM,111.097,0.401,0.500,10,,-1.294,NorCal_d2,126.173,0.571,-1.010,-0.990
CMC1-CanCM3,1996,NorCal_d2,JFM,101.171,0.042,0.500,10,,-0.508,NorCal_d2,88.854,-0.243,-0.410,-0.290
CMC1-CanCM3,1997,NorCal_d2,JFM,109.971,0.360,0.500,10,,2.436,NorCal_d2,189.689,1.957,2.370,2.280
CMC1-CanCM3,1998,NorCal_d2,JFM,102.831,0.102,0.600,10,,-2.256,NorCal_d2,103.701,0.081,-1.470,-1.610
CMC1-CanCM3,1999,NorCal_d2,JFM,112.034,0.435,0.600,10,,-1.319,NorCal_d2,134.256,0.747,-1.530,-1.560
CMC1-CanCM3,2000,NorCal_d2,JFM,96.740,-0.118,0.500,10,,-0.303,NorCal_d2,76.414,-0.515,-0.780,-0.820
CMC1-CanCM3,2001,NorCal_d2,JFM,93.185,-0.246,0.500,10,,-0.339,NorCal_d2,57.669,-0.924,-0.320,-0.320
CMC1-CanCM3,2002,NorCal_d2,JFM,110.667,0.385,0.800,10,,0.978,NorCal_d2,63.230,-0.802,1.080,1.130
CMC1-CanCM3,2003,NorCal_d2,JFM,98.144,-0.067,0.500,10,,0.207,NorCal_d2,85.988,-0.306,0.290,0.220
CMC1-CanCM3,2004,NorCal_d2,JFM,100.674,0.024,0.400,10,,0.593,NorCal_d2,86.446,-0.296,0.710,0.690
CMC1-CanCM3,2005,NorCal_d2,JFM,98.007,-0.072,0.400,10,,-0.170,NorCal_d2,117.689,0.386,-0.820,-0.810
CMC1-CanCM3,2006,NorCal_d2,JFM,86.961,-0.471,0.300,10,,0.911,NorCal_d2,55.777,-0.965,0.880,0.890
CMC1-CanCM3,2007,NorCal_d2,JFM,108.197,0.296,0.500,10,,-1.539,NorCal_d2,87.708,-0.268,-1.720,-1.650
CMC1-CanCM3,2008,NorCal_d2,JFM,100.181,0.007,0.400,10,,0.211,NorCal_d2,83.351,-0.363,-0.790,-0.860
CMC1-CanCM3,2009,NorCal_d2,JFM,94.739,-0.190,0.400,10,,1.122,NorCal_d2,102.497,0.054,1.500,1.500
CMC1-CanCM3,2010,NorCal_d2,JFM,109.245,0.334,0.800,10,,-2.572,NorCal_d2,102.841,0.062,-1.480,-1.550
CMC1-CanCM3,2011,NorCal_d2,JFM,97.766,-0.081,0.400,10,,-0.772,NorCal_d2,94.185,-0.127,-0.920,-0.960
CMC1-CanCM3,2012,NorCal_d2,JFM,85.193,-0.535,0.400,10,,0.569,NorCal_d2,24.191,-1.654,-0.030,-0.270
CMC1-CanCM3,2013,NorCal_d2,JFM,77.000,-0.831,0.200,10,,-0.003,NorCal_d2,86.389,-0.297,-0.110,-0.270
CMC1-CanCM3,2014,NorCal_d2,JFM,106.265,0.226,0.600,10,,0.532,NorCal_d2,34.395,-1.431,0.800,0.620
CMC1-CanCM3,2015,NorCal_d2,JFM,99.920,-0.003,0.300,10,,2.127,NorCal_d2,126.345,0.575,2.590,2.250
CMC1-CanCM3,2016,NorCal_d2,JFM,108.752,0.316,0.600,10,,-0.308,NorCal_d2,189.689,1.957,-0.370,-0.890
CMC1-CanCM3,2017,NorCal_d2,JFM,108.294,0.300,0.600,10,,-0.451,NorCal_d2,80.370,-0.428,-0.760,-1.140
CMC1-CanCM3,2018,NorCal_d2,JFM,94.184,-0.210,0.400,10,,0.515,NorCal_d2,172.262,1.577,1.050,0.780
CMC1-CanCM3,1981,SoCal_box,DJF,134.550,0.765,0.600,10,,0.071,SoCal_d6,57.351,-0.649,-0.140,-0.080
CMC1-CanCM3,1982,SoCal_box,DJF,146.495,1.029,0.600,10,,2.001,SoCal_d6,137.346,0.568,2.120,2.360
CMC1-CanCM3,1983,SoCal_box,DJF,84.460,-0.344,0.300,10,,-0.812,SoCal_d6,37.492,-0.951,-0.890,-0.960
CMC1-CanCM3,1984,SoCal_box,DJF,148.891,1.082,0.800,10,,-0.384,SoCal_d6,79.160,-0.317,-1.060,-0.930
CMC1-CanCM3,1985,SoCal_box,DJF,98.394,-0.036,0.500,10,,-0.212,SoCal_d6,82.222,-0.271,-0.360,-0.210
CMC1-CanCM3,1986,SoCal_box,DJF,117.192,0.381,0.600,10,,0.801,SoCal_d6,47.422,-0.800,1.210,1.420
CMC1-CanCM3,1987,SoCal_box,DJF,115.637,0.346,0.600,10,,1.106,SoCal_d6,74.798,-0.383,1.000,0.800
CMC1-CanCM3,1988,SoCal_box,DJF,128.385,0.628,0.600,10,,-1.968,SoCal_d6,66.539,-0.509,-1.850,-1.940
CMC1-CanCM3,1989,SoCal_box,DJF,109.459,0.209,0.400,10,,0.020,SoCal_d6,53.639,-0.705,-0.040,0.060
CMC1-CanCM3,1990,SoCal_box,DJF,81.162,-0.417,0.200,10,,0.452,SoCal_d6,49.835,-0.763,0.340,0.430
CMC1-CanCM3,1991,SoCal_box,DJF,132.970,0.730,0.700,10,,1.147,SoCal_d6,137.718,0.574,1.430,1.970
CMC1-CanCM3,1992,SoCal_box,DJF,105.531,0.122,0.500,10,,-0.364,SoCal_d6,260.587,2.444,-0.050,0.350
CMC1-CanCM3,1993,SoCal_box,DJF,117.406,0.385,0.600,10,,0.076,SoCal_d6,72.757,-0.415,0.190,0.420
CMC1-CanCM3,1994,SoCal_box,DJF,115.522,0.344,0.600,10,,0.323,SoCal_d6,177.066,1.173,0.970,1.280
CMC1-CanCM3,1995,SoCal_box,DJF,102.028,0.045,0.400,10,,-1.294,SoCal_d6,94.565,-0.083,-1.010,-0.990
CMC1-CanCM3,1996,SoCal_box,DJF,95.739,-0.094,0.600,10,,-0.508,SoCal_d6,99.391,-0.009,-0.410,-0.290
CMC1-CanCM3,1997,SoCal_box,DJF,96.031,-0.088,0.400,10,,2.436,SoCal_d6,233.489,2.031,2.370,2.280
CMC1-CanCM3,1998,SoCal_box,DJF,93.571,-0.142,0.300,10,,-2.256,SoCal_d6,38.327,-0.938,-1.470,-1.610
CMC1-CanCM3,1999,SoCal_box,DJF,80.460,-0.433,0.300,10,,-1.319,SoCal_d6,77.768,-0.338,-1.530,-1.560
CMC1-CanCM3,2000,SoCal_box,DJF,95.991,-0.089,0.500,10,,-0.303,SoCal_d6,105.794,0.088,-0.780,-0.820
CMC1-CanCM3,2001,SoCal_box,DJF,83.619,-0.363,0.300,10,,-0.339,SoCal_d6,24.314,-1.152,-0.320,-0.320
CMC1-CanCM3,2002,SoCal_box,DJF,123.441,0.519,0.600,10,,0.978,SoCal_d6,84.728,-0.232,1.080,1.130
CMC1-CanCM3,2003,SoCal_box,DJF,76.655,-0.517,0.200,10,,0.207,SoCal_d6,72.014,-0.426,0.290,0.220
CMC1-CanCM3,2004,SoCal_box,DJF,109.585,0.212,0.600,10,,0.593,SoCal_d6,230.798,1.990,0.710,0.690
CMC1-CanCM3,2005,SoCal_box,DJF,96.321,-0.081,0.500,10,,-0.170,SoCal_d6,55.588,-0.676,-0.820,-0.810
CMC1-CanCM3,2006,SoCal_box,DJF,85.919,-0.312,0.300,10,,0.911,SoCal_d6,36.193,-0.971,0.880,0.890
CMC1-CanCM3,2007,SoCal_box,DJF,109.439,0.209,0.500,10,,-1.539,SoCal_d6,121.849,0.332,-1.720,-1.650
CMC1-CanCM3,2008,SoCal_box,DJF,93.071,-0.153,0.300,10,,0.211,SoCal_d6,83.150,-0.256,-0.790,-0.860
CMC1-CanCM3,2009,SoCal_box,DJF,118.642,0.413,0.500,10,,1.122,SoCal_d6,145.699,0.695,1.500,1.500
CMC1-CanCM3,2010,SoCal_box,DJF,101.783,0.039,0.400,10,,-2.572,SoCal_d6,141.430,0.630,-1.480,-1.550
CMC1-CanCM3,2011,SoCal_box,DJF,84.817,-0.336,0.300,10,,-0.772,SoCal_d6,25.613,-1.132,-0.920,-0.960
CMC1-CanCM3,2012,SoCal_box,DJF,100.680,0.015,0.500,10,,0.569,SoCal_d6,46.865,-0.809,-0.030,-0.270
CMC1-CanCM3,2013,SoCal_box,DJF,86.759,-0.293,0.300,10,,-0.003,SoCal_d6,30.810,-1.053,-0.110,-0.270
CMC1-CanCM3,2014,SoCal_box,DJF,110.685,0.237,0.500,10,,0.532,SoCal_d6,66.446,-0.511,0.800,0.620
CMC1-CanCM3,2015,SoCal_box,DJF,94.711,-0.117,0.400,10,,2.127,SoCal_d6,60.414,-0.602,2.590,2.250
CMC1-CanCM3,2016,SoCal_box,DJF,97.902,-0.046,0.600,10,,-0.308,SoCal_d6,182.819,1.260,-0.370,-0.890
CMC1-CanCM3,2017,SoCal_box,DJF,106.236,0.138,0.600,10,,-0.451,SoCal_d6,30.068,-1.064,-0.760,-1.140
CMC1-CanCM3,2018,SoCal_box,DJF,103.323,0.074,0.300,10,,0.515,SoCal_d6,149.689,0.756,1.050,0.780
CMC1-CanCM3,1981,SoCal_box,JFM,144.799,1.067,0.700,10,,0.071,SoCal_d6,109.324,0.146,-0.140,-0.080
CMC1-CanCM3,1982,SoCal_box,JFM,145.737,1.089,0.600,10,,2.001,SoCal_d6,203.770,1.623,2.120,2.360
CMC1-CanCM3,1983,SoCal_box,JFM,87.607,-0.295,0.200,10,,-0.812,SoCal_d6,5.730,-1.474,-0.890,-0.960
CMC1-CanCM3,1984,SoCal_box,JFM,137.315,0.889,0.800,10,,-0.384,SoCal_d6,37.150,-0.983,-1.060,-0.930
CMC1-CanCM3,1985,SoCal_box,JFM,91.135,-0.211,0.400,10,,-0.212,SoCal_d6,119.213,0.300,-0.360,-0.210
CMC1-CanCM3,1986,SoCal_box,JFM,105.681,0.135,0.500,10,,0.801,SoCal_d6,59.329,-0.636,1.210,1.420
CMC1-CanCM3,1987,SoCal_box,JFM,112.598,0.300,0.400,10,,1.106,SoCal_d6,49.533,-0.789,1.000,0.800
CMC1-CanCM3,1988,SoCal_box,JFM,132.133,0.765,0.400,10,,-1.968,SoCal_d6,39.368,-0.948,-1.850,-1.940
CMC1-CanCM3,1989,SoCal_box,JFM,105.757,0.137,0.300,10,,0.020,SoCal_d6,57.388,-0.666,-0.040,0.060
CMC1-CanCM3,1990,SoCal_box,JFM,102.560,0.061,0.400,10,,0.452,SoCal_d6,149.524,0.774,0.340,0.430
CMC1-CanCM3,1991,SoCal_box,JFM,120.048,0.478,0.600,10,,1.147,SoCal_d6,156.178,0.879,1.430,1.970
CMC1-CanCM3,1992,SoCal_box,JFM,108.597,0.205,0.500,10,,-0.364,SoCal_d6,238.333,2.163,-0.050,0.350
CMC1-CanCM3,1993,SoCal_box,JFM,119.065,0.454,0.600,10,,0.076,SoCal_d6,86.314,-0.214,0.190,0.420
CMC1-CanCM3,1994,SoCal_box,JFM,106.063,0.144,0.600,10,,0.323,SoCal_d6,244.802,2.264,0.970,1.280
CMC1-CanCM3,1995,SoCal_box,JFM,104.956,0.118,0.600,10,,-1.294,SoCal_d6,100.822,0.013,-1.010,-0.990
CMC1-CanCM3,1996,SoCal_box,JFM,98.610,-0.033,0.400,10,,-0.508,SoCal_d6,58.590,-0.648,-0.410,-0.290
CMC1-CanCM3,1997,SoCal_box,JFM,109.928,0.236,0.500,10,,2.436,SoCal_d6,227.151,1.988,2.370,2.280
CMC1-CanCM3,1998,SoCal_box,JFM,90.724,-0.221,0.300,10,,-2.256,SoCal_d6,49.995,-0.782,-1.470,-1.610
CMC1-CanCM3,1999,SoCal_box,JFM,92.149,-0.187,0.500,10,,-1.319,SoCal_d6,96.479,-0.055,-1.530,-1.560
CMC1-CanCM3,2000,SoCal_box,JFM,88.778,-0.267,0.400,10,,-0.303,SoCal_d6,131.226,0.488,-0.780,-0.820
CMC1-CanCM3,2001,SoCal_box,JFM,81.462,-0.442,0.200,10,,-0.339,SoCal_d6,16.542,-1.305,-0.320,-0.320
CMC1-CanCM3,2002,SoCal_box,JFM,119.790,0.471,0.600,10,,0.978,SoCal_d6,81.416,-0.291,1.080,1.130
CMC1-CanCM3,2003,SoCal_box,JFM,88.109,-0.283,0.200,10,,0.207,SoCal_d6,61.917,-0.596,0.290,0.220
CMC1-CanCM3,2004,SoCal_box,JFM,102.835,0.068,0.500,10,,0.593,SoCal_d6,194.437,1.477,0.710,0.690
CMC1-CanCM3,2005,SoCal_box,JFM,85.994,-0.334,0.200,10,,-0.170,SoCal_d6,82.987,-0.266,-0.820,-0.810
CMC1-CanCM3,2006,SoCal_box,JFM,89.166,-0.258,0.200,10,,0.911,SoCal_d6,29.665,-1.100,0.880,0.890
CMC1-CanCM3,2007,SoCal_box,JFM,96.004,-0.095,0.400,10,,-1.539,SoCal_d6,102.116,0.033,-1.720,-1.650
CMC1-CanCM3,2008,SoCal_box,JFM,99.453,-0.013,0.500,10,,0.211,SoCal_d6,54.616,-0.710,-0.790,-0.860
CMC1-CanCM3,2009,SoCal_box,JFM,119.006,0.453,0.400,10,,1.122,SoCal_d6,116.995,0.266,1.500,1.500
CMC1-CanCM3,2010,SoCal_box,JFM,97.011,-0.071,0.600,10,,-2.572,SoCal_d6,85.667,-0.224,-1.480,-1.550
CMC1-CanCM3,2011,SoCal_box,JFM,93.673,-0.151,0.500,10,,-0.772,SoCal_d6,42.787,-0.895,-0.920,-0.960
CMC1-CanCM3,2012,SoCal_box,JFM,86.688,-0.317,0.400,10,,0.569,SoCal_d6,30.773,-1.083,-0.030,-0.270
CMC1-CanCM3,2013,SoCal_box,JFM,76.706,-0.555,0.100,10,,-0.003,SoCal_d6,42.880,-0.893,-0.110,-0.270
CMC1-CanCM3,2014,SoCal_box,JFM,103.216,0.077,0.400,10,,0.532,SoCal_d6,25.783,-1.161,0.800,0.620
CMC1-CanCM3,2015,SoCal_box,JFM,90.009,-0.238,0.300,10,,2.127,SoCal_d6,68.386,-0.494,2.590,2.250
CMC1-CanCM3,2016,SoCal_box,JFM,100.759,0.018,0.300,10,,-0.308,SoCal_d6,144.719,0.699,-0.370,-0.890
CMC1-CanCM3,2017,SoCal_box,JFM,128.239,0.673,0.600,10,,-0.451,SoCal_d6,66.999,-0.516,-0.760,-1.140
CMC1-CanCM3,2018,SoCal_box,JFM,100.404,0.010,0.500,10,,0.515,SoCal_d6,155.161,0.863,1.050,0.780
CMC1-CanCM3,1981,SoCal_d6,DJF,135.287,0.794,0.700,10,,0.071,SoCal_d6,57.351,-0.649,-0.140,-0.080
CMC1-CanCM3,1982,SoCal_d6,DJF,152.774,1.188,0.700,10,,2.001,SoCal_d6,137.346,0.568,2.120,2.360
CMC1-CanCM3,1983,SoCal_d6,DJF,82.134,-0.402,0.300,10,,-0.812,SoCal_d6,37.492,-0.951,-0.890,-0.960
CMC1-CanCM3,1984,SoCal_d6,DJF,145.972,1.035,0.800,10,,-0.384,SoCal_d6,79.160,-0.317,-1.060,-0.930
CMC1-CanCM3,1985,SoCal_d6,DJF,99.467,-0.012,0.500,10,,-0.212,SoCal_d6,82.222,-0.271,-0.360,-0.210
CMC1-CanCM3,1986,SoCal_d6,DJF,121.640,0.487,0.700,10,,0.801,SoCal_d6,47.422,-0.800,1.210,1.420
CMC1-CanCM3,1987,SoCal_d6,DJF,116.316,0.367,0.600,10,,1.106,SoCal_d6,74.798,-0.383,1.000,0.800
CMC1-CanCM3,1988,SoCal_d6,DJF,129.695,0.668,0.600,10,,-1.968,SoCal_d6,66.539,-0.509,-1.850,-1.940
CMC1-CanCM3,1989,SoCal_d6,DJF,108.648,0.195,0.400,10,,0.020,SoCal_d6,53.639,-0.705,-0.040,0.060
CMC1-CanCM3,1990,SoCal_d6,DJF,80.432,-0.440,0.200,10,,0.452,SoCal_d6,49.835,-0.763,0.340,0.430
CMC1-CanCM3,1991,SoCal_d6,DJF,132.205,0.725,0.700,10,,1.147,SoCal_d6,137.718,0.574,1.430,1.970
CMC1-CanCM3,1992,SoCal_d6,DJF,108.553,0.193,0.400,10,,-0.364,SoCal_d6,260.587,2.444,-0.050,0.350
CMC1-CanCM3,1993,SoCal_d6,DJF,115.088,0.340,0.500,10,,0.076,SoCal_d6,72.757,-0.415,0.190,0.420
CMC1-CanCM3,1994,SoCal_d6,DJF,114.966,0.337,0.600,10,,0.323,SoCal_d6,177.066,1.173,0.970,1.280
CMC1-CanCM3,1995,SoCal_d6,DJF,98.365,-0.037,0.400,10,,-1.294,SoCal_d6,94.565,-0.083,-1.010,-0.990
CMC1-CanCM3,1996,SoCal_d6,DJF,98.274,-0.039,0.600,10,,-0.508,SoCal_d6,99.391,-0.009,-0.410,-0.290
CMC1-CanCM3,1997,SoCal_d6,DJF,95.692,-0.097,0.400,10,,2.436,SoCal_d6,233.489,2.031,2.370,2.280
CMC1-CanCM3,1998,SoCal_d6,DJF,94.686,-0.120,0.400,10,,-2.256,SoCal_d6,38.327,-0.938,-1.470,-1.610
CMC1-CanCM3,1999,SoCal_d6,DJF,85.647,-0.323,0.400,10,,-1.319,SoCal_d6,77.768,-0.338,-1.530,-1.560
CMC1-CanCM3,2000,SoCal_d6,DJF,96.131,-0.087,0.400,10,,-0.303,SoCal_d6,105.794,0.088,-0.780,-0.820
CMC1-CanCM3,2001,SoCal_d6,DJF,82.687,-0.390,0.300,10,,-0.339,SoCal_d6,24.314,-1.152,-0.320,-0.320
CMC1-CanCM3,2002,SoCal_d6,DJF,123.727,0.534,0.600,10,,0.978,SoCal_d6,84.728,-0.232,1.080,1.130
CMC1-CanCM3,2003,SoCal_d6,DJF,77.632,-0.503,0.200,10,,0.207,SoCal_d6,72.014,-0.426,0.290,0.220
CMC1-CanCM3,2004,SoCal_d6,DJF,107.007,0.158,0.600,10,,0.593,SoCal_d6,230.798,1.990,0.710,0.690
CMC1-CanCM3,2005,SoCal_d6,DJF,92.914,-0.159,0.600,10,,-0.170,SoCal_d6,55.588,-0.676,-0.820,-0.810
CMC1-CanCM3,2006,SoCal_d6,DJF,85.182,-0.334,0.400,10,,0.911,SoCal_d6,36.193,-0.971,0.880,0.890
CMC1-CanCM3,2007,SoCal_d6,DJF,109.741,0.219,0.500,10,,-1.539,SoCal_d6,121.849,0.332,-1.720,-1.650
CMC1-CanCM3,2008,SoCal_d6,DJF,93.828,-0.139,0.300,10,,0.211,SoCal_d6,83.150,-0.256,-0.790,-0.860
CMC1-CanCM3,2009,SoCal_d6,DJF,120.562,0.463,0.500,10,,1.122,SoCal_d6,145.699,0.695,1.500,1.500
CMC1-CanCM3,2010,SoCal_d6,DJF,103.206,0.072,0.500,10,,-2.572,SoCal_d6,141.430,0.630,-1.480,-1.550
CMC1-CanCM3,2011,SoCal_d6,DJF,83.284,-0.376,0.400,10,,-0.772,SoCal_d6,25.613,-1.132,-0.920,-0.960
CMC1-CanCM3,2012,SoCal_d6,DJF,98.624,-0.031,0.300,10,,0.569,SoCal_d6,46.865,-0.809,-0.030,-0.270
CMC1-CanCM3,2013,SoCal_d6,DJF,86.323,-0.308,0.300,10,,-0.003,SoCal_d6,30.810,-1.053,-0.110,-0.270
CMC1-CanCM3,2014,SoCal_d6,DJF,110.043,0.226,0.500,10,,0.532,SoCal_d6,66.446,-0.511,0.800,0.620
CMC1-CanCM3,2015,SoCal_d6,DJF,99.030,-0.022,0.400,10,,2.127,SoCal_d6,60.414,-0.602,2.590,2.250
CMC1-CanCM3,2016,SoCal_d6,DJF,98.848,-0.026,0.500,10,,-0.308,SoCal_d6,182.819,1.260,-0.370,-0.890
CMC1-CanCM3,2017,SoCal_d6,DJF,105.933,0.134,0.600,10,,-0.451,SoCal_d6,30.068,-1.064,-0.760,-1.140
CMC1-CanCM3,2018,SoCal_d6,DJF,101.391,0.031,0.400,10,,0.515,SoCal_d6,149.689,0.756,1.050,0.780
CMC1-CanCM3,1981,SoCal_d6,JFM,145.300,1.100,0.700,10,,0.071,SoCal_d6,109.324,0.146,-0.140,-0.080
CMC1-CanCM3,1982,SoCal_d6,JFM,150.985,1.238,0.600,10,,2.001,SoCal_d6,203.770,1.623,2.120,2.360
CMC1-CanCM3,1983,SoCal_d6,JFM,84.379,-0.379,0.100,10,,-0.812,SoCal_d6,5.730,-1.474,-0.890,-0.960
CMC1-CanCM3,1984,SoCal_d6,JFM,132.598,0.791,0.800,10,,-0.384,SoCal_d6,37.150,-0.983,-1.060,-0.930
CMC1-CanCM3,1985,SoCal_d6,JFM,92.595,-0.180,0.400,10,,-0.212,SoCal_d6,119.213,0.300,-0.360,-0.210
CMC1-CanCM3,1986,SoCal_d6,JFM,109.329,0.226,0.600,10,,0.801,SoCal_d6,59.329,-0.636,1.210,1.420
CMC1-CanCM3,1987,SoCal_d6,JFM,111.087,0.269,0.500,10,,1.106,SoCal_d6,49.533,-0.789,1.000,0.800
CMC1-CanCM3,1988,SoCal_d6,JFM,133.163,0.805,0.500,10,,-1.968,SoCal_d6,39.368,-0.948,-1.850,-1.940
CMC1-CanCM3,1989,SoCal_d6,JFM,103.870,0.094,0.300,10,,0.020,SoCal_d6,57.388,-0.666,-0.040,0.060
CMC1-CanCM3,1990,SoCal_d6,JFM,98.082,-0.047,0.400,10,,0.452,SoCal_d6,149.524,0.774,0.340,0.430
CMC1-CanCM3,1991,SoCal_d6,JFM,119.488,0.473,0.600,10,,1.147,SoCal_d6,156.178,0.879,1.430,1.970
CMC1-CanCM3,1992,SoCal_d6,JFM,110.285,0.250,0.500,10,,-0.364,SoCal_d6,238.333,2.163,-0.050,0.350
CMC1-CanCM3,1993,SoCal_d6,JFM,114.749,0.358,0.700,10,,0.076,SoCal_d6,86.314,-0.214,0.190,0.420
CMC1-CanCM3,1994,SoCal_d6,JFM,107.556,0.183,0.600,10,,0.323,SoCal_d6,244.802,2.264,0.970,1.280
CMC1-CanCM3,1995,SoCal_d6,JFM,103.604,0.087,0.600,10,,-1.294,SoCal_d6,100.822,0.013,-1.010,-0.990
CMC1-CanCM3,1996,SoCal_d6,JFM,99.414,-0.014,0.500,10,,-0.508,SoCal_d6,58.590,-0.648,-0.410,-0.290
CMC1-CanCM3,1997,SoCal_d6,JFM,109.366,0.227,0.500,10,,2.436,SoCal_d6,227.151,1.988,2.370,2.280
CMC1-CanCM3,1998,SoCal_d6,JFM,90.274,-0.236,0.300,10,,-2.256,SoCal_d6,49.995,-0.782,-1.470,-1.610
CMC1-CanCM3,1999,SoCal_d6,JFM,95.778,-0.102,0.600,10,,-1.319,SoCal_d6,96.479,-0.055,-1.530,-1.560
CMC1-CanCM3,2000,SoCal_d6,JFM,90.140,-0.239,0.300,10,,-0.303,SoCal_d6,131.226,0.488,-0.780,-0.820
CMC1-CanCM3,2001,SoCal_d6,JFM,81.476,-0.450,0.200,10,,-0.339,SoCal_d6,16.542,-1.305,-0.320,-0.320
CMC1-CanCM3,2002,SoCal_d6,JFM,118.715,0.454,0.600,10,,0.978,SoCal_d6,81.416,-0.291,1.080,1.130
CMC1-CanCM3,2003,SoCal_d6,JFM,89.120,-0.264,0.200,10,,0.207,SoCal_d6,61.917,-0.596,0.290,0.220
CMC1-CanCM3,2004,SoCal_d6,JFM,101.937,0.047,0.500,10,,0.593,SoCal_d6,194.437,1.477,0.710,0.690
CMC1-CanCM3,2005,SoCal_d6,JFM,84.302,-0.381,0.300,10,,-0.170,SoCal_d6,82.987,-0.266,-0.820,-0.810
CMC1-CanCM3,2006,SoCal_d6,JFM,88.281,-0.284,0.200,10,,0.911,SoCal_d6,29.665,-1.100,0.880,0.890
CMC1-CanCM3,2007,SoCal_d6,JFM,96.473,-0.086,0.500,10,,-1.539,SoCal_d6,102.116,0.033,-1.720,-1.650
CMC1-CanCM3,2008,SoCal_d6,JFM,98.944,-0.026,0.400,10,,0.211,SoCal_d6,54.616,-0.710,-0.790,-0.860
CMC1-CanCM3,2009,SoCal_d6,JFM,119.098,0.464,0.400,10,,1.122,SoCal_d6,116.995,0.266,1.500,1.500
CMC1-CanCM3,2010,SoCal_d6,JFM,99.022,-0.024,0.600,10,,-2.572,SoCal_d6,85.667,-0.224,-1.480,-1.550
CMC1-CanCM3,2011,SoCal_d6,JFM,90.751,-0.225,0.500,10,,-0.772,SoCal_d6,42.787,-0.895,-0.920,-0.960
CMC1-CanCM3,2012,SoCal_d6,JFM,90.027,-0.242,0.400,10,,0.569,SoCal_d6,30.773,-1.083,-0.030,-0.270
CMC1-CanCM3,2013,SoCal_d6,JFM,76.430,-0.572,0.200,10,,-0.003,SoCal_d6,42.880,-0.893,-0.110,-0.270
CMC1-CanCM3,2014,SoCal_d6,JFM,103.452,0.084,0.400,10,,0.532,SoCal_d6,25.783,-1.161,0.800,0.620
CMC1-CanCM3,2015,SoCal_d6,JFM,94.328,-0.138,0.400,10,,2.127,SoCal_d6,68.386,-0.494,2.590,2.250
CMC1-CanCM3,2016,SoCal_d6,JFM,104.365,0.106,0.500,10,,-0.308,SoCal_d6,144.719,0.699,-0.370,-0.890
CMC1-CanCM3,2017,SoCal_d6,JFM,126.974,0.655,0.600,10,,-0.451,SoCal_d6,66.999,-0.516,-0.760,-1.140
CMC1-CanCM3,2018,SoCal_d6,JFM,97.569,-0.059,0.500,10,,0.515,SoCal_d6,155.161,0.863,1.050,0.780
CMC2-CanCM4,1981,NorCal_box,DJF,90.753,-0.236,0.500,10,,-0.188,NorCal_d2,103.659,0.087,-0.140,-0.080
CMC2-CanCM4,1982,NorCal_box,DJF,114.517,0.370,0.500,10,,2.252,NorCal_d2,137.010,0.878,2.120,2.360
CMC2-CanCM4,1983,NorCal_box,DJF,89.263,-0.274,0.500,10,,-0.763,NorCal_d2,90.774,-0.219,-0.890,-0.960
CMC2-CanCM4,1984,NorCal_box,DJF,114.775,0.377,0.300,10,,-0.345,NorCal_d2,32.131,-1.610,-1.060,-0.930
CMC2-CanCM4,1985,NorCal_box,DJF,81.567,-0.470,0.300,10,,-0.322,NorCal_d2,140.721,0.966,-0.360,-0.210
CMC2-CanCM4,1986,NorCal_box,DJF,107.552,0.193,0.600,10,,1.027,NorCal_d2,57.582,-1.006,1.210,1.420
CMC2-CanCM4,1987,NorCal_box,DJF,111.164,0.285,0.500,10,,1.345,NorCal_d2,81.018,-0.450,1.000,0.800
CMC2-CanCM4,1988,NorCal_box,DJF,101.631,0.042,0.500,10,,-2.559,NorCal_d2,44.008,-1.328,-1.850,-1.940
CMC2-CanCM4,1989,NorCal_box,DJF,71.832,-0.718,0.100,10,,-0.082,NorCal_d2,49.417,-1.200,-0.040,0.060
CMC2-CanCM4,1990,NorCal_box,DJF,98.472,-0.039,0.400,10,,0.606,NorCal_d2,27.094,-1.729,0.340,0.430
CMC2-CanCM4,1991,NorCal_box,DJF,112.242,0.312,0.500,10,,1.284,NorCal_d2,73.118,-0.638,1.430,1.970
CMC2-CanCM4,1992,NorCal_box,DJF,124.077,0.614,0.700,10,,-0.153,NorCal_d2,159.650,1.415,-0.050,0.350
CMC2-CanCM4,1993,NorCal_box,DJF,124.142,0.616,0.600,10,,0.500,NorCal_d2,68.611,-0.744,0.190,0.420
CMC2-CanCM4,1994,NorCal_box,DJF,96.961,-0.077,0.300,10,,0.529,NorCal_d2,140.880,0.970,0.970,1.280
CMC2-CanCM4,1995,NorCal_box,DJF,104.517,0.115,0.600,10,,-1.090,NorCal_d2,150.477,1.197,-1.010,-0.990
CMC2-CanCM4,1996,NorCal_box,DJF,99.914,-0.002,0.500,10,,-0.755,NorCal_d2,154.825,1.300,-0.410,-0.290
CMC2-CanCM4,1997,NorCal_box,DJF,109.440,0.241,0.300,10,,3.099,NorCal_d2,166.278,1.572,2.370,2.280
CMC2-CanCM4,1998,NorCal_box,DJF,94.398,-0.143,0.500,10,,-2.281,NorCal_d2,91.304,-0.206,-1.470,-1.610
CMC2-CanCM4,1999,NorCal_box,DJF,78.115,-0.558,0.200,10,,-1.858,NorCal_d2,113.627,0.323,-1.530,-1.560
CMC2-CanCM4,2000,NorCal_box,DJF,105.493,0.140,0.500,10,,-1.010,NorCal_d2,62.884,-0.880,-0.780,-0.820
CMC2-CanCM4,2001,NorCal_box,DJF,78.408,-0.551,0.300,10,,-0.500,NorCal_d2,85.843,-0.336,-0.320,-0.320
CMC2-CanCM4,2002,NorCal_box,DJF,100.141,0.004,0.500,10,,0.970,NorCal_d2,111.771,0.279,1.080,1.130
CMC2-CanCM4,2003,NorCal_box,DJF,113.713,0.350,0.700,10,,0.406,NorCal_d2,128.897,0.685,0.290,0.220
CMC2-CanCM4,2004,NorCal_box,DJF,116.235,0.414,0.600,10,,0.590,NorCal_d2,90.562,-0.224,0.710,0.690
CMC2-CanCM4,2005,NorCal_box,DJF,81.417,-0.474,0.200,10,,0.089,NorCal_d2,145.016,1.068,-0.820,-0.810
CMC2-CanCM4,2006,NorCal_box,DJF,115.083,0.385,0.500,10,,1.107,NorCal_d2,74.019,-0.616,0.880,0.890
CMC2-CanCM4,2007,NorCal_box,DJF,74.392,-0.653,0.200,10,,-1.573,NorCal_d2,102.015,0.048,-1.720,-1.650
CMC2-CanCM4,2008,NorCal_box,DJF,81.495,-0.472,0.300,10,,-0.302,NorCal_d2,73.224,-0.635,-0.790,-0.860
CMC2-CanCM4,2009,NorCal_box,DJF,130.929,0.789,0.700,10,,1.219,NorCal_d2,98.250,-0.041,1.500,1.500
CMC2-CanCM4,2010,NorCal_box,DJF,87.489,-0.319,0.300,10,,-3.271,NorCal_d2,93.372,-0.157,-1.480,-1.550
CMC2-CanCM4,2011,NorCal_box,DJF,93.588,-0.164,0.300,10,,-1.333,NorCal_d2,41.569,-1.386,-0.920,-0.960
CMC2-CanCM4,2012,NorCal_box,DJF,72.854,-0.692,0.300,10,,0.521,NorCal_d2,69.512,-0.723,-0.030,-0.270
CMC2-CanCM4,2013,NorCal_box,DJF,105.231,0.133,0.700,10,,0.060,NorCal_d2,48.780,-1.215,-0.110,-0.270
CMC2-CanCM4,2014,NorCal_box,DJF,98.481,-0.039,0.400,10,,0.665,NorCal_d2,89.608,-0.246,0.800,0.620
CMC2-CanCM4,2015,NorCal_box,DJF,127.013,0.689,0.600,10,,2.787,NorCal_d2,105.302,0.126,2.590,2.250
CMC2-CanCM4,2016,NorCal_box,DJF,91.513,-0.216,0.300,10,,-0.225,NorCal_d2,188.812,2.106,-0.370,-0.890
CMC2-CanCM4,2017,NorCal_box,DJF,97.101,-0.074,0.700,10,,-0.703,NorCal_d2,34.199,-1.561,-0.760,-1.140
CMC2-CanCM4,2018,NorCal_box,DJF,87.145,-0.328,0.200,10,,0.622,NorCal_d2,143.902,1.041,1.050,0.780
CMC2-CanCM4,1981,NorCal_box,JFM,97.659,-0.063,0.500,10,,-0.188,NorCal_d2,106.166,0.135,-0.140,-0.080
CMC2-CanCM4,1982,NorCal_box,JFM,113.039,0.353,0.500,10,,2.252,NorCal_d2,186.307,1.883,2.120,2.360
CMC2-CanCM4,1983,NorCal_box,JFM,101.053,0.028,0.500,10,,-0.763,NorCal_d2,42.822,-1.247,-0.890,-0.960
CMC2-CanCM4,1984,NorCal_box,JFM,110.863,0.294,0.600,10,,-0.345,NorCal_d2,48.726,-1.119,-1.060,-0.930
CMC2-CanCM4,1985,NorCal_box,JFM,91.184,-0.238,0.500,10,,-0.322,NorCal_d2,170.829,1.545,-0.360,-0.210
CMC2-CanCM4,1986,NorCal_box,JFM,102.306,0.062,0.500,10,,1.027,NorCal_d2,86.332,-0.298,1.210,1.420
CMC2-CanCM4,1987,NorCal_box,JFM,101.585,0.043,0.300,10,,1.345,NorCal_d2,43.567,-1.231,1.000,0.800
CMC2-CanCM4,1988,NorCal_box,JFM,86.661,-0.361,0.300,10,,-2.559,NorCal_d2,89.714,-0.224,-1.850,-1.940
CMC2-CanCM4,1989,NorCal_box,JFM,80.883,-0.517,0.100,10,,-0.082,NorCal_d2,66.268,-0.736,-0.040,0.060
CMC2-CanCM4,1990,NorCal_box,JFM,102.854,0.077,0.500,10,,0.606,NorCal_d2,95.103,-0.107,0.340,0.430
CMC2-CanCM4,1991,NorCal_box,JFM,110.642,0.288,0.500,10,,1.284,NorCal_d2,82.720,-0.377,1.430,1.970
CMC2-CanCM4,1992,NorCal_box,JFM,117.594,0.476,0.500,10,,-0.153,NorCal_d2,140.791,0.890,-0.050,0.350
CMC2-CanCM4,1993,NorCal_box,JFM,117.310,0.468,0.700,10,,0.500,NorCal_d2,56.408,-0.951,0.190,0.420
CMC2-CanCM4,1994,NorCal_box,JFM,96.624,-0.091,0.500,10,,0.529,NorCal_d2,211.358,2.430,0.970,1.280
CMC2-CanCM4,1995,NorCal_box,JFM,106.848,0.185,0.600,10,,-1.090,NorCal_d2,126.173,0.571,-1.010,-0.990
CMC2-CanCM4,1996,NorCal_box,JFM,94.746,-0.142,0.300,10,,-0.755,NorCal_d2,88.854,-0.243,-0.410,-0.290
CMC2-CanCM4,1997,NorCal_box,JFM,124.927,0.674,0.800,10,,3.099,NorCal_d2,189.689,1.957,2.370,2.280
CMC2-CanCM4,1998,NorCal_box,JFM,101.086,0.029,0.500,10,,-2.281,NorCal_d2,103.701,0.081,-1.470,-1.610
CMC2-CanCM4,1999,NorCal_box,JFM,70.612,-0.795,0.100,10,,-1.858,NorCal_d2,134.256,0.747,-1.530,-1.560
CMC2-CanCM4,2000,NorCal_box,JFM,101.563,0.042,0.300,10,,-1.010,NorCal_d2,76.414,-0.515,-0.780,-0.820
CMC2-CanCM4,2001,NorCal_box,JFM,88.993,-0.298,0.200,10,,-0.500,NorCal_d2,57.669,-0.924,-0.320,-0.320
CMC2-CanCM4,2002,NorCal_box,JFM,98.268,-0.047,0.500,10,,0.970,NorCal_d2,63.230,-0.802,1.080,1.130
CMC2-CanCM4,2003,NorCal_box,JFM,102.828,0.076,0.700,10,,0.406,NorCal_d2,85.988,-0.306,0.290,0.220
CMC2-CanCM4,2004,NorCal_box,JFM,114.630,0.396,0.700,10,,0.590,NorCal_d2,86.446,-0.296,0.710,0.690
CMC2-CanCM4,2005,NorCal_box,JFM,81.736,-0.494,0.300,10,,0.089,NorCal_d2,117.689,0.386,-0.820,-0.810
CMC2-CanCM4,2006,NorCal_box,JFM,116.570,0.448,0.800,10,,1.107,NorCal_d2,55.777,-0.965,0.880,0.890
CMC2-CanCM4,2007,NorCal_box,JFM,73.371,-0.720,0.000,10,,-1.573,NorCal_d2,87.708,-0.268,-1.720,-1.650
CMC2-CanCM4,2008,NorCal_box,JFM,75.387,-0.665,0.100,10,,-0.302,NorCal_d2,83.351,-0.363,-0.790,-0.860
CMC2-CanCM4,2009,NorCal_box,JFM,122.657,0.613,0.600,10,,1.219,NorCal_d2,102.497,0.054,1.500,1.500
CMC2-CanCM4,2010,NorCal_box,JFM,97.700,-0.062,0.500,10,,-3.271,NorCal_d2,102.841,0.062,-1.480,-1.550
CMC2-CanCM4,2011,NorCal_box,JFM,98.638,-0.037,0.500,10,,-1.333,NorCal_d2,94.185,-0.127,-0.920,-0.960
CMC2-CanCM4,2012,NorCal_box,JFM,74.617,-0.686,0.200,10,,0.521,NorCal_d2,24.191,-1.654,-0.030,-0.270
CMC2-CanCM4,2013,NorCal_box,JFM,100.259,0.007,0.500,10,,0.060,NorCal_d2,86.389,-0.297,-0.110,-0.270
CMC2-CanCM4,2014,NorCal_box,JFM,106.823,0.184,0.500,10,,0.665,NorCal_d2,34.395,-1.431,0.800,0.620
CMC2-CanCM4,2015,NorCal_box,JFM,124.095,0.651,0.600,10,,2.787,NorCal_d2,126.345,0.575,2.590,2.250
CMC2-CanCM4,2016,NorCal_box,JFM,91.139,-0.240,0.300,10,,-0.225,NorCal_d2,189.689,1.957,-0.370,-0.890
CMC2-CanCM4,2017,NorCal_box,JFM,82.577,-0.471,0.400,10,,-0.703,NorCal_d2,80.370,-0.428,-0.760,-1.140
CMC2-CanCM4,2018,NorCal_box,JFM,104.907,0.133,0.600,10,,0.622,NorCal_d2,172.262,1.577,1.050,0.780
CMC2-CanCM4,1981,NorCal_d2,DJF,90.684,-0.240,0.500,10,,-0.188,NorCal_d2,103.659,0.087,-0.140,-0.080
CMC2-CanCM4,1982,NorCal_d2,DJF,112.876,0.332,0.500,10,,2.252,NorCal_d2,137.010,0.878,2.120,2.360
CMC2-CanCM4,1983,NorCal_d2,DJF,90.198,-0.253,0.500,10,,-0.763,NorCal_d2,90.774,-0.219,-0.890,-0.960
CMC2-CanCM4,1984,NorCal_d2,DJF,115.204,0.392,0.400,10,,-0.345,NorCal_d2,32.131,-1.610,-1.060,-0.930
CMC2-CanCM4,1985,NorCal_d2,DJF,81.606,-0.475,0.300,10,,-0.322,NorCal_d2,140.721,0.966,-0.360,-0.210
CMC2-CanCM4,1986,NorCal_d2,DJF,106.999,0.181,0.600,10,,1.027,NorCal_d2,57.582,-1.006,1.210,1.420
CMC2-CanCM4,1987,NorCal_d2,DJF,110.770,0.278,0.500,10,,1.345,NorCal_d2,81.018,-0.450,1.000,0.800
CMC2-CanCM4,1988,NorCal_d2,DJF,102.911,0.075,0.500,10,,-2.559,NorCal_d2,44.008,-1.328,-1.850,-1.940
CMC2-CanCM4,1989,NorCal_d2,DJF,72.255,-0.716,0.100,10,,-0.082,NorCal_d2,49.417,-1.200,-0.040,0.060
CMC2-CanCM4,1990,NorCal_d2,DJF,98.314,-0.044,0.400,10,,0.606,NorCal_d2,27.094,-1.729,0.340,0.430
CMC2-CanCM4,1991,NorCal_d2,DJF,111.698,0.302,0.600,10,,1.284,NorCal_d2,73.118,-0.638,1.430,1.970
CMC2-CanCM4,1992,NorCal_d2,DJF,123.719,0.612,0.800,10,,-0.153,NorCal_d2,159.650,1.415,-0.050,0.350
CMC2-CanCM4,1993,NorCal_d2,DJF,123.459,0.606,0.500,10,,0.500,NorCal_d2,68.611,-0.744,0.190,0.420
CMC2-CanCM4,1994,NorCal_d2,DJF,96.589,-0.088,0.300,10,,0.529,NorCal_d2,140.880,0.970,0.970,1.280
CMC2-CanCM4,1995,NorCal_d2,DJF,104.790,0.124,0.600,10,,-1.090,NorCal_d2,150.477,1.197,-1.010,-0.990
CMC2-CanCM4,1996,NorCal_d2,DJF,100.366,0.009,0.500,10,,-0.755,NorCal_d2,154.825,1.300,-0.410,-0.290
CMC2-CanCM4,1997,NorCal_d2,DJF,108.238,0.213,0.400,10,,3.099,NorCal_d2,166.278,1.572,2.370,2.280
CMC2-CanCM4,1998,NorCal_d2,DJF,94.891,-0.132,0.500,10,,-2.281,NorCal_d2,91.304,-0.206,-1.470,-1.610
CMC2-CanCM4,1999,NorCal_d2,DJF,79.269,-0.535,0.200,10,,-1.858,NorCal_d2,113.627,0.323,-1.530,-1.560
CMC2-CanCM4,2000,NorCal_d2,DJF,105.936,0.153,0.500,10,,-1.010,NorCal_d2,62.884,-0.880,-0.780,-0.820
CMC2-CanCM4,2001,NorCal_d2,DJF,78.544,-0.554,0.300,10,,-0.500,NorCal_d2,85.843,-0.336,-0.320,-0.320
CMC2-CanCM4,2002,NorCal_d2,DJF,99.714,-0.007,0.500,10,,0.970,NorCal_d2,111.771,0.279,1.080,1.130
CMC2-CanCM4,2003,NorCal_d2,DJF,114.466,0.373,0.700,10,,0.406,NorCal_d2,128.897,0.685,0.290,0.220
CMC2-CanCM4,2004,NorCal_d2,DJF,115.330,0.396,0.600,10,,0.590,NorCal_d2,90.562,-0.224,0.710,0.690
CMC2-CanCM4,2005,NorCal_d2,DJF,81.453,-0.479,0.200,10,,0.089,NorCal_d2,145.016,1.068,-0.820,-0.810
CMC2-CanCM4,2006,NorCal_d2,DJF,114.369,0.371,0.500,10,,1.107,NorCal_d2,74.019,-0.616,0.880,0.890
CMC2-CanCM4,2007,NorCal_d2,DJF,74.381,-0.661,0.200,10,,-1.573,NorCal_d2,102.015,0.048,-1.720,-1.650
CMC2-CanCM4,2008,NorCal_d2,DJF,82.300,-0.457,0.300,10,,-0.302,NorCal_d2,73.224,-0.635,-0.790,-0.860
CMC2-CanCM4,2009,NorCal_d2,DJF,130.839,0.796,0.700,10,,1.219,NorCal_d2,98.250,-0.041,1.500,1.500
CMC2-CanCM4,2010,NorCal_d2,DJF,89.255,-0.277,0.300,10,,-3.271,NorCal_d2,93.372,-0.157,-1.480,-1.550
CMC2-CanCM4,2011,NorCal_d2,DJF,93.948,-0.156,0.300,10,,-1.333,NorCal_d2,41.569,-1.386,-0.920,-0.960
CMC2-CanCM4,2012,NorCal_d2,DJF,72.967,-0.698,0.200,10,,0.521,NorCal_d2,69.512,-0.723,-0.030,-0.270
CMC2-CanCM4,2013,NorCal_d2,DJF,105.804,0.150,0.700,10,,0.060,NorCal_d2,48.780,-1.215,-0.110,-0.270
CMC2-CanCM4,2014,NorCal_d2,DJF,98.211,-0.046,0.400,10,,0.665,NorCal_d2,89.608,-0.246,0.800,0.620
CMC2-CanCM4,2015,NorCal_d2,DJF,125.358,0.655,0.600,10,,2.787,NorCal_d2,105.302,0.126,2.590,2.250
CMC2-CanCM4,2016,NorCal_d2,DJF,91.795,-0.212,0.300,10,,-0.225,NorCal_d2,188.812,2.106,-0.370,-0.890
CMC2-CanCM4,2017,NorCal_d2,DJF,97.382,-0.068,0.600,10,,-0.703,NorCal_d2,34.199,-1.561,-0.760,-1.140
CMC2-CanCM4,2018,NorCal_d2,DJF,86.612,-0.346,0.200,10,,0.622,NorCal_d2,143.902,1.041,1.050,0.780
CMC2-CanCM4,1981,NorCal_d2,JFM,97.405,-0.071,0.500,10,,-0.188,NorCal_d2,106.166,0.135,-0.140,-0.080
CMC2-CanCM4,1982,NorCal_d2,JFM,111.242,0.309,0.500,10,,2.252,NorCal_d2,186.307,1.883,2.120,2.360
CMC2-CanCM4,1983,NorCal_d2,JFM,102.012,0.055,0.500,10,,-0.763,NorCal_d2,42.822,-1.247,-0.890,-0.960
CMC2-CanCM4,1984,NorCal_d2,JFM,110.409,0.286,0.500,10,,-0.345,NorCal_d2,48.726,-1.119,-1.060,-0.930
CMC2-CanCM4,1985,NorCal_d2,JFM,91.128,-0.244,0.500,10,,-0.322,NorCal_d2,170.829,1.545,-0.360,-0.210
CMC2-CanCM4,1986,NorCal_d2,JFM,101.487,0.041,0.500,10,,1.027,NorCal_d2,86.332,-0.298,1.210,1.420
CMC2-CanCM4,1987,NorCal_d2,JFM,101.255,0.034,0.300,10,,1.345,NorCal_d2,43.567,-1.231,1.000,0.800
CMC2-CanCM4,1988,NorCal_d2,JFM,87.915,-0.332,0.300,10,,-2.559,NorCal_d2,89.714,-0.224,-1.850,-1.940
CMC2-CanCM4,1989,NorCal_d2,JFM,81.054,-0.520,0.100,10,,-0.082,NorCal_d2,66.268,-0.736,-0.040,0.060
CMC2-CanCM4,1990,NorCal_d2,JFM,102.594,0.071,0.500,10,,0.606,NorCal_d2,95.103,-0.107,0.340,0.430
CMC2-CanCM4,1991,NorCal_d2,JFM,109.874,0.271,0.500,10,,1.284,NorCal_d2,82.720,-0.377,1.430,1.970
CMC2-CanCM4,1992,NorCal_d2,JFM,117.331,0.476,0.500,10,,-0.153,NorCal_d2,140.791,0.890,-0.050,0.350
CMC2-CanCM4,1993,NorCal_d2,JFM,116.554,0.455,0.700,10,,0.500,NorCal_d2,56.408,-0.951,0.190,0.420
CMC2-CanCM4,1994,NorCal_d2,JFM,96.610,-0.093,0.400,10,,0.529,NorCal_d2,211.358,2.430,0.970,1.280
CMC2-CanCM4,1995,NorCal_d2,JFM,107.068,0.194,0.600,10,,-1.090,NorCal_d2,126.173,0.571,-1.010,-0.990
CMC2-CanCM4,1996,NorCal_d2,JFM,95.545,-0.122,0.400,10,,-0.755,NorCal_d2,88.854,-0.243,-0.410,-0.290
CMC2-CanCM4,1997,NorCal_d2,JFM,123.616,0.649,0.800,10,,3.099,NorCal_d2,189.689,1.957,2.370,2.280
CMC2-CanCM4,1998,NorCal_d2,JFM,101.609,0.044,0.500,10,,-2.281,NorCal_d2,103.701,0.081,-1.470,-1.610
CMC2-CanCM4,1999,NorCal_d2,JFM,72.014,-0.769,0.100,10,,-1.858,NorCal_d2,134.256,0.747,-1.530,-1.560
CMC2-CanCM4,2000,NorCal_d2,JFM,102.374,0.065,0.300,10,,-1.010,NorCal_d2,76.414,-0.515,-0.780,-0.820
CMC2-CanCM4,2001,NorCal_d2,JFM,89.059,-0.300,0.200,10,,-0.500,NorCal_d2,57.669,-0.924,-0.320,-0.320
CMC2-CanCM4,2002,NorCal_d2,JFM,97.553,-0.067,0.500,10,,0.970,NorCal_d2,63.230,-0.802,1.080,1.130
CMC2-CanCM4,2003,NorCal_d2,JFM,103.558,0.098,0.700,10,,0.406,NorCal_d2,85.988,-0.306,0.290,0.220
CMC2-CanCM4,2004,NorCal_d2,JFM,114.061,0.386,0.700,10,,0.590,NorCal_d2,86.446,-0.296,0.710,0.690
CMC2-CanCM4,2005,NorCal_d2,JFM,81.769,-0.501,0.300,10,,0.089,NorCal_d2,117.689,0.386,-0.820,-0.810
CMC2-CanCM4,2006,NorCal_d2,JFM,115.785,0.433,0.800,10,,1.107,NorCal_d2,55.777,-0.965,0.880,0.890
CMC2-CanCM4,2007,NorCal_d2,JFM,73.139,-0.738,0.000,10,,-1.573,NorCal_d2,87.708,-0.268,-1.720,-1.650
CMC2-CanCM4,2008,NorCal_d2,JFM,75.730,-0.666,0.100,10,,-0.302,NorCal_d2,83.351,-0.363,-0.790,-0.860
CMC2-CanCM4,2009,NorCal_d2,JFM,122.255,0.611,0.600,10,,1.219,NorCal_d2,102.497,0.054,1.500,1.500
CMC2-CanCM4,2010,NorCal_d2,JFM,99.658,-0.009,0.500,10,,-3.271,NorCal_d2,102.841,0.062,-1.480,-1.550
CMC2-CanCM4,2011,NorCal_d2,JFM,99.204,-0.022,0.500,10,,-1.333,NorCal_d2,94.185,-0.127,-0.920,-0.960
CMC2-CanCM4,2012,NorCal_d2,JFM,74.795,-0.692,0.200,10,,0.521,NorCal_d2,24.191,-1.654,-0.030,-0.270
CMC2-CanCM4,2013,NorCal_d2,JFM,100.754,0.021,0.500,10,,0.060,NorCal_d2,86.389,-0.297,-0.110,-0.270
CMC2-CanCM4,2014,NorCal_d2,JFM,106.062,0.166,0.500,10,,0.665,NorCal_d2,34.395,-1.431,0.800,0.620
CMC2-CanCM4,2015,NorCal_d2,JFM,122.443,0.616,0.500,10,,2.787,NorCal_d2,126.345,0.575,2.590,2.250
CMC2-CanCM4,2016,NorCal_d2,JFM,91.141,-0.243,0.300,10,,-0.225,NorCal_d2,189.689,1.957,-0.370,-0.890
CMC2-CanCM4,2017,NorCal_d2,JFM,83.215,-0.461,0.400,10,,-0.703,NorCal_d2,80.370,-0.428,-0.760,-1.140
CMC2-CanCM4,2018,NorCal_d2,JFM,104.630,0.127,0.600,10,,0.622,NorCal_d2,172.262,1.577,1.050,0.780
CMC2-CanCM4,1981,SoCal_box,DJF,92.455,-0.119,0.300,10,,-0.188,SoCal_d6,57.351,-0.649,-0.140,-0.080
CMC2-CanCM4,1982,SoCal_box,DJF,174.013,1.165,0.700,10,,2.252,SoCal_d6,137.346,0.568,2.120,2.360
CMC2-CanCM4,1983,SoCal_box,DJF,72.805,-0.428,0.100,10,,-0.763,SoCal_d6,37.492,-0.951,-0.890,-0.960
CMC2-CanCM4,1984,SoCal_box,DJF,96.885,-0.049,0.400,10,,-0.345,SoCal_d6,79.160,-0.317,-1.060,-0.930
CMC2-CanCM4,1985,SoCal_box,DJF,73.011,-0.425,0.200,10,,-0.322,SoCal_d6,82.222,-0.271,-0.360,-0.210
CMC2-CanCM4,1986,SoCal_box,DJF,162.666,0.986,0.800,10,,1.027,SoCal_d6,47.422,-0.800,1.210,1.420
CMC2-CanCM4,1987,SoCal_box,DJF,135.829,0.564,0.500,10,,1.345,SoCal_d6,74.798,-0.383,1.000,0.800
CMC2-CanCM4,1988,SoCal_box,DJF,63.002,-0.582,0.100,10,,-2.559,SoCal_d6,66.539,-0.509,-1.850,-1.940
CMC2-CanCM4,1989,SoCal_box,DJF,63.311,-0.577,0.200,10,,-0.082,SoCal_d6,53.639,-0.705,-0.040,0.060
CMC2-CanCM4,1990,SoCal_box,DJF,93.256,-0.106,0.500,10,,0.606,SoCal_d6,49.835,-0.763,0.340,0.430
CMC2-CanCM4,1991,SoCal_box,DJF,115.043,0.237,0.500,10,,1.284,SoCal_d6,137.718,0.574,1.430,1.970
CMC2-CanCM4,1992,SoCal_box,DJF,122.567,0.355,0.600,10,,-0.153,SoCal_d6,260.587,2.444,-0.050,0.350
CMC2-CanCM4,1993,SoCal_box,DJF,135.865,0.564,0.700,10,,0.500,SoCal_d6,72.757,-0.415,0.190,0.420
CMC2-CanCM4,1994,SoCal_box,DJF,110.599,0.167,0.600,10,,0.529,SoCal_d6,177.066,1.173,0.970,1.280
CMC2-CanCM4,1995,SoCal_box,DJF,64.505,-0.559,0.200,10,,-1.090,SoCal_d6,94.565,-0.083,-1.010,-0.990
CMC2-CanCM4,1996,SoCal_box,DJF,96.782,-0.051,0.400,10,,-0.755,SoCal_d6,99.391,-0.009,-0.410,-0.290
CMC2-CanCM4,1997,SoCal_box,DJF,164.473,1.015,0.800,10,,3.099,SoCal_d6,233.489,2.031,2.370,2.280
CMC2-CanCM4,1998,SoCal_box,DJF,63.340,-0.577,0.200,10,,-2.281,SoCal_d6,38.327,-0.938,-1.470,-1.610
CMC2-CanCM4,1999,SoCal_box,DJF,52.195,-0.752,0.000,10,,-1.858,SoCal_d6,77.768,-0.338,-1.530,-1.560
CMC2-CanCM4,2000,SoCal_box,DJF,90.598,-0.148,0.400,10,,-1.010,SoCal_d6,105.794,0.088,-0.780,-0.820
CMC2-CanCM4,2001,SoCal_box,DJF,95.511,-0.071,0.500,10,,-0.500,SoCal_d6,24.314,-1.152,-0.320,-0.320
CMC2-CanCM4,2002,SoCal_box,DJF,117.138,0.270,0.600,10,,0.970,SoCal_d6,84.728,-0.232,1.080,1.130
CMC2-CanCM4,2003,SoCal_box,DJF,98.421,-0.025,0.500,10,,0.406,SoCal_d6,72.014,-0.426,0.290,0.220
CMC2-CanCM4,2004,SoCal_box,DJF,111.396,0.179,0.700,10,,0.590,SoCal_d6,230.798,1.990,0.710,0.690
CMC2-CanCM4,2005,SoCal_box,DJF,98.958,-0.016,0.400,10,,0.089,SoCal_d6,55.588,-0.676,-0.820,-0.810
CMC2-CanCM4,2006,SoCal_box,DJF,132.393,0.510,0.700,10,,1.107,SoCal_d6,36.193,-0.971,0.880,0.890
CMC2-CanCM4,2007,SoCal_box,DJF,81.983,-0.283,0.300,10,,-1.573,SoCal_d6,121.849,0.332,-1.720,-1.650
CMC2-CanCM4,2008,SoCal_box,DJF,58.936,-0.646,0.000,10,,-0.302,SoCal_d6,83.150,-0.256,-0.790,-0.860
CMC2-CanCM4,2009,SoCal_box,DJF,138.627,0.608,0.600,10,,1.219,SoCal_d6,145.699,0.695,1.500,1.500
CMC2-CanCM4,2010,SoCal_box,DJF,38.569,-0.967,0.000,10,,-3.271,SoCal_d6,141.430,0.630,-1.480,-1.550
CMC2-CanCM4,2011,SoCal_box,DJF,67.393,-0.513,0.200,10,,-1.333,SoCal_d6,25.613,-1.132,-0.920,-0.960
CMC2-CanCM4,2012,SoCal_box,DJF,73.175,-0.422,0.200,10,,0.521,SoCal_d6,46.865,-0.809,-0.030,-0.270
CMC2-CanCM4,2013,SoCal_box,DJF,71.529,-0.448,0.200,10,,0.060,SoCal_d6,30.810,-1.053,-0.110,-0.270
CMC2-CanCM4,2014,SoCal_box,DJF,104.075,0.064,0.600,10,,0.665,SoCal_d6,66.446,-0.511,0.800,0.620
CMC2-CanCM4,2015,SoCal_box,DJF,194.029,1.480,1.000,10,,2.787,SoCal_d6,60.414,-0.602,2.590,2.250
CMC2-CanCM4,2016,SoCal_box,DJF,89.203,-0.170,0.300,10,,-0.225,SoCal_d6,182.819,1.260,-0.370,-0.890
CMC2-CanCM4,2017,SoCal_box,DJF,91.610,-0.132,0.300,10,,-0.703,SoCal_d6,30.068,-1.064,-0.760,-1.140
CMC2-CanCM4,2018,SoCal_box,DJF,127.830,0.438,0.600,10,,0.622,SoCal_d6,149.689,0.756,1.050,0.780
CMC2-CanCM4,1981,SoCal_box,JFM,114.878,0.229,0.500,10,,-0.188,SoCal_d6,109.324,0.146,-0.140,-0.080
CMC2-CanCM4,1982,SoCal_box,JFM,181.382,1.250,0.900,10,,2.252,SoCal_d6,203.770,1.623,2.120,2.360
CMC2-CanCM4,1983,SoCal_box,JFM,74.505,-0.392,0.200,10,,-0.763,SoCal_d6,5.730,-1.474,-0.890,-0.960
CMC2-CanCM4,1984,SoCal_box,JFM,103.844,0.059,0.600,10,,-0.345,SoCal_d6,37.150,-0.983,-1.060,-0.930
CMC2-CanCM4,1985,SoCal_box,JFM,80.754,-0.296,0.300,10,,-0.322,SoCal_d6,119.213,0.300,-0.360,-0.210
CMC2-CanCM4,1986,SoCal_box,JFM,178.301,1.203,0.700,10,,1.027,SoCal_d6,59.329,-0.636,1.210,1.420
CMC2-CanCM4,1987,SoCal_box,JFM,129.629,0.455,0.700,10,,1.345,SoCal_d6,49.533,-0.789,1.000,0.800
CMC2-CanCM4,1988,SoCal_box,JFM,60.427,-0.608,0.200,10,,-2.559,SoCal_d6,39.368,-0.948,-1.850,-1.940
CMC2-CanCM4,1989,SoCal_box,JFM,77.727,-0.342,0.300,10,,-0.082,SoCal_d6,57.388,-0.666,-0.040,0.060
CMC2-CanCM4,1990,SoCal_box,JFM,91.627,-0.129,0.400,10,,0.606,SoCal_d6,149.524,0.774,0.340,0.430
CMC2-CanCM4,1991,SoCal_box,JFM,125.982,0.399,0.600,10,,1.284,SoCal_d6,156.178,0.879,1.430,1.970
CMC2-CanCM4,1992,SoCal_box,JFM,131.709,0.487,0.800,10,,-0.153,SoCal_d6,238.333,2.163,-0.050,0.350
CMC2-CanCM4,1993,SoCal_box,JFM,134.812,0.535,0.600,10,,0.500,SoCal_d6,86.314,-0.214,0.190,0.420
CMC2-CanCM4,1994,SoCal_box,JFM,113.799,0.212,0.600,10,,0.529,SoCal_d6,244.802,2.264,0.970,1.280
CMC2-CanCM4,1995,SoCal_box,JFM,68.789,-0.479,0.100,10,,-1.090,SoCal_d6,100.822,0.013,-1.010,-0.990
CMC2-CanCM4,1996,SoCal_box,JFM,82.294,-0.272,0.400,10,,-0.755,SoCal_d6,58.590,-0.648,-0.410,-0.290
CMC2-CanCM4,1997,SoCal_box,JFM,183.635,1.285,1.000,10,,3.099,SoCal_d6,227.151,1.988,2.370,2.280
CMC2-CanCM4,1998,SoCal_box,JFM,67.900,-0.493,0.100,10,,-2.281,SoCal_d6,49.995,-0.782,-1.470,-1.610
CMC2-CanCM4,1999,SoCal_box,JFM,34.066,-1.013,0.000,10,,-1.858,SoCal_d6,96.479,-0.055,-1.530,-1.560
CMC2-CanCM4,2000,SoCal_box,JFM,74.087,-0.398,0.100,10,,-1.010,SoCal_d6,131.226,0.488,-0.780,-0.820
CMC2-CanCM4,2001,SoCal_box,JFM,96.824,-0.049,0.500,10,,-0.500,SoCal_d6,16.542,-1.305,-0.320,-0.320
CMC2-CanCM4,2002,SoCal_box,JFM,122.181,0.341,0.700,10,,0.970,SoCal_d6,81.416,-0.291,1.080,1.130
CMC2-CanCM4,2003,SoCal_box,JFM,95.670,-0.067,0.500,10,,0.406,SoCal_d6,61.917,-0.596,0.290,0.220
CMC2-CanCM4,2004,SoCal_box,JFM,108.609,0.132,0.700,10,,0.590,SoCal_d6,194.437,1.477,0.710,0.690
CMC2-CanCM4,2005,SoCal_box,JFM,93.060,-0.107,0.400,10,,0.089,SoCal_d6,82.987,-0.266,-0.820,-0.810
CMC2-CanCM4,2006,SoCal_box,JFM,137.904,0.582,0.800,10,,1.107,SoCal_d6,29.665,-1.100,0.880,0.890
CMC2-CanCM4,2007,SoCal_box,JFM,80.610,-0.298,0.400,10,,-1.573,SoCal_d6,102.116,0.033,-1.720,-1.650
CMC2-CanCM4,2008,SoCal_box,JFM,65.790,-0.525,0.100,10,,-0.302,SoCal_d6,54.616,-0.710,-0.790,-0.860
CMC2-CanCM4,2009,SoCal_box,JFM,142.159,0.648,0.700,10,,1.219,SoCal_d6,116.995,0.266,1.500,1.500
CMC2-CanCM4,2010,SoCal_box,JFM,40.580,-0.913,0.000,10,,-3.271,SoCal_d6,85.667,-0.224,-1.480,-1.550
CMC2-CanCM4,2011,SoCal_box,JFM,62.995,-0.568,0.100,10,,-1.333,SoCal_d6,42.787,-0.895,-0.920,-0.960
CMC2-CanCM4,2012,SoCal_box,JFM,74.624,-0.390,0.200,10,,0.521,SoCal_d6,30.773,-1.083,-0.030,-0.270
CMC2-CanCM4,2013,SoCal_box,JFM,78.837,-0.325,0.300,10,,0.060,SoCal_d6,42.880,-0.893,-0.110,-0.270
CMC2-CanCM4,2014,SoCal_box,JFM,116.526,0.254,0.600,10,,0.665,SoCal_d6,25.783,-1.161,0.800,0.620
CMC2-CanCM4,2015,SoCal_box,JFM,183.942,1.289,0.900,10,,2.787,SoCal_d6,68.386,-0.494,2.590,2.250
CMC2-CanCM4,2016,SoCal_box,JFM,98.047,-0.030,0.400,10,,-0.225,SoCal_d6,144.719,0.699,-0.370,-0.890
CMC2-CanCM4,2017,SoCal_box,JFM,66.916,-0.508,0.200,10,,-0.703,SoCal_d6,66.999,-0.516,-0.760,-1.140
CMC2-CanCM4,2018,SoCal_box,JFM,126.027,0.400,0.500,10,,0.622,SoCal_d6,155.161,0.863,1.050,0.780
CMC2-CanCM4,1981,SoCal_d6,DJF,87.236,-0.204,0.400,10,,-0.188,SoCal_d6,57.351,-0.649,-0.140,-0.080
CMC2-CanCM4,1982,SoCal_d6,DJF,172.651,1.164,0.700,10,,2.252,SoCal_d6,137.346,0.568,2.120,2.360
CMC2-CanCM4,1983,SoCal_d6,DJF,71.795,-0.452,0.100,10,,-0.763,SoCal_d6,37.492,-0.951,-0.890,-0.960
CMC2-CanCM4,1984,SoCal_d6,DJF,97.281,-0.044,0.500,10,,-0.345,SoCal_d6,79.160,-0.317,-1.060,-0.930
CMC2-CanCM4,1985,SoCal_d6,DJF,79.447,-0.329,0.200,10,,-0.322,SoCal_d6,82.222,-0.271,-0.360,-0.210
CMC2-CanCM4,1986,SoCal_d6,DJF,152.859,0.847,0.800,10,,1.027,SoCal_d6,47.422,-0.800,1.210,1.420
CMC2-CanCM4,1987,SoCal_d6,DJF,134.861,0.558,0.500,10,,1.345,SoCal_d6,74.798,-0.383,1.000,0.800
CMC2-CanCM4,1988,SoCal_d6,DJF,62.511,-0.600,0.100,10,,-2.559,SoCal_d6,66.539,-0.509,-1.850,-1.940
CMC2-CanCM4,1989,SoCal_d6,DJF,63.693,-0.581,0.200,10,,-0.082,SoCal_d6,53.639,-0.705,-0.040,0.060
CMC2-CanCM4,1990,SoCal_d6,DJF,96.195,-0.061,0.500,10,,0.606,SoCal_d6,49.835,-0.763,0.340,0.430
CMC2-CanCM4,1991,SoCal_d6,DJF,117.165,0.275,0.500,10,,1.284,SoCal_d6,137.718,0.574,1.430,1.970
CMC2-CanCM4,1992,SoCal_d6,DJF,125.872,0.414,0.800,10,,-0.153,SoCal_d6,260.587,2.444,-0.050,0.350
CMC2-CanCM4,1993,SoCal_d6,DJF,133.908,0.543,0.700,10,,0.500,SoCal_d6,72.757,-0.415,0.190,0.420
CMC2-CanCM4,1994,SoCal_d6,DJF,110.515,0.168,0.500,10,,0.529,SoCal_d6,177.066,1.173,0.970,1.280
CMC2-CanCM4,1995,SoCal_d6,DJF,68.071,-0.511,0.200,10,,-1.090,SoCal_d6,94.565,-0.083,-1.010,-0.990
CMC2-CanCM4,1996,SoCal_d6,DJF,102.336,0.037,0.600,10,,-0.755,SoCal_d6,99.391,-0.009,-0.410,-0.290
CMC2-CanCM4,1997,SoCal_d6,DJF,159.856,0.959,0.700,10,,3.099,SoCal_d6,233.489,2.031,2.370,2.280
CMC2-CanCM4,1998,SoCal_d6,DJF,63.991,-0.577,0.200,10,,-2.281,SoCal_d6,38.327,-0.938,-1.470,-1.610
CMC2-CanCM4,1999,SoCal_d6,DJF,50.736,-0.789,0.000,10,,-1.858,SoCal_d6,77.768,-0.338,-1.530,-1.560
CMC2-CanCM4,2000,SoCal_d6,DJF,87.133,-0.206,0.300,10,,-1.010,SoCal_d6,105.794,0.088,-0.780,-0.820
CMC2-CanCM4,2001,SoCal_d6,DJF,91.344,-0.139,0.500,10,,-0.500,SoCal_d6,24.314,-1.152,-0.320,-0.320
CMC2-CanCM4,2002,SoCal_d6,DJF,115.878,0.254,0.500,10,,0.970,SoCal_d6,84.728,-0.232,1.080,1.130
CMC2-CanCM4,2003,SoCal_d6,DJF,98.611,-0.022,0.500,10,,0.406,SoCal_d6,72.014,-0.426,0.290,0.220
CMC2-CanCM4,2004,SoCal_d6,DJF,112.709,0.204,0.700,10,,0.590,SoCal_d6,230.798,1.990,0.710,0.690
CMC2-CanCM4,2005,SoCal_d6,DJF,97.973,-0.032,0.400,10,,0.089,SoCal_d6,55.588,-0.676,-0.820,-0.810
CMC2-CanCM4,2006,SoCal_d6,DJF,128.020,0.449,0.800,10,,1.107,SoCal_d6,36.193,-0.971,0.880,0.890
CMC2-CanCM4,2007,SoCal_d6,DJF,78.832,-0.339,0.300,10,,-1.573,SoCal_d6,121.849,0.332,-1.720,-1.650
CMC2-CanCM4,2008,SoCal_d6,DJF,59.869,-0.643,0.000,10,,-0.302,SoCal_d6,83.150,-0.256,-0.790,-0.860
CMC2-CanCM4,2009,SoCal_d6,DJF,141.061,0.658,0.700,10,,1.219,SoCal_d6,145.699,0.695,1.500,1.500
CMC2-CanCM4,2010,SoCal_d6,DJF,39.806,-0.964,0.000,10,,-3.271,SoCal_d6,141.430,0.630,-1.480,-1.550
CMC2-CanCM4,2011,SoCal_d6,DJF,65.670,-0.550,0.200,10,,-1.333,SoCal_d6,25.613,-1.132,-0.920,-0.960
CMC2-CanCM4,2012,SoCal_d6,DJF,72.545,-0.440,0.200,10,,0.521,SoCal_d6,46.865,-0.809,-0.030,-0.270
CMC2-CanCM4,2013,SoCal_d6,DJF,74.666,-0.406,0.200,10,,0.060,SoCal_d6,30.810,-1.053,-0.110,-0.270
CMC2-CanCM4,2014,SoCal_d6,DJF,109.828,0.157,0.700,10,,0.665,SoCal_d6,66.446,-0.511,0.800,0.620
CMC2-CanCM4,2015,SoCal_d6,DJF,189.702,1.437,1.000,10,,2.787,SoCal_d6,60.414,-0.602,2.590,2.250
CMC2-CanCM4,2016,SoCal_d6,DJF,92.632,-0.118,0.300,10,,-0.225,SoCal_d6,182.819,1.260,-0.370,-0.890
CMC2-CanCM4,2017,SoCal_d6,DJF,91.563,-0.135,0.400,10,,-0.703,SoCal_d6,30.068,-1.064,-0.760,-1.140
CMC2-CanCM4,2018,SoCal_d6,DJF,123.512,0.377,0.500,10,,0.622,SoCal_d6,149.689,0.756,1.050,0.780
CMC2-CanCM4,1981,SoCal_d6,JFM,107.965,0.124,0.400,10,,-0.188,SoCal_d6,109.324,0.146,-0.140,-0.080
CMC2-CanCM4,1982,SoCal_d6,JFM,177.408,1.209,0.900,10,,2.252,SoCal_d6,203.770,1.623,2.120,2.360
CMC2-CanCM4,1983,SoCal_d6,JFM,72.879,-0.424,0.200,10,,-0.763,SoCal_d6,5.730,-1.474,-0.890,-0.960
CMC2-CanCM4,1984,SoCal_d6,JFM,106.274,0.098,0.600,10,,-0.345,SoCal_d6,37.150,-0.983,-1.060,-0.930
CMC2-CanCM4,1985,SoCal_d6,JFM,86.530,-0.210,0.300,10,,-0.322,SoCal_d6,119.213,0.300,-0.360,-0.210
CMC2-CanCM4,1986,SoCal_d6,JFM,163.394,0.990,0.700,10,,1.027,SoCal_d6,59.329,-0.636,1.210,1.420
CMC2-CanCM4,1987,SoCal_d6,JFM,125.452,0.398,0.600,10,,1.345,SoCal_d6,49.533,-0.789,1.000,0.800
CMC2-CanCM4,1988,SoCal_d6,JFM,58.149,-0.654,0.100,10,,-2.559,SoCal_d6,39.368,-0.948,-1.850,-1.940
CMC2-CanCM4,1989,SoCal_d6,JFM,76.179,-0.372,0.300,10,,-0.082,SoCal_d6,57.388,-0.666,-0.040,0.060
CMC2-CanCM4,1990,SoCal_d6,JFM,97.457,-0.040,0.400,10,,0.606,SoCal_d6,149.524,0.774,0.340,0.430
CMC2-CanCM4,1991,SoCal_d6,JFM,127.504,0.430,0.700,10,,1.284,SoCal_d6,156.178,0.879,1.430,1.970
CMC2-CanCM4,1992,SoCal_d6,JFM,133.870,0.529,0.900,10,,-0.153,SoCal_d6,238.333,2.163,-0.050,0.350
CMC2-CanCM4,1993,SoCal_d6,JFM,134.111,0.533,0.600,10,,0.500,SoCal_d6,86.314,-0.214,0.190,0.420
CMC2-CanCM4,1994,SoCal_d6,JFM,111.421,0.178,0.500,10,,0.529,SoCal_d6,244.802,2.264,0.970,1.280
CMC2-CanCM4,1995,SoCal_d6,JFM,73.093,-0.420,0.200,10,,-1.090,SoCal_d6,100.822,0.013,-1.010,-0.990
CMC2-CanCM4,1996,SoCal_d6,JFM,83.872,-0.252,0.400,10,,-0.755,SoCal_d6,58.590,-0.648,-0.410,-0.290
CMC2-CanCM4,1997,SoCal_d6,JFM,178.427,1.225,1.000,10,,3.099,SoCal_d6,227.151,1.988,2.370,2.280
CMC2-CanCM4,1998,SoCal_d6,JFM,70.247,-0.465,0.100,10,,-2.281,SoCal_d6,49.995,-0.782,-1.470,-1.610
CMC2-CanCM4,1999,SoCal_d6,JFM,34.896,-1.017,0.100,10,,-1.858,SoCal_d6,96.479,-0.055,-1.530,-1.560
CMC2-CanCM4,2000,SoCal_d6,JFM,72.041,-0.437,0.100,10,,-1.010,SoCal_d6,131.226,0.488,-0.780,-0.820
CMC2-CanCM4,2001,SoCal_d6,JFM,94.670,-0.083,0.500,10,,-0.500,SoCal_d6,16.542,-1.305,-0.320,-0.320
CMC2-CanCM4,2002,SoCal_d6,JFM,122.918,0.358,0.700,10,,0.970,SoCal_d6,81.416,-0.291,1.080,1.130
CMC2-CanCM4,2003,SoCal_d6,JFM,94.588,-0.085,0.500,10,,0.406,SoCal_d6,61.917,-0.596,0.290,0.220
CMC2-CanCM4,2004,SoCal_d6,JFM,110.782,0.168,0.700,10,,0.590,SoCal_d6,194.437,1.477,0.710,0.690
CMC2-CanCM4,2005,SoCal_d6,JFM,91.927,-0.126,0.400,10,,0.089,SoCal_d6,82.987,-0.266,-0.820,-0.810
CMC2-CanCM4,2006,SoCal_d6,JFM,135.450,0.554,0.700,10,,1.107,SoCal_d6,29.665,-1.100,0.880,0.890
CMC2-CanCM4,2007,SoCal_d6,JFM,78.122,-0.342,0.300,10,,-1.573,SoCal_d6,102.116,0.033,-1.720,-1.650
CMC2-CanCM4,2008,SoCal_d6,JFM,67.168,-0.513,0.100,10,,-0.302,SoCal_d6,54.616,-0.710,-0.790,-0.860
CMC2-CanCM4,2009,SoCal_d6,JFM,143.037,0.672,0.600,10,,1.219,SoCal_d6,116.995,0.266,1.500,1.500
CMC2-CanCM4,2010,SoCal_d6,JFM,41.474,-0.914,0.000,10,,-3.271,SoCal_d6,85.667,-0.224,-1.480,-1.550
CMC2-CanCM4,2011,SoCal_d6,JFM,61.904,-0.595,0.100,10,,-1.333,SoCal_d6,42.787,-0.895,-0.920,-0.960
CMC2-CanCM4,2012,SoCal_d6,JFM,74.249,-0.402,0.200,10,,0.521,SoCal_d6,30.773,-1.083,-0.030,-0.270
CMC2-CanCM4,2013,SoCal_d6,JFM,81.269,-0.293,0.300,10,,0.060,SoCal_d6,42.880,-0.893,-0.110,-0.270
CMC2-CanCM4,2014,SoCal_d6,JFM,122.915,0.358,0.600,10,,0.665,SoCal_d6,25.783,-1.161,0.800,0.620
CMC2-CanCM4,2015,SoCal_d6,JFM,176.756,1.199,0.900,10,,2.787,SoCal_d6,68.386,-0.494,2.590,2.250
CMC2-CanCM4,2016,SoCal_d6,JFM,96.833,-0.049,0.500,10,,-0.225,SoCal_d6,144.719,0.699,-0.370,-0.890
CMC2-CanCM4,2017,SoCal_d6,JFM,66.347,-0.526,0.200,10,,-0.703,SoCal_d6,66.999,-0.516,-0.760,-1.140
CMC2-CanCM4,2018,SoCal_d6,JFM,122.652,0.354,0.400,10,,0.622,SoCal_d6,155.161,0.863,1.050,0.780
COLA-RSMAS-CCSM4,1982,NorCal_box,DJF,129.731,0.799,0.800,10,,1.923,NorCal_d2,137.010,0.878,2.120,2.360
COLA-RSMAS-CCSM4,1983,NorCal_box,DJF,82.334,-0.475,0.300,10,,-0.479,NorCal_d2,90.774,-0.219,-0.890,-0.960
COLA-RSMAS-CCSM4,1984,NorCal_box,DJF,82.995,-0.457,0.100,10,,-0.406,NorCal_d2,32.131,-1.610,-1.060,-0.930
COLA-RSMAS-CCSM4,1985,NorCal_box,DJF,90.546,-0.254,0.300,10,,-0.565,NorCal_d2,140.721,0.966,-0.360,-0.210
COLA-RSMAS-CCSM4,1986,NorCal_box,DJF,126.412,0.710,0.700,10,,0.977,NorCal_d2,57.582,-1.006,1.210,1.420
COLA-RSMAS-CCSM4,1987,NorCal_box,DJF,79.437,-0.552,0.300,10,,-0.087,NorCal_d2,81.018,-0.450,1.000,0.800
COLA-RSMAS-CCSM4,1988,NorCal_box,DJF,83.148,-0.453,0.200,10,,-1.862,NorCal_d2,44.008,-1.328,-1.850,-1.940
COLA-RSMAS-CCSM4,1989,NorCal_box,DJF,98.723,-0.034,0.400,10,,-0.545,NorCal_d2,49.417,-1.200,-0.040,0.060
COLA-RSMAS-CCSM4,1990,NorCal_box,DJF,85.582,-0.387,0.400,10,,0.318,NorCal_d2,27.094,-1.729,0.340,0.430
COLA-RSMAS-CCSM4,1991,NorCal_box,DJF,102.131,0.057,0.500,10,,1.001,NorCal_d2,73.118,-0.638,1.430,1.970
COLA-RSMAS-CCSM4,1992,NorCal_box,DJF,116.189,0.435,0.700,10,,-0.794,NorCal_d2,159.650,1.415,-0.050,0.350
COLA-RSMAS-CCSM4,1993,NorCal_box,DJF,99.356,-0.017,0.400,10,,-0.245,NorCal_d2,68.611,-0.744,0.190,0.420
COLA-RSMAS-CCSM4,1994,NorCal_box,DJF,116.431,0.441,0.600,10,,0.654,NorCal_d2,140.880,0.970,0.970,1.280
COLA-RSMAS-CCSM4,1995,NorCal_box,DJF,97.987,-0.054,0.500,10,,-0.668,NorCal_d2,150.477,1.197,-1.010,-0.990
COLA-RSMAS-CCSM4,1996,NorCal_box,DJF,106.022,0.162,0.400,10,,0.067,NorCal_d2,154.825,1.300,-0.410,-0.290
COLA-RSMAS-CCSM4,1997,NorCal_box,DJF,125.719,0.691,0.700,10,,2.536,NorCal_d2,166.278,1.572,2.370,2.280
COLA-RSMAS-CCSM4,1998,NorCal_box,DJF,77.256,-0.611,0.200,10,,-1.826,NorCal_d2,91.304,-0.206,-1.470,-1.610
COLA-RSMAS-CCSM4,1999,NorCal_box,DJF,103.058,0.078,0.700,10,,-1.389,NorCal_d2,113.627,0.323,-1.530,-1.560
COLA-RSMAS-CCSM4,2000,NorCal_box,DJF,68.917,-0.794,0.200,10,,-0.265,NorCal_d2,62.884,-0.880,-0.780,-0.820
COLA-RSMAS-CCSM4,2001,NorCal_box,DJF,106.969,0.178,0.400,10,,-0.386,NorCal_d2,85.843,-0.336,-0.320,-0.320
COLA-RSMAS-CCSM4,2002,NorCal_box,DJF,112.717,0.325,0.600,10,,1.002,NorCal_d2,111.771,0.279,1.080,1.130
COLA-RSMAS-CCSM4,2003,NorCal_box,DJF,95.239,-0.122,0.500,10,,0.403,NorCal_d2,128.897,0.685,0.290,0.220
COLA-RSMAS-CCSM4,2004,NorCal_box,DJF,91.534,-0.216,0.400,10,,0.748,NorCal_d2,90.562,-0.224,0.710,0.690
COLA-RSMAS-CCSM4,2005,NorCal_box,DJF,110.688,0.273,0.700,10,,-0.305,NorCal_d2,145.016,1.068,-0.820,-0.810
COLA-RSMAS-CCSM4,2006,NorCal_box,DJF,127.841,0.712,0.900,10,,0.910,NorCal_d2,74.019,-0.616,0.880,0.890
COLA-RSMAS-CCSM4,2007,NorCal_box,DJF,83.787,-0.414,0.400,10,,-0.901,NorCal_d2,102.015,0.048,-1.720,-1.650
COLA-RSMAS-CCSM4,2008,NorCal_box,DJF,89.256,-0.275,0.200,10,,-0.259,NorCal_d2,73.224,-0.635,-0.790,-0.860
COLA-RSMAS-CCSM4,2009,NorCal_box,DJF,124.871,0.636,0.800,10,,1.462,NorCal_d2,98.250,-0.041,1.500,1.500
COLA-RSMAS-CCSM4,2010,NorCal_box,DJF,69.722,-0.774,0.200,10,,-1.843,NorCal_d2,93.372,-0.157,-1.480,-1.550
COLA-RSMAS-CCSM4,2011,NorCal_box,DJF,103.165,0.081,0.500,10,,-0.933,NorCal_d2,41.569,-1.386,-0.920,-0.960
COLA-RSMAS-CCSM4,2012,NorCal_box,DJF,111.322,0.289,0.700,10,,0.776,NorCal_d2,69.512,-0.723,-0.030,-0.270
COLA-RSMAS-CCSM4,2013,NorCal_box,DJF,77.195,-0.583,0.100,10,,-0.070,NorCal_d2,48.780,-1.215,-0.110,-0.270
COLA-RSMAS-CCSM4,2014,NorCal_box,DJF,122.832,0.584,0.700,10,,0.857,NorCal_d2,89.608,-0.246,0.800,0.620
COLA-RSMAS-CCSM4,2015,NorCal_box,DJF,129.185,0.746,0.800,10,,1.780,NorCal_d2,105.302,0.126,2.590,2.250
COLA-RSMAS-CCSM4,2016,NorCal_box,DJF,92.364,-0.195,0.500,10,,-0.535,NorCal_d2,188.812,2.106,-0.370,-0.890
COLA-RSMAS-CCSM4,2017,NorCal_box,DJF,95.680,-0.110,0.500,10,,-1.363,NorCal_d2,34.199,-1.561,-0.760,-1.140
COLA-RSMAS-CCSM4,2018,NorCal_box,DJF,91.661,-0.213,0.400,10,,0.546,NorCal_d2,143.902,1.041,1.050,0.780
COLA-RSMAS-CCSM4,2019,NorCal_box,DJF,91.999,-0.205,0.400,10,,-0.234,NorCal_d2,58.324,-0.988,0.750,0.220
COLA-RSMAS-CCSM4,2020,NorCal_box,DJF,79.718,-0.518,0.300,10,,-1.767,NorCal_d2,52.704,-1.122,-1.060,-1.390
COLA-RSMAS-CCSM4,2021,NorCal_box,DJF,99.554,-0.011,0.500,10,,-1.489,NorCal_d2,52.916,-1.117,-0.830,-1.220
COLA-RSMAS-CCSM4,2022,NorCal_box,DJF,75.833,-0.618,0.100,10,,-1.551,NorCal_d2,137.381,0.887,-0.700,-0.990
COLA-RSMAS-CCSM4,2023,NorCal_box,DJF,113.346,0.341,0.600,10,,1.675,NorCal_d2,109.120,0.216,1.990,1.400
COLA-RSMAS-CCSM4,2024,NorCal_box,DJF,79.558,-0.522,0.200,10,,-1.388,NorCal_d2,99.894,-0.003,-0.430,-1.050
COLA-RSMAS-CCSM4,2025,NorCal_box,DJF,113.357,0.341,0.600,10,,-1.108,NorCal_d2,103.977,0.094,-0.600,-1.040
COLA-RSMAS-CCSM4,2026,NorCal_box,DJF,124.717,0.632,0.700,10,,2.844,NorCal_d2,,,,
COLA-RSMAS-CCSM4,1982,NorCal_box,JFM,137.234,1.004,0.900,10,,1.923,NorCal_d2,186.307,1.883,2.120,2.360
COLA-RSMAS-CCSM4,1983,NorCal_box,JFM,79.877,-0.542,0.300,10,,-0.479,NorCal_d2,42.822,-1.247,-0.890,-0.960
COLA-RSMAS-CCSM4,1984,NorCal_box,JFM,97.465,-0.068,0.500,10,,-0.406,NorCal_d2,48.726,-1.119,-1.060,-0.930
COLA-RSMAS-CCSM4,1985,NorCal_box,JFM,92.287,-0.208,0.300,10,,-0.565,NorCal_d2,170.829,1.545,-0.360,-0.210
COLA-RSMAS-CCSM4,1986,NorCal_box,JFM,123.793,0.641,0.700,10,,0.977,NorCal_d2,86.332,-0.298,1.210,1.420
COLA-RSMAS-CCSM4,1987,NorCal_box,JFM,84.436,-0.420,0.400,10,,-0.087,NorCal_d2,43.567,-1.231,1.000,0.800
COLA-RSMAS-CCSM4,1988,NorCal_box,JFM,78.985,-0.566,0.200,10,,-1.862,NorCal_d2,89.714,-0.224,-1.850,-1.940
COLA-RSMAS-CCSM4,1989,NorCal_box,JFM,97.262,-0.074,0.400,10,,-0.545,NorCal_d2,66.268,-0.736,-0.040,0.060
COLA-RSMAS-CCSM4,1990,NorCal_box,JFM,88.653,-0.306,0.600,10,,0.318,NorCal_d2,95.103,-0.107,0.340,0.430
COLA-RSMAS-CCSM4,1991,NorCal_box,JFM,97.316,-0.072,0.300,10,,1.001,NorCal_d2,82.720,-0.377,1.430,1.970
COLA-RSMAS-CCSM4,1992,NorCal_box,JFM,113.322,0.359,0.600,10,,-0.794,NorCal_d2,140.791,0.890,-0.050,0.350
COLA-RSMAS-CCSM4,1993,NorCal_box,JFM,95.957,-0.109,0.400,10,,-0.245,NorCal_d2,56.408,-0.951,0.190,0.420
COLA-RSMAS-CCSM4,1994,NorCal_box,JFM,116.519,0.445,0.400,10,,0.654,NorCal_d2,211.358,2.430,0.970,1.280
COLA-RSMAS-CCSM4,1995,NorCal_box,JFM,95.205,-0.129,0.300,10,,-0.668,NorCal_d2,126.173,0.571,-1.010,-0.990
COLA-RSMAS-CCSM4,1996,NorCal_box,JFM,100.935,0.025,0.600,10,,0.067,NorCal_d2,88.854,-0.243,-0.410,-0.290
COLA-RSMAS-CCSM4,1997,NorCal_box,JFM,129.517,0.796,0.700,10,,2.536,NorCal_d2,189.689,1.957,2.370,2.280
COLA-RSMAS-CCSM4,1998,NorCal_box,JFM,71.236,-0.775,0.200,10,,-1.826,NorCal_d2,103.701,0.081,-1.470,-1.610
COLA-RSMAS-CCSM4,1999,NorCal_box,JFM,95.947,-0.105,0.600,10,,-1.389,NorCal_d2,134.256,0.747,-1.530,-1.560
COLA-RSMAS-CCSM4,2000,NorCal_box,JFM,78.500,-0.558,0.100,10,,-0.265,NorCal_d2,76.414,-0.515,-0.780,-0.820
COLA-RSMAS-CCSM4,2001,NorCal_box,JFM,108.956,0.232,0.600,10,,-0.386,NorCal_d2,57.669,-0.924,-0.320,-0.320
COLA-RSMAS-CCSM4,2002,NorCal_box,JFM,102.934,0.076,0.500,10,,1.002,NorCal_d2,63.230,-0.802,1.080,1.130
COLA-RSMAS-CCSM4,2003,NorCal_box,JFM,104.082,0.106,0.500,10,,0.403,NorCal_d2,85.988,-0.306,0.290,0.220
COLA-RSMAS-CCSM4,2004,NorCal_box,JFM,98.933,-0.028,0.500,10,,0.748,NorCal_d2,86.446,-0.296,0.710,0.690
COLA-RSMAS-CCSM4,2005,NorCal_box,JFM,113.828,0.359,0.800,10,,-0.305,NorCal_d2,117.689,0.386,-0.820,-0.810
COLA-RSMAS-CCSM4,2006,NorCal_box,JFM,128.267,0.733,0.700,10,,0.910,NorCal_d2,55.777,-0.965,0.880,0.890
COLA-RSMAS-CCSM4,2007,NorCal_box,JFM,88.647,-0.294,0.400,10,,-0.901,NorCal_d2,87.708,-0.268,-1.720,-1.650
COLA-RSMAS-CCSM4,2008,NorCal_box,JFM,89.459,-0.273,0.300,10,,-0.259,NorCal_d2,83.351,-0.363,-0.790,-0.860
COLA-RSMAS-CCSM4,2009,NorCal_box,JFM,130.372,0.788,0.900,10,,1.462,NorCal_d2,102.497,0.054,1.500,1.500
COLA-RSMAS-CCSM4,2010,NorCal_box,JFM,65.280,-0.900,0.100,10,,-1.843,NorCal_d2,102.841,0.062,-1.480,-1.550
COLA-RSMAS-CCSM4,2011,NorCal_box,JFM,103.874,0.100,0.500,10,,-0.933,NorCal_d2,94.185,-0.127,-0.920,-0.960
COLA-RSMAS-CCSM4,2012,NorCal_box,JFM,102.210,0.057,0.500,10,,0.776,NorCal_d2,24.191,-1.654,-0.030,-0.270
COLA-RSMAS-CCSM4,2013,NorCal_box,JFM,82.186,-0.462,0.300,10,,-0.070,NorCal_d2,86.389,-0.297,-0.110,-0.270
COLA-RSMAS-CCSM4,2014,NorCal_box,JFM,131.424,0.815,0.700,10,,0.857,NorCal_d2,34.395,-1.431,0.800,0.620
COLA-RSMAS-CCSM4,2015,NorCal_box,JFM,125.436,0.660,0.600,10,,1.780,NorCal_d2,126.345,0.575,2.590,2.250
COLA-RSMAS-CCSM4,2016,NorCal_box,JFM,88.149,-0.307,0.400,10,,-0.535,NorCal_d2,189.689,1.957,-0.370,-0.890
COLA-RSMAS-CCSM4,2017,NorCal_box,JFM,87.000,-0.337,0.400,10,,-1.363,NorCal_d2,80.370,-0.428,-0.760,-1.140
COLA-RSMAS-CCSM4,2018,NorCal_box,JFM,90.460,-0.247,0.400,10,,0.546,NorCal_d2,172.262,1.577,1.050,0.780
COLA-RSMAS-CCSM4,2019,NorCal_box,JFM,84.055,-0.414,0.400,10,,-0.234,NorCal_d2,43.510,-1.232,0.750,0.220
COLA-RSMAS-CCSM4,2020,NorCal_box,JFM,89.561,-0.271,0.300,10,,-1.767,NorCal_d2,56.179,-0.956,-1.060,-1.390
COLA-RSMAS-CCSM4,2021,NorCal_box,JFM,93.883,-0.159,0.400,10,,-1.489,NorCal_d2,12.096,-1.918,-0.830,-1.220
COLA-RSMAS-CCSM4,2022,NorCal_box,JFM,67.836,-0.834,0.200,10,,-1.551,NorCal_d2,152.198,1.139,-0.700,-0.990
COLA-RSMAS-CCSM4,2023,NorCal_box,JFM,116.981,0.440,0.600,10,,1.675,NorCal_d2,125.886,0.565,1.990,1.400
COLA-RSMAS-CCSM4,2024,NorCal_box,JFM,80.276,-0.512,0.300,10,,-1.388,NorCal_d2,94.587,-0.118,-0.430,-1.050
COLA-RSMAS-CCSM4,2025,NorCal_box,JFM,105.634,0.146,0.500,10,,-1.108,NorCal_d2,62.370,-0.821,-0.600,-1.040
COLA-RSMAS-CCSM4,2026,NorCal_box,JFM,134.312,0.890,0.900,10,,2.844,NorCal_d2,,,,
COLA-RSMAS-CCSM4,1982,NorCal_d2,DJF,129.166,0.787,0.800,10,,1.923,NorCal_d2,137.010,0.878,2.120,2.360
COLA-RSMAS-CCSM4,1983,NorCal_d2,DJF,82.440,-0.474,0.300,10,,-0.479,NorCal_d2,90.774,-0.219,-0.890,-0.960
COLA-RSMAS-CCSM4,1984,NorCal_d2,DJF,83.584,-0.443,0.100,10,,-0.406,NorCal_d2,32.131,-1.610,-1.060,-0.930
COLA-RSMAS-CCSM4,1985,NorCal_d2,DJF,91.421,-0.232,0.300,10,,-0.565,NorCal_d2,140.721,0.966,-0.360,-0.210
COLA-RSMAS-CCSM4,1986,NorCal_d2,DJF,126.763,0.722,0.800,10,,0.977,NorCal_d2,57.582,-1.006,1.210,1.420
COLA-RSMAS-CCSM4,1987,NorCal_d2,DJF,79.797,-0.545,0.300,10,,-0.087,NorCal_d2,81.018,-0.450,1.000,0.800
COLA-RSMAS-CCSM4,1988,NorCal_d2,DJF,84.136,-0.428,0.200,10,,-1.862,NorCal_d2,44.008,-1.328,-1.850,-1.940
COLA-RSMAS-CCSM4,1989,NorCal_d2,DJF,98.460,-0.042,0.400,10,,-0.545,NorCal_d2,49.417,-1.200,-0.040,0.060
COLA-RSMAS-CCSM4,1990,NorCal_d2,DJF,85.306,-0.397,0.400,10,,0.318,NorCal_d2,27.094,-1.729,0.340,0.430
COLA-RSMAS-CCSM4,1991,NorCal_d2,DJF,101.776,0.048,0.500,10,,1.001,NorCal_d2,73.118,-0.638,1.430,1.970
COLA-RSMAS-CCSM4,1992,NorCal_d2,DJF,116.176,0.437,0.700,10,,-0.794,NorCal_d2,159.650,1.415,-0.050,0.350
COLA-RSMAS-CCSM4,1993,NorCal_d2,DJF,100.157,0.004,0.400,10,,-0.245,NorCal_d2,68.611,-0.744,0.190,0.420
COLA-RSMAS-CCSM4,1994,NorCal_d2,DJF,115.749,0.425,0.600,10,,0.654,NorCal_d2,140.880,0.970,0.970,1.280
COLA-RSMAS-CCSM4,1995,NorCal_d2,DJF,98.002,-0.054,0.500,10,,-0.668,NorCal_d2,150.477,1.197,-1.010,-0.990
COLA-RSMAS-CCSM4,1996,NorCal_d2,DJF,104.949,0.134,0.400,10,,0.067,NorCal_d2,154.825,1.300,-0.410,-0.290
COLA-RSMAS-CCSM4,1997,NorCal_d2,DJF,124.400,0.658,0.700,10,,2.536,NorCal_d2,166.278,1.572,2.370,2.280
COLA-RSMAS-CCSM4,1998,NorCal_d2,DJF,77.717,-0.601,0.200,10,,-1.826,NorCal_d2,91.304,-0.206,-1.470,-1.610
COLA-RSMAS-CCSM4,1999,NorCal_d2,DJF,103.682,0.094,0.700,10,,-1.389,NorCal_d2,113.627,0.323,-1.530,-1.560
COLA-RSMAS-CCSM4,2000,NorCal_d2,DJF,68.902,-0.798,0.200,10,,-0.265,NorCal_d2,62.884,-0.880,-0.780,-0.820
COLA-RSMAS-CCSM4,2001,NorCal_d2,DJF,107.146,0.183,0.400,10,,-0.386,NorCal_d2,85.843,-0.336,-0.320,-0.320
COLA-RSMAS-CCSM4,2002,NorCal_d2,DJF,112.323,0.316,0.600,10,,1.002,NorCal_d2,111.771,0.279,1.080,1.130
COLA-RSMAS-CCSM4,2003,NorCal_d2,DJF,95.371,-0.119,0.500,10,,0.403,NorCal_d2,128.897,0.685,0.290,0.220
COLA-RSMAS-CCSM4,2004,NorCal_d2,DJF,91.641,-0.214,0.300,10,,0.748,NorCal_d2,90.562,-0.224,0.710,0.690
COLA-RSMAS-CCSM4,2005,NorCal_d2,DJF,111.204,0.287,0.700,10,,-0.305,NorCal_d2,145.016,1.068,-0.820,-0.810
COLA-RSMAS-CCSM4,2006,NorCal_d2,DJF,127.490,0.705,0.800,10,,0.910,NorCal_d2,74.019,-0.616,0.880,0.890
COLA-RSMAS-CCSM4,2007,NorCal_d2,DJF,83.671,-0.419,0.400,10,,-0.901,NorCal_d2,102.015,0.048,-1.720,-1.650
COLA-RSMAS-CCSM4,2008,NorCal_d2,DJF,89.980,-0.257,0.200,10,,-0.259,NorCal_d2,73.224,-0.635,-0.790,-0.860
COLA-RSMAS-CCSM4,2009,NorCal_d2,DJF,124.946,0.640,0.900,10,,1.462,NorCal_d2,98.250,-0.041,1.500,1.500
COLA-RSMAS-CCSM4,2010,NorCal_d2,DJF,69.648,-0.779,0.200,10,,-1.843,NorCal_d2,93.372,-0.157,-1.480,-1.550
COLA-RSMAS-CCSM4,2011,NorCal_d2,DJF,103.995,0.103,0.500,10,,-0.933,NorCal_d2,41.569,-1.386,-0.920,-0.960
COLA-RSMAS-CCSM4,2012,NorCal_d2,DJF,111.037,0.283,0.700,10,,0.776,NorCal_d2,69.512,-0.723,-0.030,-0.270
COLA-RSMAS-CCSM4,2013,NorCal_d2,DJF,77.520,-0.577,0.100,10,,-0.070,NorCal_d2,48.780,-1.215,-0.110,-0.270
COLA-RSMAS-CCSM4,2014,NorCal_d2,DJF,121.434,0.550,0.700,10,,0.857,NorCal_d2,89.608,-0.246,0.800,0.620
COLA-RSMAS-CCSM4,2015,NorCal_d2,DJF,128.627,0.735,0.800,10,,1.780,NorCal_d2,105.302,0.126,2.590,2.250
COLA-RSMAS-CCSM4,2016,NorCal_d2,DJF,92.898,-0.182,0.500,10,,-0.535,NorCal_d2,188.812,2.106,-0.370,-0.890
COLA-RSMAS-CCSM4,2017,NorCal_d2,DJF,95.664,-0.111,0.500,10,,-1.363,NorCal_d2,34.199,-1.561,-0.760,-1.140
COLA-RSMAS-CCSM4,2018,NorCal_d2,DJF,91.239,-0.225,0.400,10,,0.546,NorCal_d2,143.902,1.041,1.050,0.780
COLA-RSMAS-CCSM4,2019,NorCal_d2,DJF,91.581,-0.216,0.300,10,,-0.234,NorCal_d2,58.324,-0.988,0.750,0.220
COLA-RSMAS-CCSM4,2020,NorCal_d2,DJF,79.198,-0.534,0.300,10,,-1.767,NorCal_d2,52.704,-1.122,-1.060,-1.390
COLA-RSMAS-CCSM4,2021,NorCal_d2,DJF,99.122,-0.023,0.500,10,,-1.489,NorCal_d2,52.916,-1.117,-0.830,-1.220
COLA-RSMAS-CCSM4,2022,NorCal_d2,DJF,76.504,-0.603,0.100,10,,-1.551,NorCal_d2,137.381,0.887,-0.700,-0.990
COLA-RSMAS-CCSM4,2023,NorCal_d2,DJF,112.531,0.322,0.600,10,,1.675,NorCal_d2,109.120,0.216,1.990,1.400
COLA-RSMAS-CCSM4,2024,NorCal_d2,DJF,79.049,-0.538,0.200,10,,-1.388,NorCal_d2,99.894,-0.003,-0.430,-1.050
COLA-RSMAS-CCSM4,2025,NorCal_d2,DJF,113.295,0.341,0.600,10,,-1.108,NorCal_d2,103.977,0.094,-0.600,-1.040
COLA-RSMAS-CCSM4,2026,NorCal_d2,DJF,123.683,0.608,0.700,10,,2.844,NorCal_d2,,,,
COLA-RSMAS-CCSM4,1982,NorCal_d2,JFM,136.806,0.993,0.900,10,,1.923,NorCal_d2,186.307,1.883,2.120,2.360
COLA-RSMAS-CCSM4,1983,NorCal_d2,JFM,79.922,-0.542,0.300,10,,-0.479,NorCal_d2,42.822,-1.247,-0.890,-0.960
COLA-RSMAS-CCSM4,1984,NorCal_d2,JFM,97.817,-0.059,0.500,10,,-0.406,NorCal_d2,48.726,-1.119,-1.060,-0.930
COLA-RSMAS-CCSM4,1985,NorCal_d2,JFM,93.114,-0.186,0.300,10,,-0.565,NorCal_d2,170.829,1.545,-0.360,-0.210
COLA-RSMAS-CCSM4,1986,NorCal_d2,JFM,124.118,0.651,0.700,10,,0.977,NorCal_d2,86.332,-0.298,1.210,1.420
COLA-RSMAS-CCSM4,1987,NorCal_d2,JFM,84.714,-0.413,0.400,10,,-0.087,NorCal_d2,43.567,-1.231,1.000,0.800
COLA-RSMAS-CCSM4,1988,NorCal_d2,JFM,79.671,-0.549,0.200,10,,-1.862,NorCal_d2,89.714,-0.224,-1.850,-1.940
COLA-RSMAS-CCSM4,1989,NorCal_d2,JFM,97.109,-0.078,0.400,10,,-0.545,NorCal_d2,66.268,-0.736,-0.040,0.060
COLA-RSMAS-CCSM4,1990,NorCal_d2,JFM,88.356,-0.314,0.600,10,,0.318,NorCal_d2,95.103,-0.107,0.340,0.430
COLA-RSMAS-CCSM4,1991,NorCal_d2,JFM,97.297,-0.073,0.300,10,,1.001,NorCal_d2,82.720,-0.377,1.430,1.970
COLA-RSMAS-CCSM4,1992,NorCal_d2,JFM,113.315,0.359,0.600,10,,-0.794,NorCal_d2,140.791,0.890,-0.050,0.350
COLA-RSMAS-CCSM4,1993,NorCal_d2,JFM,96.352,-0.098,0.400,10,,-0.245,NorCal_d2,56.408,-0.951,0.190,0.420
COLA-RSMAS-CCSM4,1994,NorCal_d2,JFM,115.624,0.422,0.400,10,,0.654,NorCal_d2,211.358,2.430,0.970,1.280
COLA-RSMAS-CCSM4,1995,NorCal_d2,JFM,95.327,-0.126,0.300,10,,-0.668,NorCal_d2,126.173,0.571,-1.010,-0.990
COLA-RSMAS-CCSM4,1996,NorCal_d2,JFM,100.257,0.007,0.500,10,,0.067,NorCal_d2,88.854,-0.243,-0.410,-0.290
COLA-RSMAS-CCSM4,1997,NorCal_d2,JFM,128.413,0.767,0.700,10,,2.536,NorCal_d2,189.689,1.957,2.370,2.280
COLA-RSMAS-CCSM4,1998,NorCal_d2,JFM,71.789,-0.761,0.200,10,,-1.826,NorCal_d2,103.701,0.081,-1.470,-1.610
COLA-RSMAS-CCSM4,1999,NorCal_d2,JFM,96.321,-0.096,0.600,10,,-1.389,NorCal_d2,134.256,0.747,-1.530,-1.560
COLA-RSMAS-CCSM4,2000,NorCal_d2,JFM,78.571,-0.557,0.100,10,,-0.265,NorCal_d2,76.414,-0.515,-0.780,-0.820
COLA-RSMAS-CCSM4,2001,NorCal_d2,JFM,108.757,0.228,0.600,10,,-0.386,NorCal_d2,57.669,-0.924,-0.320,-0.320
COLA-RSMAS-CCSM4,2002,NorCal_d2,JFM,102.499,0.065,0.500,10,,1.002,NorCal_d2,63.230,-0.802,1.080,1.130
COLA-RSMAS-CCSM4,2003,NorCal_d2,JFM,104.277,0.111,0.500,10,,0.403,NorCal_d2,85.988,-0.306,0.290,0.220
COLA-RSMAS-CCSM4,2004,NorCal_d2,JFM,99.042,-0.025,0.500,10,,0.748,NorCal_d2,86.446,-0.296,0.710,0.690
COLA-RSMAS-CCSM4,2005,NorCal_d2,JFM,113.859,0.360,0.800,10,,-0.305,NorCal_d2,117.689,0.386,-0.820,-0.810
COLA-RSMAS-CCSM4,2006,NorCal_d2,JFM,127.782,0.722,0.700,10,,0.910,NorCal_d2,55.777,-0.965,0.880,0.890
COLA-RSMAS-CCSM4,2007,NorCal_d2,JFM,88.562,-0.297,0.400,10,,-0.901,NorCal_d2,87.708,-0.268,-1.720,-1.650
COLA-RSMAS-CCSM4,2008,NorCal_d2,JFM,90.653,-0.243,0.300,10,,-0.259,NorCal_d2,83.351,-0.363,-0.790,-0.860
COLA-RSMAS-CCSM4,2009,NorCal_d2,JFM,130.386,0.789,0.900,10,,1.462,NorCal_d2,102.497,0.054,1.500,1.500
COLA-RSMAS-CCSM4,2010,NorCal_d2,JFM,65.539,-0.895,0.100,10,,-1.843,NorCal_d2,102.841,0.062,-1.480,-1.550
COLA-RSMAS-CCSM4,2011,NorCal_d2,JFM,104.594,0.119,0.600,10,,-0.933,NorCal_d2,94.185,-0.127,-0.920,-0.960
COLA-RSMAS-CCSM4,2012,NorCal_d2,JFM,102.236,0.058,0.500,10,,0.776,NorCal_d2,24.191,-1.654,-0.030,-0.270
COLA-RSMAS-CCSM4,2013,NorCal_d2,JFM,82.444,-0.456,0.300,10,,-0.070,NorCal_d2,86.389,-0.297,-0.110,-0.270
COLA-RSMAS-CCSM4,2014,NorCal_d2,JFM,130.228,0.785,0.700,10,,0.857,NorCal_d2,34.395,-1.431,0.800,0.620
COLA-RSMAS-CCSM4,2015,NorCal_d2,JFM,124.499,0.637,0.600,10,,1.780,NorCal_d2,126.345,0.575,2.590,2.250
COLA-RSMAS-CCSM4,2016,NorCal_d2,JFM,88.681,-0.294,0.400,10,,-0.535,NorCal_d2,189.689,1.957,-0.370,-0.890
COLA-RSMAS-CCSM4,2017,NorCal_d2,JFM,86.738,-0.345,0.400,10,,-1.363,NorCal_d2,80.370,-0.428,-0.760,-1.140
COLA-RSMAS-CCSM4,2018,NorCal_d2,JFM,90.354,-0.251,0.400,10,,0.546,NorCal_d2,172.262,1.577,1.050,0.780
COLA-RSMAS-CCSM4,2019,NorCal_d2,JFM,83.978,-0.416,0.300,10,,-0.234,NorCal_d2,43.510,-1.232,0.750,0.220
COLA-RSMAS-CCSM4,2020,NorCal_d2,JFM,89.076,-0.284,0.300,10,,-1.767,NorCal_d2,56.179,-0.956,-1.060,-1.390
COLA-RSMAS-CCSM4,2021,NorCal_d2,JFM,93.305,-0.174,0.400,10,,-1.489,NorCal_d2,12.096,-1.918,-0.830,-1.220
COLA-RSMAS-CCSM4,2022,NorCal_d2,JFM,68.132,-0.828,0.200,10,,-1.551,NorCal_d2,152.198,1.139,-0.700,-0.990
COLA-RSMAS-CCSM4,2023,NorCal_d2,JFM,116.389,0.426,0.600,10,,1.675,NorCal_d2,125.886,0.565,1.990,1.400
COLA-RSMAS-CCSM4,2024,NorCal_d2,JFM,80.140,-0.516,0.300,10,,-1.388,NorCal_d2,94.587,-0.118,-0.430,-1.050
COLA-RSMAS-CCSM4,2025,NorCal_d2,JFM,105.614,0.146,0.500,10,,-1.108,NorCal_d2,62.370,-0.821,-0.600,-1.040
COLA-RSMAS-CCSM4,2026,NorCal_d2,JFM,133.462,0.869,0.900,10,,2.844,NorCal_d2,,,,
COLA-RSMAS-CCSM4,1982,SoCal_box,DJF,150.657,0.947,0.700,10,,1.923,SoCal_d6,137.346,0.568,2.120,2.360
COLA-RSMAS-CCSM4,1983,SoCal_box,DJF,80.580,-0.363,0.200,10,,-0.479,SoCal_d6,37.492,-0.951,-0.890,-0.960
COLA-RSMAS-CCSM4,1984,SoCal_box,DJF,86.468,-0.253,0.300,10,,-0.406,SoCal_d6,79.160,-0.317,-1.060,-0.930
COLA-RSMAS-CCSM4,1985,SoCal_box,DJF,74.780,-0.471,0.100,10,,-0.565,SoCal_d6,82.222,-0.271,-0.360,-0.210
COLA-RSMAS-CCSM4,1986,SoCal_box,DJF,119.872,0.371,0.600,10,,0.977,SoCal_d6,47.422,-0.800,1.210,1.420
COLA-RSMAS-CCSM4,1987,SoCal_box,DJF,54.315,-0.854,0.000,10,,-0.087,SoCal_d6,74.798,-0.383,1.000,0.800
COLA-RSMAS-CCSM4,1988,SoCal_box,DJF,50.132,-0.932,0.000,10,,-1.862,SoCal_d6,66.539,-0.509,-1.850,-1.940
COLA-RSMAS-CCSM4,1989,SoCal_box,DJF,105.183,0.097,0.400,10,,-0.545,SoCal_d6,53.639,-0.705,-0.040,0.060
COLA-RSMAS-CCSM4,1990,SoCal_box,DJF,109.870,0.184,0.400,10,,0.318,SoCal_d6,49.835,-0.763,0.340,0.430
COLA-RSMAS-CCSM4,1991,SoCal_box,DJF,116.684,0.312,0.600,10,,1.001,SoCal_d6,137.718,0.574,1.430,1.970
COLA-RSMAS-CCSM4,1992,SoCal_box,DJF,139.873,0.745,0.900,10,,-0.794,SoCal_d6,260.587,2.444,-0.050,0.350
COLA-RSMAS-CCSM4,1993,SoCal_box,DJF,80.028,-0.373,0.400,10,,-0.245,SoCal_d6,72.757,-0.415,0.190,0.420
COLA-RSMAS-CCSM4,1994,SoCal_box,DJF,132.247,0.603,0.700,10,,0.654,SoCal_d6,177.066,1.173,0.970,1.280
COLA-RSMAS-CCSM4,1995,SoCal_box,DJF,83.427,-0.310,0.200,10,,-0.668,SoCal_d6,94.565,-0.083,-1.010,-0.990
COLA-RSMAS-CCSM4,1996,SoCal_box,DJF,105.504,0.103,0.600,10,,0.067,SoCal_d6,99.391,-0.009,-0.410,-0.290
COLA-RSMAS-CCSM4,1997,SoCal_box,DJF,152.397,0.979,0.800,10,,2.536,SoCal_d6,233.489,2.031,2.370,2.280
COLA-RSMAS-CCSM4,1998,SoCal_box,DJF,57.984,-0.785,0.100,10,,-1.826,SoCal_d6,38.327,-0.938,-1.470,-1.610
COLA-RSMAS-CCSM4,1999,SoCal_box,DJF,74.366,-0.435,0.300,10,,-1.389,SoCal_d6,77.768,-0.338,-1.530,-1.560
COLA-RSMAS-CCSM4,2000,SoCal_box,DJF,75.492,-0.416,0.200,10,,-0.265,SoCal_d6,105.794,0.088,-0.780,-0.820
COLA-RSMAS-CCSM4,2001,SoCal_box,DJF,111.144,0.189,0.400,10,,-0.386,SoCal_d6,24.314,-1.152,-0.320,-0.320
COLA-RSMAS-CCSM4,2002,SoCal_box,DJF,160.268,1.022,1.000,10,,1.002,SoCal_d6,84.728,-0.232,1.080,1.130
COLA-RSMAS-CCSM4,2003,SoCal_box,DJF,90.795,-0.156,0.400,10,,0.403,SoCal_d6,72.014,-0.426,0.290,0.220
COLA-RSMAS-CCSM4,2004,SoCal_box,DJF,95.087,-0.083,0.200,10,,0.748,SoCal_d6,230.798,1.990,0.710,0.690
COLA-RSMAS-CCSM4,2005,SoCal_box,DJF,83.046,-0.288,0.200,10,,-0.305,SoCal_d6,55.588,-0.676,-0.820,-0.810
COLA-RSMAS-CCSM4,2006,SoCal_box,DJF,137.611,0.638,0.800,10,,0.910,SoCal_d6,36.193,-0.971,0.880,0.890
COLA-RSMAS-CCSM4,2007,SoCal_box,DJF,84.913,-0.256,0.300,10,,-0.901,SoCal_d6,121.849,0.332,-1.720,-1.650
COLA-RSMAS-CCSM4,2008,SoCal_box,DJF,83.092,-0.287,0.400,10,,-0.259,SoCal_d6,83.150,-0.256,-0.790,-0.860
COLA-RSMAS-CCSM4,2009,SoCal_box,DJF,128.831,0.489,0.600,10,,1.462,SoCal_d6,145.699,0.695,1.500,1.500
COLA-RSMAS-CCSM4,2010,SoCal_box,DJF,63.515,-0.619,0.300,10,,-1.843,SoCal_d6,141.430,0.630,-1.480,-1.550
COLA-RSMAS-CCSM4,2011,SoCal_box,DJF,59.424,-0.688,0.000,10,,-0.933,SoCal_d6,25.613,-1.132,-0.920,-0.960
COLA-RSMAS-CCSM4,2012,SoCal_box,DJF,133.282,0.564,0.600,10,,0.776,SoCal_d6,46.865,-0.809,-0.030,-0.270
COLA-RSMAS-CCSM4,2013,SoCal_box,DJF,73.860,-0.443,0.300,10,,-0.070,SoCal_d6,30.810,-1.053,-0.110,-0.270
COLA-RSMAS-CCSM4,2014,SoCal_box,DJF,145.802,0.777,0.800,10,,0.857,SoCal_d6,66.446,-0.511,0.800,0.620
COLA-RSMAS-CCSM4,2015,SoCal_box,DJF,151.502,0.873,0.700,10,,1.780,SoCal_d6,60.414,-0.602,2.590,2.250
COLA-RSMAS-CCSM4,2016,SoCal_box,DJF,63.049,-0.627,0.200,10,,-0.535,SoCal_d6,182.819,1.260,-0.370,-0.890
COLA-RSMAS-CCSM4,2017,SoCal_box,DJF,83.982,-0.272,0.300,10,,-1.363,SoCal_d6,30.068,-1.064,-0.760,-1.140
COLA-RSMAS-CCSM4,2018,SoCal_box,DJF,111.517,0.195,0.500,10,,0.546,SoCal_d6,149.689,0.756,1.050,0.780
COLA-RSMAS-CCSM4,2019,SoCal_box,DJF,89.421,-0.179,0.400,10,,-0.234,SoCal_d6,53.732,-0.704,0.750,0.220
COLA-RSMAS-CCSM4,2020,SoCal_box,DJF,95.075,-0.084,0.300,10,,-1.767,SoCal_d6,45.009,-0.837,-1.060,-1.390
COLA-RSMAS-CCSM4,2021,SoCal_box,DJF,89.838,-0.172,0.300,10,,-1.489,SoCal_d6,76.933,-0.351,-0.830,-1.220
COLA-RSMAS-CCSM4,2022,SoCal_box,DJF,60.973,-0.662,0.100,10,,-1.551,SoCal_d6,173.354,1.116,-0.700,-0.990
COLA-RSMAS-CCSM4,2023,SoCal_box,DJF,145.195,0.766,0.500,10,,1.675,SoCal_d6,146.905,0.714,1.990,1.400
COLA-RSMAS-CCSM4,2024,SoCal_box,DJF,95.006,-0.085,0.300,10,,-1.388,SoCal_d6,39.812,-0.916,-0.430,-1.050
COLA-RSMAS-CCSM4,2025,SoCal_box,DJF,87.102,-0.219,0.200,10,,-1.108,SoCal_d6,111.640,0.177,-0.600,-1.040
COLA-RSMAS-CCSM4,2026,SoCal_box,DJF,165.223,1.106,0.800,10,,2.844,SoCal_d6,,,,
COLA-RSMAS-CCSM4,1982,SoCal_box,JFM,141.363,0.851,0.800,10,,1.923,SoCal_d6,203.770,1.623,2.120,2.360
COLA-RSMAS-CCSM4,1983,SoCal_box,JFM,86.024,-0.287,0.300,10,,-0.479,SoCal_d6,5.730,-1.474,-0.890,-0.960
COLA-RSMAS-CCSM4,1984,SoCal_box,JFM,105.734,0.118,0.400,10,,-0.406,SoCal_d6,37.150,-0.983,-1.060,-0.930
COLA-RSMAS-CCSM4,1985,SoCal_box,JFM,75.218,-0.510,0.200,10,,-0.565,SoCal_d6,119.213,0.300,-0.360,-0.210
COLA-RSMAS-CCSM4,1986,SoCal_box,JFM,112.012,0.247,0.600,10,,0.977,SoCal_d6,59.329,-0.636,1.210,1.420
COLA-RSMAS-CCSM4,1987,SoCal_box,JFM,63.295,-0.755,0.000,10,,-0.087,SoCal_d6,49.533,-0.789,1.000,0.800
COLA-RSMAS-CCSM4,1988,SoCal_box,JFM,62.798,-0.765,0.200,10,,-1.862,SoCal_d6,39.368,-0.948,-1.850,-1.940
COLA-RSMAS-CCSM4,1989,SoCal_box,JFM,98.299,-0.035,0.400,10,,-0.545,SoCal_d6,57.388,-0.666,-0.040,0.060
COLA-RSMAS-CCSM4,1990,SoCal_box,JFM,103.232,0.066,0.500,10,,0.318,SoCal_d6,149.524,0.774,0.340,0.430
COLA-RSMAS-CCSM4,1991,SoCal_box,JFM,103.416,0.070,0.500,10,,1.001,SoCal_d6,156.178,0.879,1.430,1.970
COLA-RSMAS-CCSM4,1992,SoCal_box,JFM,137.940,0.780,0.800,10,,-0.794,SoCal_d6,238.333,2.163,-0.050,0.350
COLA-RSMAS-CCSM4,1993,SoCal_box,JFM,88.363,-0.239,0.300,10,,-0.245,SoCal_d6,86.314,-0.214,0.190,0.420
COLA-RSMAS-CCSM4,1994,SoCal_box,JFM,132.252,0.663,0.700,10,,0.654,SoCal_d6,244.802,2.264,0.970,1.280
COLA-RSMAS-CCSM4,1995,SoCal_box,JFM,87.626,-0.255,0.400,10,,-0.668,SoCal_d6,100.822,0.013,-1.010,-0.990
COLA-RSMAS-CCSM4,1996,SoCal_box,JFM,88.656,-0.233,0.400,10,,0.067,SoCal_d6,58.590,-0.648,-0.410,-0.290
COLA-RSMAS-CCSM4,1997,SoCal_box,JFM,154.141,1.114,0.900,10,,2.536,SoCal_d6,227.151,1.988,2.370,2.280
COLA-RSMAS-CCSM4,1998,SoCal_box,JFM,59.634,-0.830,0.000,10,,-1.826,SoCal_d6,49.995,-0.782,-1.470,-1.610
COLA-RSMAS-CCSM4,1999,SoCal_box,JFM,75.022,-0.475,0.300,10,,-1.389,SoCal_d6,96.479,-0.055,-1.530,-1.560
COLA-RSMAS-CCSM4,2000,SoCal_box,JFM,79.968,-0.381,0.500,10,,-0.265,SoCal_d6,131.226,0.488,-0.780,-0.820
COLA-RSMAS-CCSM4,2001,SoCal_box,JFM,109.482,0.180,0.600,10,,-0.386,SoCal_d6,16.542,-1.305,-0.320,-0.320
COLA-RSMAS-CCSM4,2002,SoCal_box,JFM,133.551,0.638,1.000,10,,1.002,SoCal_d6,81.416,-0.291,1.080,1.130
COLA-RSMAS-CCSM4,2003,SoCal_box,JFM,98.196,-0.034,0.600,10,,0.403,SoCal_d6,61.917,-0.596,0.290,0.220
COLA-RSMAS-CCSM4,2004,SoCal_box,JFM,112.285,0.233,0.500,10,,0.748,SoCal_d6,194.437,1.477,0.710,0.690
COLA-RSMAS-CCSM4,2005,SoCal_box,JFM,90.009,-0.190,0.400,10,,-0.305,SoCal_d6,82.987,-0.266,-0.820,-0.810
COLA-RSMAS-CCSM4,2006,SoCal_box,JFM,138.925,0.740,0.900,10,,0.910,SoCal_d6,29.665,-1.100,0.880,0.890
COLA-RSMAS-CCSM4,2007,SoCal_box,JFM,81.297,-0.355,0.300,10,,-0.901,SoCal_d6,102.116,0.033,-1.720,-1.650
COLA-RSMAS-CCSM4,2008,SoCal_box,JFM,77.349,-0.430,0.200,10,,-0.259,SoCal_d6,54.616,-0.710,-0.790,-0.860
COLA-RSMAS-CCSM4,2009,SoCal_box,JFM,143.237,0.822,0.800,10,,1.462,SoCal_d6,116.995,0.266,1.500,1.500
COLA-RSMAS-CCSM4,2010,SoCal_box,JFM,47.307,-1.001,0.100,10,,-1.843,SoCal_d6,85.667,-0.224,-1.480,-1.550
COLA-RSMAS-CCSM4,2011,SoCal_box,JFM,67.479,-0.618,0.200,10,,-0.933,SoCal_d6,42.787,-0.895,-0.920,-0.960
COLA-RSMAS-CCSM4,2012,SoCal_box,JFM,113.873,0.264,0.700,10,,0.776,SoCal_d6,30.773,-1.083,-0.030,-0.270
COLA-RSMAS-CCSM4,2013,SoCal_box,JFM,73.836,-0.497,0.200,10,,-0.070,SoCal_d6,42.880,-0.893,-0.110,-0.270
COLA-RSMAS-CCSM4,2014,SoCal_box,JFM,144.077,0.838,0.600,10,,0.857,SoCal_d6,25.783,-1.161,0.800,0.620
COLA-RSMAS-CCSM4,2015,SoCal_box,JFM,163.365,1.204,0.800,10,,1.780,SoCal_d6,68.386,-0.494,2.590,2.250
COLA-RSMAS-CCSM4,2016,SoCal_box,JFM,71.318,-0.545,0.200,10,,-0.535,SoCal_d6,144.719,0.699,-0.370,-0.890
COLA-RSMAS-CCSM4,2017,SoCal_box,JFM,82.964,-0.324,0.400,10,,-1.363,SoCal_d6,66.999,-0.516,-0.760,-1.140
COLA-RSMAS-CCSM4,2018,SoCal_box,JFM,114.433,0.274,0.700,10,,0.546,SoCal_d6,155.161,0.863,1.050,0.780
COLA-RSMAS-CCSM4,2019,SoCal_box,JFM,82.028,-0.342,0.200,10,,-0.234,SoCal_d6,56.742,-0.676,0.750,0.220
COLA-RSMAS-CCSM4,2020,SoCal_box,JFM,87.206,-0.243,0.300,10,,-1.767,SoCal_d6,47.038,-0.828,-1.060,-1.390
COLA-RSMAS-CCSM4,2021,SoCal_box,JFM,96.125,-0.074,0.400,10,,-1.489,SoCal_d6,21.625,-1.226,-0.830,-1.220
COLA-RSMAS-CCSM4,2022,SoCal_box,JFM,68.103,-0.606,0.200,10,,-1.551,SoCal_d6,215.414,1.805,-0.700,-0.990
COLA-RSMAS-CCSM4,2023,SoCal_box,JFM,144.117,0.838,0.700,10,,1.675,SoCal_d6,160.614,0.948,1.990,1.400
COLA-RSMAS-CCSM4,2024,SoCal_box,JFM,85.072,-0.284,0.400,10,,-1.388,SoCal_d6,68.663,-0.490,-0.430,-1.050
COLA-RSMAS-CCSM4,2025,SoCal_box,JFM,97.106,-0.055,0.300,10,,-1.108,SoCal_d6,64.319,-0.558,-0.600,-1.040
COLA-RSMAS-CCSM4,2026,SoCal_box,JFM,173.736,1.401,0.900,10,,2.844,SoCal_d6,,,,
COLA-RSMAS-CCSM4,1982,SoCal_d6,DJF,153.631,0.980,0.700,10,,1.923,SoCal_d6,137.346,0.568,2.120,2.360
COLA-RSMAS-CCSM4,1983,SoCal_d6,DJF,77.058,-0.419,0.100,10,,-0.479,SoCal_d6,37.492,-0.951,-0.890,-0.960
COLA-RSMAS-CCSM4,1984,SoCal_d6,DJF,81.225,-0.343,0.300,10,,-0.406,SoCal_d6,79.160,-0.317,-1.060,-0.930
COLA-RSMAS-CCSM4,1985,SoCal_d6,DJF,75.283,-0.451,0.100,10,,-0.565,SoCal_d6,82.222,-0.271,-0.360,-0.210
COLA-RSMAS-CCSM4,1986,SoCal_d6,DJF,123.151,0.423,0.600,10,,0.977,SoCal_d6,47.422,-0.800,1.210,1.420
COLA-RSMAS-CCSM4,1987,SoCal_d6,DJF,52.671,-0.865,0.000,10,,-0.087,SoCal_d6,74.798,-0.383,1.000,0.800
COLA-RSMAS-CCSM4,1988,SoCal_d6,DJF,50.763,-0.899,0.000,10,,-1.862,SoCal_d6,66.539,-0.509,-1.850,-1.940
COLA-RSMAS-CCSM4,1989,SoCal_d6,DJF,98.891,-0.020,0.300,10,,-0.545,SoCal_d6,53.639,-0.705,-0.040,0.060
COLA-RSMAS-CCSM4,1990,SoCal_d6,DJF,107.577,0.138,0.400,10,,0.318,SoCal_d6,49.835,-0.763,0.340,0.430
COLA-RSMAS-CCSM4,1991,SoCal_d6,DJF,117.370,0.317,0.700,10,,1.001,SoCal_d6,137.718,0.574,1.430,1.970
COLA-RSMAS-CCSM4,1992,SoCal_d6,DJF,136.104,0.659,1.000,10,,-0.794,SoCal_d6,260.587,2.444,-0.050,0.350
COLA-RSMAS-CCSM4,1993,SoCal_d6,DJF,80.551,-0.355,0.400,10,,-0.245,SoCal_d6,72.757,-0.415,0.190,0.420
COLA-RSMAS-CCSM4,1994,SoCal_d6,DJF,138.004,0.694,0.600,10,,0.654,SoCal_d6,177.066,1.173,0.970,1.280
COLA-RSMAS-CCSM4,1995,SoCal_d6,DJF,85.099,-0.272,0.200,10,,-0.668,SoCal_d6,94.565,-0.083,-1.010,-0.990
COLA-RSMAS-CCSM4,1996,SoCal_d6,DJF,106.596,0.120,0.700,10,,0.067,SoCal_d6,99.391,-0.009,-0.410,-0.290
COLA-RSMAS-CCSM4,1997,SoCal_d6,DJF,161.790,1.129,0.800,10,,2.536,SoCal_d6,233.489,2.031,2.370,2.280
COLA-RSMAS-CCSM4,1998,SoCal_d6,DJF,54.237,-0.836,0.100,10,,-1.826,SoCal_d6,38.327,-0.938,-1.470,-1.610
COLA-RSMAS-CCSM4,1999,SoCal_d6,DJF,76.153,-0.400,0.300,10,,-1.389,SoCal_d6,77.768,-0.338,-1.530,-1.560
COLA-RSMAS-CCSM4,2000,SoCal_d6,DJF,75.951,-0.403,0.200,10,,-0.265,SoCal_d6,105.794,0.088,-0.780,-0.820
COLA-RSMAS-CCSM4,2001,SoCal_d6,DJF,108.746,0.147,0.400,10,,-0.386,SoCal_d6,24.314,-1.152,-0.320,-0.320
COLA-RSMAS-CCSM4,2002,SoCal_d6,DJF,156.739,0.951,1.000,10,,1.002,SoCal_d6,84.728,-0.232,1.080,1.130
COLA-RSMAS-CCSM4,2003,SoCal_d6,DJF,89.593,-0.174,0.500,10,,0.403,SoCal_d6,72.014,-0.426,0.290,0.220
COLA-RSMAS-CCSM4,2004,SoCal_d6,DJF,92.591,-0.124,0.200,10,,0.748,SoCal_d6,230.798,1.990,0.710,0.690
COLA-RSMAS-CCSM4,2005,SoCal_d6,DJF,84.477,-0.260,0.200,10,,-0.305,SoCal_d6,55.588,-0.676,-0.820,-0.810
COLA-RSMAS-CCSM4,2006,SoCal_d6,DJF,140.467,0.678,0.900,10,,0.910,SoCal_d6,36.193,-0.971,0.880,0.890
COLA-RSMAS-CCSM4,2007,SoCal_d6,DJF,84.558,-0.259,0.300,10,,-0.901,SoCal_d6,121.849,0.332,-1.720,-1.650
COLA-RSMAS-CCSM4,2008,SoCal_d6,DJF,84.071,-0.267,0.400,10,,-0.259,SoCal_d6,83.150,-0.256,-0.790,-0.860
COLA-RSMAS-CCSM4,2009,SoCal_d6,DJF,129.887,0.501,0.700,10,,1.462,SoCal_d6,145.699,0.695,1.500,1.500
COLA-RSMAS-CCSM4,2010,SoCal_d6,DJF,59.173,-0.684,0.200,10,,-1.843,SoCal_d6,141.430,0.630,-1.480,-1.550
COLA-RSMAS-CCSM4,2011,SoCal_d6,DJF,59.349,-0.681,0.000,10,,-0.933,SoCal_d6,25.613,-1.132,-0.920,-0.960
COLA-RSMAS-CCSM4,2012,SoCal_d6,DJF,133.625,0.564,0.600,10,,0.776,SoCal_d6,46.865,-0.809,-0.030,-0.270
COLA-RSMAS-CCSM4,2013,SoCal_d6,DJF,67.480,-0.545,0.300,10,,-0.070,SoCal_d6,30.810,-1.053,-0.110,-0.270
COLA-RSMAS-CCSM4,2014,SoCal_d6,DJF,149.634,0.832,0.800,10,,0.857,SoCal_d6,66.446,-0.511,0.800,0.620
COLA-RSMAS-CCSM4,2015,SoCal_d6,DJF,160.958,1.022,0.700,10,,1.780,SoCal_d6,60.414,-0.602,2.590,2.250
COLA-RSMAS-CCSM4,2016,SoCal_d6,DJF,64.911,-0.588,0.200,10,,-0.535,SoCal_d6,182.819,1.260,-0.370,-0.890
COLA-RSMAS-CCSM4,2017,SoCal_d6,DJF,83.769,-0.272,0.300,10,,-1.363,SoCal_d6,30.068,-1.064,-0.760,-1.140
COLA-RSMAS-CCSM4,2018,SoCal_d6,DJF,107.951,0.133,0.500,10,,0.546,SoCal_d6,149.689,0.756,1.050,0.780
COLA-RSMAS-CCSM4,2019,SoCal_d6,DJF,89.915,-0.169,0.300,10,,-0.234,SoCal_d6,53.732,-0.704,0.750,0.220
COLA-RSMAS-CCSM4,2020,SoCal_d6,DJF,92.686,-0.123,0.300,10,,-1.767,SoCal_d6,45.009,-0.837,-1.060,-1.390
COLA-RSMAS-CCSM4,2021,SoCal_d6,DJF,96.813,-0.053,0.300,10,,-1.489,SoCal_d6,76.933,-0.351,-0.830,-1.220
COLA-RSMAS-CCSM4,2022,SoCal_d6,DJF,57.103,-0.719,0.100,10,,-1.551,SoCal_d6,173.354,1.116,-0.700,-0.990
COLA-RSMAS-CCSM4,2023,SoCal_d6,DJF,147.300,0.793,0.700,10,,1.675,SoCal_d6,146.905,0.714,1.990,1.400
COLA-RSMAS-CCSM4,2024,SoCal_d6,DJF,94.236,-0.097,0.400,10,,-1.388,SoCal_d6,39.812,-0.916,-0.430,-1.050
COLA-RSMAS-CCSM4,2025,SoCal_d6,DJF,86.857,-0.220,0.200,10,,-1.108,SoCal_d6,111.640,0.177,-0.600,-1.040
COLA-RSMAS-CCSM4,2026,SoCal_d6,DJF,170.790,1.187,0.800,10,,2.844,SoCal_d6,,,,
COLA-RSMAS-CCSM4,1982,SoCal_d6,JFM,146.419,0.922,0.800,10,,1.923,SoCal_d6,203.770,1.623,2.120,2.360
COLA-RSMAS-CCSM4,1983,SoCal_d6,JFM,80.869,-0.380,0.300,10,,-0.479,SoCal_d6,5.730,-1.474,-0.890,-0.960
COLA-RSMAS-CCSM4,1984,SoCal_d6,JFM,101.274,0.025,0.400,10,,-0.406,SoCal_d6,37.150,-0.983,-1.060,-0.930
COLA-RSMAS-CCSM4,1985,SoCal_d6,JFM,75.280,-0.491,0.200,10,,-0.565,SoCal_d6,119.213,0.300,-0.360,-0.210
COLA-RSMAS-CCSM4,1986,SoCal_d6,JFM,114.294,0.284,0.600,10,,0.977,SoCal_d6,59.329,-0.636,1.210,1.420
COLA-RSMAS-CCSM4,1987,SoCal_d6,JFM,61.577,-0.763,0.000,10,,-0.087,SoCal_d6,49.533,-0.789,1.000,0.800
COLA-RSMAS-CCSM4,1988,SoCal_d6,JFM,64.298,-0.709,0.100,10,,-1.862,SoCal_d6,39.368,-0.948,-1.850,-1.940
COLA-RSMAS-CCSM4,1989,SoCal_d6,JFM,93.798,-0.123,0.400,10,,-0.545,SoCal_d6,57.388,-0.666,-0.040,0.060
COLA-RSMAS-CCSM4,1990,SoCal_d6,JFM,101.219,0.024,0.500,10,,0.318,SoCal_d6,149.524,0.774,0.340,0.430
COLA-RSMAS-CCSM4,1991,SoCal_d6,JFM,103.300,0.066,0.500,10,,1.001,SoCal_d6,156.178,0.879,1.430,1.970
COLA-RSMAS-CCSM4,1992,SoCal_d6,JFM,134.983,0.695,0.800,10,,-0.794,SoCal_d6,238.333,2.163,-0.050,0.350
COLA-RSMAS-CCSM4,1993,SoCal_d6,JFM,87.022,-0.258,0.300,10,,-0.245,SoCal_d6,86.314,-0.214,0.190,0.420
COLA-RSMAS-CCSM4,1994,SoCal_d6,JFM,140.303,0.801,0.800,10,,0.654,SoCal_d6,244.802,2.264,0.970,1.280
COLA-RSMAS-CCSM4,1995,SoCal_d6,JFM,88.776,-0.223,0.300,10,,-0.668,SoCal_d6,100.822,0.013,-1.010,-0.990
COLA-RSMAS-CCSM4,1996,SoCal_d6,JFM,91.862,-0.162,0.300,10,,0.067,SoCal_d6,58.590,-0.648,-0.410,-0.290
COLA-RSMAS-CCSM4,1997,SoCal_d6,JFM,159.023,1.173,0.900,10,,2.536,SoCal_d6,227.151,1.988,2.370,2.280
COLA-RSMAS-CCSM4,1998,SoCal_d6,JFM,55.705,-0.880,0.000,10,,-1.826,SoCal_d6,49.995,-0.782,-1.470,-1.610
COLA-RSMAS-CCSM4,1999,SoCal_d6,JFM,75.025,-0.464,0.300,10,,-1.389,SoCal_d6,96.479,-0.055,-1.530,-1.560
COLA-RSMAS-CCSM4,2000,SoCal_d6,JFM,80.120,-0.370,0.400,10,,-0.265,SoCal_d6,131.226,0.488,-0.780,-0.820
COLA-RSMAS-CCSM4,2001,SoCal_d6,JFM,108.249,0.153,0.600,10,,-0.386,SoCal_d6,16.542,-1.305,-0.320,-0.320
COLA-RSMAS-CCSM4,2002,SoCal_d6,JFM,134.058,0.633,0.900,10,,1.002,SoCal_d6,81.416,-0.291,1.080,1.130
COLA-RSMAS-CCSM4,2003,SoCal_d6,JFM,101.072,0.020,0.700,10,,0.403,SoCal_d6,61.917,-0.596,0.290,0.220
COLA-RSMAS-CCSM4,2004,SoCal_d6,JFM,110.399,0.193,0.500,10,,0.748,SoCal_d6,194.437,1.477,0.710,0.690
COLA-RSMAS-CCSM4,2005,SoCal_d6,JFM,92.079,-0.147,0.400,10,,-0.305,SoCal_d6,82.987,-0.266,-0.820,-0.810
COLA-RSMAS-CCSM4,2006,SoCal_d6,JFM,142.106,0.783,0.700,10,,0.910,SoCal_d6,29.665,-1.100,0.880,0.890
COLA-RSMAS-CCSM4,2007,SoCal_d6,JFM,81.763,-0.339,0.200,10,,-0.901,SoCal_d6,102.116,0.033,-1.720,-1.650
COLA-RSMAS-CCSM4,2008,SoCal_d6,JFM,74.803,-0.468,0.200,10,,-0.259,SoCal_d6,54.616,-0.710,-0.790,-0.860
COLA-RSMAS-CCSM4,2009,SoCal_d6,JFM,145.865,0.853,0.900,10,,1.462,SoCal_d6,116.995,0.266,1.500,1.500
COLA-RSMAS-CCSM4,2010,SoCal_d6,JFM,45.687,-1.010,0.000,10,,-1.843,SoCal_d6,85.667,-0.224,-1.480,-1.550
COLA-RSMAS-CCSM4,2011,SoCal_d6,JFM,66.062,-0.631,0.000,10,,-0.933,SoCal_d6,42.787,-0.895,-0.920,-0.960
COLA-RSMAS-CCSM4,2012,SoCal_d6,JFM,114.515,0.270,0.700,10,,0.776,SoCal_d6,30.773,-1.083,-0.030,-0.270
COLA-RSMAS-CCSM4,2013,SoCal_d6,JFM,71.987,-0.521,0.200,10,,-0.070,SoCal_d6,42.880,-0.893,-0.110,-0.270
COLA-RSMAS-CCSM4,2014,SoCal_d6,JFM,149.103,0.913,0.600,10,,0.857,SoCal_d6,25.783,-1.161,0.800,0.620
COLA-RSMAS-CCSM4,2015,SoCal_d6,JFM,168.058,1.265,0.900,10,,1.780,SoCal_d6,68.386,-0.494,2.590,2.250
COLA-RSMAS-CCSM4,2016,SoCal_d6,JFM,68.620,-0.583,0.200,10,,-0.535,SoCal_d6,144.719,0.699,-0.370,-0.890
COLA-RSMAS-CCSM4,2017,SoCal_d6,JFM,82.189,-0.331,0.400,10,,-1.363,SoCal_d6,66.999,-0.516,-0.760,-1.140
COLA-RSMAS-CCSM4,2018,SoCal_d6,JFM,109.389,0.175,0.600,10,,0.546,SoCal_d6,155.161,0.863,1.050,0.780
COLA-RSMAS-CCSM4,2019,SoCal_d6,JFM,78.851,-0.393,0.300,10,,-0.234,SoCal_d6,56.742,-0.676,0.750,0.220
COLA-RSMAS-CCSM4,2020,SoCal_d6,JFM,86.012,-0.260,0.300,10,,-1.767,SoCal_d6,47.038,-0.828,-1.060,-1.390
COLA-RSMAS-CCSM4,2021,SoCal_d6,JFM,97.725,-0.042,0.400,10,,-1.489,SoCal_d6,21.625,-1.226,-0.830,-1.220
COLA-RSMAS-CCSM4,2022,SoCal_d6,JFM,62.795,-0.692,0.200,10,,-1.551,SoCal_d6,215.414,1.805,-0.700,-0.990
COLA-RSMAS-CCSM4,2023,SoCal_d6,JFM,146.352,0.862,0.700,10,,1.675,SoCal_d6,160.614,0.948,1.990,1.400
COLA-RSMAS-CCSM4,2024,SoCal_d6,JFM,85.185,-0.275,0.400,10,,-1.388,SoCal_d6,68.663,-0.490,-0.430,-1.050
COLA-RSMAS-CCSM4,2025,SoCal_d6,JFM,95.192,-0.089,0.300,10,,-1.108,SoCal_d6,64.319,-0.558,-0.600,-1.040
COLA-RSMAS-CCSM4,2026,SoCal_d6,JFM,177.332,1.438,0.900,10,,2.844,SoCal_d6,,,,
COLA-RSMAS-CESM1,1982,NorCal_box,DJF,128.067,0.679,0.800,10,,2.490,NorCal_d2,137.010,0.878,2.120,2.360
COLA-RSMAS-CESM1,1983,NorCal_box,DJF,95.214,-0.116,0.500,10,,-1.576,NorCal_d2,90.774,-0.219,-0.890,-0.960
COLA-RSMAS-CESM1,1984,NorCal_box,DJF,97.458,-0.061,0.500,10,,-0.780,NorCal_d2,32.131,-1.610,-1.060,-0.930
COLA-RSMAS-CESM1,1985,NorCal_box,DJF,83.128,-0.408,0.300,10,,-0.835,NorCal_d2,140.721,0.966,-0.360,-0.210
COLA-RSMAS-CESM1,1986,NorCal_box,DJF,124.620,0.596,0.700,10,,1.185,NorCal_d2,57.582,-1.006,1.210,1.420
COLA-RSMAS-CESM1,1987,NorCal_box,DJF,96.491,-0.085,0.500,10,,0.112,NorCal_d2,81.018,-0.450,1.000,0.800
COLA-RSMAS-CESM1,1988,NorCal_box,DJF,69.868,-0.729,0.200,10,,-2.519,NorCal_d2,44.008,-1.328,-1.850,-1.940
COLA-RSMAS-CESM1,1989,NorCal_box,DJF,72.829,-0.657,0.300,10,,-0.661,NorCal_d2,49.417,-1.200,-0.040,0.060
COLA-RSMAS-CESM1,1990,NorCal_box,DJF,95.900,-0.099,0.300,10,,0.253,NorCal_d2,27.094,-1.729,0.340,0.430
COLA-RSMAS-CESM1,1991,NorCal_box,DJF,115.492,0.375,0.700,10,,1.474,NorCal_d2,73.118,-0.638,1.430,1.970
COLA-RSMAS-CESM1,1992,NorCal_box,DJF,84.620,-0.372,0.200,10,,-0.820,NorCal_d2,159.650,1.415,-0.050,0.350
COLA-RSMAS-CESM1,1993,NorCal_box,DJF,131.513,0.762,0.700,10,,0.037,NorCal_d2,68.611,-0.744,0.190,0.420
COLA-RSMAS-CESM1,1994,NorCal_box,DJF,85.833,-0.343,0.300,10,,0.917,NorCal_d2,140.880,0.970,0.970,1.280
COLA-RSMAS-CESM1,1995,NorCal_box,DJF,79.473,-0.497,0.200,10,,-1.000,NorCal_d2,150.477,1.197,-1.010,-0.990
COLA-RSMAS-CESM1,1996,NorCal_box,DJF,102.750,0.067,0.600,10,,-0.308,NorCal_d2,154.825,1.300,-0.410,-0.290
COLA-RSMAS-CESM1,1997,NorCal_box,DJF,148.100,1.164,0.900,10,,3.485,NorCal_d2,166.278,1.572,2.370,2.280
COLA-RSMAS-CESM1,1998,NorCal_box,DJF,88.644,-0.275,0.400,10,,-1.453,NorCal_d2,91.304,-0.206,-1.470,-1.610
COLA-RSMAS-CESM1,1999,NorCal_box,DJF,80.346,-0.437,0.300,10,,-1.878,NorCal_d2,113.627,0.323,-1.530,-1.560
COLA-RSMAS-CESM1,2000,NorCal_box,DJF,88.034,-0.266,0.300,10,,-0.513,NorCal_d2,62.884,-0.880,-0.780,-0.820
COLA-RSMAS-CESM1,2001,NorCal_box,DJF,75.735,-0.540,0.200,10,,-0.365,NorCal_d2,85.843,-0.336,-0.320,-0.320
COLA-RSMAS-CESM1,2002,NorCal_box,DJF,95.470,-0.101,0.400,10,,1.310,NorCal_d2,111.771,0.279,1.080,1.130
COLA-RSMAS-CESM1,2003,NorCal_box,DJF,109.084,0.202,0.600,10,,0.250,NorCal_d2,128.897,0.685,0.290,0.220
COLA-RSMAS-CESM1,2004,NorCal_box,DJF,122.451,0.499,0.500,10,,0.913,NorCal_d2,90.562,-0.224,0.710,0.690
COLA-RSMAS-CESM1,2005,NorCal_box,DJF,102.881,0.064,0.400,10,,-0.661,NorCal_d2,145.016,1.068,-0.820,-0.810
COLA-RSMAS-CESM1,2006,NorCal_box,DJF,108.401,0.187,0.500,10,,1.108,NorCal_d2,74.019,-0.616,0.880,0.890
COLA-RSMAS-CESM1,2007,NorCal_box,DJF,100.019,0.000,0.300,10,,-1.149,NorCal_d2,102.015,0.048,-1.720,-1.650
COLA-RSMAS-CESM1,2008,NorCal_box,DJF,76.047,-0.533,0.300,10,,-0.545,NorCal_d2,73.224,-0.635,-0.790,-0.860
COLA-RSMAS-CESM1,2009,NorCal_box,DJF,124.306,0.541,0.700,10,,1.655,NorCal_d2,98.250,-0.041,1.500,1.500
COLA-RSMAS-CESM1,2010,NorCal_box,DJF,55.586,-0.988,0.100,10,,-2.142,NorCal_d2,93.372,-0.157,-1.480,-1.550
COLA-RSMAS-CESM1,2011,NorCal_box,DJF,67.396,-0.725,0.100,10,,-1.802,NorCal_d2,41.569,-1.386,-0.920,-0.960
COLA-RSMAS-CESM1,2012,NorCal_box,DJF,90.610,-0.209,0.400,10,,0.927,NorCal_d2,69.512,-0.723,-0.030,-0.270
COLA-RSMAS-CESM1,2013,NorCal_box,DJF,122.538,0.501,0.500,10,,0.279,NorCal_d2,48.780,-1.215,-0.110,-0.270
COLA-RSMAS-CESM1,2014,NorCal_box,DJF,135.959,0.800,0.700,10,,0.940,NorCal_d2,89.608,-0.246,0.800,0.620
COLA-RSMAS-CESM1,2015,NorCal_box,DJF,116.606,0.369,0.500,10,,2.300,NorCal_d2,105.302,0.126,2.590,2.250
COLA-RSMAS-CESM1,2016,NorCal_box,DJF,99.034,-0.021,0.500,10,,-0.354,NorCal_d2,188.812,2.106,-0.370,-0.890
COLA-RSMAS-CESM1,2017,NorCal_box,DJF,97.974,-0.045,0.600,10,,-1.153,NorCal_d2,34.199,-1.561,-0.760,-1.140
COLA-RSMAS-CESM1,2018,NorCal_box,DJF,103.992,0.089,0.700,10,,1.055,NorCal_d2,143.902,1.041,1.050,0.780
COLA-RSMAS-CESM1,2019,NorCal_box,DJF,127.530,0.612,0.800,10,,-0.177,NorCal_d2,58.324,-0.988,0.750,0.220
COLA-RSMAS-CESM1,2020,NorCal_box,DJF,91.386,-0.192,0.300,10,,-1.784,NorCal_d2,52.704,-1.122,-1.060,-1.390
COLA-RSMAS-CESM1,2021,NorCal_box,DJF,67.685,-0.719,0.100,10,,-1.384,NorCal_d2,52.916,-1.117,-0.830,-1.220
COLA-RSMAS-CESM1,2022,NorCal_box,DJF,90.966,-0.201,0.500,10,,-1.238,NorCal_d2,137.381,0.887,-0.700,-0.990
COLA-RSMAS-CESM1,2023,NorCal_box,DJF,108.588,0.191,0.600,10,,2.129,NorCal_d2,109.120,0.216,1.990,1.400
COLA-RSMAS-CESM1,2024,NorCal_box,DJF,81.166,-0.419,0.200,10,,-1.316,NorCal_d2,99.894,-0.003,-0.430,-1.050
COLA-RSMAS-CESM1,2025,NorCal_box,DJF,80.568,-0.432,0.200,10,,-0.959,NorCal_d2,103.977,0.094,-0.600,-1.040
COLA-RSMAS-CESM1,2026,NorCal_box,DJF,122.483,0.500,0.800,10,,3.975,NorCal_d2,,,,
COLA-RSMAS-CESM1,1982,NorCal_box,JFM,129.864,0.707,0.700,10,,2.490,NorCal_d2,186.307,1.883,2.120,2.360
COLA-RSMAS-CESM1,1983,NorCal_box,JFM,91.686,-0.197,0.400,10,,-1.576,NorCal_d2,42.822,-1.247,-0.890,-0.960
COLA-RSMAS-CESM1,1984,NorCal_box,JFM,109.236,0.219,0.600,10,,-0.780,NorCal_d2,48.726,-1.119,-1.060,-0.930
COLA-RSMAS-CESM1,1985,NorCal_box,JFM,88.144,-0.281,0.500,10,,-0.835,NorCal_d2,170.829,1.545,-0.360,-0.210
COLA-RSMAS-CESM1,1986,NorCal_box,JFM,128.807,0.682,0.700,10,,1.185,NorCal_d2,86.332,-0.298,1.210,1.420
COLA-RSMAS-CESM1,1987,NorCal_box,JFM,87.419,-0.298,0.200,10,,0.112,NorCal_d2,43.567,-1.231,1.000,0.800
COLA-RSMAS-CESM1,1988,NorCal_box,JFM,69.056,-0.732,0.200,10,,-2.519,NorCal_d2,89.714,-0.224,-1.850,-1.940
COLA-RSMAS-CESM1,1989,NorCal_box,JFM,72.152,-0.659,0.200,10,,-0.661,NorCal_d2,66.268,-0.736,-0.040,0.060
COLA-RSMAS-CESM1,1990,NorCal_box,JFM,110.076,0.238,0.600,10,,0.253,NorCal_d2,95.103,-0.107,0.340,0.430
COLA-RSMAS-CESM1,1991,NorCal_box,JFM,113.359,0.316,0.700,10,,1.474,NorCal_d2,82.720,-0.377,1.430,1.970
COLA-RSMAS-CESM1,1992,NorCal_box,JFM,80.281,-0.467,0.200,10,,-0.820,NorCal_d2,140.791,0.890,-0.050,0.350
COLA-RSMAS-CESM1,1993,NorCal_box,JFM,124.617,0.583,0.700,10,,0.037,NorCal_d2,56.408,-0.951,0.190,0.420
COLA-RSMAS-CESM1,1994,NorCal_box,JFM,84.007,-0.379,0.200,10,,0.917,NorCal_d2,211.358,2.430,0.970,1.280
COLA-RSMAS-CESM1,1995,NorCal_box,JFM,73.057,-0.638,0.200,10,,-1.000,NorCal_d2,126.173,0.571,-1.010,-0.990
COLA-RSMAS-CESM1,1996,NorCal_box,JFM,102.777,0.066,0.500,10,,-0.308,NorCal_d2,88.854,-0.243,-0.410,-0.290
COLA-RSMAS-CESM1,1997,NorCal_box,JFM,152.892,1.252,0.900,10,,3.485,NorCal_d2,189.689,1.957,2.370,2.280
COLA-RSMAS-CESM1,1998,NorCal_box,JFM,82.570,-0.413,0.300,10,,-1.453,NorCal_d2,103.701,0.081,-1.470,-1.610
COLA-RSMAS-CESM1,1999,NorCal_box,JFM,77.946,-0.497,0.200,10,,-1.878,NorCal_d2,134.256,0.747,-1.530,-1.560
COLA-RSMAS-CESM1,2000,NorCal_box,JFM,78.457,-0.485,0.200,10,,-0.513,NorCal_d2,76.414,-0.515,-0.780,-0.820
COLA-RSMAS-CESM1,2001,NorCal_box,JFM,75.370,-0.555,0.200,10,,-0.365,NorCal_d2,57.669,-0.924,-0.320,-0.320
COLA-RSMAS-CESM1,2002,NorCal_box,JFM,99.569,-0.010,0.300,10,,1.310,NorCal_d2,63.230,-0.802,1.080,1.130
COLA-RSMAS-CESM1,2003,NorCal_box,JFM,113.849,0.312,0.700,10,,0.250,NorCal_d2,85.988,-0.306,0.290,0.220
COLA-RSMAS-CESM1,2004,NorCal_box,JFM,129.172,0.657,0.700,10,,0.913,NorCal_d2,86.446,-0.296,0.710,0.690
COLA-RSMAS-CESM1,2005,NorCal_box,JFM,102.117,0.048,0.400,10,,-0.661,NorCal_d2,117.689,0.386,-0.820,-0.810
COLA-RSMAS-CESM1,2006,NorCal_box,JFM,118.344,0.413,0.600,10,,1.108,NorCal_d2,55.777,-0.965,0.880,0.890
COLA-RSMAS-CESM1,2007,NorCal_box,JFM,96.967,-0.068,0.300,10,,-1.149,NorCal_d2,87.708,-0.268,-1.720,-1.650
COLA-RSMAS-CESM1,2008,NorCal_box,JFM,72.969,-0.609,0.200,10,,-0.545,NorCal_d2,83.351,-0.363,-0.790,-0.860
COLA-RSMAS-CESM1,2009,NorCal_box,JFM,133.672,0.758,0.800,10,,1.655,NorCal_d2,102.497,0.054,1.500,1.500
COLA-RSMAS-CESM1,2010,NorCal_box,JFM,50.177,-1.122,0.100,10,,-2.142,NorCal_d2,102.841,0.062,-1.480,-1.550
COLA-RSMAS-CESM1,2011,NorCal_box,JFM,75.257,-0.557,0.100,10,,-1.802,NorCal_d2,94.185,-0.127,-0.920,-0.960
COLA-RSMAS-CESM1,2012,NorCal_box,JFM,97.578,-0.055,0.500,10,,0.927,NorCal_d2,24.191,-1.654,-0.030,-0.270
COLA-RSMAS-CESM1,2013,NorCal_box,JFM,120.056,0.452,0.700,10,,0.279,NorCal_d2,86.389,-0.297,-0.110,-0.270
COLA-RSMAS-CESM1,2014,NorCal_box,JFM,127.634,0.622,0.700,10,,0.940,NorCal_d2,34.395,-1.431,0.800,0.620
COLA-RSMAS-CESM1,2015,NorCal_box,JFM,112.890,0.290,0.500,10,,2.300,NorCal_d2,126.345,0.575,2.590,2.250
COLA-RSMAS-CESM1,2016,NorCal_box,JFM,107.412,0.167,0.600,10,,-0.354,NorCal_d2,189.689,1.957,-0.370,-0.890
COLA-RSMAS-CESM1,2017,NorCal_box,JFM,102.101,0.047,0.400,10,,-1.153,NorCal_d2,80.370,-0.428,-0.760,-1.140
COLA-RSMAS-CESM1,2018,NorCal_box,JFM,105.787,0.130,0.400,10,,1.055,NorCal_d2,172.262,1.577,1.050,0.780
COLA-RSMAS-CESM1,2019,NorCal_box,JFM,102.676,0.060,0.600,10,,-0.177,NorCal_d2,43.510,-1.232,0.750,0.220
COLA-RSMAS-CESM1,2020,NorCal_box,JFM,78.345,-0.488,0.300,10,,-1.784,NorCal_d2,56.179,-0.956,-1.060,-1.390
COLA-RSMAS-CESM1,2021,NorCal_box,JFM,56.730,-0.974,0.000,10,,-1.384,NorCal_d2,12.096,-1.918,-0.830,-1.220
COLA-RSMAS-CESM1,2022,NorCal_box,JFM,90.965,-0.203,0.500,10,,-1.238,NorCal_d2,152.198,1.139,-0.700,-0.990
COLA-RSMAS-CESM1,2023,NorCal_box,JFM,120.915,0.471,0.600,10,,2.129,NorCal_d2,125.886,0.565,1.990,1.400
COLA-RSMAS-CESM1,2024,NorCal_box,JFM,80.873,-0.431,0.400,10,,-1.316,NorCal_d2,94.587,-0.118,-0.430,-1.050
COLA-RSMAS-CESM1,2025,NorCal_box,JFM,72.771,-0.613,0.200,10,,-0.959,NorCal_d2,62.370,-0.821,-0.600,-1.040
COLA-RSMAS-CESM1,2026,NorCal_box,JFM,128.298,0.637,0.800,10,,3.975,NorCal_d2,,,,
COLA-RSMAS-CESM1,1982,NorCal_d2,DJF,126.849,0.655,0.800,10,,2.490,NorCal_d2,137.010,0.878,2.120,2.360
COLA-RSMAS-CESM1,1983,NorCal_d2,DJF,96.017,-0.097,0.600,10,,-1.576,NorCal_d2,90.774,-0.219,-0.890,-0.960
COLA-RSMAS-CESM1,1984,NorCal_d2,DJF,97.528,-0.060,0.500,10,,-0.780,NorCal_d2,32.131,-1.610,-1.060,-0.930
COLA-RSMAS-CESM1,1985,NorCal_d2,DJF,83.368,-0.405,0.300,10,,-0.835,NorCal_d2,140.721,0.966,-0.360,-0.210
COLA-RSMAS-CESM1,1986,NorCal_d2,DJF,123.851,0.581,0.700,10,,1.185,NorCal_d2,57.582,-1.006,1.210,1.420
COLA-RSMAS-CESM1,1987,NorCal_d2,DJF,96.259,-0.091,0.500,10,,0.112,NorCal_d2,81.018,-0.450,1.000,0.800
COLA-RSMAS-CESM1,1988,NorCal_d2,DJF,71.077,-0.705,0.200,10,,-2.519,NorCal_d2,44.008,-1.328,-1.850,-1.940
COLA-RSMAS-CESM1,1989,NorCal_d2,DJF,73.298,-0.651,0.200,10,,-0.661,NorCal_d2,49.417,-1.200,-0.040,0.060
COLA-RSMAS-CESM1,1990,NorCal_d2,DJF,95.817,-0.102,0.300,10,,0.253,NorCal_d2,27.094,-1.729,0.340,0.430
COLA-RSMAS-CESM1,1991,NorCal_d2,DJF,114.625,0.357,0.700,10,,1.474,NorCal_d2,73.118,-0.638,1.430,1.970
COLA-RSMAS-CESM1,1992,NorCal_d2,DJF,85.351,-0.357,0.200,10,,-0.820,NorCal_d2,159.650,1.415,-0.050,0.350
COLA-RSMAS-CESM1,1993,NorCal_d2,DJF,131.311,0.763,0.700,10,,0.037,NorCal_d2,68.611,-0.744,0.190,0.420
COLA-RSMAS-CESM1,1994,NorCal_d2,DJF,85.158,-0.362,0.300,10,,0.917,NorCal_d2,140.880,0.970,0.970,1.280
COLA-RSMAS-CESM1,1995,NorCal_d2,DJF,79.987,-0.488,0.200,10,,-1.000,NorCal_d2,150.477,1.197,-1.010,-0.990
COLA-RSMAS-CESM1,1996,NorCal_d2,DJF,102.984,0.073,0.600,10,,-0.308,NorCal_d2,154.825,1.300,-0.410,-0.290
COLA-RSMAS-CESM1,1997,NorCal_d2,DJF,147.210,1.151,0.900,10,,3.485,NorCal_d2,166.278,1.572,2.370,2.280
COLA-RSMAS-CESM1,1998,NorCal_d2,DJF,89.310,-0.261,0.400,10,,-1.453,NorCal_d2,91.304,-0.206,-1.470,-1.610
COLA-RSMAS-CESM1,1999,NorCal_d2,DJF,81.024,-0.426,0.300,10,,-1.878,NorCal_d2,113.627,0.323,-1.530,-1.560
COLA-RSMAS-CESM1,2000,NorCal_d2,DJF,88.236,-0.264,0.400,10,,-0.513,NorCal_d2,62.884,-0.880,-0.780,-0.820
COLA-RSMAS-CESM1,2001,NorCal_d2,DJF,76.275,-0.532,0.200,10,,-0.365,NorCal_d2,85.843,-0.336,-0.320,-0.320
COLA-RSMAS-CESM1,2002,NorCal_d2,DJF,94.888,-0.115,0.400,10,,1.310,NorCal_d2,111.771,0.279,1.080,1.130
COLA-RSMAS-CESM1,2003,NorCal_d2,DJF,108.920,0.200,0.600,10,,0.250,NorCal_d2,128.897,0.685,0.290,0.220
COLA-RSMAS-CESM1,2004,NorCal_d2,DJF,121.605,0.485,0.500,10,,0.913,NorCal_d2,90.562,-0.224,0.710,0.690
COLA-RSMAS-CESM1,2005,NorCal_d2,DJF,103.103,0.070,0.400,10,,-0.661,NorCal_d2,145.016,1.068,-0.820,-0.810
COLA-RSMAS-CESM1,2006,NorCal_d2,DJF,108.042,0.180,0.500,10,,1.108,NorCal_d2,74.019,-0.616,0.880,0.890
COLA-RSMAS-CESM1,2007,NorCal_d2,DJF,100.520,0.012,0.300,10,,-1.149,NorCal_d2,102.015,0.048,-1.720,-1.650
COLA-RSMAS-CESM1,2008,NorCal_d2,DJF,77.246,-0.510,0.300,10,,-0.545,NorCal_d2,73.224,-0.635,-0.790,-0.860
COLA-RSMAS-CESM1,2009,NorCal_d2,DJF,123.810,0.534,0.700,10,,1.655,NorCal_d2,98.250,-0.041,1.500,1.500
COLA-RSMAS-CESM1,2010,NorCal_d2,DJF,56.182,-0.983,0.100,10,,-2.142,NorCal_d2,93.372,-0.157,-1.480,-1.550
COLA-RSMAS-CESM1,2011,NorCal_d2,DJF,68.122,-0.715,0.100,10,,-1.802,NorCal_d2,41.569,-1.386,-0.920,-0.960
COLA-RSMAS-CESM1,2012,NorCal_d2,DJF,90.204,-0.220,0.400,10,,0.927,NorCal_d2,69.512,-0.723,-0.030,-0.270
COLA-RSMAS-CESM1,2013,NorCal_d2,DJF,122.410,0.503,0.500,10,,0.279,NorCal_d2,48.780,-1.215,-0.110,-0.270
COLA-RSMAS-CESM1,2014,NorCal_d2,DJF,134.786,0.780,0.700,10,,0.940,NorCal_d2,89.608,-0.246,0.800,0.620
COLA-RSMAS-CESM1,2015,NorCal_d2,DJF,116.405,0.368,0.500,10,,2.300,NorCal_d2,105.302,0.126,2.590,2.250
COLA-RSMAS-CESM1,2016,NorCal_d2,DJF,98.999,-0.022,0.500,10,,-0.354,NorCal_d2,188.812,2.106,-0.370,-0.890
COLA-RSMAS-CESM1,2017,NorCal_d2,DJF,98.171,-0.041,0.600,10,,-1.153,NorCal_d2,34.199,-1.561,-0.760,-1.140
COLA-RSMAS-CESM1,2018,NorCal_d2,DJF,103.815,0.086,0.600,10,,1.055,NorCal_d2,143.902,1.041,1.050,0.780
COLA-RSMAS-CESM1,2019,NorCal_d2,DJF,127.240,0.611,0.800,10,,-0.177,NorCal_d2,58.324,-0.988,0.750,0.220
COLA-RSMAS-CESM1,2020,NorCal_d2,DJF,92.010,-0.179,0.300,10,,-1.784,NorCal_d2,52.704,-1.122,-1.060,-1.390
COLA-RSMAS-CESM1,2021,NorCal_d2,DJF,68.223,-0.713,0.100,10,,-1.384,NorCal_d2,52.916,-1.117,-0.830,-1.220
COLA-RSMAS-CESM1,2022,NorCal_d2,DJF,91.602,-0.188,0.500,10,,-1.238,NorCal_d2,137.381,0.887,-0.700,-0.990
COLA-RSMAS-CESM1,2023,NorCal_d2,DJF,108.037,0.180,0.600,10,,2.129,NorCal_d2,109.120,0.216,1.990,1.400
COLA-RSMAS-CESM1,2024,NorCal_d2,DJF,81.332,-0.419,0.200,10,,-1.316,NorCal_d2,99.894,-0.003,-0.430,-1.050
COLA-RSMAS-CESM1,2025,NorCal_d2,DJF,80.593,-0.435,0.200,10,,-0.959,NorCal_d2,103.977,0.094,-0.600,-1.040
COLA-RSMAS-CESM1,2026,NorCal_d2,DJF,120.745,0.465,0.800,10,,3.975,NorCal_d2,,,,
COLA-RSMAS-CESM1,1982,NorCal_d2,JFM,128.586,0.680,0.600,10,,2.490,NorCal_d2,186.307,1.883,2.120,2.360
COLA-RSMAS-CESM1,1983,NorCal_d2,JFM,93.034,-0.166,0.500,10,,-1.576,NorCal_d2,42.822,-1.247,-0.890,-0.960
COLA-RSMAS-CESM1,1984,NorCal_d2,JFM,109.708,0.231,0.600,10,,-0.780,NorCal_d2,48.726,-1.119,-1.060,-0.930
COLA-RSMAS-CESM1,1985,NorCal_d2,JFM,88.510,-0.273,0.500,10,,-0.835,NorCal_d2,170.829,1.545,-0.360,-0.210
COLA-RSMAS-CESM1,1986,NorCal_d2,JFM,127.824,0.662,0.700,10,,1.185,NorCal_d2,86.332,-0.298,1.210,1.420
COLA-RSMAS-CESM1,1987,NorCal_d2,JFM,87.377,-0.300,0.200,10,,0.112,NorCal_d2,43.567,-1.231,1.000,0.800
COLA-RSMAS-CESM1,1988,NorCal_d2,JFM,70.096,-0.712,0.200,10,,-2.519,NorCal_d2,89.714,-0.224,-1.850,-1.940
COLA-RSMAS-CESM1,1989,NorCal_d2,JFM,72.428,-0.656,0.200,10,,-0.661,NorCal_d2,66.268,-0.736,-0.040,0.060
COLA-RSMAS-CESM1,1990,NorCal_d2,JFM,109.808,0.233,0.600,10,,0.253,NorCal_d2,95.103,-0.107,0.340,0.430
COLA-RSMAS-CESM1,1991,NorCal_d2,JFM,112.311,0.293,0.700,10,,1.474,NorCal_d2,82.720,-0.377,1.430,1.970
COLA-RSMAS-CESM1,1992,NorCal_d2,JFM,80.685,-0.460,0.200,10,,-0.820,NorCal_d2,140.791,0.890,-0.050,0.350
COLA-RSMAS-CESM1,1993,NorCal_d2,JFM,124.326,0.579,0.700,10,,0.037,NorCal_d2,56.408,-0.951,0.190,0.420
COLA-RSMAS-CESM1,1994,NorCal_d2,JFM,83.481,-0.393,0.200,10,,0.917,NorCal_d2,211.358,2.430,0.970,1.280
COLA-RSMAS-CESM1,1995,NorCal_d2,JFM,73.922,-0.621,0.200,10,,-1.000,NorCal_d2,126.173,0.571,-1.010,-0.990
COLA-RSMAS-CESM1,1996,NorCal_d2,JFM,102.928,0.070,0.500,10,,-0.308,NorCal_d2,88.854,-0.243,-0.410,-0.290
COLA-RSMAS-CESM1,1997,NorCal_d2,JFM,151.919,1.236,0.900,10,,3.485,NorCal_d2,189.689,1.957,2.370,2.280
COLA-RSMAS-CESM1,1998,NorCal_d2,JFM,83.058,-0.403,0.400,10,,-1.453,NorCal_d2,103.701,0.081,-1.470,-1.610
COLA-RSMAS-CESM1,1999,NorCal_d2,JFM,78.474,-0.488,0.300,10,,-1.878,NorCal_d2,134.256,0.747,-1.530,-1.560
COLA-RSMAS-CESM1,2000,NorCal_d2,JFM,78.518,-0.487,0.200,10,,-0.513,NorCal_d2,76.414,-0.515,-0.780,-0.820
COLA-RSMAS-CESM1,2001,NorCal_d2,JFM,75.901,-0.546,0.200,10,,-0.365,NorCal_d2,57.669,-0.924,-0.320,-0.320
COLA-RSMAS-CESM1,2002,NorCal_d2,JFM,99.050,-0.022,0.300,10,,1.310,NorCal_d2,63.230,-0.802,1.080,1.130
COLA-RSMAS-CESM1,2003,NorCal_d2,JFM,113.600,0.308,0.700,10,,0.250,NorCal_d2,85.988,-0.306,0.290,0.220
COLA-RSMAS-CESM1,2004,NorCal_d2,JFM,128.325,0.642,0.700,10,,0.913,NorCal_d2,86.446,-0.296,0.710,0.690
COLA-RSMAS-CESM1,2005,NorCal_d2,JFM,102.574,0.058,0.400,10,,-0.661,NorCal_d2,117.689,0.386,-0.820,-0.810
COLA-RSMAS-CESM1,2006,NorCal_d2,JFM,118.033,0.408,0.600,10,,1.108,NorCal_d2,55.777,-0.965,0.880,0.890
COLA-RSMAS-CESM1,2007,NorCal_d2,JFM,97.442,-0.058,0.300,10,,-1.149,NorCal_d2,87.708,-0.268,-1.720,-1.650
COLA-RSMAS-CESM1,2008,NorCal_d2,JFM,73.764,-0.594,0.300,10,,-0.545,NorCal_d2,83.351,-0.363,-0.790,-0.860
COLA-RSMAS-CESM1,2009,NorCal_d2,JFM,132.777,0.742,0.800,10,,1.655,NorCal_d2,102.497,0.054,1.500,1.500
COLA-RSMAS-CESM1,2010,NorCal_d2,JFM,50.504,-1.121,0.100,10,,-2.142,NorCal_d2,102.841,0.062,-1.480,-1.550
COLA-RSMAS-CESM1,2011,NorCal_d2,JFM,75.915,-0.546,0.100,10,,-1.802,NorCal_d2,94.185,-0.127,-0.920,-0.960
COLA-RSMAS-CESM1,2012,NorCal_d2,JFM,97.350,-0.060,0.500,10,,0.927,NorCal_d2,24.191,-1.654,-0.030,-0.270
COLA-RSMAS-CESM1,2013,NorCal_d2,JFM,120.314,0.460,0.700,10,,0.279,NorCal_d2,86.389,-0.297,-0.110,-0.270
COLA-RSMAS-CESM1,2014,NorCal_d2,JFM,126.505,0.600,0.700,10,,0.940,NorCal_d2,34.395,-1.431,0.800,0.620
COLA-RSMAS-CESM1,2015,NorCal_d2,JFM,112.696,0.288,0.500,10,,2.300,NorCal_d2,126.345,0.575,2.590,2.250
COLA-RSMAS-CESM1,2016,NorCal_d2,JFM,106.994,0.158,0.600,10,,-0.354,NorCal_d2,189.689,1.957,-0.370,-0.890
COLA-RSMAS-CESM1,2017,NorCal_d2,JFM,102.641,0.060,0.400,10,,-1.153,NorCal_d2,80.370,-0.428,-0.760,-1.140
COLA-RSMAS-CESM1,2018,NorCal_d2,JFM,105.804,0.131,0.500,10,,1.055,NorCal_d2,172.262,1.577,1.050,0.780
COLA-RSMAS-CESM1,2019,NorCal_d2,JFM,102.821,0.064,0.600,10,,-0.177,NorCal_d2,43.510,-1.232,0.750,0.220
COLA-RSMAS-CESM1,2020,NorCal_d2,JFM,78.844,-0.479,0.300,10,,-1.784,NorCal_d2,56.179,-0.956,-1.060,-1.390
COLA-RSMAS-CESM1,2021,NorCal_d2,JFM,57.120,-0.971,0.000,10,,-1.384,NorCal_d2,12.096,-1.918,-0.830,-1.220
COLA-RSMAS-CESM1,2022,NorCal_d2,JFM,91.595,-0.190,0.500,10,,-1.238,NorCal_d2,152.198,1.139,-0.700,-0.990
COLA-RSMAS-CESM1,2023,NorCal_d2,JFM,119.907,0.451,0.600,10,,2.129,NorCal_d2,125.886,0.565,1.990,1.400
COLA-RSMAS-CESM1,2024,NorCal_d2,JFM,81.236,-0.425,0.400,10,,-1.316,NorCal_d2,94.587,-0.118,-0.430,-1.050
COLA-RSMAS-CESM1,2025,NorCal_d2,JFM,72.725,-0.618,0.200,10,,-0.959,NorCal_d2,62.370,-0.821,-0.600,-1.040
COLA-RSMAS-CESM1,2026,NorCal_d2,JFM,126.577,0.602,0.800,10,,3.975,NorCal_d2,,,,
COLA-RSMAS-CESM1,1982,SoCal_box,DJF,181.410,1.321,0.900,10,,2.490,SoCal_d6,137.346,0.568,2.120,2.360
COLA-RSMAS-CESM1,1983,SoCal_box,DJF,57.238,-0.694,0.100,10,,-1.576,SoCal_d6,37.492,-0.951,-0.890,-0.960
COLA-RSMAS-CESM1,1984,SoCal_box,DJF,92.692,-0.119,0.500,10,,-0.780,SoCal_d6,79.160,-0.317,-1.060,-0.930
COLA-RSMAS-CESM1,1985,SoCal_box,DJF,78.037,-0.356,0.400,10,,-0.835,SoCal_d6,82.222,-0.271,-0.360,-0.210
COLA-RSMAS-CESM1,1986,SoCal_box,DJF,153.111,0.862,0.800,10,,1.185,SoCal_d6,47.422,-0.800,1.210,1.420
COLA-RSMAS-CESM1,1987,SoCal_box,DJF,97.643,-0.038,0.300,10,,0.112,SoCal_d6,74.798,-0.383,1.000,0.800
COLA-RSMAS-CESM1,1988,SoCal_box,DJF,32.759,-1.091,0.000,10,,-2.519,SoCal_d6,66.539,-0.509,-1.850,-1.940
COLA-RSMAS-CESM1,1989,SoCal_box,DJF,41.889,-0.943,0.000,10,,-0.661,SoCal_d6,53.639,-0.705,-0.040,0.060
COLA-RSMAS-CESM1,1990,SoCal_box,DJF,93.563,-0.104,0.600,10,,0.253,SoCal_d6,49.835,-0.763,0.340,0.430
COLA-RSMAS-CESM1,1991,SoCal_box,DJF,182.674,1.341,0.700,10,,1.474,SoCal_d6,137.718,0.574,1.430,1.970
COLA-RSMAS-CESM1,1992,SoCal_box,DJF,75.072,-0.404,0.200,10,,-0.820,SoCal_d6,260.587,2.444,-0.050,0.350
COLA-RSMAS-CESM1,1993,SoCal_box,DJF,116.962,0.275,0.600,10,,0.037,SoCal_d6,72.757,-0.415,0.190,0.420
COLA-RSMAS-CESM1,1994,SoCal_box,DJF,107.690,0.125,0.600,10,,0.917,SoCal_d6,177.066,1.173,0.970,1.280
COLA-RSMAS-CESM1,1995,SoCal_box,DJF,59.982,-0.649,0.100,10,,-1.000,SoCal_d6,94.565,-0.083,-1.010,-0.990
COLA-RSMAS-CESM1,1996,SoCal_box,DJF,98.885,-0.018,0.400,10,,-0.308,SoCal_d6,99.391,-0.009,-0.410,-0.290
COLA-RSMAS-CESM1,1997,SoCal_box,DJF,179.195,1.285,0.800,10,,3.485,SoCal_d6,233.489,2.031,2.370,2.280
COLA-RSMAS-CESM1,1998,SoCal_box,DJF,51.199,-0.792,0.100,10,,-1.453,SoCal_d6,38.327,-0.938,-1.470,-1.610
COLA-RSMAS-CESM1,1999,SoCal_box,DJF,60.973,-0.580,0.200,10,,-1.878,SoCal_d6,77.768,-0.338,-1.530,-1.560
COLA-RSMAS-CESM1,2000,SoCal_box,DJF,80.548,-0.289,0.200,10,,-0.513,SoCal_d6,105.794,0.088,-0.780,-0.820
COLA-RSMAS-CESM1,2001,SoCal_box,DJF,70.997,-0.431,0.200,10,,-0.365,SoCal_d6,24.314,-1.152,-0.320,-0.320
COLA-RSMAS-CESM1,2002,SoCal_box,DJF,119.933,0.296,0.700,10,,1.310,SoCal_d6,84.728,-0.232,1.080,1.130
COLA-RSMAS-CESM1,2003,SoCal_box,DJF,102.789,0.041,0.500,10,,0.250,SoCal_d6,72.014,-0.426,0.290,0.220
COLA-RSMAS-CESM1,2004,SoCal_box,DJF,136.477,0.543,0.600,10,,0.913,SoCal_d6,230.798,1.990,0.710,0.690
COLA-RSMAS-CESM1,2005,SoCal_box,DJF,87.002,-0.193,0.300,10,,-0.661,SoCal_d6,55.588,-0.676,-0.820,-0.810
COLA-RSMAS-CESM1,2006,SoCal_box,DJF,115.403,0.229,0.600,10,,1.108,SoCal_d6,36.193,-0.971,0.880,0.890
COLA-RSMAS-CESM1,2007,SoCal_box,DJF,74.305,-0.382,0.200,10,,-1.149,SoCal_d6,121.849,0.332,-1.720,-1.650
COLA-RSMAS-CESM1,2008,SoCal_box,DJF,61.223,-0.577,0.200,10,,-0.545,SoCal_d6,83.150,-0.256,-0.790,-0.860
COLA-RSMAS-CESM1,2009,SoCal_box,DJF,129.787,0.443,0.500,10,,1.655,SoCal_d6,145.699,0.695,1.500,1.500
COLA-RSMAS-CESM1,2010,SoCal_box,DJF,33.835,-0.984,0.000,10,,-2.142,SoCal_d6,141.430,0.630,-1.480,-1.550
COLA-RSMAS-CESM1,2011,SoCal_box,DJF,54.576,-0.676,0.100,10,,-1.802,SoCal_d6,25.613,-1.132,-0.920,-0.960
COLA-RSMAS-CESM1,2012,SoCal_box,DJF,112.706,0.189,0.500,10,,0.927,SoCal_d6,46.865,-0.809,-0.030,-0.270
COLA-RSMAS-CESM1,2013,SoCal_box,DJF,132.078,0.477,0.700,10,,0.279,SoCal_d6,30.810,-1.053,-0.110,-0.270
COLA-RSMAS-CESM1,2014,SoCal_box,DJF,150.688,0.754,0.600,10,,0.940,SoCal_d6,66.446,-0.511,0.800,0.620
COLA-RSMAS-CESM1,2015,SoCal_box,DJF,162.995,0.937,0.700,10,,2.300,SoCal_d6,60.414,-0.602,2.590,2.250
COLA-RSMAS-CESM1,2016,SoCal_box,DJF,123.414,0.348,0.600,10,,-0.354,SoCal_d6,182.819,1.260,-0.370,-0.890
COLA-RSMAS-CESM1,2017,SoCal_box,DJF,71.393,-0.426,0.100,10,,-1.153,SoCal_d6,30.068,-1.064,-0.760,-1.140
COLA-RSMAS-CESM1,2018,SoCal_box,DJF,96.070,-0.058,0.400,10,,1.055,SoCal_d6,149.689,0.756,1.050,0.780
COLA-RSMAS-CESM1,2019,SoCal_box,DJF,122.810,0.339,0.700,10,,-0.177,SoCal_d6,53.732,-0.704,0.750,0.220
COLA-RSMAS-CESM1,2020,SoCal_box,DJF,73.452,-0.395,0.200,10,,-1.784,SoCal_d6,45.009,-0.837,-1.060,-1.390
COLA-RSMAS-CESM1,2021,SoCal_box,DJF,48.447,-0.767,0.000,10,,-1.384,SoCal_d6,76.933,-0.351,-0.830,-1.220
COLA-RSMAS-CESM1,2022,SoCal_box,DJF,72.767,-0.405,0.200,10,,-1.238,SoCal_d6,173.354,1.116,-0.700,-0.990
COLA-RSMAS-CESM1,2023,SoCal_box,DJF,153.608,0.797,0.700,10,,2.129,SoCal_d6,146.905,0.714,1.990,1.400
COLA-RSMAS-CESM1,2024,SoCal_box,DJF,67.314,-0.486,0.300,10,,-1.316,SoCal_d6,39.812,-0.916,-0.430,-1.050
COLA-RSMAS-CESM1,2025,SoCal_box,DJF,89.293,-0.159,0.300,10,,-0.959,SoCal_d6,111.640,0.177,-0.600,-1.040
COLA-RSMAS-CESM1,2026,SoCal_box,DJF,221.434,1.806,1.000,10,,3.975,SoCal_d6,,,,
COLA-RSMAS-CESM1,1982,SoCal_box,JFM,174.674,1.238,0.900,10,,2.490,SoCal_d6,203.770,1.623,2.120,2.360
COLA-RSMAS-CESM1,1983,SoCal_box,JFM,50.392,-0.823,0.000,10,,-1.576,SoCal_d6,5.730,-1.474,-0.890,-0.960
COLA-RSMAS-CESM1,1984,SoCal_box,JFM,93.000,-0.116,0.500,10,,-0.780,SoCal_d6,37.150,-0.983,-1.060,-0.930
COLA-RSMAS-CESM1,1985,SoCal_box,JFM,68.548,-0.522,0.200,10,,-0.835,SoCal_d6,119.213,0.300,-0.360,-0.210
COLA-RSMAS-CESM1,1986,SoCal_box,JFM,167.743,1.123,0.800,10,,1.185,SoCal_d6,59.329,-0.636,1.210,1.420
COLA-RSMAS-CESM1,1987,SoCal_box,JFM,84.948,-0.250,0.300,10,,0.112,SoCal_d6,49.533,-0.789,1.000,0.800
COLA-RSMAS-CESM1,1988,SoCal_box,JFM,37.125,-1.043,0.000,10,,-2.519,SoCal_d6,39.368,-0.948,-1.850,-1.940
COLA-RSMAS-CESM1,1989,SoCal_box,JFM,44.946,-0.913,0.000,10,,-0.661,SoCal_d6,57.388,-0.666,-0.040,0.060
COLA-RSMAS-CESM1,1990,SoCal_box,JFM,105.520,0.092,0.600,10,,0.253,SoCal_d6,149.524,0.774,0.340,0.430
COLA-RSMAS-CESM1,1991,SoCal_box,JFM,169.387,1.151,0.900,10,,1.474,SoCal_d6,156.178,0.879,1.430,1.970
COLA-RSMAS-CESM1,1992,SoCal_box,JFM,87.363,-0.210,0.300,10,,-0.820,SoCal_d6,238.333,2.163,-0.050,0.350
COLA-RSMAS-CESM1,1993,SoCal_box,JFM,119.955,0.331,0.300,10,,0.037,SoCal_d6,86.314,-0.214,0.190,0.420
COLA-RSMAS-CESM1,1994,SoCal_box,JFM,97.383,-0.043,0.400,10,,0.917,SoCal_d6,244.802,2.264,0.970,1.280
COLA-RSMAS-CESM1,1995,SoCal_box,JFM,53.455,-0.772,0.200,10,,-1.000,SoCal_d6,100.822,0.013,-1.010,-0.990
COLA-RSMAS-CESM1,1996,SoCal_box,JFM,113.828,0.229,0.600,10,,-0.308,SoCal_d6,58.590,-0.648,-0.410,-0.290
COLA-RSMAS-CESM1,1997,SoCal_box,JFM,179.118,1.312,1.000,10,,3.485,SoCal_d6,227.151,1.988,2.370,2.280
COLA-RSMAS-CESM1,1998,SoCal_box,JFM,52.615,-0.786,0.100,10,,-1.453,SoCal_d6,49.995,-0.782,-1.470,-1.610
COLA-RSMAS-CESM1,1999,SoCal_box,JFM,60.710,-0.631,0.200,10,,-1.878,SoCal_d6,96.479,-0.055,-1.530,-1.560
COLA-RSMAS-CESM1,2000,SoCal_box,JFM,75.827,-0.388,0.200,10,,-0.513,SoCal_d6,131.226,0.488,-0.780,-0.820
COLA-RSMAS-CESM1,2001,SoCal_box,JFM,62.979,-0.594,0.200,10,,-0.365,SoCal_d6,16.542,-1.305,-0.320,-0.320
COLA-RSMAS-CESM1,2002,SoCal_box,JFM,122.162,0.356,0.800,10,,1.310,SoCal_d6,81.416,-0.291,1.080,1.130
COLA-RSMAS-CESM1,2003,SoCal_box,JFM,112.154,0.195,0.600,10,,0.250,SoCal_d6,61.917,-0.596,0.290,0.220
COLA-RSMAS-CESM1,2004,SoCal_box,JFM,135.763,0.574,0.700,10,,0.913,SoCal_d6,194.437,1.477,0.710,0.690
COLA-RSMAS-CESM1,2005,SoCal_box,JFM,82.397,-0.283,0.300,10,,-0.661,SoCal_d6,82.987,-0.266,-0.820,-0.810
COLA-RSMAS-CESM1,2006,SoCal_box,JFM,116.109,0.259,0.500,10,,1.108,SoCal_d6,29.665,-1.100,0.880,0.890
COLA-RSMAS-CESM1,2007,SoCal_box,JFM,82.918,-0.274,0.400,10,,-1.149,SoCal_d6,102.116,0.033,-1.720,-1.650
COLA-RSMAS-CESM1,2008,SoCal_box,JFM,64.500,-0.570,0.100,10,,-0.545,SoCal_d6,54.616,-0.710,-0.790,-0.860
COLA-RSMAS-CESM1,2009,SoCal_box,JFM,150.149,0.805,0.800,10,,1.655,SoCal_d6,116.995,0.266,1.500,1.500
COLA-RSMAS-CESM1,2010,SoCal_box,JFM,34.677,-1.049,0.000,10,,-2.142,SoCal_d6,85.667,-0.224,-1.480,-1.550
COLA-RSMAS-CESM1,2011,SoCal_box,JFM,56.899,-0.692,0.000,10,,-1.802,SoCal_d6,42.787,-0.895,-0.920,-0.960
COLA-RSMAS-CESM1,2012,SoCal_box,JFM,109.228,0.148,0.500,10,,0.927,SoCal_d6,30.773,-1.083,-0.030,-0.270
COLA-RSMAS-CESM1,2013,SoCal_box,JFM,116.180,0.260,0.600,10,,0.279,SoCal_d6,42.880,-0.893,-0.110,-0.270
COLA-RSMAS-CESM1,2014,SoCal_box,JFM,148.546,0.779,0.800,10,,0.940,SoCal_d6,25.783,-1.161,0.800,0.620
COLA-RSMAS-CESM1,2015,SoCal_box,JFM,154.020,0.867,0.700,10,,2.300,SoCal_d6,68.386,-0.494,2.590,2.250
COLA-RSMAS-CESM1,2016,SoCal_box,JFM,137.039,0.595,0.700,10,,-0.354,SoCal_d6,144.719,0.699,-0.370,-0.890
COLA-RSMAS-CESM1,2017,SoCal_box,JFM,77.422,-0.362,0.200,10,,-1.153,SoCal_d6,66.999,-0.516,-0.760,-1.140
COLA-RSMAS-CESM1,2018,SoCal_box,JFM,102.845,0.046,0.400,10,,1.055,SoCal_d6,155.161,0.863,1.050,0.780
COLA-RSMAS-CESM1,2019,SoCal_box,JFM,97.475,-0.041,0.500,10,,-0.177,SoCal_d6,56.742,-0.676,0.750,0.220
COLA-RSMAS-CESM1,2020,SoCal_box,JFM,51.991,-0.771,0.100,10,,-1.784,SoCal_d6,47.038,-0.828,-1.060,-1.390
COLA-RSMAS-CESM1,2021,SoCal_box,JFM,51.425,-0.780,0.000,10,,-1.384,SoCal_d6,21.625,-1.226,-0.830,-1.220
COLA-RSMAS-CESM1,2022,SoCal_box,JFM,59.816,-0.645,0.200,10,,-1.238,SoCal_d6,215.414,1.805,-0.700,-0.990
COLA-RSMAS-CESM1,2023,SoCal_box,JFM,175.121,1.206,1.000,10,,2.129,SoCal_d6,160.614,0.948,1.990,1.400
COLA-RSMAS-CESM1,2024,SoCal_box,JFM,72.634,-0.439,0.300,10,,-1.316,SoCal_d6,68.663,-0.490,-0.430,-1.050
COLA-RSMAS-CESM1,2025,SoCal_box,JFM,87.298,-0.204,0.300,10,,-0.959,SoCal_d6,64.319,-0.558,-0.600,-1.040
COLA-RSMAS-CESM1,2026,SoCal_box,JFM,204.401,1.676,1.000,10,,3.975,SoCal_d6,,,,
COLA-RSMAS-CESM1,1982,SoCal_d6,DJF,181.385,1.287,0.900,10,,2.490,SoCal_d6,137.346,0.568,2.120,2.360
COLA-RSMAS-CESM1,1983,SoCal_d6,DJF,56.213,-0.692,0.100,10,,-1.576,SoCal_d6,37.492,-0.951,-0.890,-0.960
COLA-RSMAS-CESM1,1984,SoCal_d6,DJF,91.500,-0.134,0.500,10,,-0.780,SoCal_d6,79.160,-0.317,-1.060,-0.930
COLA-RSMAS-CESM1,1985,SoCal_d6,DJF,79.368,-0.326,0.500,10,,-0.835,SoCal_d6,82.222,-0.271,-0.360,-0.210
COLA-RSMAS-CESM1,1986,SoCal_d6,DJF,154.979,0.869,0.800,10,,1.185,SoCal_d6,47.422,-0.800,1.210,1.420
COLA-RSMAS-CESM1,1987,SoCal_d6,DJF,98.876,-0.018,0.500,10,,0.112,SoCal_d6,74.798,-0.383,1.000,0.800
COLA-RSMAS-CESM1,1988,SoCal_d6,DJF,30.389,-1.101,0.000,10,,-2.519,SoCal_d6,66.539,-0.509,-1.850,-1.940
COLA-RSMAS-CESM1,1989,SoCal_d6,DJF,41.667,-0.922,0.000,10,,-0.661,SoCal_d6,53.639,-0.705,-0.040,0.060
COLA-RSMAS-CESM1,1990,SoCal_d6,DJF,90.664,-0.148,0.500,10,,0.253,SoCal_d6,49.835,-0.763,0.340,0.430
COLA-RSMAS-CESM1,1991,SoCal_d6,DJF,180.586,1.274,0.700,10,,1.474,SoCal_d6,137.718,0.574,1.430,1.970
COLA-RSMAS-CESM1,1992,SoCal_d6,DJF,74.713,-0.400,0.100,10,,-0.820,SoCal_d6,260.587,2.444,-0.050,0.350
COLA-RSMAS-CESM1,1993,SoCal_d6,DJF,122.036,0.348,0.600,10,,0.037,SoCal_d6,72.757,-0.415,0.190,0.420
COLA-RSMAS-CESM1,1994,SoCal_d6,DJF,105.618,0.089,0.600,10,,0.917,SoCal_d6,177.066,1.173,0.970,1.280
COLA-RSMAS-CESM1,1995,SoCal_d6,DJF,57.495,-0.672,0.100,10,,-1.000,SoCal_d6,94.565,-0.083,-1.010,-0.990
COLA-RSMAS-CESM1,1996,SoCal_d6,DJF,99.552,-0.007,0.400,10,,-0.308,SoCal_d6,99.391,-0.009,-0.410,-0.290
COLA-RSMAS-CESM1,1997,SoCal_d6,DJF,182.604,1.306,0.900,10,,3.485,SoCal_d6,233.489,2.031,2.370,2.280
COLA-RSMAS-CESM1,1998,SoCal_d6,DJF,52.356,-0.753,0.100,10,,-1.453,SoCal_d6,38.327,-0.938,-1.470,-1.610
COLA-RSMAS-CESM1,1999,SoCal_d6,DJF,60.974,-0.563,0.200,10,,-1.878,SoCal_d6,77.768,-0.338,-1.530,-1.560
COLA-RSMAS-CESM1,2000,SoCal_d6,DJF,79.122,-0.301,0.300,10,,-0.513,SoCal_d6,105.794,0.088,-0.780,-0.820
COLA-RSMAS-CESM1,2001,SoCal_d6,DJF,66.078,-0.489,0.200,10,,-0.365,SoCal_d6,24.314,-1.152,-0.320,-0.320
COLA-RSMAS-CESM1,2002,SoCal_d6,DJF,119.756,0.285,0.700,10,,1.310,SoCal_d6,84.728,-0.232,1.080,1.130
COLA-RSMAS-CESM1,2003,SoCal_d6,DJF,110.407,0.150,0.700,10,,0.250,SoCal_d6,72.014,-0.426,0.290,0.220
COLA-RSMAS-CESM1,2004,SoCal_d6,DJF,141.033,0.592,0.600,10,,0.913,SoCal_d6,230.798,1.990,0.710,0.690
COLA-RSMAS-CESM1,2005,SoCal_d6,DJF,89.956,-0.145,0.300,10,,-0.661,SoCal_d6,55.588,-0.676,-0.820,-0.810
COLA-RSMAS-CESM1,2006,SoCal_d6,DJF,118.377,0.265,0.600,10,,1.108,SoCal_d6,36.193,-0.971,0.880,0.890
COLA-RSMAS-CESM1,2007,SoCal_d6,DJF,72.831,-0.392,0.200,10,,-1.149,SoCal_d6,121.849,0.332,-1.720,-1.650
COLA-RSMAS-CESM1,2008,SoCal_d6,DJF,54.749,-0.653,0.100,10,,-0.545,SoCal_d6,83.150,-0.256,-0.790,-0.860
COLA-RSMAS-CESM1,2009,SoCal_d6,DJF,137.709,0.544,0.500,10,,1.655,SoCal_d6,145.699,0.695,1.500,1.500
COLA-RSMAS-CESM1,2010,SoCal_d6,DJF,30.053,-1.009,0.000,10,,-2.142,SoCal_d6,141.430,0.630,-1.480,-1.550
COLA-RSMAS-CESM1,2011,SoCal_d6,DJF,48.778,-0.739,0.000,10,,-1.802,SoCal_d6,25.613,-1.132,-0.920,-0.960
COLA-RSMAS-CESM1,2012,SoCal_d6,DJF,109.621,0.139,0.500,10,,0.927,SoCal_d6,46.865,-0.809,-0.030,-0.270
COLA-RSMAS-CESM1,2013,SoCal_d6,DJF,131.785,0.458,0.700,10,,0.279,SoCal_d6,30.810,-1.053,-0.110,-0.270
COLA-RSMAS-CESM1,2014,SoCal_d6,DJF,160.601,0.874,0.600,10,,0.940,SoCal_d6,66.446,-0.511,0.800,0.620
COLA-RSMAS-CESM1,2015,SoCal_d6,DJF,156.292,0.812,0.700,10,,2.300,SoCal_d6,60.414,-0.602,2.590,2.250
COLA-RSMAS-CESM1,2016,SoCal_d6,DJF,112.458,0.180,0.500,10,,-0.354,SoCal_d6,182.819,1.260,-0.370,-0.890
COLA-RSMAS-CESM1,2017,SoCal_d6,DJF,74.217,-0.372,0.100,10,,-1.153,SoCal_d6,30.068,-1.064,-0.760,-1.140
COLA-RSMAS-CESM1,2018,SoCal_d6,DJF,101.428,0.021,0.600,10,,1.055,SoCal_d6,149.689,0.756,1.050,0.780
COLA-RSMAS-CESM1,2019,SoCal_d6,DJF,123.774,0.343,0.600,10,,-0.177,SoCal_d6,53.732,-0.704,0.750,0.220
COLA-RSMAS-CESM1,2020,SoCal_d6,DJF,70.618,-0.424,0.200,10,,-1.784,SoCal_d6,45.009,-0.837,-1.060,-1.390
COLA-RSMAS-CESM1,2021,SoCal_d6,DJF,47.360,-0.759,0.000,10,,-1.384,SoCal_d6,76.933,-0.351,-0.830,-1.220
COLA-RSMAS-CESM1,2022,SoCal_d6,DJF,73.073,-0.388,0.200,10,,-1.238,SoCal_d6,173.354,1.116,-0.700,-0.990
COLA-RSMAS-CESM1,2023,SoCal_d6,DJF,149.774,0.718,0.700,10,,2.129,SoCal_d6,146.905,0.714,1.990,1.400
COLA-RSMAS-CESM1,2024,SoCal_d6,DJF,68.149,-0.459,0.300,10,,-1.316,SoCal_d6,39.812,-0.916,-0.430,-1.050
COLA-RSMAS-CESM1,2025,SoCal_d6,DJF,86.752,-0.191,0.300,10,,-0.959,SoCal_d6,111.640,0.177,-0.600,-1.040
COLA-RSMAS-CESM1,2026,SoCal_d6,DJF,220.323,1.735,1.000,10,,3.975,SoCal_d6,,,,
COLA-RSMAS-CESM1,1982,SoCal_d6,JFM,177.823,1.256,0.900,10,,2.490,SoCal_d6,203.770,1.623,2.120,2.360
COLA-RSMAS-CESM1,1983,SoCal_d6,JFM,47.378,-0.849,0.000,10,,-1.576,SoCal_d6,5.730,-1.474,-0.890,-0.960
COLA-RSMAS-CESM1,1984,SoCal_d6,JFM,93.009,-0.113,0.500,10,,-0.780,SoCal_d6,37.150,-0.983,-1.060,-0.930
COLA-RSMAS-CESM1,1985,SoCal_d6,JFM,72.795,-0.439,0.200,10,,-0.835,SoCal_d6,119.213,0.300,-0.360,-0.210
COLA-RSMAS-CESM1,1986,SoCal_d6,JFM,171.896,1.161,0.800,10,,1.185,SoCal_d6,59.329,-0.636,1.210,1.420
COLA-RSMAS-CESM1,1987,SoCal_d6,JFM,84.894,-0.244,0.400,10,,0.112,SoCal_d6,49.533,-0.789,1.000,0.800
COLA-RSMAS-CESM1,1988,SoCal_d6,JFM,33.554,-1.073,0.000,10,,-2.519,SoCal_d6,39.368,-0.948,-1.850,-1.940
COLA-RSMAS-CESM1,1989,SoCal_d6,JFM,43.673,-0.909,0.000,10,,-0.661,SoCal_d6,57.388,-0.666,-0.040,0.060
COLA-RSMAS-CESM1,1990,SoCal_d6,JFM,107.682,0.124,0.600,10,,0.253,SoCal_d6,149.524,0.774,0.340,0.430
COLA-RSMAS-CESM1,1991,SoCal_d6,JFM,167.704,1.093,0.800,10,,1.474,SoCal_d6,156.178,0.879,1.430,1.970
COLA-RSMAS-CESM1,1992,SoCal_d6,JFM,83.933,-0.259,0.300,10,,-0.820,SoCal_d6,238.333,2.163,-0.050,0.350
COLA-RSMAS-CESM1,1993,SoCal_d6,JFM,122.962,0.371,0.400,10,,0.037,SoCal_d6,86.314,-0.214,0.190,0.420
COLA-RSMAS-CESM1,1994,SoCal_d6,JFM,95.843,-0.067,0.500,10,,0.917,SoCal_d6,244.802,2.264,0.970,1.280
COLA-RSMAS-CESM1,1995,SoCal_d6,JFM,49.655,-0.813,0.100,10,,-1.000,SoCal_d6,100.822,0.013,-1.010,-0.990
COLA-RSMAS-CESM1,1996,SoCal_d6,JFM,111.321,0.183,0.600,10,,-0.308,SoCal_d6,58.590,-0.648,-0.410,-0.290
COLA-RSMAS-CESM1,1997,SoCal_d6,JFM,182.843,1.337,1.000,10,,3.485,SoCal_d6,227.151,1.988,2.370,2.280
COLA-RSMAS-CESM1,1998,SoCal_d6,JFM,53.035,-0.758,0.200,10,,-1.453,SoCal_d6,49.995,-0.782,-1.470,-1.610
COLA-RSMAS-CESM1,1999,SoCal_d6,JFM,59.731,-0.626,0.200,10,,-1.878,SoCal_d6,96.479,-0.055,-1.530,-1.560
COLA-RSMAS-CESM1,2000,SoCal_d6,JFM,72.951,-0.420,0.300,10,,-0.513,SoCal_d6,131.226,0.488,-0.780,-0.820
COLA-RSMAS-CESM1,2001,SoCal_d6,JFM,61.773,-0.594,0.200,10,,-0.365,SoCal_d6,16.542,-1.305,-0.320,-0.320
COLA-RSMAS-CESM1,2002,SoCal_d6,JFM,124.770,0.385,0.800,10,,1.310,SoCal_d6,81.416,-0.291,1.080,1.130
COLA-RSMAS-CESM1,2003,SoCal_d6,JFM,117.100,0.266,0.600,10,,0.250,SoCal_d6,61.917,-0.596,0.290,0.220
COLA-RSMAS-CESM1,2004,SoCal_d6,JFM,138.215,0.594,0.600,10,,0.913,SoCal_d6,194.437,1.477,0.710,0.690
COLA-RSMAS-CESM1,2005,SoCal_d6,JFM,85.314,-0.228,0.300,10,,-0.661,SoCal_d6,82.987,-0.266,-0.820,-0.810
COLA-RSMAS-CESM1,2006,SoCal_d6,JFM,122.292,0.346,0.700,10,,1.108,SoCal_d6,29.665,-1.100,0.880,0.890
COLA-RSMAS-CESM1,2007,SoCal_d6,JFM,81.421,-0.289,0.300,10,,-1.149,SoCal_d6,102.116,0.033,-1.720,-1.650
COLA-RSMAS-CESM1,2008,SoCal_d6,JFM,59.414,-0.630,0.100,10,,-0.545,SoCal_d6,54.616,-0.710,-0.790,-0.860
COLA-RSMAS-CESM1,2009,SoCal_d6,JFM,153.550,0.832,0.700,10,,1.655,SoCal_d6,116.995,0.266,1.500,1.500
COLA-RSMAS-CESM1,2010,SoCal_d6,JFM,29.250,-1.099,0.000,10,,-2.142,SoCal_d6,85.667,-0.224,-1.480,-1.550
COLA-RSMAS-CESM1,2011,SoCal_d6,JFM,51.055,-0.760,0.000,10,,-1.802,SoCal_d6,42.787,-0.895,-0.920,-0.960
COLA-RSMAS-CESM1,2012,SoCal_d6,JFM,107.474,0.116,0.600,10,,0.927,SoCal_d6,30.773,-1.083,-0.030,-0.270
COLA-RSMAS-CESM1,2013,SoCal_d6,JFM,115.804,0.245,0.600,10,,0.279,SoCal_d6,42.880,-0.893,-0.110,-0.270
COLA-RSMAS-CESM1,2014,SoCal_d6,JFM,152.667,0.818,0.700,10,,0.940,SoCal_d6,25.783,-1.161,0.800,0.620
COLA-RSMAS-CESM1,2015,SoCal_d6,JFM,150.629,0.786,0.700,10,,2.300,SoCal_d6,68.386,-0.494,2.590,2.250
COLA-RSMAS-CESM1,2016,SoCal_d6,JFM,131.135,0.484,0.700,10,,-0.354,SoCal_d6,144.719,0.699,-0.370,-0.890
COLA-RSMAS-CESM1,2017,SoCal_d6,JFM,80.347,-0.305,0.200,10,,-1.153,SoCal_d6,66.999,-0.516,-0.760,-1.140
COLA-RSMAS-CESM1,2018,SoCal_d6,JFM,107.086,0.110,0.400,10,,1.055,SoCal_d6,155.161,0.863,1.050,0.780
COLA-RSMAS-CESM1,2019,SoCal_d6,JFM,98.022,-0.031,0.500,10,,-0.177,SoCal_d6,56.742,-0.676,0.750,0.220
COLA-RSMAS-CESM1,2020,SoCal_d6,JFM,49.673,-0.782,0.000,10,,-1.784,SoCal_d6,47.038,-0.828,-1.060,-1.390
COLA-RSMAS-CESM1,2021,SoCal_d6,JFM,46.058,-0.838,0.000,10,,-1.384,SoCal_d6,21.625,-1.226,-0.830,-1.220
COLA-RSMAS-CESM1,2022,SoCal_d6,JFM,61.417,-0.599,0.200,10,,-1.238,SoCal_d6,215.414,1.805,-0.700,-0.990
COLA-RSMAS-CESM1,2023,SoCal_d6,JFM,172.066,1.119,1.000,10,,2.129,SoCal_d6,160.614,0.948,1.990,1.400
COLA-RSMAS-CESM1,2024,SoCal_d6,JFM,72.266,-0.431,0.300,10,,-1.316,SoCal_d6,68.663,-0.490,-0.430,-1.050
COLA-RSMAS-CESM1,2025,SoCal_d6,JFM,82.831,-0.267,0.100,10,,-0.959,SoCal_d6,64.319,-0.558,-0.600,-1.040
COLA-RSMAS-CESM1,2026,SoCal_d6,JFM,205.128,1.633,1.000,10,,3.975,SoCal_d6,,,,
CanSIPS-IC3,1980,NorCal_box,DJF,116.693,0.394,0.650,20,,-0.266,NorCal_d2,80.965,-0.451,-0.050,0.090
CanSIPS-IC3,1981,NorCal_box,DJF,97.429,-0.061,0.400,20,,-0.495,NorCal_d2,103.659,0.087,-0.140,-0.080
CanSIPS-IC3,1982,NorCal_box,DJF,123.205,0.547,0.650,20,,2.405,NorCal_d2,137.010,0.878,2.120,2.360
CanSIPS-IC3,1983,NorCal_box,DJF,93.074,-0.163,0.450,20,,-0.974,NorCal_d2,90.774,-0.219,-0.890,-0.960
CanSIPS-IC3,1984,NorCal_box,DJF,107.134,0.168,0.400,20,,-0.661,NorCal_d2,32.131,-1.610,-1.060,-0.930
CanSIPS-IC3,1985,NorCal_box,DJF,91.186,-0.208,0.400,20,,-0.283,NorCal_d2,140.721,0.966,-0.360,-0.210
CanSIPS-IC3,1986,NorCal_box,DJF,121.003,0.495,0.500,20,,1.343,NorCal_d2,57.582,-1.006,1.210,1.420
CanSIPS-IC3,1987,NorCal_box,DJF,104.618,0.109,0.500,20,,1.117,NorCal_d2,81.018,-0.450,1.000,0.800
CanSIPS-IC3,1988,NorCal_box,DJF,97.939,-0.049,0.500,20,,-2.435,NorCal_d2,44.008,-1.328,-1.850,-1.940
CanSIPS-IC3,1989,NorCal_box,DJF,67.822,-0.759,0.200,20,,-0.517,NorCal_d2,49.417,-1.200,-0.040,0.060
CanSIPS-IC3,1990,NorCal_box,DJF,93.415,-0.155,0.500,20,,0.293,NorCal_d2,27.094,-1.729,0.340,0.430
CanSIPS-IC3,1991,NorCal_box,DJF,115.002,0.354,0.550,20,,1.205,NorCal_d2,73.118,-0.638,1.430,1.970
CanSIPS-IC3,1992,NorCal_box,DJF,98.759,-0.029,0.450,20,,-0.148,NorCal_d2,159.650,1.415,-0.050,0.350
CanSIPS-IC3,1993,NorCal_box,DJF,103.195,0.075,0.450,20,,0.149,NorCal_d2,68.611,-0.744,0.190,0.420
CanSIPS-IC3,1994,NorCal_box,DJF,92.499,-0.177,0.250,20,,0.715,NorCal_d2,140.880,0.970,0.970,1.280
CanSIPS-IC3,1995,NorCal_box,DJF,101.845,0.044,0.550,20,,-1.346,NorCal_d2,150.477,1.197,-1.010,-0.990
CanSIPS-IC3,1996,NorCal_box,DJF,95.086,-0.116,0.300,20,,-0.719,NorCal_d2,154.825,1.300,-0.410,-0.290
CanSIPS-IC3,1997,NorCal_box,DJF,146.653,1.100,0.950,20,,3.101,NorCal_d2,166.278,1.572,2.370,2.280
CanSIPS-IC3,1998,NorCal_box,DJF,104.745,0.112,0.450,20,,-2.007,NorCal_d2,91.304,-0.206,-1.470,-1.610
CanSIPS-IC3,1999,NorCal_box,DJF,84.623,-0.363,0.400,20,,-2.089,NorCal_d2,113.627,0.323,-1.530,-1.560
CanSIPS-IC3,2000,NorCal_box,DJF,94.952,-0.119,0.400,20,,-0.523,NorCal_d2,62.884,-0.880,-0.780,-0.820
CanSIPS-IC3,2001,NorCal_box,DJF,80.679,-0.456,0.300,20,,-0.212,NorCal_d2,85.843,-0.336,-0.320,-0.320
CanSIPS-IC3,2002,NorCal_box,DJF,97.353,-0.062,0.350,20,,1.253,NorCal_d2,111.771,0.279,1.080,1.130
CanSIPS-IC3,2003,NorCal_box,DJF,95.433,-0.108,0.450,20,,0.114,NorCal_d2,128.897,0.685,0.290,0.220
CanSIPS-IC3,2004,NorCal_box,DJF,104.733,0.112,0.450,20,,0.585,NorCal_d2,90.562,-0.224,0.710,0.690
CanSIPS-IC3,2005,NorCal_box,DJF,99.431,-0.013,0.500,20,,-0.298,NorCal_d2,145.016,1.068,-0.820,-0.810
CanSIPS-IC3,2006,NorCal_box,DJF,89.275,-0.253,0.400,20,,1.078,NorCal_d2,74.019,-0.616,0.880,0.890
CanSIPS-IC3,2007,NorCal_box,DJF,95.736,-0.101,0.500,20,,-1.566,NorCal_d2,102.015,0.048,-1.720,-1.650
CanSIPS-IC3,2008,NorCal_box,DJF,87.207,-0.302,0.350,20,,-0.329,NorCal_d2,73.224,-0.635,-0.790,-0.860
CanSIPS-IC3,2009,NorCal_box,DJF,113.596,0.321,0.600,20,,1.276,NorCal_d2,98.250,-0.041,1.500,1.500
CanSIPS-IC3,2010,NorCal_box,DJF,88.437,-0.273,0.350,20,,-3.017,NorCal_d2,93.372,-0.157,-1.480,-1.550
CanSIPS-IC3,2011,NorCal_box,DJF,91.151,-0.209,0.400,20,,-1.313,NorCal_d2,41.569,-1.386,-0.920,-0.960
CanSIPS-IC3,2012,NorCal_box,DJF,91.468,-0.201,0.350,20,,0.500,NorCal_d2,69.512,-0.723,-0.030,-0.270
CanSIPS-IC3,2013,NorCal_box,DJF,105.815,0.137,0.650,20,,0.066,NorCal_d2,48.780,-1.215,-0.110,-0.270
CanSIPS-IC3,2014,NorCal_box,DJF,114.912,0.352,0.450,20,,0.613,NorCal_d2,89.608,-0.246,0.800,0.620
CanSIPS-IC3,2015,NorCal_box,DJF,155.743,1.314,0.900,20,,2.891,NorCal_d2,105.302,0.126,2.590,2.250
CanSIPS-IC3,2016,NorCal_box,DJF,85.204,-0.349,0.250,20,,-0.366,NorCal_d2,188.812,2.106,-0.370,-0.890
CanSIPS-IC3,2017,NorCal_box,DJF,100.284,0.007,0.550,20,,-0.839,NorCal_d2,34.199,-1.561,-0.760,-1.140
CanSIPS-IC3,2018,NorCal_box,DJF,82.747,-0.407,0.300,20,,0.802,NorCal_d2,143.902,1.041,1.050,0.780
CanSIPS-IC3,2019,NorCal_box,DJF,90.021,-0.235,0.350,20,,0.129,NorCal_d2,58.324,-0.988,0.750,0.220
CanSIPS-IC3,2020,NorCal_box,DJF,91.493,-0.201,0.300,20,,-1.132,NorCal_d2,52.704,-1.122,-1.060,-1.390
CanSIPS-IC3,2021,NorCal_box,DJF,70.917,-0.686,0.200,20,,-1.007,NorCal_d2,52.916,-1.117,-0.830,-1.220
CanSIPS-IC3,2022,NorCal_box,DJF,79.136,-0.492,0.250,20,,-1.169,NorCal_d2,137.381,0.887,-0.700,-0.990
CanSIPS-IC3,2023,NorCal_box,DJF,102.744,0.065,0.450,20,,1.913,NorCal_d2,109.120,0.216,1.990,1.400
CanSIPS-IC3,1980,NorCal_box,JFM,101.416,0.034,0.350,20,,-0.266,NorCal_d2,89.599,-0.227,-0.050,0.090
CanSIPS-IC3,1981,NorCal_box,JFM,109.731,0.234,0.450,20,,-0.495,NorCal_d2,106.166,0.135,-0.140,-0.080
CanSIPS-IC3,1982,NorCal_box,JFM,124.196,0.583,0.700,20,,2.405,NorCal_d2,186.307,1.883,2.120,2.360
CanSIPS-IC3,1983,NorCal_box,JFM,97.284,-0.065,0.450,20,,-0.974,NorCal_d2,42.822,-1.247,-0.890,-0.960
CanSIPS-IC3,1984,NorCal_box,JFM,105.255,0.127,0.400,20,,-0.661,NorCal_d2,48.726,-1.119,-1.060,-0.930
CanSIPS-IC3,1985,NorCal_box,JFM,85.452,-0.350,0.200,20,,-0.283,NorCal_d2,170.829,1.545,-0.360,-0.210
CanSIPS-IC3,1986,NorCal_box,JFM,113.387,0.322,0.550,20,,1.343,NorCal_d2,86.332,-0.298,1.210,1.420
CanSIPS-IC3,1987,NorCal_box,JFM,106.209,0.149,0.500,20,,1.117,NorCal_d2,43.567,-1.231,1.000,0.800
CanSIPS-IC3,1988,NorCal_box,JFM,103.108,0.075,0.550,20,,-2.435,NorCal_d2,89.714,-0.224,-1.850,-1.940
CanSIPS-IC3,1989,NorCal_box,JFM,77.487,-0.542,0.250,20,,-0.517,NorCal_d2,66.268,-0.736,-0.040,0.060
CanSIPS-IC3,1990,NorCal_box,JFM,96.528,-0.084,0.500,20,,0.293,NorCal_d2,95.103,-0.107,0.340,0.430
CanSIPS-IC3,1991,NorCal_box,JFM,114.258,0.343,0.550,20,,1.205,NorCal_d2,82.720,-0.377,1.430,1.970
CanSIPS-IC3,1992,NorCal_box,JFM,98.466,-0.037,0.450,20,,-0.148,NorCal_d2,140.791,0.890,-0.050,0.350
CanSIPS-IC3,1993,NorCal_box,JFM,105.708,0.137,0.500,20,,0.149,NorCal_d2,56.408,-0.951,0.190,0.420
CanSIPS-IC3,1994,NorCal_box,JFM,86.728,-0.320,0.300,20,,0.715,NorCal_d2,211.358,2.430,0.970,1.280
CanSIPS-IC3,1995,NorCal_box,JFM,103.556,0.086,0.500,20,,-1.346,NorCal_d2,126.173,0.571,-1.010,-0.990
CanSIPS-IC3,1996,NorCal_box,JFM,97.831,-0.052,0.350,20,,-0.719,NorCal_d2,88.854,-0.243,-0.410,-0.290
CanSIPS-IC3,1997,NorCal_box,JFM,139.793,0.958,0.800,20,,3.101,NorCal_d2,189.689,1.957,2.370,2.280
CanSIPS-IC3,1998,NorCal_box,JFM,107.278,0.175,0.550,20,,-2.007,NorCal_d2,103.701,0.081,-1.470,-1.610
CanSIPS-IC3,1999,NorCal_box,JFM,88.298,-0.282,0.350,20,,-2.089,NorCal_d2,134.256,0.747,-1.530,-1.560
CanSIPS-IC3,2000,NorCal_box,JFM,89.140,-0.261,0.400,20,,-0.523,NorCal_d2,76.414,-0.515,-0.780,-0.820
CanSIPS-IC3,2001,NorCal_box,JFM,87.589,-0.299,0.250,20,,-0.212,NorCal_d2,57.669,-0.924,-0.320,-0.320
CanSIPS-IC3,2002,NorCal_box,JFM,99.556,-0.011,0.450,20,,1.253,NorCal_d2,63.230,-0.802,1.080,1.130
CanSIPS-IC3,2003,NorCal_box,JFM,101.875,0.045,0.450,20,,0.114,NorCal_d2,85.988,-0.306,0.290,0.220
CanSIPS-IC3,2004,NorCal_box,JFM,98.787,-0.029,0.400,20,,0.585,NorCal_d2,86.446,-0.296,0.710,0.690
CanSIPS-IC3,2005,NorCal_box,JFM,104.613,0.111,0.550,20,,-0.298,NorCal_d2,117.689,0.386,-0.820,-0.810
CanSIPS-IC3,2006,NorCal_box,JFM,84.608,-0.371,0.400,20,,1.078,NorCal_d2,55.777,-0.965,0.880,0.890
CanSIPS-IC3,2007,NorCal_box,JFM,78.074,-0.528,0.300,20,,-1.566,NorCal_d2,87.708,-0.268,-1.720,-1.650
CanSIPS-IC3,2008,NorCal_box,JFM,84.226,-0.380,0.250,20,,-0.329,NorCal_d2,83.351,-0.363,-0.790,-0.860
CanSIPS-IC3,2009,NorCal_box,JFM,117.756,0.427,0.550,20,,1.276,NorCal_d2,102.497,0.054,1.500,1.500
CanSIPS-IC3,2010,NorCal_box,JFM,101.886,0.045,0.400,20,,-3.017,NorCal_d2,102.841,0.062,-1.480,-1.550
CanSIPS-IC3,2011,NorCal_box,JFM,90.445,-0.230,0.350,20,,-1.313,NorCal_d2,94.185,-0.127,-0.920,-0.960
CanSIPS-IC3,2012,NorCal_box,JFM,99.304,-0.017,0.350,20,,0.500,NorCal_d2,24.191,-1.654,-0.030,-0.270
CanSIPS-IC3,2013,NorCal_box,JFM,94.603,-0.130,0.350,20,,0.066,NorCal_d2,86.389,-0.297,-0.110,-0.270
CanSIPS-IC3,2014,NorCal_box,JFM,109.283,0.223,0.550,20,,0.613,NorCal_d2,34.395,-1.431,0.800,0.620
CanSIPS-IC3,2015,NorCal_box,JFM,157.963,1.395,0.900,20,,2.891,NorCal_d2,126.345,0.575,2.590,2.250
CanSIPS-IC3,2016,NorCal_box,JFM,92.657,-0.177,0.350,20,,-0.366,NorCal_d2,189.689,1.957,-0.370,-0.890
CanSIPS-IC3,2017,NorCal_box,JFM,96.022,-0.096,0.450,20,,-0.839,NorCal_d2,80.370,-0.428,-0.760,-1.140
CanSIPS-IC3,2018,NorCal_box,JFM,79.787,-0.487,0.150,20,,0.802,NorCal_d2,172.262,1.577,1.050,0.780
CanSIPS-IC3,2019,NorCal_box,JFM,93.380,-0.159,0.400,20,,0.129,NorCal_d2,43.510,-1.232,0.750,0.220
CanSIPS-IC3,2020,NorCal_box,JFM,100.466,0.011,0.450,20,,-1.132,NorCal_d2,56.179,-0.956,-1.060,-1.390
CanSIPS-IC3,2021,NorCal_box,JFM,85.715,-0.344,0.300,20,,-1.007,NorCal_d2,12.096,-1.918,-0.830,-1.220
CanSIPS-IC3,2022,NorCal_box,JFM,92.998,-0.169,0.400,20,,-1.169,NorCal_d2,152.198,1.139,-0.700,-0.990
CanSIPS-IC3,2023,NorCal_box,JFM,102.481,0.060,0.600,20,,1.913,NorCal_d2,125.886,0.565,1.990,1.400
CanSIPS-IC3,1980,NorCal_d2,DJF,117.111,0.407,0.700,20,,-0.266,NorCal_d2,80.965,-0.451,-0.050,0.090
CanSIPS-IC3,1981,NorCal_d2,DJF,97.975,-0.048,0.400,20,,-0.495,NorCal_d2,103.659,0.087,-0.140,-0.080
CanSIPS-IC3,1982,NorCal_d2,DJF,121.627,0.514,0.600,20,,2.405,NorCal_d2,137.010,0.878,2.120,2.360
CanSIPS-IC3,1983,NorCal_d2,DJF,92.848,-0.170,0.450,20,,-0.974,NorCal_d2,90.774,-0.219,-0.890,-0.960
CanSIPS-IC3,1984,NorCal_d2,DJF,107.363,0.175,0.400,20,,-0.661,NorCal_d2,32.131,-1.610,-1.060,-0.930
CanSIPS-IC3,1985,NorCal_d2,DJF,91.599,-0.200,0.350,20,,-0.283,NorCal_d2,140.721,0.966,-0.360,-0.210
CanSIPS-IC3,1986,NorCal_d2,DJF,120.384,0.484,0.500,20,,1.343,NorCal_d2,57.582,-1.006,1.210,1.420
CanSIPS-IC3,1987,NorCal_d2,DJF,103.963,0.094,0.500,20,,1.117,NorCal_d2,81.018,-0.450,1.000,0.800
CanSIPS-IC3,1988,NorCal_d2,DJF,98.650,-0.032,0.450,20,,-2.435,NorCal_d2,44.008,-1.328,-1.850,-1.940
CanSIPS-IC3,1989,NorCal_d2,DJF,68.326,-0.753,0.200,20,,-0.517,NorCal_d2,49.417,-1.200,-0.040,0.060
CanSIPS-IC3,1990,NorCal_d2,DJF,93.206,-0.161,0.450,20,,0.293,NorCal_d2,27.094,-1.729,0.340,0.430
CanSIPS-IC3,1991,NorCal_d2,DJF,114.399,0.342,0.550,20,,1.205,NorCal_d2,73.118,-0.638,1.430,1.970
CanSIPS-IC3,1992,NorCal_d2,DJF,98.654,-0.032,0.400,20,,-0.148,NorCal_d2,159.650,1.415,-0.050,0.350
CanSIPS-IC3,1993,NorCal_d2,DJF,102.781,0.066,0.450,20,,0.149,NorCal_d2,68.611,-0.744,0.190,0.420
CanSIPS-IC3,1994,NorCal_d2,DJF,91.624,-0.199,0.250,20,,0.715,NorCal_d2,140.880,0.970,0.970,1.280
CanSIPS-IC3,1995,NorCal_d2,DJF,102.389,0.057,0.550,20,,-1.346,NorCal_d2,150.477,1.197,-1.010,-0.990
CanSIPS-IC3,1996,NorCal_d2,DJF,95.461,-0.108,0.300,20,,-0.719,NorCal_d2,154.825,1.300,-0.410,-0.290
CanSIPS-IC3,1997,NorCal_d2,DJF,145.518,1.082,0.950,20,,3.101,NorCal_d2,166.278,1.572,2.370,2.280
CanSIPS-IC3,1998,NorCal_d2,DJF,105.188,0.123,0.450,20,,-2.007,NorCal_d2,91.304,-0.206,-1.470,-1.610
CanSIPS-IC3,1999,NorCal_d2,DJF,84.551,-0.367,0.400,20,,-2.089,NorCal_d2,113.627,0.323,-1.530,-1.560
CanSIPS-IC3,2000,NorCal_d2,DJF,95.302,-0.112,0.400,20,,-0.523,NorCal_d2,62.884,-0.880,-0.780,-0.820
CanSIPS-IC3,2001,NorCal_d2,DJF,80.882,-0.454,0.300,20,,-0.212,NorCal_d2,85.843,-0.336,-0.320,-0.320
CanSIPS-IC3,2002,NorCal_d2,DJF,97.140,-0.068,0.350,20,,1.253,NorCal_d2,111.771,0.279,1.080,1.130
CanSIPS-IC3,2003,NorCal_d2,DJF,95.253,-0.113,0.450,20,,0.114,NorCal_d2,128.897,0.685,0.290,0.220
CanSIPS-IC3,2004,NorCal_d2,DJF,104.631,0.110,0.450,20,,0.585,NorCal_d2,90.562,-0.224,0.710,0.690
CanSIPS-IC3,2005,NorCal_d2,DJF,99.788,-0.005,0.500,20,,-0.298,NorCal_d2,145.016,1.068,-0.820,-0.810
CanSIPS-IC3,2006,NorCal_d2,DJF,89.105,-0.259,0.400,20,,1.078,NorCal_d2,74.019,-0.616,0.880,0.890
CanSIPS-IC3,2007,NorCal_d2,DJF,96.460,-0.084,0.500,20,,-1.566,NorCal_d2,102.015,0.048,-1.720,-1.650
CanSIPS-IC3,2008,NorCal_d2,DJF,88.066,-0.284,0.350,20,,-0.329,NorCal_d2,73.224,-0.635,-0.790,-0.860
CanSIPS-IC3,2009,NorCal_d2,DJF,113.633,0.324,0.600,20,,1.276,NorCal_d2,98.250,-0.041,1.500,1.500
CanSIPS-IC3,2010,NorCal_d2,DJF,89.108,-0.259,0.350,20,,-3.017,NorCal_d2,93.372,-0.157,-1.480,-1.550
CanSIPS-IC3,2011,NorCal_d2,DJF,90.867,-0.217,0.400,20,,-1.313,NorCal_d2,41.569,-1.386,-0.920,-0.960
CanSIPS-IC3,2012,NorCal_d2,DJF,91.537,-0.201,0.350,20,,0.500,NorCal_d2,69.512,-0.723,-0.030,-0.270
CanSIPS-IC3,2013,NorCal_d2,DJF,106.327,0.150,0.650,20,,0.066,NorCal_d2,48.780,-1.215,-0.110,-0.270
CanSIPS-IC3,2014,NorCal_d2,DJF,114.358,0.341,0.450,20,,0.613,NorCal_d2,89.608,-0.246,0.800,0.620
CanSIPS-IC3,2015,NorCal_d2,DJF,154.734,1.301,0.900,20,,2.891,NorCal_d2,105.302,0.126,2.590,2.250
CanSIPS-IC3,2016,NorCal_d2,DJF,85.236,-0.351,0.250,20,,-0.366,NorCal_d2,188.812,2.106,-0.370,-0.890
CanSIPS-IC3,2017,NorCal_d2,DJF,100.821,0.020,0.550,20,,-0.839,NorCal_d2,34.199,-1.561,-0.760,-1.140
CanSIPS-IC3,2018,NorCal_d2,DJF,83.175,-0.400,0.300,20,,0.802,NorCal_d2,143.902,1.041,1.050,0.780
CanSIPS-IC3,2019,NorCal_d2,DJF,89.806,-0.242,0.350,20,,0.129,NorCal_d2,58.324,-0.988,0.750,0.220
CanSIPS-IC3,2020,NorCal_d2,DJF,92.256,-0.184,0.300,20,,-1.132,NorCal_d2,52.704,-1.122,-1.060,-1.390
CanSIPS-IC3,2021,NorCal_d2,DJF,71.022,-0.689,0.150,20,,-1.007,NorCal_d2,52.916,-1.117,-0.830,-1.220
CanSIPS-IC3,2022,NorCal_d2,DJF,79.586,-0.485,0.250,20,,-1.169,NorCal_d2,137.381,0.887,-0.700,-0.990
CanSIPS-IC3,2023,NorCal_d2,DJF,103.382,0.080,0.500,20,,1.913,NorCal_d2,109.120,0.216,1.990,1.400
CanSIPS-IC3,1980,NorCal_d2,JFM,101.208,0.029,0.350,20,,-0.266,NorCal_d2,89.599,-0.227,-0.050,0.090
CanSIPS-IC3,1981,NorCal_d2,JFM,110.427,0.253,0.500,20,,-0.495,NorCal_d2,106.166,0.135,-0.140,-0.080
CanSIPS-IC3,1982,NorCal_d2,JFM,122.694,0.552,0.700,20,,2.405,NorCal_d2,186.307,1.883,2.120,2.360
CanSIPS-IC3,1983,NorCal_d2,JFM,96.946,-0.074,0.450,20,,-0.974,NorCal_d2,42.822,-1.247,-0.890,-0.960
CanSIPS-IC3,1984,NorCal_d2,JFM,105.225,0.127,0.400,20,,-0.661,NorCal_d2,48.726,-1.119,-1.060,-0.930
CanSIPS-IC3,1985,NorCal_d2,JFM,85.901,-0.343,0.200,20,,-0.283,NorCal_d2,170.829,1.545,-0.360,-0.210
CanSIPS-IC3,1986,NorCal_d2,JFM,112.519,0.304,0.550,20,,1.343,NorCal_d2,86.332,-0.298,1.210,1.420
CanSIPS-IC3,1987,NorCal_d2,JFM,105.563,0.135,0.500,20,,1.117,NorCal_d2,43.567,-1.231,1.000,0.800
CanSIPS-IC3,1988,NorCal_d2,JFM,103.425,0.083,0.550,20,,-2.435,NorCal_d2,89.714,-0.224,-1.850,-1.940
CanSIPS-IC3,1989,NorCal_d2,JFM,77.820,-0.539,0.250,20,,-0.517,NorCal_d2,66.268,-0.736,-0.040,0.060
CanSIPS-IC3,1990,NorCal_d2,JFM,96.554,-0.084,0.500,20,,0.293,NorCal_d2,95.103,-0.107,0.340,0.430
CanSIPS-IC3,1991,NorCal_d2,JFM,113.448,0.327,0.550,20,,1.205,NorCal_d2,82.720,-0.377,1.430,1.970
CanSIPS-IC3,1992,NorCal_d2,JFM,98.216,-0.043,0.450,20,,-0.148,NorCal_d2,140.791,0.890,-0.050,0.350
CanSIPS-IC3,1993,NorCal_d2,JFM,105.295,0.129,0.500,20,,0.149,NorCal_d2,56.408,-0.951,0.190,0.420
CanSIPS-IC3,1994,NorCal_d2,JFM,86.012,-0.340,0.300,20,,0.715,NorCal_d2,211.358,2.430,0.970,1.280
CanSIPS-IC3,1995,NorCal_d2,JFM,104.223,0.103,0.500,20,,-1.346,NorCal_d2,126.173,0.571,-1.010,-0.990
CanSIPS-IC3,1996,NorCal_d2,JFM,98.655,-0.033,0.400,20,,-0.719,NorCal_d2,88.854,-0.243,-0.410,-0.290
CanSIPS-IC3,1997,NorCal_d2,JFM,137.724,0.917,0.800,20,,3.101,NorCal_d2,189.689,1.957,2.370,2.280
CanSIPS-IC3,1998,NorCal_d2,JFM,108.055,0.196,0.550,20,,-2.007,NorCal_d2,103.701,0.081,-1.470,-1.610
CanSIPS-IC3,1999,NorCal_d2,JFM,88.227,-0.286,0.300,20,,-2.089,NorCal_d2,134.256,0.747,-1.530,-1.560
CanSIPS-IC3,2000,NorCal_d2,JFM,89.493,-0.255,0.400,20,,-0.523,NorCal_d2,76.414,-0.515,-0.780,-0.820
CanSIPS-IC3,2001,NorCal_d2,JFM,87.323,-0.308,0.300,20,,-0.212,NorCal_d2,57.669,-0.924,-0.320,-0.320
CanSIPS-IC3,2002,NorCal_d2,JFM,99.115,-0.022,0.450,20,,1.253,NorCal_d2,63.230,-0.802,1.080,1.130
CanSIPS-IC3,2003,NorCal_d2,JFM,101.514,0.037,0.450,20,,0.114,NorCal_d2,85.988,-0.306,0.290,0.220
CanSIPS-IC3,2004,NorCal_d2,JFM,98.767,-0.030,0.400,20,,0.585,NorCal_d2,86.446,-0.296,0.710,0.690
CanSIPS-IC3,2005,NorCal_d2,JFM,105.025,0.122,0.550,20,,-0.298,NorCal_d2,117.689,0.386,-0.820,-0.810
CanSIPS-IC3,2006,NorCal_d2,JFM,84.299,-0.382,0.400,20,,1.078,NorCal_d2,55.777,-0.965,0.880,0.890
CanSIPS-IC3,2007,NorCal_d2,JFM,78.783,-0.516,0.300,20,,-1.566,NorCal_d2,87.708,-0.268,-1.720,-1.650
CanSIPS-IC3,2008,NorCal_d2,JFM,85.196,-0.360,0.250,20,,-0.329,NorCal_d2,83.351,-0.363,-0.790,-0.860
CanSIPS-IC3,2009,NorCal_d2,JFM,117.718,0.431,0.550,20,,1.276,NorCal_d2,102.497,0.054,1.500,1.500
CanSIPS-IC3,2010,NorCal_d2,JFM,102.648,0.064,0.400,20,,-3.017,NorCal_d2,102.841,0.062,-1.480,-1.550
CanSIPS-IC3,2011,NorCal_d2,JFM,90.661,-0.227,0.300,20,,-1.313,NorCal_d2,94.185,-0.127,-0.920,-0.960
CanSIPS-IC3,2012,NorCal_d2,JFM,99.424,-0.014,0.350,20,,0.500,NorCal_d2,24.191,-1.654,-0.030,-0.270
CanSIPS-IC3,2013,NorCal_d2,JFM,95.266,-0.115,0.350,20,,0.066,NorCal_d2,86.389,-0.297,-0.110,-0.270
CanSIPS-IC3,2014,NorCal_d2,JFM,108.688,0.211,0.550,20,,0.613,NorCal_d2,34.395,-1.431,0.800,0.620
CanSIPS-IC3,2015,NorCal_d2,JFM,156.572,1.375,0.900,20,,2.891,NorCal_d2,126.345,0.575,2.590,2.250
CanSIPS-IC3,2016,NorCal_d2,JFM,92.858,-0.174,0.300,20,,-0.366,NorCal_d2,189.689,1.957,-0.370,-0.890
CanSIPS-IC3,2017,NorCal_d2,JFM,96.412,-0.087,0.450,20,,-0.839,NorCal_d2,80.370,-0.428,-0.760,-1.140
CanSIPS-IC3,2018,NorCal_d2,JFM,79.908,-0.488,0.150,20,,0.802,NorCal_d2,172.262,1.577,1.050,0.780
CanSIPS-IC3,2019,NorCal_d2,JFM,93.919,-0.148,0.400,20,,0.129,NorCal_d2,43.510,-1.232,0.750,0.220
CanSIPS-IC3,2020,NorCal_d2,JFM,101.092,0.027,0.500,20,,-1.132,NorCal_d2,56.179,-0.956,-1.060,-1.390
CanSIPS-IC3,2021,NorCal_d2,JFM,86.313,-0.333,0.300,20,,-1.007,NorCal_d2,12.096,-1.918,-0.830,-1.220
CanSIPS-IC3,2022,NorCal_d2,JFM,93.560,-0.157,0.400,20,,-1.169,NorCal_d2,152.198,1.139,-0.700,-0.990
CanSIPS-IC3,2023,NorCal_d2,JFM,102.723,0.066,0.600,20,,1.913,NorCal_d2,125.886,0.565,1.990,1.400
CanSIPS-IC3,1980,SoCal_box,DJF,111.632,0.173,0.450,20,,-0.266,SoCal_d6,57.073,-0.653,-0.050,0.090
CanSIPS-IC3,1981,SoCal_box,DJF,93.099,-0.103,0.450,20,,-0.495,SoCal_d6,57.351,-0.649,-0.140,-0.080
CanSIPS-IC3,1982,SoCal_box,DJF,191.028,1.355,0.850,20,,2.405,SoCal_d6,137.346,0.568,2.120,2.360
CanSIPS-IC3,1983,SoCal_box,DJF,96.164,-0.057,0.450,20,,-0.974,SoCal_d6,37.492,-0.951,-0.890,-0.960
CanSIPS-IC3,1984,SoCal_box,DJF,95.995,-0.060,0.250,20,,-0.661,SoCal_d6,79.160,-0.317,-1.060,-0.930
CanSIPS-IC3,1985,SoCal_box,DJF,92.267,-0.115,0.350,20,,-0.283,SoCal_d6,82.222,-0.271,-0.360,-0.210
CanSIPS-IC3,1986,SoCal_box,DJF,188.332,1.315,0.900,20,,1.343,SoCal_d6,47.422,-0.800,1.210,1.420
CanSIPS-IC3,1987,SoCal_box,DJF,105.691,0.085,0.450,20,,1.117,SoCal_d6,74.798,-0.383,1.000,0.800
CanSIPS-IC3,1988,SoCal_box,DJF,64.124,-0.534,0.300,20,,-2.435,SoCal_d6,66.539,-0.509,-1.850,-1.940
CanSIPS-IC3,1989,SoCal_box,DJF,68.222,-0.473,0.200,20,,-0.517,SoCal_d6,53.639,-0.705,-0.040,0.060
CanSIPS-IC3,1990,SoCal_box,DJF,97.866,-0.032,0.400,20,,0.293,SoCal_d6,49.835,-0.763,0.340,0.430
CanSIPS-IC3,1991,SoCal_box,DJF,148.970,0.729,0.750,20,,1.205,SoCal_d6,137.718,0.574,1.430,1.970
CanSIPS-IC3,1992,SoCal_box,DJF,109.304,0.139,0.500,20,,-0.148,SoCal_d6,260.587,2.444,-0.050,0.350
CanSIPS-IC3,1993,SoCal_box,DJF,107.484,0.111,0.400,20,,0.149,SoCal_d6,72.757,-0.415,0.190,0.420
CanSIPS-IC3,1994,SoCal_box,DJF,141.607,0.619,0.800,20,,0.715,SoCal_d6,177.066,1.173,0.970,1.280
CanSIPS-IC3,1995,SoCal_box,DJF,75.792,-0.360,0.350,20,,-1.346,SoCal_d6,94.565,-0.083,-1.010,-0.990
CanSIPS-IC3,1996,SoCal_box,DJF,76.307,-0.353,0.250,20,,-0.719,SoCal_d6,99.391,-0.009,-0.410,-0.290
CanSIPS-IC3,1997,SoCal_box,DJF,184.941,1.265,0.800,20,,3.101,SoCal_d6,233.489,2.031,2.370,2.280
CanSIPS-IC3,1998,SoCal_box,DJF,79.942,-0.299,0.250,20,,-2.007,SoCal_d6,38.327,-0.938,-1.470,-1.610
CanSIPS-IC3,1999,SoCal_box,DJF,80.647,-0.288,0.250,20,,-2.089,SoCal_d6,77.768,-0.338,-1.530,-1.560
CanSIPS-IC3,2000,SoCal_box,DJF,91.290,-0.130,0.350,20,,-0.523,SoCal_d6,105.794,0.088,-0.780,-0.820
CanSIPS-IC3,2001,SoCal_box,DJF,74.642,-0.378,0.150,20,,-0.212,SoCal_d6,24.314,-1.152,-0.320,-0.320
CanSIPS-IC3,2002,SoCal_box,DJF,98.236,-0.026,0.400,20,,1.253,SoCal_d6,84.728,-0.232,1.080,1.130
CanSIPS-IC3,2003,SoCal_box,DJF,98.756,-0.019,0.350,20,,0.114,SoCal_d6,72.014,-0.426,0.290,0.220
CanSIPS-IC3,2004,SoCal_box,DJF,90.930,-0.135,0.400,20,,0.585,SoCal_d6,230.798,1.990,0.710,0.690
CanSIPS-IC3,2005,SoCal_box,DJF,95.002,-0.074,0.450,20,,-0.298,SoCal_d6,55.588,-0.676,-0.820,-0.810
CanSIPS-IC3,2006,SoCal_box,DJF,103.024,0.045,0.400,20,,1.078,SoCal_d6,36.193,-0.971,0.880,0.890
CanSIPS-IC3,2007,SoCal_box,DJF,64.161,-0.534,0.200,20,,-1.566,SoCal_d6,121.849,0.332,-1.720,-1.650
CanSIPS-IC3,2008,SoCal_box,DJF,62.016,-0.566,0.150,20,,-0.329,SoCal_d6,83.150,-0.256,-0.790,-0.860
CanSIPS-IC3,2009,SoCal_box,DJF,130.721,0.457,0.550,20,,1.276,SoCal_d6,145.699,0.695,1.500,1.500
CanSIPS-IC3,2010,SoCal_box,DJF,63.490,-0.544,0.250,20,,-3.017,SoCal_d6,141.430,0.630,-1.480,-1.550
CanSIPS-IC3,2011,SoCal_box,DJF,71.450,-0.425,0.350,20,,-1.313,SoCal_d6,25.613,-1.132,-0.920,-0.960
CanSIPS-IC3,2012,SoCal_box,DJF,99.223,-0.012,0.350,20,,0.500,SoCal_d6,46.865,-0.809,-0.030,-0.270
CanSIPS-IC3,2013,SoCal_box,DJF,97.608,-0.036,0.500,20,,0.066,SoCal_d6,30.810,-1.053,-0.110,-0.270
CanSIPS-IC3,2014,SoCal_box,DJF,122.122,0.329,0.600,20,,0.613,SoCal_d6,66.446,-0.511,0.800,0.620
CanSIPS-IC3,2015,SoCal_box,DJF,191.981,1.369,0.900,20,,2.891,SoCal_d6,60.414,-0.602,2.590,2.250
CanSIPS-IC3,2016,SoCal_box,DJF,92.315,-0.114,0.400,20,,-0.366,SoCal_d6,182.819,1.260,-0.370,-0.890
CanSIPS-IC3,2017,SoCal_box,DJF,75.890,-0.359,0.250,20,,-0.839,SoCal_d6,30.068,-1.064,-0.760,-1.140
CanSIPS-IC3,2018,SoCal_box,DJF,98.215,-0.027,0.450,20,,0.802,SoCal_d6,149.689,0.756,1.050,0.780
CanSIPS-IC3,2019,SoCal_box,DJF,76.070,-0.356,0.250,20,,0.129,SoCal_d6,53.732,-0.704,0.750,0.220
CanSIPS-IC3,2020,SoCal_box,DJF,66.018,-0.506,0.200,20,,-1.132,SoCal_d6,45.009,-0.837,-1.060,-1.390
CanSIPS-IC3,2021,SoCal_box,DJF,69.907,-0.448,0.200,20,,-1.007,SoCal_d6,76.933,-0.351,-0.830,-1.220
CanSIPS-IC3,2022,SoCal_box,DJF,63.692,-0.541,0.200,20,,-1.169,SoCal_d6,173.354,1.116,-0.700,-0.990
CanSIPS-IC3,2023,SoCal_box,DJF,96.240,-0.056,0.450,20,,1.913,SoCal_d6,146.905,0.714,1.990,1.400
CanSIPS-IC3,1980,SoCal_box,JFM,99.259,-0.011,0.450,20,,-0.266,SoCal_d6,94.076,-0.093,-0.050,0.090
CanSIPS-IC3,1981,SoCal_box,JFM,100.611,0.009,0.350,20,,-0.495,SoCal_d6,109.324,0.146,-0.140,-0.080
CanSIPS-IC3,1982,SoCal_box,JFM,210.882,1.650,0.900,20,,2.405,SoCal_d6,203.770,1.623,2.120,2.360
CanSIPS-IC3,1983,SoCal_box,JFM,92.109,-0.117,0.400,20,,-0.974,SoCal_d6,5.730,-1.474,-0.890,-0.960
CanSIPS-IC3,1984,SoCal_box,JFM,103.985,0.059,0.300,20,,-0.661,SoCal_d6,37.150,-0.983,-1.060,-0.930
CanSIPS-IC3,1985,SoCal_box,JFM,81.939,-0.269,0.250,20,,-0.283,SoCal_d6,119.213,0.300,-0.360,-0.210
CanSIPS-IC3,1986,SoCal_box,JFM,173.426,1.093,0.900,20,,1.343,SoCal_d6,59.329,-0.636,1.210,1.420
CanSIPS-IC3,1987,SoCal_box,JFM,116.278,0.242,0.500,20,,1.117,SoCal_d6,49.533,-0.789,1.000,0.800
CanSIPS-IC3,1988,SoCal_box,JFM,66.729,-0.495,0.300,20,,-2.435,SoCal_d6,39.368,-0.948,-1.850,-1.940
CanSIPS-IC3,1989,SoCal_box,JFM,77.083,-0.341,0.300,20,,-0.517,SoCal_d6,57.388,-0.666,-0.040,0.060
CanSIPS-IC3,1990,SoCal_box,JFM,97.972,-0.030,0.450,20,,0.293,SoCal_d6,149.524,0.774,0.340,0.430
CanSIPS-IC3,1991,SoCal_box,JFM,141.229,0.614,0.700,20,,1.205,SoCal_d6,156.178,0.879,1.430,1.970
CanSIPS-IC3,1992,SoCal_box,JFM,119.634,0.292,0.650,20,,-0.148,SoCal_d6,238.333,2.163,-0.050,0.350
CanSIPS-IC3,1993,SoCal_box,JFM,108.994,0.134,0.450,20,,0.149,SoCal_d6,86.314,-0.214,0.190,0.420
CanSIPS-IC3,1994,SoCal_box,JFM,120.331,0.303,0.700,20,,0.715,SoCal_d6,244.802,2.264,0.970,1.280
CanSIPS-IC3,1995,SoCal_box,JFM,76.549,-0.349,0.200,20,,-1.346,SoCal_d6,100.822,0.013,-1.010,-0.990
CanSIPS-IC3,1996,SoCal_box,JFM,70.826,-0.434,0.200,20,,-0.719,SoCal_d6,58.590,-0.648,-0.410,-0.290
CanSIPS-IC3,1997,SoCal_box,JFM,200.487,1.495,0.800,20,,3.101,SoCal_d6,227.151,1.988,2.370,2.280
CanSIPS-IC3,1998,SoCal_box,JFM,74.999,-0.372,0.300,20,,-2.007,SoCal_d6,49.995,-0.782,-1.470,-1.610
CanSIPS-IC3,1999,SoCal_box,JFM,78.208,-0.324,0.200,20,,-2.089,SoCal_d6,96.479,-0.055,-1.530,-1.560
CanSIPS-IC3,2000,SoCal_box,JFM,90.956,-0.135,0.300,20,,-0.523,SoCal_d6,131.226,0.488,-0.780,-0.820
CanSIPS-IC3,2001,SoCal_box,JFM,80.924,-0.284,0.250,20,,-0.212,SoCal_d6,16.542,-1.305,-0.320,-0.320
CanSIPS-IC3,2002,SoCal_box,JFM,105.801,0.086,0.400,20,,1.253,SoCal_d6,81.416,-0.291,1.080,1.130
CanSIPS-IC3,2003,SoCal_box,JFM,105.310,0.079,0.550,20,,0.114,SoCal_d6,61.917,-0.596,0.290,0.220
CanSIPS-IC3,2004,SoCal_box,JFM,93.205,-0.101,0.350,20,,0.585,SoCal_d6,194.437,1.477,0.710,0.690
CanSIPS-IC3,2005,SoCal_box,JFM,96.760,-0.048,0.400,20,,-0.298,SoCal_d6,82.987,-0.266,-0.820,-0.810
CanSIPS-IC3,2006,SoCal_box,JFM,109.755,0.145,0.550,20,,1.078,SoCal_d6,29.665,-1.100,0.880,0.890
CanSIPS-IC3,2007,SoCal_box,JFM,56.060,-0.654,0.250,20,,-1.566,SoCal_d6,102.116,0.033,-1.720,-1.650
CanSIPS-IC3,2008,SoCal_box,JFM,56.771,-0.643,0.000,20,,-0.329,SoCal_d6,54.616,-0.710,-0.790,-0.860
CanSIPS-IC3,2009,SoCal_box,JFM,140.381,0.601,0.600,20,,1.276,SoCal_d6,116.995,0.266,1.500,1.500
CanSIPS-IC3,2010,SoCal_box,JFM,63.104,-0.549,0.200,20,,-3.017,SoCal_d6,85.667,-0.224,-1.480,-1.550
CanSIPS-IC3,2011,SoCal_box,JFM,57.005,-0.640,0.200,20,,-1.313,SoCal_d6,42.787,-0.895,-0.920,-0.960
CanSIPS-IC3,2012,SoCal_box,JFM,99.354,-0.010,0.350,20,,0.500,SoCal_d6,30.773,-1.083,-0.030,-0.270
CanSIPS-IC3,2013,SoCal_box,JFM,93.293,-0.100,0.300,20,,0.066,SoCal_d6,42.880,-0.893,-0.110,-0.270
CanSIPS-IC3,2014,SoCal_box,JFM,123.664,0.352,0.700,20,,0.613,SoCal_d6,25.783,-1.161,0.800,0.620
CanSIPS-IC3,2015,SoCal_box,JFM,200.067,1.489,0.800,20,,2.891,SoCal_d6,68.386,-0.494,2.590,2.250
CanSIPS-IC3,2016,SoCal_box,JFM,95.939,-0.060,0.350,20,,-0.366,SoCal_d6,144.719,0.699,-0.370,-0.890
CanSIPS-IC3,2017,SoCal_box,JFM,74.865,-0.374,0.200,20,,-0.839,SoCal_d6,66.999,-0.516,-0.760,-1.140
CanSIPS-IC3,2018,SoCal_box,JFM,97.257,-0.041,0.450,20,,0.802,SoCal_d6,155.161,0.863,1.050,0.780
CanSIPS-IC3,2019,SoCal_box,JFM,70.300,-0.442,0.100,20,,0.129,SoCal_d6,56.742,-0.676,0.750,0.220
CanSIPS-IC3,2020,SoCal_box,JFM,68.232,-0.473,0.250,20,,-1.132,SoCal_d6,47.038,-0.828,-1.060,-1.390
CanSIPS-IC3,2021,SoCal_box,JFM,60.395,-0.589,0.150,20,,-1.007,SoCal_d6,21.625,-1.226,-0.830,-1.220
CanSIPS-IC3,2022,SoCal_box,JFM,63.003,-0.551,0.100,20,,-1.169,SoCal_d6,215.414,1.805,-0.700,-0.990
CanSIPS-IC3,2023,SoCal_box,JFM,99.830,-0.003,0.350,20,,1.913,SoCal_d6,160.614,0.948,1.990,1.400
CanSIPS-IC3,1980,SoCal_d6,DJF,114.631,0.199,0.350,20,,-0.266,SoCal_d6,57.073,-0.653,-0.050,0.090
CanSIPS-IC3,1981,SoCal_d6,DJF,91.509,-0.116,0.300,20,,-0.495,SoCal_d6,57.351,-0.649,-0.140,-0.080
CanSIPS-IC3,1982,SoCal_d6,DJF,187.377,1.191,0.850,20,,2.405,SoCal_d6,137.346,0.568,2.120,2.360
CanSIPS-IC3,1983,SoCal_d6,DJF,94.830,-0.070,0.350,20,,-0.974,SoCal_d6,37.492,-0.951,-0.890,-0.960
CanSIPS-IC3,1984,SoCal_d6,DJF,98.503,-0.020,0.350,20,,-0.661,SoCal_d6,79.160,-0.317,-1.060,-0.930
CanSIPS-IC3,1985,SoCal_d6,DJF,90.183,-0.134,0.350,20,,-0.283,SoCal_d6,82.222,-0.271,-0.360,-0.210
CanSIPS-IC3,1986,SoCal_d6,DJF,183.972,1.144,0.750,20,,1.343,SoCal_d6,47.422,-0.800,1.210,1.420
CanSIPS-IC3,1987,SoCal_d6,DJF,108.394,0.114,0.550,20,,1.117,SoCal_d6,74.798,-0.383,1.000,0.800
CanSIPS-IC3,1988,SoCal_d6,DJF,66.046,-0.463,0.250,20,,-2.435,SoCal_d6,66.539,-0.509,-1.850,-1.940
CanSIPS-IC3,1989,SoCal_d6,DJF,61.933,-0.519,0.250,20,,-0.517,SoCal_d6,53.639,-0.705,-0.040,0.060
CanSIPS-IC3,1990,SoCal_d6,DJF,98.264,-0.024,0.400,20,,0.293,SoCal_d6,49.835,-0.763,0.340,0.430
CanSIPS-IC3,1991,SoCal_d6,DJF,146.328,0.631,0.650,20,,1.205,SoCal_d6,137.718,0.574,1.430,1.970
CanSIPS-IC3,1992,SoCal_d6,DJF,109.779,0.133,0.500,20,,-0.148,SoCal_d6,260.587,2.444,-0.050,0.350
CanSIPS-IC3,1993,SoCal_d6,DJF,104.895,0.067,0.350,20,,0.149,SoCal_d6,72.757,-0.415,0.190,0.420
CanSIPS-IC3,1994,SoCal_d6,DJF,133.260,0.453,0.700,20,,0.715,SoCal_d6,177.066,1.173,0.970,1.280
CanSIPS-IC3,1995,SoCal_d6,DJF,71.710,-0.386,0.250,20,,-1.346,SoCal_d6,94.565,-0.083,-1.010,-0.990
CanSIPS-IC3,1996,SoCal_d6,DJF,75.235,-0.338,0.250,20,,-0.719,SoCal_d6,99.391,-0.009,-0.410,-0.290
CanSIPS-IC3,1997,SoCal_d6,DJF,191.135,1.242,0.850,20,,3.101,SoCal_d6,233.489,2.031,2.370,2.280
CanSIPS-IC3,1998,SoCal_d6,DJF,79.399,-0.281,0.300,20,,-2.007,SoCal_d6,38.327,-0.938,-1.470,-1.610
CanSIPS-IC3,1999,SoCal_d6,DJF,79.244,-0.283,0.200,20,,-2.089,SoCal_d6,77.768,-0.338,-1.530,-1.560
CanSIPS-IC3,2000,SoCal_d6,DJF,89.330,-0.145,0.250,20,,-0.523,SoCal_d6,105.794,0.088,-0.780,-0.820
CanSIPS-IC3,2001,SoCal_d6,DJF,76.585,-0.319,0.200,20,,-0.212,SoCal_d6,24.314,-1.152,-0.320,-0.320
CanSIPS-IC3,2002,SoCal_d6,DJF,104.381,0.060,0.450,20,,1.253,SoCal_d6,84.728,-0.232,1.080,1.130
CanSIPS-IC3,2003,SoCal_d6,DJF,97.064,-0.040,0.350,20,,0.114,SoCal_d6,72.014,-0.426,0.290,0.220
CanSIPS-IC3,2004,SoCal_d6,DJF,90.241,-0.133,0.300,20,,0.585,SoCal_d6,230.798,1.990,0.710,0.690
CanSIPS-IC3,2005,SoCal_d6,DJF,97.372,-0.036,0.400,20,,-0.298,SoCal_d6,55.588,-0.676,-0.820,-0.810
CanSIPS-IC3,2006,SoCal_d6,DJF,99.700,-0.004,0.350,20,,1.078,SoCal_d6,36.193,-0.971,0.880,0.890
CanSIPS-IC3,2007,SoCal_d6,DJF,65.242,-0.474,0.200,20,,-1.566,SoCal_d6,121.849,0.332,-1.720,-1.650
CanSIPS-IC3,2008,SoCal_d6,DJF,60.621,-0.537,0.150,20,,-0.329,SoCal_d6,83.150,-0.256,-0.790,-0.860
CanSIPS-IC3,2009,SoCal_d6,DJF,129.061,0.396,0.550,20,,1.276,SoCal_d6,145.699,0.695,1.500,1.500
CanSIPS-IC3,2010,SoCal_d6,DJF,71.223,-0.392,0.300,20,,-3.017,SoCal_d6,141.430,0.630,-1.480,-1.550
CanSIPS-IC3,2011,SoCal_d6,DJF,72.691,-0.372,0.300,20,,-1.313,SoCal_d6,25.613,-1.132,-0.920,-0.960
CanSIPS-IC3,2012,SoCal_d6,DJF,100.958,0.013,0.300,20,,0.500,SoCal_d6,46.865,-0.809,-0.030,-0.270
CanSIPS-IC3,2013,SoCal_d6,DJF,96.795,-0.044,0.550,20,,0.066,SoCal_d6,30.810,-1.053,-0.110,-0.270
CanSIPS-IC3,2014,SoCal_d6,DJF,125.671,0.350,0.500,20,,0.613,SoCal_d6,66.446,-0.511,0.800,0.620
CanSIPS-IC3,2015,SoCal_d6,DJF,197.148,1.324,0.800,20,,2.891,SoCal_d6,60.414,-0.602,2.590,2.250
CanSIPS-IC3,2016,SoCal_d6,DJF,91.006,-0.123,0.400,20,,-0.366,SoCal_d6,182.819,1.260,-0.370,-0.890
CanSIPS-IC3,2017,SoCal_d6,DJF,75.017,-0.341,0.250,20,,-0.839,SoCal_d6,30.068,-1.064,-0.760,-1.140
CanSIPS-IC3,2018,SoCal_d6,DJF,92.550,-0.102,0.300,20,,0.802,SoCal_d6,149.689,0.756,1.050,0.780
CanSIPS-IC3,2019,SoCal_d6,DJF,78.093,-0.299,0.200,20,,0.129,SoCal_d6,53.732,-0.704,0.750,0.220
CanSIPS-IC3,2020,SoCal_d6,DJF,69.267,-0.419,0.300,20,,-1.132,SoCal_d6,45.009,-0.837,-1.060,-1.390
CanSIPS-IC3,2021,SoCal_d6,DJF,67.251,-0.446,0.200,20,,-1.007,SoCal_d6,76.933,-0.351,-0.830,-1.220
CanSIPS-IC3,2022,SoCal_d6,DJF,64.604,-0.482,0.300,20,,-1.169,SoCal_d6,173.354,1.116,-0.700,-0.990
CanSIPS-IC3,2023,SoCal_d6,DJF,95.354,-0.063,0.400,20,,1.913,SoCal_d6,146.905,0.714,1.990,1.400
CanSIPS-IC3,1980,SoCal_d6,JFM,102.909,0.039,0.400,20,,-0.266,SoCal_d6,94.076,-0.093,-0.050,0.090
CanSIPS-IC3,1981,SoCal_d6,JFM,102.059,0.028,0.400,20,,-0.495,SoCal_d6,109.324,0.146,-0.140,-0.080
CanSIPS-IC3,1982,SoCal_d6,JFM,205.909,1.428,0.900,20,,2.405,SoCal_d6,203.770,1.623,2.120,2.360
CanSIPS-IC3,1983,SoCal_d6,JFM,93.419,-0.089,0.300,20,,-0.974,SoCal_d6,5.730,-1.474,-0.890,-0.960
CanSIPS-IC3,1984,SoCal_d6,JFM,103.588,0.048,0.300,20,,-0.661,SoCal_d6,37.150,-0.983,-1.060,-0.930
CanSIPS-IC3,1985,SoCal_d6,JFM,79.211,-0.280,0.250,20,,-0.283,SoCal_d6,119.213,0.300,-0.360,-0.210
CanSIPS-IC3,1986,SoCal_d6,JFM,166.912,0.902,0.650,20,,1.343,SoCal_d6,59.329,-0.636,1.210,1.420
CanSIPS-IC3,1987,SoCal_d6,JFM,116.475,0.222,0.450,20,,1.117,SoCal_d6,49.533,-0.789,1.000,0.800
CanSIPS-IC3,1988,SoCal_d6,JFM,69.358,-0.413,0.300,20,,-2.435,SoCal_d6,39.368,-0.948,-1.850,-1.940
CanSIPS-IC3,1989,SoCal_d6,JFM,73.228,-0.361,0.250,20,,-0.517,SoCal_d6,57.388,-0.666,-0.040,0.060
CanSIPS-IC3,1990,SoCal_d6,JFM,96.220,-0.051,0.400,20,,0.293,SoCal_d6,149.524,0.774,0.340,0.430
CanSIPS-IC3,1991,SoCal_d6,JFM,139.165,0.528,0.700,20,,1.205,SoCal_d6,156.178,0.879,1.430,1.970
CanSIPS-IC3,1992,SoCal_d6,JFM,113.881,0.187,0.600,20,,-0.148,SoCal_d6,238.333,2.163,-0.050,0.350
CanSIPS-IC3,1993,SoCal_d6,JFM,104.183,0.056,0.350,20,,0.149,SoCal_d6,86.314,-0.214,0.190,0.420
CanSIPS-IC3,1994,SoCal_d6,JFM,112.696,0.171,0.500,20,,0.715,SoCal_d6,244.802,2.264,0.970,1.280
CanSIPS-IC3,1995,SoCal_d6,JFM,75.464,-0.331,0.150,20,,-1.346,SoCal_d6,100.822,0.013,-1.010,-0.990
CanSIPS-IC3,1996,SoCal_d6,JFM,70.302,-0.400,0.200,20,,-0.719,SoCal_d6,58.590,-0.648,-0.410,-0.290
CanSIPS-IC3,1997,SoCal_d6,JFM,205.178,1.418,0.750,20,,3.101,SoCal_d6,227.151,1.988,2.370,2.280
CanSIPS-IC3,1998,SoCal_d6,JFM,75.371,-0.332,0.350,20,,-2.007,SoCal_d6,49.995,-0.782,-1.470,-1.610
CanSIPS-IC3,1999,SoCal_d6,JFM,79.597,-0.275,0.250,20,,-2.089,SoCal_d6,96.479,-0.055,-1.530,-1.560
CanSIPS-IC3,2000,SoCal_d6,JFM,87.805,-0.164,0.300,20,,-0.523,SoCal_d6,131.226,0.488,-0.780,-0.820
CanSIPS-IC3,2001,SoCal_d6,JFM,83.983,-0.216,0.300,20,,-0.212,SoCal_d6,16.542,-1.305,-0.320,-0.320
CanSIPS-IC3,2002,SoCal_d6,JFM,108.859,0.119,0.350,20,,1.253,SoCal_d6,81.416,-0.291,1.080,1.130
CanSIPS-IC3,2003,SoCal_d6,JFM,108.077,0.109,0.350,20,,0.114,SoCal_d6,61.917,-0.596,0.290,0.220
CanSIPS-IC3,2004,SoCal_d6,JFM,92.225,-0.105,0.300,20,,0.585,SoCal_d6,194.437,1.477,0.710,0.690
CanSIPS-IC3,2005,SoCal_d6,JFM,98.735,-0.017,0.400,20,,-0.298,SoCal_d6,82.987,-0.266,-0.820,-0.810
CanSIPS-IC3,2006,SoCal_d6,JFM,105.468,0.074,0.400,20,,1.078,SoCal_d6,29.665,-1.100,0.880,0.890
CanSIPS-IC3,2007,SoCal_d6,JFM,55.019,-0.607,0.200,20,,-1.566,SoCal_d6,102.116,0.033,-1.720,-1.650
CanSIPS-IC3,2008,SoCal_d6,JFM,56.366,-0.588,0.050,20,,-0.329,SoCal_d6,54.616,-0.710,-0.790,-0.860
CanSIPS-IC3,2009,SoCal_d6,JFM,139.644,0.535,0.550,20,,1.276,SoCal_d6,116.995,0.266,1.500,1.500
CanSIPS-IC3,2010,SoCal_d6,JFM,72.769,-0.367,0.200,20,,-3.017,SoCal_d6,85.667,-0.224,-1.480,-1.550
CanSIPS-IC3,2011,SoCal_d6,JFM,58.857,-0.555,0.200,20,,-1.313,SoCal_d6,42.787,-0.895,-0.920,-0.960
CanSIPS-IC3,2012,SoCal_d6,JFM,102.578,0.035,0.350,20,,0.500,SoCal_d6,30.773,-1.083,-0.030,-0.270
CanSIPS-IC3,2013,SoCal_d6,JFM,92.899,-0.096,0.400,20,,0.066,SoCal_d6,42.880,-0.893,-0.110,-0.270
CanSIPS-IC3,2014,SoCal_d6,JFM,124.813,0.335,0.650,20,,0.613,SoCal_d6,25.783,-1.161,0.800,0.620
CanSIPS-IC3,2015,SoCal_d6,JFM,205.133,1.418,0.800,20,,2.891,SoCal_d6,68.386,-0.494,2.590,2.250
CanSIPS-IC3,2016,SoCal_d6,JFM,93.637,-0.086,0.350,20,,-0.366,SoCal_d6,144.719,0.699,-0.370,-0.890
CanSIPS-IC3,2017,SoCal_d6,JFM,74.518,-0.344,0.200,20,,-0.839,SoCal_d6,66.999,-0.516,-0.760,-1.140
CanSIPS-IC3,2018,SoCal_d6,JFM,94.989,-0.068,0.400,20,,0.802,SoCal_d6,155.161,0.863,1.050,0.780
CanSIPS-IC3,2019,SoCal_d6,JFM,71.569,-0.383,0.100,20,,0.129,SoCal_d6,56.742,-0.676,0.750,0.220
CanSIPS-IC3,2020,SoCal_d6,JFM,71.742,-0.381,0.250,20,,-1.132,SoCal_d6,47.038,-0.828,-1.060,-1.390
CanSIPS-IC3,2021,SoCal_d6,JFM,60.447,-0.533,0.150,20,,-1.007,SoCal_d6,21.625,-1.226,-0.830,-1.220
CanSIPS-IC3,2022,SoCal_d6,JFM,64.215,-0.483,0.200,20,,-1.169,SoCal_d6,215.414,1.805,-0.700,-0.990
CanSIPS-IC3,2023,SoCal_d6,JFM,97.111,-0.039,0.350,20,,1.913,SoCal_d6,160.614,0.948,1.990,1.400
CanSIPS-IC4,1990,NorCal_box,DJF,103.091,0.063,0.450,40,,0.172,NorCal_d2,27.094,-1.729,0.340,0.430
CanSIPS-IC4,1991,NorCal_box,DJF,93.632,-0.130,0.375,40,,0.790,NorCal_d2,73.118,-0.638,1.430,1.970
CanSIPS-IC4,1992,NorCal_box,DJF,99.984,-0.000,0.425,40,,-0.157,NorCal_d2,159.650,1.415,-0.050,0.350
CanSIPS-IC4,1993,NorCal_box,DJF,107.559,0.155,0.400,40,,-0.292,NorCal_d2,68.611,-0.744,0.190,0.420
CanSIPS-IC4,1994,NorCal_box,DJF,100.812,0.017,0.475,40,,0.083,NorCal_d2,140.880,0.970,0.970,1.280
CanSIPS-IC4,1995,NorCal_box,DJF,94.545,-0.112,0.400,40,,-1.080,NorCal_d2,150.477,1.197,-1.010,-0.990
CanSIPS-IC4,1996,NorCal_box,DJF,98.936,-0.022,0.525,40,,-0.514,NorCal_d2,154.825,1.300,-0.410,-0.290
CanSIPS-IC4,1997,NorCal_box,DJF,140.671,0.833,0.725,40,,3.039,NorCal_d2,166.278,1.572,2.370,2.280
CanSIPS-IC4,1998,NorCal_box,DJF,100.063,0.001,0.475,40,,-1.256,NorCal_d2,91.304,-0.206,-1.470,-1.610
CanSIPS-IC4,1999,NorCal_box,DJF,90.669,-0.191,0.325,40,,-1.835,NorCal_d2,113.627,0.323,-1.530,-1.560
CanSIPS-IC4,2000,NorCal_box,DJF,91.785,-0.168,0.325,40,,-0.686,NorCal_d2,62.884,-0.880,-0.780,-0.820
CanSIPS-IC4,2001,NorCal_box,DJF,96.347,-0.075,0.400,40,,-0.228,NorCal_d2,85.843,-0.336,-0.320,-0.320
CanSIPS-IC4,2002,NorCal_box,DJF,102.751,0.056,0.425,40,,0.907,NorCal_d2,111.771,0.279,1.080,1.130
CanSIPS-IC4,2003,NorCal_box,DJF,96.928,-0.063,0.350,40,,-0.254,NorCal_d2,128.897,0.685,0.290,0.220
CanSIPS-IC4,2004,NorCal_box,DJF,88.232,-0.241,0.375,40,,0.346,NorCal_d2,90.562,-0.224,0.710,0.690
CanSIPS-IC4,2005,NorCal_box,DJF,107.172,0.147,0.450,40,,-0.254,NorCal_d2,145.016,1.068,-0.820,-0.810
CanSIPS-IC4,2006,NorCal_box,DJF,89.901,-0.207,0.325,40,,0.712,NorCal_d2,74.019,-0.616,0.880,0.890
CanSIPS-IC4,2007,NorCal_box,DJF,101.550,0.032,0.425,40,,-1.320,NorCal_d2,102.015,0.048,-1.720,-1.650
CanSIPS-IC4,2008,NorCal_box,DJF,104.346,0.089,0.350,40,,-0.088,NorCal_d2,73.224,-0.635,-0.790,-0.860
CanSIPS-IC4,2009,NorCal_box,DJF,93.278,-0.138,0.275,40,,1.242,NorCal_d2,98.250,-0.041,1.500,1.500
CanSIPS-IC4,2010,NorCal_box,DJF,99.226,-0.016,0.475,40,,-1.846,NorCal_d2,93.372,-0.157,-1.480,-1.550
CanSIPS-IC4,2011,NorCal_box,DJF,93.441,-0.134,0.400,40,,-1.209,NorCal_d2,41.569,-1.386,-0.920,-0.960
CanSIPS-IC4,2012,NorCal_box,DJF,94.130,-0.120,0.350,40,,0.434,NorCal_d2,69.512,-0.723,-0.030,-0.270
CanSIPS-IC4,2013,NorCal_box,DJF,101.845,0.038,0.500,40,,0.002,NorCal_d2,48.780,-1.215,-0.110,-0.270
CanSIPS-IC4,2014,NorCal_box,DJF,106.523,0.134,0.450,40,,0.515,NorCal_d2,89.608,-0.246,0.800,0.620
CanSIPS-IC4,2015,NorCal_box,DJF,117.699,0.363,0.550,40,,2.750,NorCal_d2,105.302,0.126,2.590,2.250
CanSIPS-IC4,2016,NorCal_box,DJF,99.493,-0.010,0.400,40,,-0.101,NorCal_d2,188.812,2.106,-0.370,-0.890
CanSIPS-IC4,2017,NorCal_box,DJF,98.141,-0.038,0.400,40,,-0.693,NorCal_d2,34.199,-1.561,-0.760,-1.140
CanSIPS-IC4,2018,NorCal_box,DJF,90.269,-0.199,0.400,40,,0.614,NorCal_d2,143.902,1.041,1.050,0.780
CanSIPS-IC4,2019,NorCal_box,DJF,96.982,-0.062,0.450,40,,0.208,NorCal_d2,58.324,-0.988,0.750,0.220
CanSIPS-IC4,2020,NorCal_box,DJF,108.992,0.184,0.525,40,,-0.863,NorCal_d2,52.704,-1.122,-1.060,-1.390
CanSIPS-IC4,2021,NorCal_box,DJF,96.022,-0.082,0.425,40,,-0.430,NorCal_d2,52.916,-1.117,-0.830,-1.220
CanSIPS-IC4,2022,NorCal_box,DJF,97.103,-0.059,0.475,40,,-0.294,NorCal_d2,137.381,0.887,-0.700,-0.990
CanSIPS-IC4,2023,NorCal_box,DJF,100.602,0.012,0.475,40,,2.118,NorCal_d2,109.120,0.216,1.990,1.400
CanSIPS-IC4,2024,NorCal_box,DJF,93.435,-0.135,0.375,40,,-0.889,NorCal_d2,99.894,-0.003,-0.430,-1.050
CanSIPS-IC4,2025,NorCal_box,DJF,88.138,-0.243,0.300,40,,-0.716,NorCal_d2,103.977,0.094,-0.600,-1.040
CanSIPS-IC4,2026,NorCal_box,DJF,148.413,0.992,0.825,40,,3.842,NorCal_d2,,,,
CanSIPS-IC4,1990,NorCal_box,JFM,107.136,0.143,0.500,40,,0.172,NorCal_d2,95.103,-0.107,0.340,0.430
CanSIPS-IC4,1991,NorCal_box,JFM,95.508,-0.090,0.400,40,,0.790,NorCal_d2,82.720,-0.377,1.430,1.970
CanSIPS-IC4,1992,NorCal_box,JFM,105.369,0.108,0.475,40,,-0.157,NorCal_d2,140.791,0.890,-0.050,0.350
CanSIPS-IC4,1993,NorCal_box,JFM,107.348,0.147,0.400,40,,-0.292,NorCal_d2,56.408,-0.951,0.190,0.420
CanSIPS-IC4,1994,NorCal_box,JFM,102.632,0.053,0.500,40,,0.083,NorCal_d2,211.358,2.430,0.970,1.280
CanSIPS-IC4,1995,NorCal_box,JFM,100.866,0.017,0.400,40,,-1.080,NorCal_d2,126.173,0.571,-1.010,-0.990
CanSIPS-IC4,1996,NorCal_box,JFM,97.776,-0.045,0.475,40,,-0.514,NorCal_d2,88.854,-0.243,-0.410,-0.290
CanSIPS-IC4,1997,NorCal_box,JFM,143.080,0.863,0.775,40,,3.039,NorCal_d2,189.689,1.957,2.370,2.280
CanSIPS-IC4,1998,NorCal_box,JFM,104.338,0.087,0.475,40,,-1.256,NorCal_d2,103.701,0.081,-1.470,-1.610
CanSIPS-IC4,1999,NorCal_box,JFM,94.442,-0.111,0.325,40,,-1.835,NorCal_d2,134.256,0.747,-1.530,-1.560
CanSIPS-IC4,2000,NorCal_box,JFM,92.078,-0.159,0.375,40,,-0.686,NorCal_d2,76.414,-0.515,-0.780,-0.820
CanSIPS-IC4,2001,NorCal_box,JFM,104.240,0.085,0.425,40,,-0.228,NorCal_d2,57.669,-0.924,-0.320,-0.320
CanSIPS-IC4,2002,NorCal_box,JFM,91.432,-0.172,0.350,40,,0.907,NorCal_d2,63.230,-0.802,1.080,1.130
CanSIPS-IC4,2003,NorCal_box,JFM,91.414,-0.172,0.300,40,,-0.254,NorCal_d2,85.988,-0.306,0.290,0.220
CanSIPS-IC4,2004,NorCal_box,JFM,87.695,-0.246,0.325,40,,0.346,NorCal_d2,86.446,-0.296,0.710,0.690
CanSIPS-IC4,2005,NorCal_box,JFM,101.574,0.032,0.425,40,,-0.254,NorCal_d2,117.689,0.386,-0.820,-0.810
CanSIPS-IC4,2006,NorCal_box,JFM,88.497,-0.230,0.350,40,,0.712,NorCal_d2,55.777,-0.965,0.880,0.890
CanSIPS-IC4,2007,NorCal_box,JFM,94.551,-0.109,0.325,40,,-1.320,NorCal_d2,87.708,-0.268,-1.720,-1.650
CanSIPS-IC4,2008,NorCal_box,JFM,95.977,-0.081,0.375,40,,-0.088,NorCal_d2,83.351,-0.363,-0.790,-0.860
CanSIPS-IC4,2009,NorCal_box,JFM,102.021,0.040,0.350,40,,1.242,NorCal_d2,102.497,0.054,1.500,1.500
CanSIPS-IC4,2010,NorCal_box,JFM,96.661,-0.067,0.400,40,,-1.846,NorCal_d2,102.841,0.062,-1.480,-1.550
CanSIPS-IC4,2011,NorCal_box,JFM,90.748,-0.185,0.300,40,,-1.209,NorCal_d2,94.185,-0.127,-0.920,-0.960
CanSIPS-IC4,2012,NorCal_box,JFM,94.339,-0.113,0.350,40,,0.434,NorCal_d2,24.191,-1.654,-0.030,-0.270
CanSIPS-IC4,2013,NorCal_box,JFM,101.061,0.021,0.400,40,,0.002,NorCal_d2,86.389,-0.297,-0.110,-0.270
CanSIPS-IC4,2014,NorCal_box,JFM,100.629,0.013,0.450,40,,0.515,NorCal_d2,34.395,-1.431,0.800,0.620
CanSIPS-IC4,2015,NorCal_box,JFM,123.887,0.478,0.525,40,,2.750,NorCal_d2,126.345,0.575,2.590,2.250
CanSIPS-IC4,2016,NorCal_box,JFM,107.525,0.151,0.475,40,,-0.101,NorCal_d2,189.689,1.957,-0.370,-0.890
CanSIPS-IC4,2017,NorCal_box,JFM,96.577,-0.069,0.400,40,,-0.693,NorCal_d2,80.370,-0.428,-0.760,-1.140
CanSIPS-IC4,2018,NorCal_box,JFM,84.441,-0.312,0.325,40,,0.614,NorCal_d2,172.262,1.577,1.050,0.780
CanSIPS-IC4,2019,NorCal_box,JFM,96.158,-0.077,0.375,40,,0.208,NorCal_d2,43.510,-1.232,0.750,0.220
CanSIPS-IC4,2020,NorCal_box,JFM,111.185,0.224,0.550,40,,-0.863,NorCal_d2,56.179,-0.956,-1.060,-1.390
CanSIPS-IC4,2021,NorCal_box,JFM,96.368,-0.073,0.450,40,,-0.430,NorCal_d2,12.096,-1.918,-0.830,-1.220
CanSIPS-IC4,2022,NorCal_box,JFM,99.387,-0.012,0.400,40,,-0.294,NorCal_d2,152.198,1.139,-0.700,-0.990
CanSIPS-IC4,2023,NorCal_box,JFM,103.142,0.063,0.500,40,,2.118,NorCal_d2,125.886,0.565,1.990,1.400
CanSIPS-IC4,2024,NorCal_box,JFM,97.649,-0.047,0.425,40,,-0.889,NorCal_d2,94.587,-0.118,-0.430,-1.050
CanSIPS-IC4,2025,NorCal_box,JFM,91.015,-0.180,0.350,40,,-0.716,NorCal_d2,62.370,-0.821,-0.600,-1.040
CanSIPS-IC4,2026,NorCal_box,JFM,147.349,0.948,0.850,40,,3.842,NorCal_d2,,,,
CanSIPS-IC4,1990,NorCal_d2,DJF,102.967,0.061,0.450,40,,0.172,NorCal_d2,27.094,-1.729,0.340,0.430
CanSIPS-IC4,1991,NorCal_d2,DJF,93.627,-0.132,0.400,40,,0.790,NorCal_d2,73.118,-0.638,1.430,1.970
CanSIPS-IC4,1992,NorCal_d2,DJF,99.434,-0.012,0.400,40,,-0.157,NorCal_d2,159.650,1.415,-0.050,0.350
CanSIPS-IC4,1993,NorCal_d2,DJF,107.259,0.150,0.400,40,,-0.292,NorCal_d2,68.611,-0.744,0.190,0.420
CanSIPS-IC4,1994,NorCal_d2,DJF,100.762,0.016,0.450,40,,0.083,NorCal_d2,140.880,0.970,0.970,1.280
CanSIPS-IC4,1995,NorCal_d2,DJF,94.401,-0.116,0.400,40,,-1.080,NorCal_d2,150.477,1.197,-1.010,-0.990
CanSIPS-IC4,1996,NorCal_d2,DJF,98.881,-0.023,0.525,40,,-0.514,NorCal_d2,154.825,1.300,-0.410,-0.290
CanSIPS-IC4,1997,NorCal_d2,DJF,138.796,0.801,0.750,40,,3.039,NorCal_d2,166.278,1.572,2.370,2.280
CanSIPS-IC4,1998,NorCal_d2,DJF,99.908,-0.002,0.475,40,,-1.256,NorCal_d2,91.304,-0.206,-1.470,-1.610
CanSIPS-IC4,1999,NorCal_d2,DJF,90.988,-0.186,0.325,40,,-1.835,NorCal_d2,113.627,0.323,-1.530,-1.560
CanSIPS-IC4,2000,NorCal_d2,DJF,91.696,-0.171,0.350,40,,-0.686,NorCal_d2,62.884,-0.880,-0.780,-0.820
CanSIPS-IC4,2001,NorCal_d2,DJF,96.497,-0.072,0.425,40,,-0.228,NorCal_d2,85.843,-0.336,-0.320,-0.320
CanSIPS-IC4,2002,NorCal_d2,DJF,103.127,0.065,0.400,40,,0.907,NorCal_d2,111.771,0.279,1.080,1.130
CanSIPS-IC4,2003,NorCal_d2,DJF,97.104,-0.060,0.375,40,,-0.254,NorCal_d2,128.897,0.685,0.290,0.220
CanSIPS-IC4,2004,NorCal_d2,DJF,88.579,-0.236,0.375,40,,0.346,NorCal_d2,90.562,-0.224,0.710,0.690
CanSIPS-IC4,2005,NorCal_d2,DJF,107.433,0.153,0.475,40,,-0.254,NorCal_d2,145.016,1.068,-0.820,-0.810
CanSIPS-IC4,2006,NorCal_d2,DJF,90.075,-0.205,0.325,40,,0.712,NorCal_d2,74.019,-0.616,0.880,0.890
CanSIPS-IC4,2007,NorCal_d2,DJF,101.359,0.028,0.425,40,,-1.320,NorCal_d2,102.015,0.048,-1.720,-1.650
CanSIPS-IC4,2008,NorCal_d2,DJF,104.948,0.102,0.350,40,,-0.088,NorCal_d2,73.224,-0.635,-0.790,-0.860
CanSIPS-IC4,2009,NorCal_d2,DJF,93.227,-0.140,0.275,40,,1.242,NorCal_d2,98.250,-0.041,1.500,1.500
CanSIPS-IC4,2010,NorCal_d2,DJF,99.706,-0.006,0.475,40,,-1.846,NorCal_d2,93.372,-0.157,-1.480,-1.550
CanSIPS-IC4,2011,NorCal_d2,DJF,93.530,-0.134,0.425,40,,-1.209,NorCal_d2,41.569,-1.386,-0.920,-0.960
CanSIPS-IC4,2012,NorCal_d2,DJF,94.049,-0.123,0.350,40,,0.434,NorCal_d2,69.512,-0.723,-0.030,-0.270
CanSIPS-IC4,2013,NorCal_d2,DJF,102.234,0.046,0.500,40,,0.002,NorCal_d2,48.780,-1.215,-0.110,-0.270
CanSIPS-IC4,2014,NorCal_d2,DJF,106.755,0.139,0.475,40,,0.515,NorCal_d2,89.608,-0.246,0.800,0.620
CanSIPS-IC4,2015,NorCal_d2,DJF,117.299,0.357,0.550,40,,2.750,NorCal_d2,105.302,0.126,2.590,2.250
CanSIPS-IC4,2016,NorCal_d2,DJF,99.434,-0.012,0.400,40,,-0.101,NorCal_d2,188.812,2.106,-0.370,-0.890
CanSIPS-IC4,2017,NorCal_d2,DJF,98.535,-0.030,0.400,40,,-0.693,NorCal_d2,34.199,-1.561,-0.760,-1.140
CanSIPS-IC4,2018,NorCal_d2,DJF,90.203,-0.202,0.400,40,,0.614,NorCal_d2,143.902,1.041,1.050,0.780
CanSIPS-IC4,2019,NorCal_d2,DJF,97.185,-0.058,0.500,40,,0.208,NorCal_d2,58.324,-0.988,0.750,0.220
CanSIPS-IC4,2020,NorCal_d2,DJF,109.331,0.193,0.525,40,,-0.863,NorCal_d2,52.704,-1.122,-1.060,-1.390
CanSIPS-IC4,2021,NorCal_d2,DJF,96.561,-0.071,0.450,40,,-0.430,NorCal_d2,52.916,-1.117,-0.830,-1.220
CanSIPS-IC4,2022,NorCal_d2,DJF,97.617,-0.049,0.475,40,,-0.294,NorCal_d2,137.381,0.887,-0.700,-0.990
CanSIPS-IC4,2023,NorCal_d2,DJF,100.259,0.005,0.475,40,,2.118,NorCal_d2,109.120,0.216,1.990,1.400
CanSIPS-IC4,2024,NorCal_d2,DJF,93.666,-0.131,0.375,40,,-0.889,NorCal_d2,99.894,-0.003,-0.430,-1.050
CanSIPS-IC4,2025,NorCal_d2,DJF,88.670,-0.234,0.300,40,,-0.716,NorCal_d2,103.977,0.094,-0.600,-1.040
CanSIPS-IC4,2026,NorCal_d2,DJF,147.489,0.980,0.825,40,,3.842,NorCal_d2,,,,
CanSIPS-IC4,1990,NorCal_d2,JFM,106.954,0.140,0.475,40,,0.172,NorCal_d2,95.103,-0.107,0.340,0.430
CanSIPS-IC4,1991,NorCal_d2,JFM,95.428,-0.092,0.400,40,,0.790,NorCal_d2,82.720,-0.377,1.430,1.970
CanSIPS-IC4,1992,NorCal_d2,JFM,104.987,0.101,0.475,40,,-0.157,NorCal_d2,140.791,0.890,-0.050,0.350
CanSIPS-IC4,1993,NorCal_d2,JFM,107.004,0.141,0.425,40,,-0.292,NorCal_d2,56.408,-0.951,0.190,0.420
CanSIPS-IC4,1994,NorCal_d2,JFM,102.584,0.052,0.500,40,,0.083,NorCal_d2,211.358,2.430,0.970,1.280
CanSIPS-IC4,1995,NorCal_d2,JFM,100.708,0.014,0.400,40,,-1.080,NorCal_d2,126.173,0.571,-1.010,-0.990
CanSIPS-IC4,1996,NorCal_d2,JFM,97.625,-0.048,0.475,40,,-0.514,NorCal_d2,88.854,-0.243,-0.410,-0.290
CanSIPS-IC4,1997,NorCal_d2,JFM,141.125,0.830,0.750,40,,3.039,NorCal_d2,189.689,1.957,2.370,2.280
CanSIPS-IC4,1998,NorCal_d2,JFM,104.243,0.086,0.475,40,,-1.256,NorCal_d2,103.701,0.081,-1.470,-1.610
CanSIPS-IC4,1999,NorCal_d2,JFM,94.961,-0.102,0.350,40,,-1.835,NorCal_d2,134.256,0.747,-1.530,-1.560
CanSIPS-IC4,2000,NorCal_d2,JFM,91.998,-0.161,0.350,40,,-0.686,NorCal_d2,76.414,-0.515,-0.780,-0.820
CanSIPS-IC4,2001,NorCal_d2,JFM,104.591,0.093,0.425,40,,-0.228,NorCal_d2,57.669,-0.924,-0.320,-0.320
CanSIPS-IC4,2002,NorCal_d2,JFM,91.046,-0.181,0.350,40,,0.907,NorCal_d2,63.230,-0.802,1.080,1.130
CanSIPS-IC4,2003,NorCal_d2,JFM,91.530,-0.171,0.300,40,,-0.254,NorCal_d2,85.988,-0.306,0.290,0.220
CanSIPS-IC4,2004,NorCal_d2,JFM,87.991,-0.242,0.325,40,,0.346,NorCal_d2,86.446,-0.296,0.710,0.690
CanSIPS-IC4,2005,NorCal_d2,JFM,101.563,0.032,0.450,40,,-0.254,NorCal_d2,117.689,0.386,-0.820,-0.810
CanSIPS-IC4,2006,NorCal_d2,JFM,88.672,-0.229,0.350,40,,0.712,NorCal_d2,55.777,-0.965,0.880,0.890
CanSIPS-IC4,2007,NorCal_d2,JFM,94.709,-0.107,0.325,40,,-1.320,NorCal_d2,87.708,-0.268,-1.720,-1.650
CanSIPS-IC4,2008,NorCal_d2,JFM,96.687,-0.067,0.375,40,,-0.088,NorCal_d2,83.351,-0.363,-0.790,-0.860
CanSIPS-IC4,2009,NorCal_d2,JFM,102.005,0.040,0.350,40,,1.242,NorCal_d2,102.497,0.054,1.500,1.500
CanSIPS-IC4,2010,NorCal_d2,JFM,97.069,-0.059,0.450,40,,-1.846,NorCal_d2,102.841,0.062,-1.480,-1.550
CanSIPS-IC4,2011,NorCal_d2,JFM,90.925,-0.183,0.325,40,,-1.209,NorCal_d2,94.185,-0.127,-0.920,-0.960
CanSIPS-IC4,2012,NorCal_d2,JFM,94.343,-0.114,0.350,40,,0.434,NorCal_d2,24.191,-1.654,-0.030,-0.270
CanSIPS-IC4,2013,NorCal_d2,JFM,101.683,0.034,0.400,40,,0.002,NorCal_d2,86.389,-0.297,-0.110,-0.270
CanSIPS-IC4,2014,NorCal_d2,JFM,100.955,0.019,0.425,40,,0.515,NorCal_d2,34.395,-1.431,0.800,0.620
CanSIPS-IC4,2015,NorCal_d2,JFM,123.438,0.473,0.525,40,,2.750,NorCal_d2,126.345,0.575,2.590,2.250
CanSIPS-IC4,2016,NorCal_d2,JFM,107.503,0.151,0.475,40,,-0.101,NorCal_d2,189.689,1.957,-0.370,-0.890
CanSIPS-IC4,2017,NorCal_d2,JFM,96.883,-0.063,0.400,40,,-0.693,NorCal_d2,80.370,-0.428,-0.760,-1.140
CanSIPS-IC4,2018,NorCal_d2,JFM,84.364,-0.315,0.325,40,,0.614,NorCal_d2,172.262,1.577,1.050,0.780
CanSIPS-IC4,2019,NorCal_d2,JFM,96.424,-0.072,0.375,40,,0.208,NorCal_d2,43.510,-1.232,0.750,0.220
CanSIPS-IC4,2020,NorCal_d2,JFM,111.579,0.234,0.550,40,,-0.863,NorCal_d2,56.179,-0.956,-1.060,-1.390
CanSIPS-IC4,2021,NorCal_d2,JFM,97.104,-0.058,0.450,40,,-0.430,NorCal_d2,12.096,-1.918,-0.830,-1.220
CanSIPS-IC4,2022,NorCal_d2,JFM,100.058,0.001,0.400,40,,-0.294,NorCal_d2,152.198,1.139,-0.700,-0.990
CanSIPS-IC4,2023,NorCal_d2,JFM,102.837,0.057,0.500,40,,2.118,NorCal_d2,125.886,0.565,1.990,1.400
CanSIPS-IC4,2024,NorCal_d2,JFM,98.250,-0.035,0.425,40,,-0.889,NorCal_d2,94.587,-0.118,-0.430,-1.050
CanSIPS-IC4,2025,NorCal_d2,JFM,91.555,-0.170,0.350,40,,-0.716,NorCal_d2,62.370,-0.821,-0.600,-1.040
CanSIPS-IC4,2026,NorCal_d2,JFM,146.415,0.936,0.850,40,,3.842,NorCal_d2,,,,
CanSIPS-IC4,1990,SoCal_box,DJF,113.484,0.198,0.475,40,,0.172,SoCal_d6,49.835,-0.763,0.340,0.430
CanSIPS-IC4,1991,SoCal_box,DJF,106.576,0.097,0.400,40,,0.790,SoCal_d6,137.718,0.574,1.430,1.970
CanSIPS-IC4,1992,SoCal_box,DJF,130.235,0.444,0.675,40,,-0.157,SoCal_d6,260.587,2.444,-0.050,0.350
CanSIPS-IC4,1993,SoCal_box,DJF,119.948,0.293,0.425,40,,-0.292,SoCal_d6,72.757,-0.415,0.190,0.420
CanSIPS-IC4,1994,SoCal_box,DJF,107.024,0.103,0.450,40,,0.083,SoCal_d6,177.066,1.173,0.970,1.280
CanSIPS-IC4,1995,SoCal_box,DJF,89.896,-0.148,0.425,40,,-1.080,SoCal_d6,94.565,-0.083,-1.010,-0.990
CanSIPS-IC4,1996,SoCal_box,DJF,101.628,0.024,0.475,40,,-0.514,SoCal_d6,99.391,-0.009,-0.410,-0.290
CanSIPS-IC4,1997,SoCal_box,DJF,219.366,1.753,0.825,40,,3.039,SoCal_d6,233.489,2.031,2.370,2.280
CanSIPS-IC4,1998,SoCal_box,DJF,96.349,-0.054,0.425,40,,-1.256,SoCal_d6,38.327,-0.938,-1.470,-1.610
CanSIPS-IC4,1999,SoCal_box,DJF,73.052,-0.396,0.200,40,,-1.835,SoCal_d6,77.768,-0.338,-1.530,-1.560
CanSIPS-IC4,2000,SoCal_box,DJF,88.511,-0.169,0.325,40,,-0.686,SoCal_d6,105.794,0.088,-0.780,-0.820
CanSIPS-IC4,2001,SoCal_box,DJF,83.787,-0.238,0.325,40,,-0.228,SoCal_d6,24.314,-1.152,-0.320,-0.320
CanSIPS-IC4,2002,SoCal_box,DJF,102.511,0.037,0.425,40,,0.907,SoCal_d6,84.728,-0.232,1.080,1.130
CanSIPS-IC4,2003,SoCal_box,DJF,80.628,-0.285,0.375,40,,-0.254,SoCal_d6,72.014,-0.426,0.290,0.220
CanSIPS-IC4,2004,SoCal_box,DJF,97.991,-0.030,0.425,40,,0.346,SoCal_d6,230.798,1.990,0.710,0.690
CanSIPS-IC4,2005,SoCal_box,DJF,86.585,-0.197,0.275,40,,-0.254,SoCal_d6,55.588,-0.676,-0.820,-0.810
CanSIPS-IC4,2006,SoCal_box,DJF,94.706,-0.078,0.375,40,,0.712,SoCal_d6,36.193,-0.971,0.880,0.890
CanSIPS-IC4,2007,SoCal_box,DJF,98.318,-0.025,0.375,40,,-1.320,SoCal_d6,121.849,0.332,-1.720,-1.650
CanSIPS-IC4,2008,SoCal_box,DJF,84.314,-0.230,0.325,40,,-0.088,SoCal_d6,83.150,-0.256,-0.790,-0.860
CanSIPS-IC4,2009,SoCal_box,DJF,113.955,0.205,0.450,40,,1.242,SoCal_d6,145.699,0.695,1.500,1.500
CanSIPS-IC4,2010,SoCal_box,DJF,63.530,-0.536,0.175,40,,-1.846,SoCal_d6,141.430,0.630,-1.480,-1.550
CanSIPS-IC4,2011,SoCal_box,DJF,66.778,-0.488,0.200,40,,-1.209,SoCal_d6,25.613,-1.132,-0.920,-0.960
CanSIPS-IC4,2012,SoCal_box,DJF,84.164,-0.233,0.300,40,,0.434,SoCal_d6,46.865,-0.809,-0.030,-0.270
CanSIPS-IC4,2013,SoCal_box,DJF,91.741,-0.121,0.350,40,,0.002,SoCal_d6,30.810,-1.053,-0.110,-0.270
CanSIPS-IC4,2014,SoCal_box,DJF,110.229,0.150,0.425,40,,0.515,SoCal_d6,66.446,-0.511,0.800,0.620
CanSIPS-IC4,2015,SoCal_box,DJF,142.482,0.624,0.725,40,,2.750,SoCal_d6,60.414,-0.602,2.590,2.250
CanSIPS-IC4,2016,SoCal_box,DJF,93.639,-0.093,0.450,40,,-0.101,SoCal_d6,182.819,1.260,-0.370,-0.890
CanSIPS-IC4,2017,SoCal_box,DJF,72.541,-0.403,0.225,40,,-0.693,SoCal_d6,30.068,-1.064,-0.760,-1.140
CanSIPS-IC4,2018,SoCal_box,DJF,99.882,-0.002,0.400,40,,0.614,SoCal_d6,149.689,0.756,1.050,0.780
CanSIPS-IC4,2019,SoCal_box,DJF,86.149,-0.203,0.300,40,,0.208,SoCal_d6,53.732,-0.704,0.750,0.220
CanSIPS-IC4,2020,SoCal_box,DJF,94.603,-0.079,0.425,40,,-0.863,SoCal_d6,45.009,-0.837,-1.060,-1.390
CanSIPS-IC4,2021,SoCal_box,DJF,78.305,-0.319,0.225,40,,-0.430,SoCal_d6,76.933,-0.351,-0.830,-1.220
CanSIPS-IC4,2022,SoCal_box,DJF,70.540,-0.433,0.250,40,,-0.294,SoCal_d6,173.354,1.116,-0.700,-0.990
CanSIPS-IC4,2023,SoCal_box,DJF,119.959,0.293,0.500,40,,2.118,SoCal_d6,146.905,0.714,1.990,1.400
CanSIPS-IC4,2024,SoCal_box,DJF,71.231,-0.423,0.200,40,,-0.889,SoCal_d6,39.812,-0.916,-0.430,-1.050
CanSIPS-IC4,2025,SoCal_box,DJF,70.976,-0.426,0.250,40,,-0.716,SoCal_d6,111.640,0.177,-0.600,-1.040
CanSIPS-IC4,2026,SoCal_box,DJF,195.428,1.402,0.800,40,,3.842,SoCal_d6,,,,
CanSIPS-IC4,1990,SoCal_box,JFM,117.791,0.244,0.575,40,,0.172,SoCal_d6,149.524,0.774,0.340,0.430
CanSIPS-IC4,1991,SoCal_box,JFM,108.339,0.114,0.475,40,,0.790,SoCal_d6,156.178,0.879,1.430,1.970
CanSIPS-IC4,1992,SoCal_box,JFM,130.169,0.413,0.600,40,,-0.157,SoCal_d6,238.333,2.163,-0.050,0.350
CanSIPS-IC4,1993,SoCal_box,JFM,126.038,0.357,0.575,40,,-0.292,SoCal_d6,86.314,-0.214,0.190,0.420
CanSIPS-IC4,1994,SoCal_box,JFM,106.487,0.089,0.475,40,,0.083,SoCal_d6,244.802,2.264,0.970,1.280
CanSIPS-IC4,1995,SoCal_box,JFM,88.540,-0.157,0.450,40,,-1.080,SoCal_d6,100.822,0.013,-1.010,-0.990
CanSIPS-IC4,1996,SoCal_box,JFM,101.101,0.015,0.450,40,,-0.514,SoCal_d6,58.590,-0.648,-0.410,-0.290
CanSIPS-IC4,1997,SoCal_box,JFM,242.755,1.956,0.875,40,,3.039,SoCal_d6,227.151,1.988,2.370,2.280
CanSIPS-IC4,1998,SoCal_box,JFM,93.120,-0.094,0.400,40,,-1.256,SoCal_d6,49.995,-0.782,-1.470,-1.610
CanSIPS-IC4,1999,SoCal_box,JFM,61.136,-0.532,0.175,40,,-1.835,SoCal_d6,96.479,-0.055,-1.530,-1.560
CanSIPS-IC4,2000,SoCal_box,JFM,83.137,-0.231,0.300,40,,-0.686,SoCal_d6,131.226,0.488,-0.780,-0.820
CanSIPS-IC4,2001,SoCal_box,JFM,85.083,-0.204,0.325,40,,-0.228,SoCal_d6,16.542,-1.305,-0.320,-0.320
CanSIPS-IC4,2002,SoCal_box,JFM,110.990,0.151,0.475,40,,0.907,SoCal_d6,81.416,-0.291,1.080,1.130
CanSIPS-IC4,2003,SoCal_box,JFM,75.076,-0.341,0.250,40,,-0.254,SoCal_d6,61.917,-0.596,0.290,0.220
CanSIPS-IC4,2004,SoCal_box,JFM,99.078,-0.013,0.400,40,,0.346,SoCal_d6,194.437,1.477,0.710,0.690
CanSIPS-IC4,2005,SoCal_box,JFM,94.677,-0.073,0.425,40,,-0.254,SoCal_d6,82.987,-0.266,-0.820,-0.810
CanSIPS-IC4,2006,SoCal_box,JFM,96.531,-0.048,0.425,40,,0.712,SoCal_d6,29.665,-1.100,0.880,0.890
CanSIPS-IC4,2007,SoCal_box,JFM,79.450,-0.282,0.250,40,,-1.320,SoCal_d6,102.116,0.033,-1.720,-1.650
CanSIPS-IC4,2008,SoCal_box,JFM,78.535,-0.294,0.250,40,,-0.088,SoCal_d6,54.616,-0.710,-0.790,-0.860
CanSIPS-IC4,2009,SoCal_box,JFM,116.691,0.229,0.425,40,,1.242,SoCal_d6,116.995,0.266,1.500,1.500
CanSIPS-IC4,2010,SoCal_box,JFM,57.435,-0.583,0.125,40,,-1.846,SoCal_d6,85.667,-0.224,-1.480,-1.550
CanSIPS-IC4,2011,SoCal_box,JFM,59.851,-0.550,0.150,40,,-1.209,SoCal_d6,42.787,-0.895,-0.920,-0.960
CanSIPS-IC4,2012,SoCal_box,JFM,82.996,-0.233,0.325,40,,0.434,SoCal_d6,30.773,-1.083,-0.030,-0.270
CanSIPS-IC4,2013,SoCal_box,JFM,93.379,-0.091,0.275,40,,0.002,SoCal_d6,42.880,-0.893,-0.110,-0.270
CanSIPS-IC4,2014,SoCal_box,JFM,103.669,0.050,0.400,40,,0.515,SoCal_d6,25.783,-1.161,0.800,0.620
CanSIPS-IC4,2015,SoCal_box,JFM,161.600,0.844,0.750,40,,2.750,SoCal_d6,68.386,-0.494,2.590,2.250
CanSIPS-IC4,2016,SoCal_box,JFM,98.327,-0.023,0.400,40,,-0.101,SoCal_d6,144.719,0.699,-0.370,-0.890
CanSIPS-IC4,2017,SoCal_box,JFM,68.415,-0.433,0.225,40,,-0.693,SoCal_d6,66.999,-0.516,-0.760,-1.140
CanSIPS-IC4,2018,SoCal_box,JFM,94.696,-0.073,0.350,40,,0.614,SoCal_d6,155.161,0.863,1.050,0.780
CanSIPS-IC4,2019,SoCal_box,JFM,84.908,-0.207,0.325,40,,0.208,SoCal_d6,56.742,-0.676,0.750,0.220
CanSIPS-IC4,2020,SoCal_box,JFM,90.412,-0.131,0.425,40,,-0.863,SoCal_d6,47.038,-0.828,-1.060,-1.390
CanSIPS-IC4,2021,SoCal_box,JFM,63.950,-0.494,0.225,40,,-0.430,SoCal_d6,21.625,-1.226,-0.830,-1.220
CanSIPS-IC4,2022,SoCal_box,JFM,71.115,-0.396,0.225,40,,-0.294,SoCal_d6,215.414,1.805,-0.700,-0.990
CanSIPS-IC4,2023,SoCal_box,JFM,129.680,0.407,0.575,40,,2.118,SoCal_d6,160.614,0.948,1.990,1.400
CanSIPS-IC4,2024,SoCal_box,JFM,68.326,-0.434,0.225,40,,-0.889,SoCal_d6,68.663,-0.490,-0.430,-1.050
CanSIPS-IC4,2025,SoCal_box,JFM,64.867,-0.481,0.175,40,,-0.716,SoCal_d6,64.319,-0.558,-0.600,-1.040
CanSIPS-IC4,2026,SoCal_box,JFM,192.806,1.272,0.850,40,,3.842,SoCal_d6,,,,
CanSIPS-IC4,1990,SoCal_d6,DJF,112.015,0.161,0.475,40,,0.172,SoCal_d6,49.835,-0.763,0.340,0.430
CanSIPS-IC4,1991,SoCal_d6,DJF,105.608,0.075,0.425,40,,0.790,SoCal_d6,137.718,0.574,1.430,1.970
CanSIPS-IC4,1992,SoCal_d6,DJF,125.280,0.339,0.550,40,,-0.157,SoCal_d6,260.587,2.444,-0.050,0.350
CanSIPS-IC4,1993,SoCal_d6,DJF,121.924,0.294,0.425,40,,-0.292,SoCal_d6,72.757,-0.415,0.190,0.420
CanSIPS-IC4,1994,SoCal_d6,DJF,106.663,0.089,0.425,40,,0.083,SoCal_d6,177.066,1.173,0.970,1.280
CanSIPS-IC4,1995,SoCal_d6,DJF,89.609,-0.139,0.400,40,,-1.080,SoCal_d6,94.565,-0.083,-1.010,-0.990
CanSIPS-IC4,1996,SoCal_d6,DJF,99.074,-0.012,0.425,40,,-0.514,SoCal_d6,99.391,-0.009,-0.410,-0.290
CanSIPS-IC4,1997,SoCal_d6,DJF,224.042,1.662,0.800,40,,3.039,SoCal_d6,233.489,2.031,2.370,2.280
CanSIPS-IC4,1998,SoCal_d6,DJF,94.841,-0.069,0.400,40,,-1.256,SoCal_d6,38.327,-0.938,-1.470,-1.610
CanSIPS-IC4,1999,SoCal_d6,DJF,74.905,-0.336,0.225,40,,-1.835,SoCal_d6,77.768,-0.338,-1.530,-1.560
CanSIPS-IC4,2000,SoCal_d6,DJF,84.425,-0.209,0.350,40,,-0.686,SoCal_d6,105.794,0.088,-0.780,-0.820
CanSIPS-IC4,2001,SoCal_d6,DJF,83.845,-0.216,0.350,40,,-0.228,SoCal_d6,24.314,-1.152,-0.320,-0.320
CanSIPS-IC4,2002,SoCal_d6,DJF,104.994,0.067,0.425,40,,0.907,SoCal_d6,84.728,-0.232,1.080,1.130
CanSIPS-IC4,2003,SoCal_d6,DJF,83.898,-0.216,0.375,40,,-0.254,SoCal_d6,72.014,-0.426,0.290,0.220
CanSIPS-IC4,2004,SoCal_d6,DJF,93.721,-0.084,0.350,40,,0.346,SoCal_d6,230.798,1.990,0.710,0.690
CanSIPS-IC4,2005,SoCal_d6,DJF,89.756,-0.137,0.325,40,,-0.254,SoCal_d6,55.588,-0.676,-0.820,-0.810
CanSIPS-IC4,2006,SoCal_d6,DJF,92.409,-0.102,0.375,40,,0.712,SoCal_d6,36.193,-0.971,0.880,0.890
CanSIPS-IC4,2007,SoCal_d6,DJF,101.392,0.019,0.400,40,,-1.320,SoCal_d6,121.849,0.332,-1.720,-1.650
CanSIPS-IC4,2008,SoCal_d6,DJF,85.789,-0.190,0.275,40,,-0.088,SoCal_d6,83.150,-0.256,-0.790,-0.860
CanSIPS-IC4,2009,SoCal_d6,DJF,111.076,0.148,0.375,40,,1.242,SoCal_d6,145.699,0.695,1.500,1.500
CanSIPS-IC4,2010,SoCal_d6,DJF,66.181,-0.453,0.175,40,,-1.846,SoCal_d6,141.430,0.630,-1.480,-1.550
CanSIPS-IC4,2011,SoCal_d6,DJF,70.018,-0.402,0.300,40,,-1.209,SoCal_d6,25.613,-1.132,-0.920,-0.960
CanSIPS-IC4,2012,SoCal_d6,DJF,82.967,-0.228,0.300,40,,0.434,SoCal_d6,46.865,-0.809,-0.030,-0.270
CanSIPS-IC4,2013,SoCal_d6,DJF,92.967,-0.094,0.275,40,,0.002,SoCal_d6,30.810,-1.053,-0.110,-0.270
CanSIPS-IC4,2014,SoCal_d6,DJF,111.149,0.149,0.400,40,,0.515,SoCal_d6,66.446,-0.511,0.800,0.620
CanSIPS-IC4,2015,SoCal_d6,DJF,143.363,0.581,0.600,40,,2.750,SoCal_d6,60.414,-0.602,2.590,2.250
CanSIPS-IC4,2016,SoCal_d6,DJF,94.163,-0.078,0.425,40,,-0.101,SoCal_d6,182.819,1.260,-0.370,-0.890
CanSIPS-IC4,2017,SoCal_d6,DJF,75.112,-0.333,0.275,40,,-0.693,SoCal_d6,30.068,-1.064,-0.760,-1.140
CanSIPS-IC4,2018,SoCal_d6,DJF,94.390,-0.075,0.450,40,,0.614,SoCal_d6,149.689,0.756,1.050,0.780
CanSIPS-IC4,2019,SoCal_d6,DJF,84.426,-0.209,0.325,40,,0.208,SoCal_d6,53.732,-0.704,0.750,0.220
CanSIPS-IC4,2020,SoCal_d6,DJF,96.808,-0.043,0.375,40,,-0.863,SoCal_d6,45.009,-0.837,-1.060,-1.390
CanSIPS-IC4,2021,SoCal_d6,DJF,77.618,-0.300,0.250,40,,-0.430,SoCal_d6,76.933,-0.351,-0.830,-1.220
CanSIPS-IC4,2022,SoCal_d6,DJF,73.349,-0.357,0.225,40,,-0.294,SoCal_d6,173.354,1.116,-0.700,-0.990
CanSIPS-IC4,2023,SoCal_d6,DJF,124.897,0.334,0.450,40,,2.118,SoCal_d6,146.905,0.714,1.990,1.400
CanSIPS-IC4,2024,SoCal_d6,DJF,72.326,-0.371,0.250,40,,-0.889,SoCal_d6,39.812,-0.916,-0.430,-1.050
CanSIPS-IC4,2025,SoCal_d6,DJF,68.859,-0.417,0.250,40,,-0.716,SoCal_d6,111.640,0.177,-0.600,-1.040
CanSIPS-IC4,2026,SoCal_d6,DJF,201.229,1.356,0.725,40,,3.842,SoCal_d6,,,,
CanSIPS-IC4,1990,SoCal_d6,JFM,117.571,0.224,0.525,40,,0.172,SoCal_d6,149.524,0.774,0.340,0.430
CanSIPS-IC4,1991,SoCal_d6,JFM,108.158,0.104,0.450,40,,0.790,SoCal_d6,156.178,0.879,1.430,1.970
CanSIPS-IC4,1992,SoCal_d6,JFM,125.559,0.326,0.625,40,,-0.157,SoCal_d6,238.333,2.163,-0.050,0.350
CanSIPS-IC4,1993,SoCal_d6,JFM,128.391,0.362,0.525,40,,-0.292,SoCal_d6,86.314,-0.214,0.190,0.420
CanSIPS-IC4,1994,SoCal_d6,JFM,106.428,0.082,0.475,40,,0.083,SoCal_d6,244.802,2.264,0.970,1.280
CanSIPS-IC4,1995,SoCal_d6,JFM,88.930,-0.141,0.425,40,,-1.080,SoCal_d6,100.822,0.013,-1.010,-0.990
CanSIPS-IC4,1996,SoCal_d6,JFM,96.356,-0.047,0.425,40,,-0.514,SoCal_d6,58.590,-0.648,-0.410,-0.290
CanSIPS-IC4,1997,SoCal_d6,JFM,243.436,1.831,0.825,40,,3.039,SoCal_d6,227.151,1.988,2.370,2.280
CanSIPS-IC4,1998,SoCal_d6,JFM,94.104,-0.075,0.400,40,,-1.256,SoCal_d6,49.995,-0.782,-1.470,-1.610
CanSIPS-IC4,1999,SoCal_d6,JFM,64.363,-0.455,0.175,40,,-1.835,SoCal_d6,96.479,-0.055,-1.530,-1.560
CanSIPS-IC4,2000,SoCal_d6,JFM,80.321,-0.251,0.300,40,,-0.686,SoCal_d6,131.226,0.488,-0.780,-0.820
CanSIPS-IC4,2001,SoCal_d6,JFM,84.430,-0.199,0.300,40,,-0.228,SoCal_d6,16.542,-1.305,-0.320,-0.320
CanSIPS-IC4,2002,SoCal_d6,JFM,112.187,0.156,0.450,40,,0.907,SoCal_d6,81.416,-0.291,1.080,1.130
CanSIPS-IC4,2003,SoCal_d6,JFM,76.849,-0.296,0.250,40,,-0.254,SoCal_d6,61.917,-0.596,0.290,0.220
CanSIPS-IC4,2004,SoCal_d6,JFM,95.073,-0.063,0.375,40,,0.346,SoCal_d6,194.437,1.477,0.710,0.690
CanSIPS-IC4,2005,SoCal_d6,JFM,97.497,-0.032,0.375,40,,-0.254,SoCal_d6,82.987,-0.266,-0.820,-0.810
CanSIPS-IC4,2006,SoCal_d6,JFM,93.170,-0.087,0.350,40,,0.712,SoCal_d6,29.665,-1.100,0.880,0.890
CanSIPS-IC4,2007,SoCal_d6,JFM,82.135,-0.228,0.350,40,,-1.320,SoCal_d6,102.116,0.033,-1.720,-1.650
CanSIPS-IC4,2008,SoCal_d6,JFM,79.237,-0.265,0.250,40,,-0.088,SoCal_d6,54.616,-0.710,-0.790,-0.860
CanSIPS-IC4,2009,SoCal_d6,JFM,113.698,0.175,0.375,40,,1.242,SoCal_d6,116.995,0.266,1.500,1.500
CanSIPS-IC4,2010,SoCal_d6,JFM,60.878,-0.499,0.175,40,,-1.846,SoCal_d6,85.667,-0.224,-1.480,-1.550
CanSIPS-IC4,2011,SoCal_d6,JFM,63.062,-0.472,0.175,40,,-1.209,SoCal_d6,42.787,-0.895,-0.920,-0.960
CanSIPS-IC4,2012,SoCal_d6,JFM,82.952,-0.218,0.350,40,,0.434,SoCal_d6,30.773,-1.083,-0.030,-0.270
CanSIPS-IC4,2013,SoCal_d6,JFM,93.403,-0.084,0.300,40,,0.002,SoCal_d6,42.880,-0.893,-0.110,-0.270
CanSIPS-IC4,2014,SoCal_d6,JFM,103.238,0.041,0.350,40,,0.515,SoCal_d6,25.783,-1.161,0.800,0.620
CanSIPS-IC4,2015,SoCal_d6,JFM,159.705,0.762,0.625,40,,2.750,SoCal_d6,68.386,-0.494,2.590,2.250
CanSIPS-IC4,2016,SoCal_d6,JFM,101.200,0.015,0.375,40,,-0.101,SoCal_d6,144.719,0.699,-0.370,-0.890
CanSIPS-IC4,2017,SoCal_d6,JFM,71.985,-0.358,0.250,40,,-0.693,SoCal_d6,66.999,-0.516,-0.760,-1.140
CanSIPS-IC4,2018,SoCal_d6,JFM,89.732,-0.131,0.375,40,,0.614,SoCal_d6,155.161,0.863,1.050,0.780
CanSIPS-IC4,2019,SoCal_d6,JFM,85.954,-0.179,0.300,40,,0.208,SoCal_d6,56.742,-0.676,0.750,0.220
CanSIPS-IC4,2020,SoCal_d6,JFM,94.050,-0.076,0.375,40,,-0.863,SoCal_d6,47.038,-0.828,-1.060,-1.390
CanSIPS-IC4,2021,SoCal_d6,JFM,65.296,-0.443,0.200,40,,-0.430,SoCal_d6,21.625,-1.226,-0.830,-1.220
CanSIPS-IC4,2022,SoCal_d6,JFM,74.712,-0.323,0.300,40,,-0.294,SoCal_d6,215.414,1.805,-0.700,-0.990
CanSIPS-IC4,2023,SoCal_d6,JFM,133.272,0.425,0.550,40,,2.118,SoCal_d6,160.614,0.948,1.990,1.400
CanSIPS-IC4,2024,SoCal_d6,JFM,69.655,-0.387,0.225,40,,-0.889,SoCal_d6,68.663,-0.490,-0.430,-1.050
CanSIPS-IC4,2025,SoCal_d6,JFM,62.763,-0.475,0.200,40,,-0.716,SoCal_d6,64.319,-0.558,-0.600,-1.040
CanSIPS-IC4,2026,SoCal_d6,JFM,197.905,1.250,0.775,40,,3.842,SoCal_d6,,,,
CanSIPSv2,1981,NorCal_box,DJF,103.847,0.093,0.550,20,,-0.589,NorCal_d2,103.659,0.087,-0.140,-0.080
CanSIPSv2,1982,NorCal_box,DJF,125.535,0.616,0.700,20,,2.081,NorCal_d2,137.010,0.878,2.120,2.360
CanSIPSv2,1983,NorCal_box,DJF,100.461,0.011,0.450,20,,-0.964,NorCal_d2,90.774,-0.219,-0.890,-0.960
CanSIPSv2,1984,NorCal_box,DJF,119.614,0.473,0.500,20,,-0.787,NorCal_d2,32.131,-1.610,-1.060,-0.930
CanSIPSv2,1985,NorCal_box,DJF,90.644,-0.226,0.250,20,,-0.439,NorCal_d2,140.721,0.966,-0.360,-0.210
CanSIPSv2,1986,NorCal_box,DJF,105.263,0.127,0.400,20,,1.115,NorCal_d2,57.582,-1.006,1.210,1.420
CanSIPSv2,1987,NorCal_box,DJF,97.867,-0.051,0.450,20,,1.260,NorCal_d2,81.018,-0.450,1.000,0.800
CanSIPSv2,1988,NorCal_box,DJF,98.048,-0.047,0.400,20,,-2.231,NorCal_d2,44.008,-1.328,-1.850,-1.940
CanSIPSv2,1989,NorCal_box,DJF,66.399,-0.811,0.200,20,,-0.332,NorCal_d2,49.417,-1.200,-0.040,0.060
CanSIPSv2,1990,NorCal_box,DJF,94.666,-0.129,0.400,20,,0.432,NorCal_d2,27.094,-1.729,0.340,0.430
CanSIPSv2,1991,NorCal_box,DJF,113.423,0.324,0.500,20,,1.266,NorCal_d2,73.118,-0.638,1.430,1.970
CanSIPSv2,1992,NorCal_box,DJF,96.356,-0.088,0.400,20,,-0.406,NorCal_d2,159.650,1.415,-0.050,0.350
CanSIPSv2,1993,NorCal_box,DJF,107.604,0.184,0.550,20,,0.139,NorCal_d2,68.611,-0.744,0.190,0.420
CanSIPSv2,1994,NorCal_box,DJF,96.647,-0.081,0.400,20,,0.459,NorCal_d2,140.880,0.970,0.970,1.280
CanSIPSv2,1995,NorCal_box,DJF,95.587,-0.107,0.400,20,,-1.284,NorCal_d2,150.477,1.197,-1.010,-0.990
CanSIPSv2,1996,NorCal_box,DJF,94.152,-0.141,0.400,20,,-0.702,NorCal_d2,154.825,1.300,-0.410,-0.290
CanSIPSv2,1997,NorCal_box,DJF,135.573,0.859,0.900,20,,2.870,NorCal_d2,166.278,1.572,2.370,2.280
CanSIPSv2,1998,NorCal_box,DJF,100.118,0.003,0.500,20,,-1.876,NorCal_d2,91.304,-0.206,-1.470,-1.610
CanSIPSv2,1999,NorCal_box,DJF,93.885,-0.148,0.450,20,,-1.834,NorCal_d2,113.627,0.323,-1.530,-1.560
CanSIPSv2,2000,NorCal_box,DJF,82.895,-0.413,0.400,20,,-0.533,NorCal_d2,62.884,-0.880,-0.780,-0.820
CanSIPSv2,2001,NorCal_box,DJF,82.964,-0.411,0.300,20,,-0.138,NorCal_d2,85.843,-0.336,-0.320,-0.320
CanSIPSv2,2002,NorCal_box,DJF,82.249,-0.428,0.250,20,,1.204,NorCal_d2,111.771,0.279,1.080,1.130
CanSIPSv2,2003,NorCal_box,DJF,96.882,-0.075,0.500,20,,0.424,NorCal_d2,128.897,0.685,0.290,0.220
CanSIPSv2,2004,NorCal_box,DJF,108.250,0.199,0.400,20,,0.664,NorCal_d2,90.562,-0.224,0.710,0.690
CanSIPSv2,2005,NorCal_box,DJF,110.845,0.262,0.450,20,,-0.153,NorCal_d2,145.016,1.068,-0.820,-0.810
CanSIPSv2,2006,NorCal_box,DJF,99.990,-0.000,0.550,20,,0.971,NorCal_d2,74.019,-0.616,0.880,0.890
CanSIPSv2,2007,NorCal_box,DJF,87.665,-0.298,0.300,20,,-1.553,NorCal_d2,102.015,0.048,-1.720,-1.650
CanSIPSv2,2008,NorCal_box,DJF,96.539,-0.084,0.350,20,,-0.128,NorCal_d2,73.224,-0.635,-0.790,-0.860
CanSIPSv2,2009,NorCal_box,DJF,98.023,-0.048,0.500,20,,1.177,NorCal_d2,98.250,-0.041,1.500,1.500
CanSIPSv2,2010,NorCal_box,DJF,87.169,-0.310,0.300,20,,-2.683,NorCal_d2,93.372,-0.157,-1.480,-1.550
CanSIPSv2,2011,NorCal_box,DJF,95.837,-0.100,0.450,20,,-1.061,NorCal_d2,41.569,-1.386,-0.920,-0.960
CanSIPSv2,2012,NorCal_box,DJF,93.371,-0.160,0.350,20,,0.564,NorCal_d2,69.512,-0.723,-0.030,-0.270
CanSIPSv2,2013,NorCal_box,DJF,94.464,-0.134,0.450,20,,0.134,NorCal_d2,48.780,-1.215,-0.110,-0.270
CanSIPSv2,2014,NorCal_box,DJF,99.217,-0.019,0.350,20,,0.398,NorCal_d2,89.608,-0.246,0.800,0.620
CanSIPSv2,2015,NorCal_box,DJF,130.751,0.742,0.850,20,,2.491,NorCal_d2,105.302,0.126,2.590,2.250
CanSIPSv2,2016,NorCal_box,DJF,92.392,-0.184,0.350,20,,-0.562,NorCal_d2,188.812,2.106,-0.370,-0.890
CanSIPSv2,2017,NorCal_box,DJF,114.854,0.359,0.650,20,,-0.707,NorCal_d2,34.199,-1.561,-0.760,-1.140
CanSIPSv2,2018,NorCal_box,DJF,120.815,0.502,0.500,20,,0.512,NorCal_d2,143.902,1.041,1.050,0.780
CanSIPSv2,2019,NorCal_box,DJF,96.818,-0.077,0.400,20,,-0.084,NorCal_d2,58.324,-0.988,0.750,0.220
CanSIPSv2,2020,NorCal_box,DJF,86.214,-0.333,0.400,20,,-1.431,NorCal_d2,52.704,-1.122,-1.060,-1.390
CanSIPSv2,2021,NorCal_box,DJF,88.555,-0.276,0.350,20,,-1.043,NorCal_d2,52.916,-1.117,-0.830,-1.220
CanSIPSv2,1981,NorCal_box,JFM,107.485,0.182,0.500,20,,-0.589,NorCal_d2,106.166,0.135,-0.140,-0.080
CanSIPSv2,1982,NorCal_box,JFM,134.571,0.842,0.700,20,,2.081,NorCal_d2,186.307,1.883,2.120,2.360
CanSIPSv2,1983,NorCal_box,JFM,100.396,0.010,0.500,20,,-0.964,NorCal_d2,42.822,-1.247,-0.890,-0.960
CanSIPSv2,1984,NorCal_box,JFM,118.334,0.447,0.600,20,,-0.787,NorCal_d2,48.726,-1.119,-1.060,-0.930
CanSIPSv2,1985,NorCal_box,JFM,89.838,-0.248,0.300,20,,-0.439,NorCal_d2,170.829,1.545,-0.360,-0.210
CanSIPSv2,1986,NorCal_box,JFM,105.849,0.142,0.500,20,,1.115,NorCal_d2,86.332,-0.298,1.210,1.420
CanSIPSv2,1987,NorCal_box,JFM,104.736,0.115,0.450,20,,1.260,NorCal_d2,43.567,-1.231,1.000,0.800
CanSIPSv2,1988,NorCal_box,JFM,102.733,0.067,0.400,20,,-2.231,NorCal_d2,89.714,-0.224,-1.850,-1.940
CanSIPSv2,1989,NorCal_box,JFM,85.082,-0.363,0.450,20,,-0.332,NorCal_d2,66.268,-0.736,-0.040,0.060
CanSIPSv2,1990,NorCal_box,JFM,98.052,-0.047,0.550,20,,0.432,NorCal_d2,95.103,-0.107,0.340,0.430
CanSIPSv2,1991,NorCal_box,JFM,119.854,0.484,0.600,20,,1.266,NorCal_d2,82.720,-0.377,1.430,1.970
CanSIPSv2,1992,NorCal_box,JFM,103.160,0.077,0.450,20,,-0.406,NorCal_d2,140.791,0.890,-0.050,0.350
CanSIPSv2,1993,NorCal_box,JFM,105.442,0.133,0.500,20,,0.139,NorCal_d2,56.408,-0.951,0.190,0.420
CanSIPSv2,1994,NorCal_box,JFM,95.466,-0.110,0.400,20,,0.459,NorCal_d2,211.358,2.430,0.970,1.280
CanSIPSv2,1995,NorCal_box,JFM,103.975,0.097,0.550,20,,-1.284,NorCal_d2,126.173,0.571,-1.010,-0.990
CanSIPSv2,1996,NorCal_box,JFM,96.581,-0.083,0.400,20,,-0.702,NorCal_d2,88.854,-0.243,-0.410,-0.290
CanSIPSv2,1997,NorCal_box,JFM,128.186,0.687,0.750,20,,2.870,NorCal_d2,189.689,1.957,2.370,2.280
CanSIPSv2,1998,NorCal_box,JFM,95.348,-0.113,0.350,20,,-1.876,NorCal_d2,103.701,0.081,-1.470,-1.610
CanSIPSv2,1999,NorCal_box,JFM,95.889,-0.100,0.350,20,,-1.834,NorCal_d2,134.256,0.747,-1.530,-1.560
CanSIPSv2,2000,NorCal_box,JFM,85.393,-0.356,0.250,20,,-0.533,NorCal_d2,76.414,-0.515,-0.780,-0.820
CanSIPSv2,2001,NorCal_box,JFM,83.829,-0.394,0.150,20,,-0.138,NorCal_d2,57.669,-0.924,-0.320,-0.320
CanSIPSv2,2002,NorCal_box,JFM,94.281,-0.139,0.350,20,,1.204,NorCal_d2,63.230,-0.802,1.080,1.130
CanSIPSv2,2003,NorCal_box,JFM,90.557,-0.230,0.200,20,,0.424,NorCal_d2,85.988,-0.306,0.290,0.220
CanSIPSv2,2004,NorCal_box,JFM,107.055,0.172,0.450,20,,0.664,NorCal_d2,86.446,-0.296,0.710,0.690
CanSIPSv2,2005,NorCal_box,JFM,105.666,0.138,0.500,20,,-0.153,NorCal_d2,117.689,0.386,-0.820,-0.810
CanSIPSv2,2006,NorCal_box,JFM,93.386,-0.161,0.450,20,,0.971,NorCal_d2,55.777,-0.965,0.880,0.890
CanSIPSv2,2007,NorCal_box,JFM,76.383,-0.575,0.100,20,,-1.553,NorCal_d2,87.708,-0.268,-1.720,-1.650
CanSIPSv2,2008,NorCal_box,JFM,92.905,-0.173,0.350,20,,-0.128,NorCal_d2,83.351,-0.363,-0.790,-0.860
CanSIPSv2,2009,NorCal_box,JFM,92.036,-0.194,0.350,20,,1.177,NorCal_d2,102.497,0.054,1.500,1.500
CanSIPSv2,2010,NorCal_box,JFM,95.405,-0.112,0.400,20,,-2.683,NorCal_d2,102.841,0.062,-1.480,-1.550
CanSIPSv2,2011,NorCal_box,JFM,103.699,0.090,0.400,20,,-1.061,NorCal_d2,94.185,-0.127,-0.920,-0.960
CanSIPSv2,2012,NorCal_box,JFM,92.086,-0.193,0.350,20,,0.564,NorCal_d2,24.191,-1.654,-0.030,-0.270
CanSIPSv2,2013,NorCal_box,JFM,84.309,-0.382,0.300,20,,0.134,NorCal_d2,86.389,-0.297,-0.110,-0.270
CanSIPSv2,2014,NorCal_box,JFM,93.400,-0.161,0.400,20,,0.398,NorCal_d2,34.395,-1.431,0.800,0.620
CanSIPSv2,2015,NorCal_box,JFM,132.299,0.787,0.750,20,,2.491,NorCal_d2,126.345,0.575,2.590,2.250
CanSIPSv2,2016,NorCal_box,JFM,97.794,-0.054,0.450,20,,-0.562,NorCal_d2,189.689,1.957,-0.370,-0.890
CanSIPSv2,2017,NorCal_box,JFM,124.287,0.592,0.750,20,,-0.707,NorCal_d2,80.370,-0.428,-0.760,-1.140
CanSIPSv2,2018,NorCal_box,JFM,117.883,0.436,0.550,20,,0.512,NorCal_d2,172.262,1.577,1.050,0.780
CanSIPSv2,2019,NorCal_box,JFM,95.392,-0.112,0.450,20,,-0.084,NorCal_d2,43.510,-1.232,0.750,0.220
CanSIPSv2,2020,NorCal_box,JFM,100.938,0.023,0.400,20,,-1.431,NorCal_d2,56.179,-0.956,-1.060,-1.390
CanSIPSv2,2021,NorCal_box,JFM,89.341,-0.260,0.250,20,,-1.043,NorCal_d2,12.096,-1.918,-0.830,-1.220
CanSIPSv2,1981,NorCal_d2,DJF,103.757,0.092,0.500,20,,-0.589,NorCal_d2,103.659,0.087,-0.140,-0.080
CanSIPSv2,1982,NorCal_d2,DJF,124.101,0.588,0.700,20,,2.081,NorCal_d2,137.010,0.878,2.120,2.360
CanSIPSv2,1983,NorCal_d2,DJF,100.517,0.013,0.450,20,,-0.964,NorCal_d2,90.774,-0.219,-0.890,-0.960
CanSIPSv2,1984,NorCal_d2,DJF,120.051,0.489,0.600,20,,-0.787,NorCal_d2,32.131,-1.610,-1.060,-0.930
CanSIPSv2,1985,NorCal_d2,DJF,91.187,-0.215,0.250,20,,-0.439,NorCal_d2,140.721,0.966,-0.360,-0.210
CanSIPSv2,1986,NorCal_d2,DJF,104.505,0.110,0.400,20,,1.115,NorCal_d2,57.582,-1.006,1.210,1.420
CanSIPSv2,1987,NorCal_d2,DJF,97.426,-0.063,0.400,20,,1.260,NorCal_d2,81.018,-0.450,1.000,0.800
CanSIPSv2,1988,NorCal_d2,DJF,98.849,-0.028,0.400,20,,-2.231,NorCal_d2,44.008,-1.328,-1.850,-1.940
CanSIPSv2,1989,NorCal_d2,DJF,66.864,-0.808,0.200,20,,-0.332,NorCal_d2,49.417,-1.200,-0.040,0.060
CanSIPSv2,1990,NorCal_d2,DJF,94.694,-0.129,0.400,20,,0.432,NorCal_d2,27.094,-1.729,0.340,0.430
CanSIPSv2,1991,NorCal_d2,DJF,112.771,0.311,0.450,20,,1.266,NorCal_d2,73.118,-0.638,1.430,1.970
CanSIPSv2,1992,NorCal_d2,DJF,96.255,-0.091,0.400,20,,-0.406,NorCal_d2,159.650,1.415,-0.050,0.350
CanSIPSv2,1993,NorCal_d2,DJF,106.835,0.167,0.550,20,,0.139,NorCal_d2,68.611,-0.744,0.190,0.420
CanSIPSv2,1994,NorCal_d2,DJF,95.928,-0.099,0.400,20,,0.459,NorCal_d2,140.880,0.970,0.970,1.280
CanSIPSv2,1995,NorCal_d2,DJF,96.120,-0.095,0.450,20,,-1.284,NorCal_d2,150.477,1.197,-1.010,-0.990
CanSIPSv2,1996,NorCal_d2,DJF,93.932,-0.148,0.400,20,,-0.702,NorCal_d2,154.825,1.300,-0.410,-0.290
CanSIPSv2,1997,NorCal_d2,DJF,134.283,0.836,0.900,20,,2.870,NorCal_d2,166.278,1.572,2.370,2.280
CanSIPSv2,1998,NorCal_d2,DJF,101.074,0.026,0.500,20,,-1.876,NorCal_d2,91.304,-0.206,-1.470,-1.610
CanSIPSv2,1999,NorCal_d2,DJF,94.400,-0.137,0.450,20,,-1.834,NorCal_d2,113.627,0.323,-1.530,-1.560
CanSIPSv2,2000,NorCal_d2,DJF,83.097,-0.412,0.400,20,,-0.533,NorCal_d2,62.884,-0.880,-0.780,-0.820
CanSIPSv2,2001,NorCal_d2,DJF,83.469,-0.403,0.350,20,,-0.138,NorCal_d2,85.843,-0.336,-0.320,-0.320
CanSIPSv2,2002,NorCal_d2,DJF,81.595,-0.449,0.250,20,,1.204,NorCal_d2,111.771,0.279,1.080,1.130
CanSIPSv2,2003,NorCal_d2,DJF,96.811,-0.078,0.500,20,,0.424,NorCal_d2,128.897,0.685,0.290,0.220
CanSIPSv2,2004,NorCal_d2,DJF,107.835,0.191,0.400,20,,0.664,NorCal_d2,90.562,-0.224,0.710,0.690
CanSIPSv2,2005,NorCal_d2,DJF,111.214,0.273,0.450,20,,-0.153,NorCal_d2,145.016,1.068,-0.820,-0.810
CanSIPSv2,2006,NorCal_d2,DJF,99.425,-0.014,0.550,20,,0.971,NorCal_d2,74.019,-0.616,0.880,0.890
CanSIPSv2,2007,NorCal_d2,DJF,88.816,-0.273,0.350,20,,-1.553,NorCal_d2,102.015,0.048,-1.720,-1.650
CanSIPSv2,2008,NorCal_d2,DJF,96.839,-0.077,0.400,20,,-0.128,NorCal_d2,73.224,-0.635,-0.790,-0.860
CanSIPSv2,2009,NorCal_d2,DJF,97.547,-0.060,0.450,20,,1.177,NorCal_d2,98.250,-0.041,1.500,1.500
CanSIPSv2,2010,NorCal_d2,DJF,88.153,-0.289,0.350,20,,-2.683,NorCal_d2,93.372,-0.157,-1.480,-1.550
CanSIPSv2,2011,NorCal_d2,DJF,96.525,-0.085,0.450,20,,-1.061,NorCal_d2,41.569,-1.386,-0.920,-0.960
CanSIPSv2,2012,NorCal_d2,DJF,93.210,-0.166,0.350,20,,0.564,NorCal_d2,69.512,-0.723,-0.030,-0.270
CanSIPSv2,2013,NorCal_d2,DJF,95.122,-0.119,0.500,20,,0.134,NorCal_d2,48.780,-1.215,-0.110,-0.270
CanSIPSv2,2014,NorCal_d2,DJF,99.075,-0.023,0.350,20,,0.398,NorCal_d2,89.608,-0.246,0.800,0.620
CanSIPSv2,2015,NorCal_d2,DJF,129.343,0.716,0.800,20,,2.491,NorCal_d2,105.302,0.126,2.590,2.250
CanSIPSv2,2016,NorCal_d2,DJF,92.466,-0.184,0.350,20,,-0.562,NorCal_d2,188.812,2.106,-0.370,-0.890
CanSIPSv2,2017,NorCal_d2,DJF,115.311,0.373,0.650,20,,-0.707,NorCal_d2,34.199,-1.561,-0.760,-1.140
CanSIPSv2,2018,NorCal_d2,DJF,120.672,0.504,0.550,20,,0.512,NorCal_d2,143.902,1.041,1.050,0.780
CanSIPSv2,2019,NorCal_d2,DJF,97.181,-0.069,0.450,20,,-0.084,NorCal_d2,58.324,-0.988,0.750,0.220
CanSIPSv2,2020,NorCal_d2,DJF,87.482,-0.305,0.400,20,,-1.431,NorCal_d2,52.704,-1.122,-1.060,-1.390
CanSIPSv2,2021,NorCal_d2,DJF,88.977,-0.269,0.350,20,,-1.043,NorCal_d2,52.916,-1.117,-0.830,-1.220
CanSIPSv2,1981,NorCal_d2,JFM,107.430,0.183,0.500,20,,-0.589,NorCal_d2,106.166,0.135,-0.140,-0.080
CanSIPSv2,1982,NorCal_d2,JFM,132.918,0.812,0.700,20,,2.081,NorCal_d2,186.307,1.883,2.120,2.360
CanSIPSv2,1983,NorCal_d2,JFM,100.531,0.013,0.500,20,,-0.964,NorCal_d2,42.822,-1.247,-0.890,-0.960
CanSIPSv2,1984,NorCal_d2,JFM,118.687,0.461,0.600,20,,-0.787,NorCal_d2,48.726,-1.119,-1.060,-0.930
CanSIPSv2,1985,NorCal_d2,JFM,90.347,-0.238,0.300,20,,-0.439,NorCal_d2,170.829,1.545,-0.360,-0.210
CanSIPSv2,1986,NorCal_d2,JFM,104.720,0.116,0.500,20,,1.115,NorCal_d2,86.332,-0.298,1.210,1.420
CanSIPSv2,1987,NorCal_d2,JFM,104.304,0.106,0.450,20,,1.260,NorCal_d2,43.567,-1.231,1.000,0.800
CanSIPSv2,1988,NorCal_d2,JFM,103.531,0.087,0.400,20,,-2.231,NorCal_d2,89.714,-0.224,-1.850,-1.940
CanSIPSv2,1989,NorCal_d2,JFM,85.557,-0.356,0.450,20,,-0.332,NorCal_d2,66.268,-0.736,-0.040,0.060
CanSIPSv2,1990,NorCal_d2,JFM,98.015,-0.049,0.550,20,,0.432,NorCal_d2,95.103,-0.107,0.340,0.430
CanSIPSv2,1991,NorCal_d2,JFM,118.969,0.468,0.600,20,,1.266,NorCal_d2,82.720,-0.377,1.430,1.970
CanSIPSv2,1992,NorCal_d2,JFM,103.152,0.078,0.450,20,,-0.406,NorCal_d2,140.791,0.890,-0.050,0.350
CanSIPSv2,1993,NorCal_d2,JFM,104.761,0.117,0.500,20,,0.139,NorCal_d2,56.408,-0.951,0.190,0.420
CanSIPSv2,1994,NorCal_d2,JFM,94.765,-0.129,0.400,20,,0.459,NorCal_d2,211.358,2.430,0.970,1.280
CanSIPSv2,1995,NorCal_d2,JFM,104.822,0.119,0.550,20,,-1.284,NorCal_d2,126.173,0.571,-1.010,-0.990
CanSIPSv2,1996,NorCal_d2,JFM,97.084,-0.072,0.400,20,,-0.702,NorCal_d2,88.854,-0.243,-0.410,-0.290
CanSIPSv2,1997,NorCal_d2,JFM,126.720,0.659,0.750,20,,2.870,NorCal_d2,189.689,1.957,2.370,2.280
CanSIPSv2,1998,NorCal_d2,JFM,96.315,-0.091,0.350,20,,-1.876,NorCal_d2,103.701,0.081,-1.470,-1.610
CanSIPSv2,1999,NorCal_d2,JFM,96.461,-0.087,0.400,20,,-1.834,NorCal_d2,134.256,0.747,-1.530,-1.560
CanSIPSv2,2000,NorCal_d2,JFM,85.569,-0.356,0.300,20,,-0.533,NorCal_d2,76.414,-0.515,-0.780,-0.820
CanSIPSv2,2001,NorCal_d2,JFM,84.020,-0.394,0.200,20,,-0.138,NorCal_d2,57.669,-0.924,-0.320,-0.320
CanSIPSv2,2002,NorCal_d2,JFM,93.384,-0.163,0.350,20,,1.204,NorCal_d2,63.230,-0.802,1.080,1.130
CanSIPSv2,2003,NorCal_d2,JFM,90.595,-0.232,0.200,20,,0.424,NorCal_d2,85.988,-0.306,0.290,0.220
CanSIPSv2,2004,NorCal_d2,JFM,106.714,0.166,0.450,20,,0.664,NorCal_d2,86.446,-0.296,0.710,0.690
CanSIPSv2,2005,NorCal_d2,JFM,106.197,0.153,0.500,20,,-0.153,NorCal_d2,117.689,0.386,-0.820,-0.810
CanSIPSv2,2006,NorCal_d2,JFM,93.108,-0.170,0.450,20,,0.971,NorCal_d2,55.777,-0.965,0.880,0.890
CanSIPSv2,2007,NorCal_d2,JFM,77.162,-0.563,0.100,20,,-1.553,NorCal_d2,87.708,-0.268,-1.720,-1.650
CanSIPSv2,2008,NorCal_d2,JFM,93.171,-0.168,0.350,20,,-0.128,NorCal_d2,83.351,-0.363,-0.790,-0.860
CanSIPSv2,2009,NorCal_d2,JFM,91.394,-0.212,0.300,20,,1.177,NorCal_d2,102.497,0.054,1.500,1.500
CanSIPSv2,2010,NorCal_d2,JFM,96.343,-0.090,0.400,20,,-2.683,NorCal_d2,102.841,0.062,-1.480,-1.550
CanSIPSv2,2011,NorCal_d2,JFM,104.383,0.108,0.450,20,,-1.061,NorCal_d2,94.185,-0.127,-0.920,-0.960
CanSIPSv2,2012,NorCal_d2,JFM,92.058,-0.196,0.350,20,,0.564,NorCal_d2,24.191,-1.654,-0.030,-0.270
CanSIPSv2,2013,NorCal_d2,JFM,84.729,-0.377,0.300,20,,0.134,NorCal_d2,86.389,-0.297,-0.110,-0.270
CanSIPSv2,2014,NorCal_d2,JFM,93.318,-0.165,0.400,20,,0.398,NorCal_d2,34.395,-1.431,0.800,0.620
CanSIPSv2,2015,NorCal_d2,JFM,130.861,0.761,0.750,20,,2.491,NorCal_d2,126.345,0.575,2.590,2.250
CanSIPSv2,2016,NorCal_d2,JFM,98.052,-0.048,0.450,20,,-0.562,NorCal_d2,189.689,1.957,-0.370,-0.890
CanSIPSv2,2017,NorCal_d2,JFM,124.750,0.610,0.750,20,,-0.707,NorCal_d2,80.370,-0.428,-0.760,-1.140
CanSIPSv2,2018,NorCal_d2,JFM,117.591,0.434,0.550,20,,0.512,NorCal_d2,172.262,1.577,1.050,0.780
CanSIPSv2,2019,NorCal_d2,JFM,95.538,-0.110,0.450,20,,-0.084,NorCal_d2,43.510,-1.232,0.750,0.220
CanSIPSv2,2020,NorCal_d2,JFM,102.084,0.051,0.450,20,,-1.431,NorCal_d2,56.179,-0.956,-1.060,-1.390
CanSIPSv2,2021,NorCal_d2,JFM,90.133,-0.243,0.300,20,,-1.043,NorCal_d2,12.096,-1.918,-0.830,-1.220
CanSIPSv2,1981,SoCal_box,DJF,105.442,0.079,0.450,20,,-0.589,SoCal_d6,57.351,-0.649,-0.140,-0.080
CanSIPSv2,1982,SoCal_box,DJF,178.875,1.143,0.800,20,,2.081,SoCal_d6,137.346,0.568,2.120,2.360
CanSIPSv2,1983,SoCal_box,DJF,88.165,-0.172,0.450,20,,-0.964,SoCal_d6,37.492,-0.951,-0.890,-0.960
CanSIPSv2,1984,SoCal_box,DJF,80.523,-0.282,0.250,20,,-0.787,SoCal_d6,79.160,-0.317,-1.060,-0.930
CanSIPSv2,1985,SoCal_box,DJF,86.356,-0.198,0.200,20,,-0.439,SoCal_d6,82.222,-0.271,-0.360,-0.210
CanSIPSv2,1986,SoCal_box,DJF,151.932,0.753,0.800,20,,1.115,SoCal_d6,47.422,-0.800,1.210,1.420
CanSIPSv2,1987,SoCal_box,DJF,101.214,0.018,0.400,20,,1.260,SoCal_d6,74.798,-0.383,1.000,0.800
CanSIPSv2,1988,SoCal_box,DJF,75.683,-0.352,0.300,20,,-2.231,SoCal_d6,66.539,-0.509,-1.850,-1.940
CanSIPSv2,1989,SoCal_box,DJF,65.267,-0.503,0.200,20,,-0.332,SoCal_d6,53.639,-0.705,-0.040,0.060
CanSIPSv2,1990,SoCal_box,DJF,90.506,-0.138,0.350,20,,0.432,SoCal_d6,49.835,-0.763,0.340,0.430
CanSIPSv2,1991,SoCal_box,DJF,146.419,0.673,0.750,20,,1.266,SoCal_d6,137.718,0.574,1.430,1.970
CanSIPSv2,1992,SoCal_box,DJF,117.695,0.256,0.550,20,,-0.406,SoCal_d6,260.587,2.444,-0.050,0.350
CanSIPSv2,1993,SoCal_box,DJF,130.735,0.446,0.650,20,,0.139,SoCal_d6,72.757,-0.415,0.190,0.420
CanSIPSv2,1994,SoCal_box,DJF,127.101,0.393,0.600,20,,0.459,SoCal_d6,177.066,1.173,0.970,1.280
CanSIPSv2,1995,SoCal_box,DJF,75.311,-0.358,0.350,20,,-1.284,SoCal_d6,94.565,-0.083,-1.010,-0.990
CanSIPSv2,1996,SoCal_box,DJF,86.568,-0.195,0.450,20,,-0.702,SoCal_d6,99.391,-0.009,-0.410,-0.290
CanSIPSv2,1997,SoCal_box,DJF,179.799,1.157,0.750,20,,2.870,SoCal_d6,233.489,2.031,2.370,2.280
CanSIPSv2,1998,SoCal_box,DJF,63.334,-0.531,0.050,20,,-1.876,SoCal_d6,38.327,-0.938,-1.470,-1.610
CanSIPSv2,1999,SoCal_box,DJF,77.122,-0.332,0.250,20,,-1.834,SoCal_d6,77.768,-0.338,-1.530,-1.560
CanSIPSv2,2000,SoCal_box,DJF,71.929,-0.407,0.250,20,,-0.533,SoCal_d6,105.794,0.088,-0.780,-0.820
CanSIPSv2,2001,SoCal_box,DJF,75.874,-0.350,0.250,20,,-0.138,SoCal_d6,24.314,-1.152,-0.320,-0.320
CanSIPSv2,2002,SoCal_box,DJF,87.109,-0.187,0.250,20,,1.204,SoCal_d6,84.728,-0.232,1.080,1.130
CanSIPSv2,2003,SoCal_box,DJF,88.095,-0.173,0.350,20,,0.424,SoCal_d6,72.014,-0.426,0.290,0.220
CanSIPSv2,2004,SoCal_box,DJF,133.444,0.485,0.450,20,,0.664,SoCal_d6,230.798,1.990,0.710,0.690
CanSIPSv2,2005,SoCal_box,DJF,91.806,-0.119,0.350,20,,-0.153,SoCal_d6,55.588,-0.676,-0.820,-0.810
CanSIPSv2,2006,SoCal_box,DJF,114.099,0.204,0.550,20,,0.971,SoCal_d6,36.193,-0.971,0.880,0.890
CanSIPSv2,2007,SoCal_box,DJF,62.938,-0.537,0.100,20,,-1.553,SoCal_d6,121.849,0.332,-1.720,-1.650
CanSIPSv2,2008,SoCal_box,DJF,82.290,-0.257,0.350,20,,-0.128,SoCal_d6,83.150,-0.256,-0.790,-0.860
CanSIPSv2,2009,SoCal_box,DJF,121.200,0.307,0.600,20,,1.177,SoCal_d6,145.699,0.695,1.500,1.500
CanSIPSv2,2010,SoCal_box,DJF,56.013,-0.638,0.150,20,,-2.683,SoCal_d6,141.430,0.630,-1.480,-1.550
CanSIPSv2,2011,SoCal_box,DJF,67.863,-0.466,0.250,20,,-1.061,SoCal_d6,25.613,-1.132,-0.920,-0.960
CanSIPSv2,2012,SoCal_box,DJF,107.368,0.107,0.350,20,,0.564,SoCal_d6,46.865,-0.809,-0.030,-0.270
CanSIPSv2,2013,SoCal_box,DJF,84.278,-0.228,0.350,20,,0.134,SoCal_d6,30.810,-1.053,-0.110,-0.270
CanSIPSv2,2014,SoCal_box,DJF,99.127,-0.013,0.450,20,,0.398,SoCal_d6,66.446,-0.511,0.800,0.620
CanSIPSv2,2015,SoCal_box,DJF,175.642,1.096,0.800,20,,2.491,SoCal_d6,60.414,-0.602,2.590,2.250
CanSIPSv2,2016,SoCal_box,DJF,103.400,0.049,0.450,20,,-0.562,SoCal_d6,182.819,1.260,-0.370,-0.890
CanSIPSv2,2017,SoCal_box,DJF,76.599,-0.339,0.300,20,,-0.707,SoCal_d6,30.068,-1.064,-0.760,-1.140
CanSIPSv2,2018,SoCal_box,DJF,121.188,0.307,0.700,20,,0.512,SoCal_d6,149.689,0.756,1.050,0.780
CanSIPSv2,2019,SoCal_box,DJF,85.149,-0.215,0.350,20,,-0.084,SoCal_d6,53.732,-0.704,0.750,0.220
CanSIPSv2,2020,SoCal_box,DJF,57.788,-0.612,0.050,20,,-1.431,SoCal_d6,45.009,-0.837,-1.060,-1.390
CanSIPSv2,2021,SoCal_box,DJF,75.141,-0.360,0.300,20,,-1.043,SoCal_d6,76.933,-0.351,-0.830,-1.220
CanSIPSv2,1981,SoCal_box,JFM,113.357,0.199,0.400,20,,-0.589,SoCal_d6,109.324,0.146,-0.140,-0.080
CanSIPSv2,1982,SoCal_box,JFM,184.722,1.263,0.900,20,,2.081,SoCal_d6,203.770,1.623,2.120,2.360
CanSIPSv2,1983,SoCal_box,JFM,82.121,-0.267,0.350,20,,-0.964,SoCal_d6,5.730,-1.474,-0.890,-0.960
CanSIPSv2,1984,SoCal_box,JFM,93.113,-0.103,0.200,20,,-0.787,SoCal_d6,37.150,-0.983,-1.060,-0.930
CanSIPSv2,1985,SoCal_box,JFM,85.696,-0.213,0.300,20,,-0.439,SoCal_d6,119.213,0.300,-0.360,-0.210
CanSIPSv2,1986,SoCal_box,JFM,160.187,0.898,0.800,20,,1.115,SoCal_d6,59.329,-0.636,1.210,1.420
CanSIPSv2,1987,SoCal_box,JFM,105.791,0.086,0.450,20,,1.260,SoCal_d6,49.533,-0.789,1.000,0.800
CanSIPSv2,1988,SoCal_box,JFM,80.584,-0.290,0.350,20,,-2.231,SoCal_d6,39.368,-0.948,-1.850,-1.940
CanSIPSv2,1989,SoCal_box,JFM,77.214,-0.340,0.250,20,,-0.332,SoCal_d6,57.388,-0.666,-0.040,0.060
CanSIPSv2,1990,SoCal_box,JFM,108.358,0.125,0.450,20,,0.432,SoCal_d6,149.524,0.774,0.340,0.430
CanSIPSv2,1991,SoCal_box,JFM,154.048,0.806,0.750,20,,1.266,SoCal_d6,156.178,0.879,1.430,1.970
CanSIPSv2,1992,SoCal_box,JFM,122.409,0.334,0.600,20,,-0.406,SoCal_d6,238.333,2.163,-0.050,0.350
CanSIPSv2,1993,SoCal_box,JFM,128.507,0.425,0.650,20,,0.139,SoCal_d6,86.314,-0.214,0.190,0.420
CanSIPSv2,1994,SoCal_box,JFM,130.017,0.448,0.700,20,,0.459,SoCal_d6,244.802,2.264,0.970,1.280
CanSIPSv2,1995,SoCal_box,JFM,68.277,-0.473,0.100,20,,-1.284,SoCal_d6,100.822,0.013,-1.010,-0.990
CanSIPSv2,1996,SoCal_box,JFM,70.203,-0.444,0.150,20,,-0.702,SoCal_d6,58.590,-0.648,-0.410,-0.290
CanSIPSv2,1997,SoCal_box,JFM,179.565,1.186,0.900,20,,2.870,SoCal_d6,227.151,1.988,2.370,2.280
CanSIPSv2,1998,SoCal_box,JFM,61.894,-0.568,0.100,20,,-1.876,SoCal_d6,49.995,-0.782,-1.470,-1.610
CanSIPSv2,1999,SoCal_box,JFM,74.291,-0.383,0.250,20,,-1.834,SoCal_d6,96.479,-0.055,-1.530,-1.560
CanSIPSv2,2000,SoCal_box,JFM,76.989,-0.343,0.300,20,,-0.533,SoCal_d6,131.226,0.488,-0.780,-0.820
CanSIPSv2,2001,SoCal_box,JFM,80.190,-0.295,0.300,20,,-0.138,SoCal_d6,16.542,-1.305,-0.320,-0.320
CanSIPSv2,2002,SoCal_box,JFM,105.935,0.088,0.400,20,,1.204,SoCal_d6,81.416,-0.291,1.080,1.130
CanSIPSv2,2003,SoCal_box,JFM,91.565,-0.126,0.400,20,,0.424,SoCal_d6,61.917,-0.596,0.290,0.220
CanSIPSv2,2004,SoCal_box,JFM,127.790,0.414,0.450,20,,0.664,SoCal_d6,194.437,1.477,0.710,0.690
CanSIPSv2,2005,SoCal_box,JFM,85.833,-0.211,0.400,20,,-0.153,SoCal_d6,82.987,-0.266,-0.820,-0.810
CanSIPSv2,2006,SoCal_box,JFM,104.496,0.067,0.400,20,,0.971,SoCal_d6,29.665,-1.100,0.880,0.890
CanSIPSv2,2007,SoCal_box,JFM,53.822,-0.689,0.200,20,,-1.553,SoCal_d6,102.116,0.033,-1.720,-1.650
CanSIPSv2,2008,SoCal_box,JFM,76.466,-0.351,0.250,20,,-0.128,SoCal_d6,54.616,-0.710,-0.790,-0.860
CanSIPSv2,2009,SoCal_box,JFM,122.046,0.329,0.650,20,,1.177,SoCal_d6,116.995,0.266,1.500,1.500
CanSIPSv2,2010,SoCal_box,JFM,59.786,-0.600,0.100,20,,-2.683,SoCal_d6,85.667,-0.224,-1.480,-1.550
CanSIPSv2,2011,SoCal_box,JFM,59.867,-0.598,0.200,20,,-1.061,SoCal_d6,42.787,-0.895,-0.920,-0.960
CanSIPSv2,2012,SoCal_box,JFM,96.426,-0.053,0.300,20,,0.564,SoCal_d6,30.773,-1.083,-0.030,-0.270
CanSIPSv2,2013,SoCal_box,JFM,88.444,-0.172,0.350,20,,0.134,SoCal_d6,42.880,-0.893,-0.110,-0.270
CanSIPSv2,2014,SoCal_box,JFM,100.213,0.003,0.450,20,,0.398,SoCal_d6,25.783,-1.161,0.800,0.620
CanSIPSv2,2015,SoCal_box,JFM,175.858,1.131,0.750,20,,2.491,SoCal_d6,68.386,-0.494,2.590,2.250
CanSIPSv2,2016,SoCal_box,JFM,98.182,-0.027,0.450,20,,-0.562,SoCal_d6,144.719,0.699,-0.370,-0.890
CanSIPSv2,2017,SoCal_box,JFM,83.393,-0.248,0.200,20,,-0.707,SoCal_d6,66.999,-0.516,-0.760,-1.140
CanSIPSv2,2018,SoCal_box,JFM,123.574,0.352,0.650,20,,0.512,SoCal_d6,155.161,0.863,1.050,0.780
CanSIPSv2,2019,SoCal_box,JFM,91.555,-0.126,0.350,20,,-0.084,SoCal_d6,56.742,-0.676,0.750,0.220
CanSIPSv2,2020,SoCal_box,JFM,67.097,-0.491,0.200,20,,-1.431,SoCal_d6,47.038,-0.828,-1.060,-1.390
CanSIPSv2,2021,SoCal_box,JFM,60.512,-0.589,0.150,20,,-1.043,SoCal_d6,21.625,-1.226,-0.830,-1.220
CanSIPSv2,1981,SoCal_d6,DJF,105.073,0.073,0.400,20,,-0.589,SoCal_d6,57.351,-0.649,-0.140,-0.080
CanSIPSv2,1982,SoCal_d6,DJF,177.085,1.115,0.850,20,,2.081,SoCal_d6,137.346,0.568,2.120,2.360
CanSIPSv2,1983,SoCal_d6,DJF,91.064,-0.129,0.400,20,,-0.964,SoCal_d6,37.492,-0.951,-0.890,-0.960
CanSIPSv2,1984,SoCal_d6,DJF,84.509,-0.224,0.250,20,,-0.787,SoCal_d6,79.160,-0.317,-1.060,-0.930
CanSIPSv2,1985,SoCal_d6,DJF,82.620,-0.251,0.250,20,,-0.439,SoCal_d6,82.222,-0.271,-0.360,-0.210
CanSIPSv2,1986,SoCal_d6,DJF,147.143,0.682,0.750,20,,1.115,SoCal_d6,47.422,-0.800,1.210,1.420
CanSIPSv2,1987,SoCal_d6,DJF,104.115,0.059,0.500,20,,1.260,SoCal_d6,74.798,-0.383,1.000,0.800
CanSIPSv2,1988,SoCal_d6,DJF,74.454,-0.369,0.300,20,,-2.231,SoCal_d6,66.539,-0.509,-1.850,-1.940
CanSIPSv2,1989,SoCal_d6,DJF,61.364,-0.559,0.150,20,,-0.332,SoCal_d6,53.639,-0.705,-0.040,0.060
CanSIPSv2,1990,SoCal_d6,DJF,92.017,-0.115,0.300,20,,0.432,SoCal_d6,49.835,-0.763,0.340,0.430
CanSIPSv2,1991,SoCal_d6,DJF,145.875,0.663,0.700,20,,1.266,SoCal_d6,137.718,0.574,1.430,1.970
CanSIPSv2,1992,SoCal_d6,DJF,115.007,0.217,0.550,20,,-0.406,SoCal_d6,260.587,2.444,-0.050,0.350
CanSIPSv2,1993,SoCal_d6,DJF,130.463,0.440,0.600,20,,0.139,SoCal_d6,72.757,-0.415,0.190,0.420
CanSIPSv2,1994,SoCal_d6,DJF,121.706,0.314,0.600,20,,0.459,SoCal_d6,177.066,1.173,0.970,1.280
CanSIPSv2,1995,SoCal_d6,DJF,76.853,-0.335,0.300,20,,-1.284,SoCal_d6,94.565,-0.083,-1.010,-0.990
CanSIPSv2,1996,SoCal_d6,DJF,88.165,-0.171,0.400,20,,-0.702,SoCal_d6,99.391,-0.009,-0.410,-0.290
CanSIPSv2,1997,SoCal_d6,DJF,183.690,1.210,0.800,20,,2.870,SoCal_d6,233.489,2.031,2.370,2.280
CanSIPSv2,1998,SoCal_d6,DJF,63.928,-0.522,0.050,20,,-1.876,SoCal_d6,38.327,-0.938,-1.470,-1.610
CanSIPSv2,1999,SoCal_d6,DJF,78.872,-0.305,0.250,20,,-1.834,SoCal_d6,77.768,-0.338,-1.530,-1.560
CanSIPSv2,2000,SoCal_d6,DJF,71.398,-0.414,0.250,20,,-0.533,SoCal_d6,105.794,0.088,-0.780,-0.820
CanSIPSv2,2001,SoCal_d6,DJF,74.645,-0.367,0.200,20,,-0.138,SoCal_d6,24.314,-1.152,-0.320,-0.320
CanSIPSv2,2002,SoCal_d6,DJF,92.532,-0.108,0.300,20,,1.204,SoCal_d6,84.728,-0.232,1.080,1.130
CanSIPSv2,2003,SoCal_d6,DJF,86.752,-0.192,0.350,20,,0.424,SoCal_d6,72.014,-0.426,0.290,0.220
CanSIPSv2,2004,SoCal_d6,DJF,131.013,0.448,0.450,20,,0.664,SoCal_d6,230.798,1.990,0.710,0.690
CanSIPSv2,2005,SoCal_d6,DJF,92.404,-0.110,0.400,20,,-0.153,SoCal_d6,55.588,-0.676,-0.820,-0.810
CanSIPSv2,2006,SoCal_d6,DJF,111.669,0.169,0.500,20,,0.971,SoCal_d6,36.193,-0.971,0.880,0.890
CanSIPSv2,2007,SoCal_d6,DJF,63.160,-0.533,0.100,20,,-1.553,SoCal_d6,121.849,0.332,-1.720,-1.650
CanSIPSv2,2008,SoCal_d6,DJF,84.461,-0.225,0.400,20,,-0.128,SoCal_d6,83.150,-0.256,-0.790,-0.860
CanSIPSv2,2009,SoCal_d6,DJF,118.566,0.268,0.650,20,,1.177,SoCal_d6,145.699,0.695,1.500,1.500
CanSIPSv2,2010,SoCal_d6,DJF,58.106,-0.606,0.150,20,,-2.683,SoCal_d6,141.430,0.630,-1.480,-1.550
CanSIPSv2,2011,SoCal_d6,DJF,70.706,-0.424,0.250,20,,-1.061,SoCal_d6,25.613,-1.132,-0.920,-0.960
CanSIPSv2,2012,SoCal_d6,DJF,107.509,0.109,0.350,20,,0.564,SoCal_d6,46.865,-0.809,-0.030,-0.270
CanSIPSv2,2013,SoCal_d6,DJF,81.830,-0.263,0.350,20,,0.134,SoCal_d6,30.810,-1.053,-0.110,-0.270
CanSIPSv2,2014,SoCal_d6,DJF,98.005,-0.029,0.450,20,,0.398,SoCal_d6,66.446,-0.511,0.800,0.620
CanSIPSv2,2015,SoCal_d6,DJF,172.989,1.055,0.850,20,,2.491,SoCal_d6,60.414,-0.602,2.590,2.250
CanSIPSv2,2016,SoCal_d6,DJF,99.170,-0.012,0.350,20,,-0.562,SoCal_d6,182.819,1.260,-0.370,-0.890
CanSIPSv2,2017,SoCal_d6,DJF,81.263,-0.271,0.300,20,,-0.707,SoCal_d6,30.068,-1.064,-0.760,-1.140
CanSIPSv2,2018,SoCal_d6,DJF,122.955,0.332,0.650,20,,0.512,SoCal_d6,149.689,0.756,1.050,0.780
CanSIPSv2,2019,SoCal_d6,DJF,84.290,-0.227,0.300,20,,-0.084,SoCal_d6,53.732,-0.704,0.750,0.220
CanSIPSv2,2020,SoCal_d6,DJF,56.687,-0.626,0.050,20,,-1.431,SoCal_d6,45.009,-0.837,-1.060,-1.390
CanSIPSv2,2021,SoCal_d6,DJF,75.721,-0.351,0.200,20,,-1.043,SoCal_d6,76.933,-0.351,-0.830,-1.220
CanSIPSv2,1981,SoCal_d6,JFM,113.957,0.206,0.450,20,,-0.589,SoCal_d6,109.324,0.146,-0.140,-0.080
CanSIPSv2,1982,SoCal_d6,JFM,183.803,1.235,0.900,20,,2.081,SoCal_d6,203.770,1.623,2.120,2.360
CanSIPSv2,1983,SoCal_d6,JFM,85.649,-0.211,0.300,20,,-0.964,SoCal_d6,5.730,-1.474,-0.890,-0.960
CanSIPSv2,1984,SoCal_d6,JFM,96.720,-0.048,0.250,20,,-0.787,SoCal_d6,37.150,-0.983,-1.060,-0.930
CanSIPSv2,1985,SoCal_d6,JFM,82.435,-0.259,0.250,20,,-0.439,SoCal_d6,119.213,0.300,-0.360,-0.210
CanSIPSv2,1986,SoCal_d6,JFM,155.345,0.815,0.750,20,,1.115,SoCal_d6,59.329,-0.636,1.210,1.420
CanSIPSv2,1987,SoCal_d6,JFM,107.552,0.111,0.350,20,,1.260,SoCal_d6,49.533,-0.789,1.000,0.800
CanSIPSv2,1988,SoCal_d6,JFM,80.533,-0.287,0.350,20,,-2.231,SoCal_d6,39.368,-0.948,-1.850,-1.940
CanSIPSv2,1989,SoCal_d6,JFM,76.169,-0.351,0.250,20,,-0.332,SoCal_d6,57.388,-0.666,-0.040,0.060
CanSIPSv2,1990,SoCal_d6,JFM,108.727,0.129,0.500,20,,0.432,SoCal_d6,149.524,0.774,0.340,0.430
CanSIPSv2,1991,SoCal_d6,JFM,154.041,0.796,0.700,20,,1.266,SoCal_d6,156.178,0.879,1.430,1.970
CanSIPSv2,1992,SoCal_d6,JFM,116.694,0.246,0.600,20,,-0.406,SoCal_d6,238.333,2.163,-0.050,0.350
CanSIPSv2,1993,SoCal_d6,JFM,127.597,0.407,0.650,20,,0.139,SoCal_d6,86.314,-0.214,0.190,0.420
CanSIPSv2,1994,SoCal_d6,JFM,123.953,0.353,0.600,20,,0.459,SoCal_d6,244.802,2.264,0.970,1.280
CanSIPSv2,1995,SoCal_d6,JFM,71.411,-0.421,0.150,20,,-1.284,SoCal_d6,100.822,0.013,-1.010,-0.990
CanSIPSv2,1996,SoCal_d6,JFM,71.649,-0.418,0.150,20,,-0.702,SoCal_d6,58.590,-0.648,-0.410,-0.290
CanSIPSv2,1997,SoCal_d6,JFM,181.765,1.204,0.850,20,,2.870,SoCal_d6,227.151,1.988,2.370,2.280
CanSIPSv2,1998,SoCal_d6,JFM,61.930,-0.561,0.050,20,,-1.876,SoCal_d6,49.995,-0.782,-1.470,-1.610
CanSIPSv2,1999,SoCal_d6,JFM,78.089,-0.323,0.250,20,,-1.834,SoCal_d6,96.479,-0.055,-1.530,-1.560
CanSIPSv2,2000,SoCal_d6,JFM,77.819,-0.327,0.350,20,,-0.533,SoCal_d6,131.226,0.488,-0.780,-0.820
CanSIPSv2,2001,SoCal_d6,JFM,77.394,-0.333,0.200,20,,-0.138,SoCal_d6,16.542,-1.305,-0.320,-0.320
CanSIPSv2,2002,SoCal_d6,JFM,108.754,0.129,0.400,20,,1.204,SoCal_d6,81.416,-0.291,1.080,1.130
CanSIPSv2,2003,SoCal_d6,JFM,90.215,-0.144,0.450,20,,0.424,SoCal_d6,61.917,-0.596,0.290,0.220
CanSIPSv2,2004,SoCal_d6,JFM,125.641,0.378,0.400,20,,0.664,SoCal_d6,194.437,1.477,0.710,0.690
CanSIPSv2,2005,SoCal_d6,JFM,85.630,-0.212,0.300,20,,-0.153,SoCal_d6,82.987,-0.266,-0.820,-0.810
CanSIPSv2,2006,SoCal_d6,JFM,101.631,0.024,0.400,20,,0.971,SoCal_d6,29.665,-1.100,0.880,0.890
CanSIPSv2,2007,SoCal_d6,JFM,53.096,-0.691,0.150,20,,-1.553,SoCal_d6,102.116,0.033,-1.720,-1.650
CanSIPSv2,2008,SoCal_d6,JFM,78.979,-0.310,0.300,20,,-0.128,SoCal_d6,54.616,-0.710,-0.790,-0.860
CanSIPSv2,2009,SoCal_d6,JFM,119.239,0.283,0.650,20,,1.177,SoCal_d6,116.995,0.266,1.500,1.500
CanSIPSv2,2010,SoCal_d6,JFM,63.574,-0.537,0.250,20,,-2.683,SoCal_d6,85.667,-0.224,-1.480,-1.550
CanSIPSv2,2011,SoCal_d6,JFM,65.293,-0.511,0.200,20,,-1.061,SoCal_d6,42.787,-0.895,-0.920,-0.960
CanSIPSv2,2012,SoCal_d6,JFM,95.350,-0.069,0.350,20,,0.564,SoCal_d6,30.773,-1.083,-0.030,-0.270
CanSIPSv2,2013,SoCal_d6,JFM,85.774,-0.210,0.300,20,,0.134,SoCal_d6,42.880,-0.893,-0.110,-0.270
CanSIPSv2,2014,SoCal_d6,JFM,98.704,-0.019,0.450,20,,0.398,SoCal_d6,25.783,-1.161,0.800,0.620
CanSIPSv2,2015,SoCal_d6,JFM,173.704,1.086,0.800,20,,2.491,SoCal_d6,68.386,-0.494,2.590,2.250
CanSIPSv2,2016,SoCal_d6,JFM,95.696,-0.063,0.400,20,,-0.562,SoCal_d6,144.719,0.699,-0.370,-0.890
CanSIPSv2,2017,SoCal_d6,JFM,90.787,-0.136,0.250,20,,-0.707,SoCal_d6,66.999,-0.516,-0.760,-1.140
CanSIPSv2,2018,SoCal_d6,JFM,125.627,0.378,0.700,20,,0.512,SoCal_d6,155.161,0.863,1.050,0.780
CanSIPSv2,2019,SoCal_d6,JFM,91.238,-0.129,0.350,20,,-0.084,SoCal_d6,56.742,-0.676,0.750,0.220
CanSIPSv2,2020,SoCal_d6,JFM,68.625,-0.462,0.200,20,,-1.431,SoCal_d6,47.038,-0.828,-1.060,-1.390
CanSIPSv2,2021,SoCal_d6,JFM,62.772,-0.548,0.100,20,,-1.043,SoCal_d6,21.625,-1.226,-0.830,-1.220
GFDL-SPEAR,1991,NorCal_box,DJF,96.973,-0.078,0.400,15,,0.643,NorCal_d2,73.118,-0.638,1.430,1.970
GFDL-SPEAR,1992,NorCal_box,DJF,108.144,0.210,0.600,15,,-0.892,NorCal_d2,159.650,1.415,-0.050,0.350
GFDL-SPEAR,1993,NorCal_box,DJF,108.775,0.226,0.600,15,,-0.674,NorCal_d2,68.611,-0.744,0.190,0.420
GFDL-SPEAR,1994,NorCal_box,DJF,85.089,-0.385,0.333,15,,-0.103,NorCal_d2,140.880,0.970,0.970,1.280
GFDL-SPEAR,1995,NorCal_box,DJF,96.555,-0.089,0.400,15,,-1.214,NorCal_d2,150.477,1.197,-1.010,-0.990
GFDL-SPEAR,1996,NorCal_box,DJF,103.612,0.093,0.467,15,,-0.531,NorCal_d2,154.825,1.300,-0.410,-0.290
GFDL-SPEAR,1997,NorCal_box,DJF,163.155,1.630,0.867,15,,2.603,NorCal_d2,166.278,1.572,2.370,2.280
GFDL-SPEAR,1998,NorCal_box,DJF,111.733,0.303,0.600,15,,-1.620,NorCal_d2,91.304,-0.206,-1.470,-1.610
GFDL-SPEAR,1999,NorCal_box,DJF,97.610,-0.062,0.400,15,,-1.201,NorCal_d2,113.627,0.323,-1.530,-1.560
GFDL-SPEAR,2000,NorCal_box,DJF,88.135,-0.306,0.333,15,,-0.175,NorCal_d2,62.884,-0.880,-0.780,-0.820
GFDL-SPEAR,2001,NorCal_box,DJF,110.281,0.265,0.533,15,,-0.096,NorCal_d2,85.843,-0.336,-0.320,-0.320
GFDL-SPEAR,2002,NorCal_box,DJF,103.247,0.084,0.600,15,,1.036,NorCal_d2,111.771,0.279,1.080,1.130
GFDL-SPEAR,2003,NorCal_box,DJF,100.384,0.010,0.533,15,,0.067,NorCal_d2,128.897,0.685,0.290,0.220
GFDL-SPEAR,2004,NorCal_box,DJF,95.708,-0.111,0.467,15,,0.321,NorCal_d2,90.562,-0.224,0.710,0.690
GFDL-SPEAR,2005,NorCal_box,DJF,89.646,-0.267,0.400,15,,-0.385,NorCal_d2,145.016,1.068,-0.820,-0.810
GFDL-SPEAR,2006,NorCal_box,DJF,93.192,-0.176,0.333,15,,0.806,NorCal_d2,74.019,-0.616,0.880,0.890
GFDL-SPEAR,2007,NorCal_box,DJF,85.638,-0.371,0.400,15,,-0.851,NorCal_d2,102.015,0.048,-1.720,-1.650
GFDL-SPEAR,2008,NorCal_box,DJF,95.088,-0.127,0.400,15,,-0.247,NorCal_d2,73.224,-0.635,-0.790,-0.860
GFDL-SPEAR,2009,NorCal_box,DJF,82.764,-0.445,0.333,15,,1.309,NorCal_d2,98.250,-0.041,1.500,1.500
GFDL-SPEAR,2010,NorCal_box,DJF,104.931,0.127,0.400,15,,-1.593,NorCal_d2,93.372,-0.157,-1.480,-1.550
GFDL-SPEAR,2011,NorCal_box,DJF,102.972,0.077,0.467,15,,-0.962,NorCal_d2,41.569,-1.386,-0.920,-0.960
GFDL-SPEAR,2012,NorCal_box,DJF,86.935,-0.337,0.333,15,,0.933,NorCal_d2,69.512,-0.723,-0.030,-0.270
GFDL-SPEAR,2013,NorCal_box,DJF,93.996,-0.155,0.467,15,,-0.015,NorCal_d2,48.780,-1.215,-0.110,-0.270
GFDL-SPEAR,2014,NorCal_box,DJF,109.260,0.239,0.600,15,,0.805,NorCal_d2,89.608,-0.246,0.800,0.620
GFDL-SPEAR,2015,NorCal_box,DJF,114.363,0.371,0.467,15,,2.245,NorCal_d2,105.302,0.126,2.590,2.250
GFDL-SPEAR,2016,NorCal_box,DJF,96.030,-0.102,0.333,15,,-0.106,NorCal_d2,188.812,2.106,-0.370,-0.890
GFDL-SPEAR,2017,NorCal_box,DJF,111.151,0.288,0.733,15,,-0.992,NorCal_d2,34.199,-1.561,-0.760,-1.140
GFDL-SPEAR,2018,NorCal_box,DJF,82.740,-0.445,0.200,15,,0.714,NorCal_d2,143.902,1.041,1.050,0.780
GFDL-SPEAR,2019,NorCal_box,DJF,81.893,-0.467,0.200,15,,0.174,NorCal_d2,58.324,-0.988,0.750,0.220
GFDL-SPEAR,2020,NorCal_box,DJF,108.420,0.217,0.533,15,,-0.733,NorCal_d2,52.704,-1.122,-1.060,-1.390
GFDL-SPEAR,2021,NorCal_box,DJF,105.702,0.147,0.500,30,,-0.764,NorCal_d2,52.916,-1.117,-0.830,-1.220
GFDL-SPEAR,2022,NorCal_box,DJF,106.992,0.180,0.433,30,,-0.430,NorCal_d2,137.381,0.887,-0.700,-0.990
GFDL-SPEAR,2023,NorCal_box,DJF,98.181,-0.047,0.400,30,,1.844,NorCal_d2,109.120,0.216,1.990,1.400
GFDL-SPEAR,2024,NorCal_box,DJF,103.020,0.078,0.533,30,,,NorCal_d2,99.894,-0.003,-0.430,-1.050
GFDL-SPEAR,2025,NorCal_box,DJF,103.530,0.091,0.500,30,,,NorCal_d2,103.977,0.094,-0.600,-1.040
GFDL-SPEAR,1991,NorCal_box,JFM,102.073,0.054,0.400,15,,0.643,NorCal_d2,82.720,-0.377,1.430,1.970
GFDL-SPEAR,1992,NorCal_box,JFM,107.048,0.183,0.533,15,,-0.892,NorCal_d2,140.791,0.890,-0.050,0.350
GFDL-SPEAR,1993,NorCal_box,JFM,115.696,0.409,0.600,15,,-0.674,NorCal_d2,56.408,-0.951,0.190,0.420
GFDL-SPEAR,1994,NorCal_box,JFM,87.726,-0.320,0.333,15,,-0.103,NorCal_d2,211.358,2.430,0.970,1.280
GFDL-SPEAR,1995,NorCal_box,JFM,103.347,0.087,0.533,15,,-1.214,NorCal_d2,126.173,0.571,-1.010,-0.990
GFDL-SPEAR,1996,NorCal_box,JFM,114.842,0.386,0.667,15,,-0.531,NorCal_d2,88.854,-0.243,-0.410,-0.290
GFDL-SPEAR,1997,NorCal_box,JFM,160.727,1.581,0.867,15,,2.603,NorCal_d2,189.689,1.957,2.370,2.280
GFDL-SPEAR,1998,NorCal_box,JFM,109.625,0.251,0.600,15,,-1.620,NorCal_d2,103.701,0.081,-1.470,-1.610
GFDL-SPEAR,1999,NorCal_box,JFM,92.240,-0.202,0.400,15,,-1.201,NorCal_d2,134.256,0.747,-1.530,-1.560
GFDL-SPEAR,2000,NorCal_box,JFM,89.530,-0.273,0.400,15,,-0.175,NorCal_d2,76.414,-0.515,-0.780,-0.820
GFDL-SPEAR,2001,NorCal_box,JFM,107.075,0.184,0.600,15,,-0.096,NorCal_d2,57.669,-0.924,-0.320,-0.320
GFDL-SPEAR,2002,NorCal_box,JFM,86.922,-0.340,0.400,15,,1.036,NorCal_d2,63.230,-0.802,1.080,1.130
GFDL-SPEAR,2003,NorCal_box,JFM,88.226,-0.306,0.467,15,,0.067,NorCal_d2,85.988,-0.306,0.290,0.220
GFDL-SPEAR,2004,NorCal_box,JFM,97.733,-0.059,0.333,15,,0.321,NorCal_d2,86.446,-0.296,0.710,0.690
GFDL-SPEAR,2005,NorCal_box,JFM,86.005,-0.364,0.333,15,,-0.385,NorCal_d2,117.689,0.386,-0.820,-0.810
GFDL-SPEAR,2006,NorCal_box,JFM,87.119,-0.335,0.333,15,,0.806,NorCal_d2,55.777,-0.965,0.880,0.890
GFDL-SPEAR,2007,NorCal_box,JFM,85.522,-0.377,0.400,15,,-0.851,NorCal_d2,87.708,-0.268,-1.720,-1.650
GFDL-SPEAR,2008,NorCal_box,JFM,106.104,0.159,0.600,15,,-0.247,NorCal_d2,83.351,-0.363,-0.790,-0.860
GFDL-SPEAR,2009,NorCal_box,JFM,90.309,-0.252,0.333,15,,1.309,NorCal_d2,102.497,0.054,1.500,1.500
GFDL-SPEAR,2010,NorCal_box,JFM,102.402,0.063,0.467,15,,-1.593,NorCal_d2,102.841,0.062,-1.480,-1.550
GFDL-SPEAR,2011,NorCal_box,JFM,105.650,0.147,0.467,15,,-0.962,NorCal_d2,94.185,-0.127,-0.920,-0.960
GFDL-SPEAR,2012,NorCal_box,JFM,93.129,-0.179,0.467,15,,0.933,NorCal_d2,24.191,-1.654,-0.030,-0.270
GFDL-SPEAR,2013,NorCal_box,JFM,90.170,-0.256,0.333,15,,-0.015,NorCal_d2,86.389,-0.297,-0.110,-0.270
GFDL-SPEAR,2014,NorCal_box,JFM,100.925,0.024,0.533,15,,0.805,NorCal_d2,34.395,-1.431,0.800,0.620
GFDL-SPEAR,2015,NorCal_box,JFM,101.535,0.040,0.533,15,,2.245,NorCal_d2,126.345,0.575,2.590,2.250
GFDL-SPEAR,2016,NorCal_box,JFM,105.034,0.131,0.533,15,,-0.106,NorCal_d2,189.689,1.957,-0.370,-0.890
GFDL-SPEAR,2017,NorCal_box,JFM,111.294,0.294,0.733,15,,-0.992,NorCal_d2,80.370,-0.428,-0.760,-1.140
GFDL-SPEAR,2018,NorCal_box,JFM,81.972,-0.469,0.267,15,,0.714,NorCal_d2,172.262,1.577,1.050,0.780
GFDL-SPEAR,2019,NorCal_box,JFM,90.019,-0.260,0.400,15,,0.174,NorCal_d2,43.510,-1.232,0.750,0.220
GFDL-SPEAR,2020,NorCal_box,JFM,116.817,0.438,0.667,15,,-0.733,NorCal_d2,56.179,-0.956,-1.060,-1.390
GFDL-SPEAR,2021,NorCal_box,JFM,95.302,-0.122,0.500,30,,-0.764,NorCal_d2,12.096,-1.918,-0.830,-1.220
GFDL-SPEAR,2022,NorCal_box,JFM,99.634,-0.010,0.467,30,,-0.430,NorCal_d2,152.198,1.139,-0.700,-0.990
GFDL-SPEAR,2023,NorCal_box,JFM,99.167,-0.022,0.433,30,,1.844,NorCal_d2,125.886,0.565,1.990,1.400
GFDL-SPEAR,2024,NorCal_box,JFM,111.546,0.301,0.567,30,,,NorCal_d2,94.587,-0.118,-0.430,-1.050
GFDL-SPEAR,2025,NorCal_box,JFM,107.682,0.200,0.533,30,,,NorCal_d2,62.370,-0.821,-0.600,-1.040
GFDL-SPEAR,1991,NorCal_d2,DJF,96.605,-0.088,0.400,15,,0.643,NorCal_d2,73.118,-0.638,1.430,1.970
GFDL-SPEAR,1992,NorCal_d2,DJF,108.280,0.214,0.600,15,,-0.892,NorCal_d2,159.650,1.415,-0.050,0.350
GFDL-SPEAR,1993,NorCal_d2,DJF,107.976,0.207,0.600,15,,-0.674,NorCal_d2,68.611,-0.744,0.190,0.420
GFDL-SPEAR,1994,NorCal_d2,DJF,84.969,-0.389,0.333,15,,-0.103,NorCal_d2,140.880,0.970,0.970,1.280
GFDL-SPEAR,1995,NorCal_d2,DJF,97.324,-0.069,0.400,15,,-1.214,NorCal_d2,150.477,1.197,-1.010,-0.990
GFDL-SPEAR,1996,NorCal_d2,DJF,103.398,0.088,0.467,15,,-0.531,NorCal_d2,154.825,1.300,-0.410,-0.290
GFDL-SPEAR,1997,NorCal_d2,DJF,161.583,1.595,0.867,15,,2.603,NorCal_d2,166.278,1.572,2.370,2.280
GFDL-SPEAR,1998,NorCal_d2,DJF,111.428,0.296,0.667,15,,-1.620,NorCal_d2,91.304,-0.206,-1.470,-1.610
GFDL-SPEAR,1999,NorCal_d2,DJF,97.759,-0.058,0.400,15,,-1.201,NorCal_d2,113.627,0.323,-1.530,-1.560
GFDL-SPEAR,2000,NorCal_d2,DJF,88.292,-0.303,0.267,15,,-0.175,NorCal_d2,62.884,-0.880,-0.780,-0.820
GFDL-SPEAR,2001,NorCal_d2,DJF,110.546,0.273,0.533,15,,-0.096,NorCal_d2,85.843,-0.336,-0.320,-0.320
GFDL-SPEAR,2002,NorCal_d2,DJF,104.020,0.104,0.600,15,,1.036,NorCal_d2,111.771,0.279,1.080,1.130
GFDL-SPEAR,2003,NorCal_d2,DJF,100.057,0.001,0.533,15,,0.067,NorCal_d2,128.897,0.685,0.290,0.220
GFDL-SPEAR,2004,NorCal_d2,DJF,95.423,-0.119,0.467,15,,0.321,NorCal_d2,90.562,-0.224,0.710,0.690
GFDL-SPEAR,2005,NorCal_d2,DJF,89.519,-0.271,0.400,15,,-0.385,NorCal_d2,145.016,1.068,-0.820,-0.810
GFDL-SPEAR,2006,NorCal_d2,DJF,93.594,-0.166,0.333,15,,0.806,NorCal_d2,74.019,-0.616,0.880,0.890
GFDL-SPEAR,2007,NorCal_d2,DJF,86.347,-0.354,0.400,15,,-0.851,NorCal_d2,102.015,0.048,-1.720,-1.650
GFDL-SPEAR,2008,NorCal_d2,DJF,95.041,-0.128,0.467,15,,-0.247,NorCal_d2,73.224,-0.635,-0.790,-0.860
GFDL-SPEAR,2009,NorCal_d2,DJF,83.180,-0.436,0.400,15,,1.309,NorCal_d2,98.250,-0.041,1.500,1.500
GFDL-SPEAR,2010,NorCal_d2,DJF,105.940,0.154,0.400,15,,-1.593,NorCal_d2,93.372,-0.157,-1.480,-1.550
GFDL-SPEAR,2011,NorCal_d2,DJF,103.592,0.093,0.467,15,,-0.962,NorCal_d2,41.569,-1.386,-0.920,-0.960
GFDL-SPEAR,2012,NorCal_d2,DJF,86.814,-0.342,0.333,15,,0.933,NorCal_d2,69.512,-0.723,-0.030,-0.270
GFDL-SPEAR,2013,NorCal_d2,DJF,94.469,-0.143,0.467,15,,-0.015,NorCal_d2,48.780,-1.215,-0.110,-0.270
GFDL-SPEAR,2014,NorCal_d2,DJF,108.837,0.229,0.600,15,,0.805,NorCal_d2,89.608,-0.246,0.800,0.620
GFDL-SPEAR,2015,NorCal_d2,DJF,113.692,0.355,0.467,15,,2.245,NorCal_d2,105.302,0.126,2.590,2.250
GFDL-SPEAR,2016,NorCal_d2,DJF,96.327,-0.095,0.333,15,,-0.106,NorCal_d2,188.812,2.106,-0.370,-0.890
GFDL-SPEAR,2017,NorCal_d2,DJF,110.950,0.284,0.667,15,,-0.992,NorCal_d2,34.199,-1.561,-0.760,-1.140
GFDL-SPEAR,2018,NorCal_d2,DJF,82.964,-0.441,0.200,15,,0.714,NorCal_d2,143.902,1.041,1.050,0.780
GFDL-SPEAR,2019,NorCal_d2,DJF,81.073,-0.490,0.133,15,,0.174,NorCal_d2,58.324,-0.988,0.750,0.220
GFDL-SPEAR,2020,NorCal_d2,DJF,109.139,0.237,0.533,15,,-0.733,NorCal_d2,52.704,-1.122,-1.060,-1.390
GFDL-SPEAR,2021,NorCal_d2,DJF,105.985,0.155,0.500,30,,-0.764,NorCal_d2,52.916,-1.117,-0.830,-1.220
GFDL-SPEAR,2022,NorCal_d2,DJF,107.046,0.182,0.433,30,,-0.430,NorCal_d2,137.381,0.887,-0.700,-0.990
GFDL-SPEAR,2023,NorCal_d2,DJF,98.080,-0.050,0.400,30,,1.844,NorCal_d2,109.120,0.216,1.990,1.400
GFDL-SPEAR,2024,NorCal_d2,DJF,103.553,0.092,0.533,30,,,NorCal_d2,99.894,-0.003,-0.430,-1.050
GFDL-SPEAR,2025,NorCal_d2,DJF,103.907,0.101,0.500,30,,,NorCal_d2,103.977,0.094,-0.600,-1.040
GFDL-SPEAR,1991,NorCal_d2,JFM,101.258,0.033,0.400,15,,0.643,NorCal_d2,82.720,-0.377,1.430,1.970
GFDL-SPEAR,1992,NorCal_d2,JFM,107.667,0.200,0.533,15,,-0.892,NorCal_d2,140.791,0.890,-0.050,0.350
GFDL-SPEAR,1993,NorCal_d2,JFM,115.521,0.405,0.600,15,,-0.674,NorCal_d2,56.408,-0.951,0.190,0.420
GFDL-SPEAR,1994,NorCal_d2,JFM,87.557,-0.325,0.333,15,,-0.103,NorCal_d2,211.358,2.430,0.970,1.280
GFDL-SPEAR,1995,NorCal_d2,JFM,103.591,0.094,0.533,15,,-1.214,NorCal_d2,126.173,0.571,-1.010,-0.990
GFDL-SPEAR,1996,NorCal_d2,JFM,114.995,0.391,0.667,15,,-0.531,NorCal_d2,88.854,-0.243,-0.410,-0.290
GFDL-SPEAR,1997,NorCal_d2,JFM,159.464,1.551,0.867,15,,2.603,NorCal_d2,189.689,1.957,2.370,2.280
GFDL-SPEAR,1998,NorCal_d2,JFM,109.435,0.246,0.667,15,,-1.620,NorCal_d2,103.701,0.081,-1.470,-1.610
GFDL-SPEAR,1999,NorCal_d2,JFM,92.171,-0.204,0.400,15,,-1.201,NorCal_d2,134.256,0.747,-1.530,-1.560
GFDL-SPEAR,2000,NorCal_d2,JFM,89.642,-0.270,0.400,15,,-0.175,NorCal_d2,76.414,-0.515,-0.780,-0.820
GFDL-SPEAR,2001,NorCal_d2,JFM,107.422,0.194,0.600,15,,-0.096,NorCal_d2,57.669,-0.924,-0.320,-0.320
GFDL-SPEAR,2002,NorCal_d2,JFM,87.328,-0.331,0.400,15,,1.036,NorCal_d2,63.230,-0.802,1.080,1.130
GFDL-SPEAR,2003,NorCal_d2,JFM,88.010,-0.313,0.467,15,,0.067,NorCal_d2,85.988,-0.306,0.290,0.220
GFDL-SPEAR,2004,NorCal_d2,JFM,97.153,-0.074,0.333,15,,0.321,NorCal_d2,86.446,-0.296,0.710,0.690
GFDL-SPEAR,2005,NorCal_d2,JFM,86.331,-0.357,0.333,15,,-0.385,NorCal_d2,117.689,0.386,-0.820,-0.810
GFDL-SPEAR,2006,NorCal_d2,JFM,87.379,-0.329,0.333,15,,0.806,NorCal_d2,55.777,-0.965,0.880,0.890
GFDL-SPEAR,2007,NorCal_d2,JFM,86.115,-0.362,0.400,15,,-0.851,NorCal_d2,87.708,-0.268,-1.720,-1.650
GFDL-SPEAR,2008,NorCal_d2,JFM,106.134,0.160,0.667,15,,-0.247,NorCal_d2,83.351,-0.363,-0.790,-0.860
GFDL-SPEAR,2009,NorCal_d2,JFM,90.653,-0.244,0.267,15,,1.309,NorCal_d2,102.497,0.054,1.500,1.500
GFDL-SPEAR,2010,NorCal_d2,JFM,103.840,0.100,0.533,15,,-1.593,NorCal_d2,102.841,0.062,-1.480,-1.550
GFDL-SPEAR,2011,NorCal_d2,JFM,105.884,0.153,0.467,15,,-0.962,NorCal_d2,94.185,-0.127,-0.920,-0.960
GFDL-SPEAR,2012,NorCal_d2,JFM,92.812,-0.188,0.400,15,,0.933,NorCal_d2,24.191,-1.654,-0.030,-0.270
GFDL-SPEAR,2013,NorCal_d2,JFM,90.427,-0.250,0.333,15,,-0.015,NorCal_d2,86.389,-0.297,-0.110,-0.270
GFDL-SPEAR,2014,NorCal_d2,JFM,100.627,0.016,0.533,15,,0.805,NorCal_d2,34.395,-1.431,0.800,0.620
GFDL-SPEAR,2015,NorCal_d2,JFM,101.105,0.029,0.533,15,,2.245,NorCal_d2,126.345,0.575,2.590,2.250
GFDL-SPEAR,2016,NorCal_d2,JFM,105.193,0.135,0.533,15,,-0.106,NorCal_d2,189.689,1.957,-0.370,-0.890
GFDL-SPEAR,2017,NorCal_d2,JFM,111.104,0.290,0.733,15,,-0.992,NorCal_d2,80.370,-0.428,-0.760,-1.140
GFDL-SPEAR,2018,NorCal_d2,JFM,81.949,-0.471,0.267,15,,0.714,NorCal_d2,172.262,1.577,1.050,0.780
GFDL-SPEAR,2019,NorCal_d2,JFM,89.234,-0.281,0.400,15,,0.174,NorCal_d2,43.510,-1.232,0.750,0.220
GFDL-SPEAR,2020,NorCal_d2,JFM,117.553,0.458,0.667,15,,-0.733,NorCal_d2,56.179,-0.956,-1.060,-1.390
GFDL-SPEAR,2021,NorCal_d2,JFM,95.851,-0.108,0.500,30,,-0.764,NorCal_d2,12.096,-1.918,-0.830,-1.220
GFDL-SPEAR,2022,NorCal_d2,JFM,99.834,-0.004,0.500,30,,-0.430,NorCal_d2,152.198,1.139,-0.700,-0.990
GFDL-SPEAR,2023,NorCal_d2,JFM,98.952,-0.027,0.433,30,,1.844,NorCal_d2,125.886,0.565,1.990,1.400
GFDL-SPEAR,2024,NorCal_d2,JFM,112.156,0.317,0.567,30,,,NorCal_d2,94.587,-0.118,-0.430,-1.050
GFDL-SPEAR,2025,NorCal_d2,JFM,108.337,0.217,0.567,30,,,NorCal_d2,62.370,-0.821,-0.600,-1.040
GFDL-SPEAR,1991,SoCal_box,DJF,106.380,0.109,0.600,15,,0.643,SoCal_d6,137.718,0.574,1.430,1.970
GFDL-SPEAR,1992,SoCal_box,DJF,95.351,-0.079,0.467,15,,-0.892,SoCal_d6,260.587,2.444,-0.050,0.350
GFDL-SPEAR,1993,SoCal_box,DJF,119.917,0.340,0.600,15,,-0.674,SoCal_d6,72.757,-0.415,0.190,0.420
GFDL-SPEAR,1994,SoCal_box,DJF,102.956,0.050,0.600,15,,-0.103,SoCal_d6,177.066,1.173,0.970,1.280
GFDL-SPEAR,1995,SoCal_box,DJF,74.322,-0.438,0.267,15,,-1.214,SoCal_d6,94.565,-0.083,-1.010,-0.990
GFDL-SPEAR,1996,SoCal_box,DJF,113.182,0.225,0.533,15,,-0.531,SoCal_d6,99.391,-0.009,-0.410,-0.290
GFDL-SPEAR,1997,SoCal_box,DJF,229.169,2.203,0.933,15,,2.603,SoCal_d6,233.489,2.031,2.370,2.280
GFDL-SPEAR,1998,SoCal_box,DJF,108.424,0.144,0.600,15,,-1.620,SoCal_d6,38.327,-0.938,-1.470,-1.610
GFDL-SPEAR,1999,SoCal_box,DJF,64.519,-0.605,0.200,15,,-1.201,SoCal_d6,77.768,-0.338,-1.530,-1.560
GFDL-SPEAR,2000,SoCal_box,DJF,93.884,-0.104,0.400,15,,-0.175,SoCal_d6,105.794,0.088,-0.780,-0.820
GFDL-SPEAR,2001,SoCal_box,DJF,95.533,-0.076,0.467,15,,-0.096,SoCal_d6,24.314,-1.152,-0.320,-0.320
GFDL-SPEAR,2002,SoCal_box,DJF,103.340,0.057,0.400,15,,1.036,SoCal_d6,84.728,-0.232,1.080,1.130
GFDL-SPEAR,2003,SoCal_box,DJF,87.098,-0.220,0.467,15,,0.067,SoCal_d6,72.014,-0.426,0.290,0.220
GFDL-SPEAR,2004,SoCal_box,DJF,123.277,0.397,0.600,15,,0.321,SoCal_d6,230.798,1.990,0.710,0.690
GFDL-SPEAR,2005,SoCal_box,DJF,88.615,-0.194,0.267,15,,-0.385,SoCal_d6,55.588,-0.676,-0.820,-0.810
GFDL-SPEAR,2006,SoCal_box,DJF,88.899,-0.189,0.267,15,,0.806,SoCal_d6,36.193,-0.971,0.880,0.890
GFDL-SPEAR,2007,SoCal_box,DJF,76.273,-0.405,0.200,15,,-0.851,SoCal_d6,121.849,0.332,-1.720,-1.650
GFDL-SPEAR,2008,SoCal_box,DJF,79.759,-0.345,0.267,15,,-0.247,SoCal_d6,83.150,-0.256,-0.790,-0.860
GFDL-SPEAR,2009,SoCal_box,DJF,100.850,0.015,0.400,15,,1.309,SoCal_d6,145.699,0.695,1.500,1.500
GFDL-SPEAR,2010,SoCal_box,DJF,65.828,-0.583,0.200,15,,-1.593,SoCal_d6,141.430,0.630,-1.480,-1.550
GFDL-SPEAR,2011,SoCal_box,DJF,84.718,-0.261,0.333,15,,-0.962,SoCal_d6,25.613,-1.132,-0.920,-0.960
GFDL-SPEAR,2012,SoCal_box,DJF,106.235,0.106,0.333,15,,0.933,SoCal_d6,46.865,-0.809,-0.030,-0.270
GFDL-SPEAR,2013,SoCal_box,DJF,60.012,-0.682,0.067,15,,-0.015,SoCal_d6,30.810,-1.053,-0.110,-0.270
GFDL-SPEAR,2014,SoCal_box,DJF,117.352,0.296,0.467,15,,0.805,SoCal_d6,66.446,-0.511,0.800,0.620
GFDL-SPEAR,2015,SoCal_box,DJF,132.204,0.549,0.667,15,,2.245,SoCal_d6,60.414,-0.602,2.590,2.250
GFDL-SPEAR,2016,SoCal_box,DJF,106.123,0.104,0.467,15,,-0.106,SoCal_d6,182.819,1.260,-0.370,-0.890
GFDL-SPEAR,2017,SoCal_box,DJF,97.556,-0.042,0.400,15,,-0.992,SoCal_d6,30.068,-1.064,-0.760,-1.140
GFDL-SPEAR,2018,SoCal_box,DJF,89.650,-0.177,0.400,15,,0.714,SoCal_d6,149.689,0.756,1.050,0.780
GFDL-SPEAR,2019,SoCal_box,DJF,88.574,-0.195,0.400,15,,0.174,SoCal_d6,53.732,-0.704,0.750,0.220
GFDL-SPEAR,2020,SoCal_box,DJF,59.923,-0.684,0.067,15,,-0.733,SoCal_d6,45.009,-0.837,-1.060,-1.390
GFDL-SPEAR,2021,SoCal_box,DJF,82.873,-0.292,0.333,30,,-0.764,SoCal_d6,76.933,-0.351,-0.830,-1.220
GFDL-SPEAR,2022,SoCal_box,DJF,76.380,-0.403,0.267,30,,-0.430,SoCal_d6,173.354,1.116,-0.700,-0.990
GFDL-SPEAR,2023,SoCal_box,DJF,93.926,-0.104,0.400,30,,1.844,SoCal_d6,146.905,0.714,1.990,1.400
GFDL-SPEAR,2024,SoCal_box,DJF,71.232,-0.491,0.233,30,,,SoCal_d6,39.812,-0.916,-0.430,-1.050
GFDL-SPEAR,2025,SoCal_box,DJF,64.505,-0.605,0.067,30,,,SoCal_d6,111.640,0.177,-0.600,-1.040
GFDL-SPEAR,1991,SoCal_box,JFM,125.749,0.449,0.600,15,,0.643,SoCal_d6,156.178,0.879,1.430,1.970
GFDL-SPEAR,1992,SoCal_box,JFM,100.439,0.008,0.400,15,,-0.892,SoCal_d6,238.333,2.163,-0.050,0.350
GFDL-SPEAR,1993,SoCal_box,JFM,108.763,0.153,0.667,15,,-0.674,SoCal_d6,86.314,-0.214,0.190,0.420
GFDL-SPEAR,1994,SoCal_box,JFM,88.233,-0.205,0.467,15,,-0.103,SoCal_d6,244.802,2.264,0.970,1.280
GFDL-SPEAR,1995,SoCal_box,JFM,76.731,-0.406,0.200,15,,-1.214,SoCal_d6,100.822,0.013,-1.010,-0.990
GFDL-SPEAR,1996,SoCal_box,JFM,110.863,0.190,0.467,15,,-0.531,SoCal_d6,58.590,-0.648,-0.410,-0.290
GFDL-SPEAR,1997,SoCal_box,JFM,220.542,2.104,0.933,15,,2.603,SoCal_d6,227.151,1.988,2.370,2.280
GFDL-SPEAR,1998,SoCal_box,JFM,94.165,-0.102,0.467,15,,-1.620,SoCal_d6,49.995,-0.782,-1.470,-1.610
GFDL-SPEAR,1999,SoCal_box,JFM,60.970,-0.681,0.133,15,,-1.201,SoCal_d6,96.479,-0.055,-1.530,-1.560
GFDL-SPEAR,2000,SoCal_box,JFM,107.033,0.123,0.400,15,,-0.175,SoCal_d6,131.226,0.488,-0.780,-0.820
GFDL-SPEAR,2001,SoCal_box,JFM,102.033,0.035,0.533,15,,-0.096,SoCal_d6,16.542,-1.305,-0.320,-0.320
GFDL-SPEAR,2002,SoCal_box,JFM,99.365,-0.011,0.400,15,,1.036,SoCal_d6,81.416,-0.291,1.080,1.130
GFDL-SPEAR,2003,SoCal_box,JFM,82.705,-0.302,0.267,15,,0.067,SoCal_d6,61.917,-0.596,0.290,0.220
GFDL-SPEAR,2004,SoCal_box,JFM,125.525,0.445,0.667,15,,0.321,SoCal_d6,194.437,1.477,0.710,0.690
GFDL-SPEAR,2005,SoCal_box,JFM,84.339,-0.273,0.333,15,,-0.385,SoCal_d6,82.987,-0.266,-0.820,-0.810
GFDL-SPEAR,2006,SoCal_box,JFM,92.829,-0.125,0.267,15,,0.806,SoCal_d6,29.665,-1.100,0.880,0.890
GFDL-SPEAR,2007,SoCal_box,JFM,77.167,-0.399,0.200,15,,-0.851,SoCal_d6,102.116,0.033,-1.720,-1.650
GFDL-SPEAR,2008,SoCal_box,JFM,93.448,-0.114,0.333,15,,-0.247,SoCal_d6,54.616,-0.710,-0.790,-0.860
GFDL-SPEAR,2009,SoCal_box,JFM,114.803,0.258,0.533,15,,1.309,SoCal_d6,116.995,0.266,1.500,1.500
GFDL-SPEAR,2010,SoCal_box,JFM,61.752,-0.668,0.200,15,,-1.593,SoCal_d6,85.667,-0.224,-1.480,-1.550
GFDL-SPEAR,2011,SoCal_box,JFM,88.586,-0.199,0.333,15,,-0.962,SoCal_d6,42.787,-0.895,-0.920,-0.960
GFDL-SPEAR,2012,SoCal_box,JFM,110.447,0.182,0.533,15,,0.933,SoCal_d6,30.773,-1.083,-0.030,-0.270
GFDL-SPEAR,2013,SoCal_box,JFM,55.054,-0.784,0.133,15,,-0.015,SoCal_d6,42.880,-0.893,-0.110,-0.270
GFDL-SPEAR,2014,SoCal_box,JFM,109.991,0.174,0.467,15,,0.805,SoCal_d6,25.783,-1.161,0.800,0.620
GFDL-SPEAR,2015,SoCal_box,JFM,137.547,0.655,0.800,15,,2.245,SoCal_d6,68.386,-0.494,2.590,2.250
GFDL-SPEAR,2016,SoCal_box,JFM,98.340,-0.029,0.400,15,,-0.106,SoCal_d6,144.719,0.699,-0.370,-0.890
GFDL-SPEAR,2017,SoCal_box,JFM,91.624,-0.146,0.400,15,,-0.992,SoCal_d6,66.999,-0.516,-0.760,-1.140
GFDL-SPEAR,2018,SoCal_box,JFM,89.906,-0.176,0.467,15,,0.714,SoCal_d6,155.161,0.863,1.050,0.780
GFDL-SPEAR,2019,SoCal_box,JFM,91.051,-0.156,0.400,15,,0.174,SoCal_d6,56.742,-0.676,0.750,0.220
GFDL-SPEAR,2020,SoCal_box,JFM,72.649,-0.477,0.067,15,,-0.733,SoCal_d6,47.038,-0.828,-1.060,-1.390
GFDL-SPEAR,2021,SoCal_box,JFM,70.668,-0.512,0.200,30,,-0.764,SoCal_d6,21.625,-1.226,-0.830,-1.220
GFDL-SPEAR,2022,SoCal_box,JFM,72.608,-0.478,0.167,30,,-0.430,SoCal_d6,215.414,1.805,-0.700,-0.990
GFDL-SPEAR,2023,SoCal_box,JFM,98.314,-0.029,0.433,30,,1.844,SoCal_d6,160.614,0.948,1.990,1.400
GFDL-SPEAR,2024,SoCal_box,JFM,77.039,-0.401,0.267,30,,,SoCal_d6,68.663,-0.490,-0.430,-1.050
GFDL-SPEAR,2025,SoCal_box,JFM,69.931,-0.525,0.233,30,,,SoCal_d6,64.319,-0.558,-0.600,-1.040
GFDL-SPEAR,1991,SoCal_d6,DJF,102.831,0.050,0.533,15,,0.643,SoCal_d6,137.718,0.574,1.430,1.970
GFDL-SPEAR,1992,SoCal_d6,DJF,94.080,-0.104,0.400,15,,-0.892,SoCal_d6,260.587,2.444,-0.050,0.350
GFDL-SPEAR,1993,SoCal_d6,DJF,123.683,0.415,0.667,15,,-0.674,SoCal_d6,72.757,-0.415,0.190,0.420
GFDL-SPEAR,1994,SoCal_d6,DJF,102.480,0.043,0.533,15,,-0.103,SoCal_d6,177.066,1.173,0.970,1.280
GFDL-SPEAR,1995,SoCal_d6,DJF,75.780,-0.424,0.267,15,,-1.214,SoCal_d6,94.565,-0.083,-1.010,-0.990
GFDL-SPEAR,1996,SoCal_d6,DJF,106.923,0.121,0.533,15,,-0.531,SoCal_d6,99.391,-0.009,-0.410,-0.290
GFDL-SPEAR,1997,SoCal_d6,DJF,230.531,2.285,0.933,15,,2.603,SoCal_d6,233.489,2.031,2.370,2.280
GFDL-SPEAR,1998,SoCal_d6,DJF,108.514,0.149,0.600,15,,-1.620,SoCal_d6,38.327,-0.938,-1.470,-1.610
GFDL-SPEAR,1999,SoCal_d6,DJF,66.069,-0.594,0.133,15,,-1.201,SoCal_d6,77.768,-0.338,-1.530,-1.560
GFDL-SPEAR,2000,SoCal_d6,DJF,89.269,-0.188,0.333,15,,-0.175,SoCal_d6,105.794,0.088,-0.780,-0.820
GFDL-SPEAR,2001,SoCal_d6,DJF,93.462,-0.114,0.533,15,,-0.096,SoCal_d6,24.314,-1.152,-0.320,-0.320
GFDL-SPEAR,2002,SoCal_d6,DJF,100.951,0.017,0.533,15,,1.036,SoCal_d6,84.728,-0.232,1.080,1.130
GFDL-SPEAR,2003,SoCal_d6,DJF,88.333,-0.204,0.467,15,,0.067,SoCal_d6,72.014,-0.426,0.290,0.220
GFDL-SPEAR,2004,SoCal_d6,DJF,121.738,0.381,0.600,15,,0.321,SoCal_d6,230.798,1.990,0.710,0.690
GFDL-SPEAR,2005,SoCal_d6,DJF,91.424,-0.150,0.333,15,,-0.385,SoCal_d6,55.588,-0.676,-0.820,-0.810
GFDL-SPEAR,2006,SoCal_d6,DJF,91.408,-0.150,0.267,15,,0.806,SoCal_d6,36.193,-0.971,0.880,0.890
GFDL-SPEAR,2007,SoCal_d6,DJF,75.733,-0.425,0.200,15,,-0.851,SoCal_d6,121.849,0.332,-1.720,-1.650
GFDL-SPEAR,2008,SoCal_d6,DJF,83.680,-0.286,0.267,15,,-0.247,SoCal_d6,83.150,-0.256,-0.790,-0.860
GFDL-SPEAR,2009,SoCal_d6,DJF,100.935,0.016,0.400,15,,1.309,SoCal_d6,145.699,0.695,1.500,1.500
GFDL-SPEAR,2010,SoCal_d6,DJF,71.624,-0.497,0.267,15,,-1.593,SoCal_d6,141.430,0.630,-1.480,-1.550
GFDL-SPEAR,2011,SoCal_d6,DJF,88.483,-0.202,0.333,15,,-0.962,SoCal_d6,25.613,-1.132,-0.920,-0.960
GFDL-SPEAR,2012,SoCal_d6,DJF,103.530,0.062,0.400,15,,0.933,SoCal_d6,46.865,-0.809,-0.030,-0.270
GFDL-SPEAR,2013,SoCal_d6,DJF,63.378,-0.641,0.133,15,,-0.015,SoCal_d6,30.810,-1.053,-0.110,-0.270
GFDL-SPEAR,2014,SoCal_d6,DJF,114.397,0.252,0.467,15,,0.805,SoCal_d6,66.446,-0.511,0.800,0.620
GFDL-SPEAR,2015,SoCal_d6,DJF,129.248,0.512,0.667,15,,2.245,SoCal_d6,60.414,-0.602,2.590,2.250
GFDL-SPEAR,2016,SoCal_d6,DJF,102.465,0.043,0.467,15,,-0.106,SoCal_d6,182.819,1.260,-0.370,-0.890
GFDL-SPEAR,2017,SoCal_d6,DJF,103.110,0.054,0.467,15,,-0.992,SoCal_d6,30.068,-1.064,-0.760,-1.140
GFDL-SPEAR,2018,SoCal_d6,DJF,88.390,-0.203,0.400,15,,0.714,SoCal_d6,149.689,0.756,1.050,0.780
GFDL-SPEAR,2019,SoCal_d6,DJF,87.553,-0.218,0.333,15,,0.174,SoCal_d6,53.732,-0.704,0.750,0.220
GFDL-SPEAR,2020,SoCal_d6,DJF,66.737,-0.582,0.067,15,,-0.733,SoCal_d6,45.009,-0.837,-1.060,-1.390
GFDL-SPEAR,2021,SoCal_d6,DJF,85.940,-0.246,0.333,30,,-0.764,SoCal_d6,76.933,-0.351,-0.830,-1.220
GFDL-SPEAR,2022,SoCal_d6,DJF,79.292,-0.363,0.267,30,,-0.430,SoCal_d6,173.354,1.116,-0.700,-0.990
GFDL-SPEAR,2023,SoCal_d6,DJF,98.369,-0.029,0.433,30,,1.844,SoCal_d6,146.905,0.714,1.990,1.400
GFDL-SPEAR,2024,SoCal_d6,DJF,76.097,-0.419,0.233,30,,,SoCal_d6,39.812,-0.916,-0.430,-1.050
GFDL-SPEAR,2025,SoCal_d6,DJF,67.398,-0.571,0.133,30,,,SoCal_d6,111.640,0.177,-0.600,-1.040
GFDL-SPEAR,1991,SoCal_d6,JFM,118.314,0.333,0.667,15,,0.643,SoCal_d6,156.178,0.879,1.430,1.970
GFDL-SPEAR,1992,SoCal_d6,JFM,99.854,-0.003,0.467,15,,-0.892,SoCal_d6,238.333,2.163,-0.050,0.350
GFDL-SPEAR,1993,SoCal_d6,JFM,109.974,0.182,0.600,15,,-0.674,SoCal_d6,86.314,-0.214,0.190,0.420
GFDL-SPEAR,1994,SoCal_d6,JFM,87.670,-0.224,0.467,15,,-0.103,SoCal_d6,244.802,2.264,0.970,1.280
GFDL-SPEAR,1995,SoCal_d6,JFM,80.935,-0.347,0.267,15,,-1.214,SoCal_d6,100.822,0.013,-1.010,-0.990
GFDL-SPEAR,1996,SoCal_d6,JFM,107.426,0.135,0.467,15,,-0.531,SoCal_d6,58.590,-0.648,-0.410,-0.290
GFDL-SPEAR,1997,SoCal_d6,JFM,220.607,2.196,0.933,15,,2.603,SoCal_d6,227.151,1.988,2.370,2.280
GFDL-SPEAR,1998,SoCal_d6,JFM,97.514,-0.045,0.467,15,,-1.620,SoCal_d6,49.995,-0.782,-1.470,-1.610
GFDL-SPEAR,1999,SoCal_d6,JFM,65.945,-0.620,0.133,15,,-1.201,SoCal_d6,96.479,-0.055,-1.530,-1.560
GFDL-SPEAR,2000,SoCal_d6,JFM,100.661,0.012,0.400,15,,-0.175,SoCal_d6,131.226,0.488,-0.780,-0.820
GFDL-SPEAR,2001,SoCal_d6,JFM,99.460,-0.010,0.467,15,,-0.096,SoCal_d6,16.542,-1.305,-0.320,-0.320
GFDL-SPEAR,2002,SoCal_d6,JFM,94.701,-0.096,0.400,15,,1.036,SoCal_d6,81.416,-0.291,1.080,1.130
GFDL-SPEAR,2003,SoCal_d6,JFM,82.270,-0.323,0.267,15,,0.067,SoCal_d6,61.917,-0.596,0.290,0.220
GFDL-SPEAR,2004,SoCal_d6,JFM,124.453,0.445,0.667,15,,0.321,SoCal_d6,194.437,1.477,0.710,0.690
GFDL-SPEAR,2005,SoCal_d6,JFM,86.740,-0.241,0.267,15,,-0.385,SoCal_d6,82.987,-0.266,-0.820,-0.810
GFDL-SPEAR,2006,SoCal_d6,JFM,94.841,-0.094,0.200,15,,0.806,SoCal_d6,29.665,-1.100,0.880,0.890
GFDL-SPEAR,2007,SoCal_d6,JFM,74.931,-0.456,0.200,15,,-0.851,SoCal_d6,102.116,0.033,-1.720,-1.650
GFDL-SPEAR,2008,SoCal_d6,JFM,100.105,0.002,0.400,15,,-0.247,SoCal_d6,54.616,-0.710,-0.790,-0.860
GFDL-SPEAR,2009,SoCal_d6,JFM,113.733,0.250,0.467,15,,1.309,SoCal_d6,116.995,0.266,1.500,1.500
GFDL-SPEAR,2010,SoCal_d6,JFM,64.892,-0.639,0.200,15,,-1.593,SoCal_d6,85.667,-0.224,-1.480,-1.550
GFDL-SPEAR,2011,SoCal_d6,JFM,89.836,-0.185,0.400,15,,-0.962,SoCal_d6,42.787,-0.895,-0.920,-0.960
GFDL-SPEAR,2012,SoCal_d6,JFM,107.332,0.133,0.600,15,,0.933,SoCal_d6,30.773,-1.083,-0.030,-0.270
GFDL-SPEAR,2013,SoCal_d6,JFM,59.493,-0.737,0.200,15,,-0.015,SoCal_d6,42.880,-0.893,-0.110,-0.270
GFDL-SPEAR,2014,SoCal_d6,JFM,107.966,0.145,0.467,15,,0.805,SoCal_d6,25.783,-1.161,0.800,0.620
GFDL-SPEAR,2015,SoCal_d6,JFM,133.202,0.604,0.800,15,,2.245,SoCal_d6,68.386,-0.494,2.590,2.250
GFDL-SPEAR,2016,SoCal_d6,JFM,98.959,-0.019,0.533,15,,-0.106,SoCal_d6,144.719,0.699,-0.370,-0.890
GFDL-SPEAR,2017,SoCal_d6,JFM,96.074,-0.071,0.467,15,,-0.992,SoCal_d6,66.999,-0.516,-0.760,-1.140
GFDL-SPEAR,2018,SoCal_d6,JFM,90.903,-0.166,0.333,15,,0.714,SoCal_d6,155.161,0.863,1.050,0.780
GFDL-SPEAR,2019,SoCal_d6,JFM,91.211,-0.160,0.400,15,,0.174,SoCal_d6,56.742,-0.676,0.750,0.220
GFDL-SPEAR,2020,SoCal_d6,JFM,79.233,-0.378,0.067,15,,-0.733,SoCal_d6,47.038,-0.828,-1.060,-1.390
GFDL-SPEAR,2021,SoCal_d6,JFM,73.304,-0.486,0.200,30,,-0.764,SoCal_d6,21.625,-1.226,-0.830,-1.220
GFDL-SPEAR,2022,SoCal_d6,JFM,75.167,-0.452,0.267,30,,-0.430,SoCal_d6,215.414,1.805,-0.700,-0.990
GFDL-SPEAR,2023,SoCal_d6,JFM,102.759,0.050,0.433,30,,1.844,SoCal_d6,160.614,0.948,1.990,1.400
GFDL-SPEAR,2024,SoCal_d6,JFM,82.413,-0.320,0.300,30,,,SoCal_d6,68.663,-0.490,-0.430,-1.050
GFDL-SPEAR,2025,SoCal_d6,JFM,72.716,-0.497,0.300,30,,,SoCal_d6,64.319,-0.558,-0.600,-1.040
NASA-GEOSS2S,1981,NorCal_box,DJF,114.639,0.334,0.500,4,,-0.462,NorCal_d2,103.659,0.087,-0.140,-0.080
NASA-GEOSS2S,1982,NorCal_box,DJF,132.789,0.748,1.000,4,,2.681,NorCal_d2,137.010,0.878,2.120,2.360
NASA-GEOSS2S,1983,NorCal_box,DJF,107.490,0.171,0.750,4,,-1.359,NorCal_d2,90.774,-0.219,-0.890,-0.960
NASA-GEOSS2S,1984,NorCal_box,DJF,73.555,-0.603,0.250,4,,-1.755,NorCal_d2,32.131,-1.610,-1.060,-0.930
NASA-GEOSS2S,1985,NorCal_box,DJF,75.430,-0.560,0.250,4,,-1.254,NorCal_d2,140.721,0.966,-0.360,-0.210
NASA-GEOSS2S,1986,NorCal_box,DJF,133.639,0.767,0.750,4,,1.478,NorCal_d2,57.582,-1.006,1.210,1.420
NASA-GEOSS2S,1987,NorCal_box,DJF,98.872,-0.026,0.250,4,,0.325,NorCal_d2,81.018,-0.450,1.000,0.800
NASA-GEOSS2S,1988,NorCal_box,DJF,99.055,-0.022,0.750,4,,-3.012,NorCal_d2,44.008,-1.328,-1.850,-1.940
NASA-GEOSS2S,1989,NorCal_box,DJF,74.252,-0.587,0.250,4,,-1.036,NorCal_d2,49.417,-1.200,-0.040,0.060
NASA-GEOSS2S,1990,NorCal_box,DJF,98.299,-0.039,0.500,4,,0.429,NorCal_d2,27.094,-1.729,0.340,0.430
NASA-GEOSS2S,1991,NorCal_box,DJF,110.728,0.245,0.250,4,,1.065,NorCal_d2,73.118,-0.638,1.430,1.970
NASA-GEOSS2S,1992,NorCal_box,DJF,84.230,-0.360,0.250,4,,-0.479,NorCal_d2,159.650,1.415,-0.050,0.350
NASA-GEOSS2S,1993,NorCal_box,DJF,92.249,-0.177,0.500,4,,-0.528,NorCal_d2,68.611,-0.744,0.190,0.420
NASA-GEOSS2S,1994,NorCal_box,DJF,71.524,-0.649,0.250,4,,0.019,NorCal_d2,140.880,0.970,0.970,1.280
NASA-GEOSS2S,1995,NorCal_box,DJF,68.971,-0.708,0.250,4,,-1.278,NorCal_d2,150.477,1.197,-1.010,-0.990
NASA-GEOSS2S,1996,NorCal_box,DJF,100.962,0.022,0.250,4,,-0.761,NorCal_d2,154.825,1.300,-0.410,-0.290
NASA-GEOSS2S,1997,NorCal_box,DJF,153.075,1.210,1.000,4,,3.798,NorCal_d2,166.278,1.572,2.370,2.280
NASA-GEOSS2S,1998,NorCal_box,DJF,85.451,-0.332,0.250,4,,-2.096,NorCal_d2,91.304,-0.206,-1.470,-1.610
NASA-GEOSS2S,1999,NorCal_box,DJF,97.039,-0.068,0.500,4,,-2.146,NorCal_d2,113.627,0.323,-1.530,-1.560
NASA-GEOSS2S,2000,NorCal_box,DJF,126.402,0.602,0.750,4,,-0.492,NorCal_d2,62.884,-0.880,-0.780,-0.820
NASA-GEOSS2S,2001,NorCal_box,DJF,115.387,0.351,0.750,4,,0.423,NorCal_d2,85.843,-0.336,-0.320,-0.320
NASA-GEOSS2S,2002,NorCal_box,DJF,105.306,0.121,0.250,4,,1.703,NorCal_d2,111.771,0.279,1.080,1.130
NASA-GEOSS2S,2003,NorCal_box,DJF,121.894,0.499,0.750,4,,0.490,NorCal_d2,128.897,0.685,0.290,0.220
NASA-GEOSS2S,2004,NorCal_box,DJF,116.270,0.371,0.500,4,,0.814,NorCal_d2,90.562,-0.224,0.710,0.690
NASA-GEOSS2S,2005,NorCal_box,DJF,94.424,-0.127,0.250,4,,0.343,NorCal_d2,145.016,1.068,-0.820,-0.810
NASA-GEOSS2S,2006,NorCal_box,DJF,61.206,-0.885,0.000,4,,1.080,NorCal_d2,74.019,-0.616,0.880,0.890
NASA-GEOSS2S,2007,NorCal_box,DJF,71.655,-0.646,0.000,4,,-2.189,NorCal_d2,102.015,0.048,-1.720,-1.650
NASA-GEOSS2S,2008,NorCal_box,DJF,126.387,0.602,0.500,4,,-0.124,NorCal_d2,73.224,-0.635,-0.790,-0.860
NASA-GEOSS2S,2009,NorCal_box,DJF,143.698,0.996,0.750,4,,1.777,NorCal_d2,98.250,-0.041,1.500,1.500
NASA-GEOSS2S,2010,NorCal_box,DJF,79.472,-0.468,0.000,4,,-2.506,NorCal_d2,93.372,-0.157,-1.480,-1.550
NASA-GEOSS2S,2011,NorCal_box,DJF,74.503,-0.581,0.000,4,,-1.543,NorCal_d2,41.569,-1.386,-0.920,-0.960
NASA-GEOSS2S,2012,NorCal_box,DJF,82.453,-0.400,0.250,4,,0.249,NorCal_d2,69.512,-0.723,-0.030,-0.270
NASA-GEOSS2S,2013,NorCal_box,DJF,105.028,0.115,0.500,4,,-0.160,NorCal_d2,48.780,-1.215,-0.110,-0.270
NASA-GEOSS2S,2014,NorCal_box,DJF,99.121,-0.020,0.500,4,,0.984,NorCal_d2,89.608,-0.246,0.800,0.620
NASA-GEOSS2S,2015,NorCal_box,DJF,152.652,1.201,0.750,4,,3.180,NorCal_d2,105.302,0.126,2.590,2.250
NASA-GEOSS2S,2016,NorCal_box,DJF,107.270,0.166,0.250,4,,-0.039,NorCal_d2,188.812,2.106,-0.370,-0.890
NASA-GEOSS2S,2017,NorCal_box,DJF,93.554,-0.147,0.400,10,,-1.599,NorCal_d2,34.199,-1.561,-0.760,-1.140
NASA-GEOSS2S,2018,NorCal_box,DJF,73.328,-0.608,0.200,10,,0.344,NorCal_d2,143.902,1.041,1.050,0.780
NASA-GEOSS2S,2019,NorCal_box,DJF,87.463,-0.286,0.300,10,,-0.757,NorCal_d2,58.324,-0.988,0.750,0.220
NASA-GEOSS2S,2020,NorCal_box,DJF,82.726,-0.394,0.300,10,,-2.021,NorCal_d2,52.704,-1.122,-1.060,-1.390
NASA-GEOSS2S,2021,NorCal_box,DJF,101.459,0.033,0.400,10,,-2.192,NorCal_d2,52.916,-1.117,-0.830,-1.220
NASA-GEOSS2S,2022,NorCal_box,DJF,91.959,-0.183,0.500,10,,-1.355,NorCal_d2,137.381,0.887,-0.700,-0.990
NASA-GEOSS2S,2023,NorCal_box,DJF,80.188,-0.452,0.100,10,,1.972,NorCal_d2,109.120,0.216,1.990,1.400
NASA-GEOSS2S,2024,NorCal_box,DJF,69.896,-0.686,0.300,10,,-2.371,NorCal_d2,99.894,-0.003,-0.430,-1.050
NASA-GEOSS2S,2025,NorCal_box,DJF,113.943,0.318,0.600,10,,-1.545,NorCal_d2,103.977,0.094,-0.600,-1.040
NASA-GEOSS2S,2026,NorCal_box,DJF,114.406,0.329,0.500,10,,4.589,NorCal_d2,,,,
NASA-GEOSS2S,1981,NorCal_box,JFM,106.719,0.148,0.750,4,,-0.462,NorCal_d2,106.166,0.135,-0.140,-0.080
NASA-GEOSS2S,1982,NorCal_box,JFM,132.126,0.707,1.000,4,,2.681,NorCal_d2,186.307,1.883,2.120,2.360
NASA-GEOSS2S,1983,NorCal_box,JFM,106.397,0.141,0.500,4,,-1.359,NorCal_d2,42.822,-1.247,-0.890,-0.960
NASA-GEOSS2S,1984,NorCal_box,JFM,70.572,-0.648,0.250,4,,-1.755,NorCal_d2,48.726,-1.119,-1.060,-0.930
NASA-GEOSS2S,1985,NorCal_box,JFM,68.567,-0.692,0.250,4,,-1.254,NorCal_d2,170.829,1.545,-0.360,-0.210
NASA-GEOSS2S,1986,NorCal_box,JFM,134.386,0.757,1.000,4,,1.478,NorCal_d2,86.332,-0.298,1.210,1.420
NASA-GEOSS2S,1987,NorCal_box,JFM,88.575,-0.252,0.250,4,,0.325,NorCal_d2,43.567,-1.231,1.000,0.800
NASA-GEOSS2S,1988,NorCal_box,JFM,82.662,-0.382,0.250,4,,-3.012,NorCal_d2,89.714,-0.224,-1.850,-1.940
NASA-GEOSS2S,1989,NorCal_box,JFM,59.255,-0.897,0.250,4,,-1.036,NorCal_d2,66.268,-0.736,-0.040,0.060
NASA-GEOSS2S,1990,NorCal_box,JFM,99.308,-0.015,0.500,4,,0.429,NorCal_d2,95.103,-0.107,0.340,0.430
NASA-GEOSS2S,1991,NorCal_box,JFM,118.292,0.403,0.500,4,,1.065,NorCal_d2,82.720,-0.377,1.430,1.970
NASA-GEOSS2S,1992,NorCal_box,JFM,85.372,-0.322,0.250,4,,-0.479,NorCal_d2,140.791,0.890,-0.050,0.350
NASA-GEOSS2S,1993,NorCal_box,JFM,95.683,-0.095,0.500,4,,-0.528,NorCal_d2,56.408,-0.951,0.190,0.420
NASA-GEOSS2S,1994,NorCal_box,JFM,75.507,-0.539,0.000,4,,0.019,NorCal_d2,211.358,2.430,0.970,1.280
NASA-GEOSS2S,1995,NorCal_box,JFM,50.487,-1.090,0.000,4,,-1.278,NorCal_d2,126.173,0.571,-1.010,-0.990
NASA-GEOSS2S,1996,NorCal_box,JFM,91.201,-0.194,0.500,4,,-0.761,NorCal_d2,88.854,-0.243,-0.410,-0.290
NASA-GEOSS2S,1997,NorCal_box,JFM,161.379,1.352,1.000,4,,3.798,NorCal_d2,189.689,1.957,2.370,2.280
NASA-GEOSS2S,1998,NorCal_box,JFM,89.716,-0.226,0.500,4,,-2.096,NorCal_d2,103.701,0.081,-1.470,-1.610
NASA-GEOSS2S,1999,NorCal_box,JFM,94.768,-0.115,0.250,4,,-2.146,NorCal_d2,134.256,0.747,-1.530,-1.560
NASA-GEOSS2S,2000,NorCal_box,JFM,105.471,0.120,0.500,4,,-0.492,NorCal_d2,76.414,-0.515,-0.780,-0.820
NASA-GEOSS2S,2001,NorCal_box,JFM,110.211,0.225,0.500,4,,0.423,NorCal_d2,57.669,-0.924,-0.320,-0.320
NASA-GEOSS2S,2002,NorCal_box,JFM,97.132,-0.063,0.250,4,,1.703,NorCal_d2,63.230,-0.802,1.080,1.130
NASA-GEOSS2S,2003,NorCal_box,JFM,122.563,0.497,0.750,4,,0.490,NorCal_d2,85.988,-0.306,0.290,0.220
NASA-GEOSS2S,2004,NorCal_box,JFM,132.765,0.722,0.750,4,,0.814,NorCal_d2,86.446,-0.296,0.710,0.690
NASA-GEOSS2S,2005,NorCal_box,JFM,88.592,-0.251,0.250,4,,0.343,NorCal_d2,117.689,0.386,-0.820,-0.810
NASA-GEOSS2S,2006,NorCal_box,JFM,62.171,-0.833,0.000,4,,1.080,NorCal_d2,55.777,-0.965,0.880,0.890
NASA-GEOSS2S,2007,NorCal_box,JFM,84.888,-0.333,0.250,4,,-2.189,NorCal_d2,87.708,-0.268,-1.720,-1.650
NASA-GEOSS2S,2008,NorCal_box,JFM,130.636,0.675,0.750,4,,-0.124,NorCal_d2,83.351,-0.363,-0.790,-0.860
NASA-GEOSS2S,2009,NorCal_box,JFM,145.388,1.000,0.750,4,,1.777,NorCal_d2,102.497,0.054,1.500,1.500
NASA-GEOSS2S,2010,NorCal_box,JFM,72.876,-0.597,0.000,4,,-2.506,NorCal_d2,102.841,0.062,-1.480,-1.550
NASA-GEOSS2S,2011,NorCal_box,JFM,66.923,-0.728,0.000,4,,-1.543,NorCal_d2,94.185,-0.127,-0.920,-0.960
NASA-GEOSS2S,2012,NorCal_box,JFM,96.626,-0.074,0.500,4,,0.249,NorCal_d2,24.191,-1.654,-0.030,-0.270
NASA-GEOSS2S,2013,NorCal_box,JFM,81.300,-0.412,0.500,4,,-0.160,NorCal_d2,86.389,-0.297,-0.110,-0.270
NASA-GEOSS2S,2014,NorCal_box,JFM,103.054,0.067,0.500,4,,0.984,NorCal_d2,34.395,-1.431,0.800,0.620
NASA-GEOSS2S,2015,NorCal_box,JFM,163.885,1.407,1.000,4,,3.180,NorCal_d2,126.345,0.575,2.590,2.250
NASA-GEOSS2S,2016,NorCal_box,JFM,114.545,0.320,0.250,4,,-0.039,NorCal_d2,189.689,1.957,-0.370,-0.890
NASA-GEOSS2S,2017,NorCal_box,JFM,98.382,-0.036,0.400,10,,-1.599,NorCal_d2,80.370,-0.428,-0.760,-1.140
NASA-GEOSS2S,2018,NorCal_box,JFM,71.211,-0.634,0.200,10,,0.344,NorCal_d2,172.262,1.577,1.050,0.780
NASA-GEOSS2S,2019,NorCal_box,JFM,89.666,-0.228,0.400,10,,-0.757,NorCal_d2,43.510,-1.232,0.750,0.220
NASA-GEOSS2S,2020,NorCal_box,JFM,77.401,-0.498,0.100,10,,-2.021,NorCal_d2,56.179,-0.956,-1.060,-1.390
NASA-GEOSS2S,2021,NorCal_box,JFM,85.606,-0.317,0.300,10,,-2.192,NorCal_d2,12.096,-1.918,-0.830,-1.220
NASA-GEOSS2S,2022,NorCal_box,JFM,91.727,-0.182,0.500,10,,-1.355,NorCal_d2,152.198,1.139,-0.700,-0.990
NASA-GEOSS2S,2023,NorCal_box,JFM,85.822,-0.312,0.400,10,,1.972,NorCal_d2,125.886,0.565,1.990,1.400
NASA-GEOSS2S,2024,NorCal_box,JFM,78.703,-0.469,0.300,10,,-2.371,NorCal_d2,94.587,-0.118,-0.430,-1.050
NASA-GEOSS2S,2025,NorCal_box,JFM,97.024,-0.066,0.500,10,,-1.545,NorCal_d2,62.370,-0.821,-0.600,-1.040
NASA-GEOSS2S,2026,NorCal_box,JFM,121.457,0.473,0.800,10,,4.589,NorCal_d2,,,,
NASA-GEOSS2S,1981,NorCal_d2,DJF,115.222,0.348,0.750,4,,-0.462,NorCal_d2,103.659,0.087,-0.140,-0.080
NASA-GEOSS2S,1982,NorCal_d2,DJF,131.794,0.727,1.000,4,,2.681,NorCal_d2,137.010,0.878,2.120,2.360
NASA-GEOSS2S,1983,NorCal_d2,DJF,106.803,0.155,0.750,4,,-1.359,NorCal_d2,90.774,-0.219,-0.890,-0.960
NASA-GEOSS2S,1984,NorCal_d2,DJF,73.181,-0.613,0.250,4,,-1.755,NorCal_d2,32.131,-1.610,-1.060,-0.930
NASA-GEOSS2S,1985,NorCal_d2,DJF,75.410,-0.562,0.250,4,,-1.254,NorCal_d2,140.721,0.966,-0.360,-0.210
NASA-GEOSS2S,1986,NorCal_d2,DJF,133.247,0.760,0.750,4,,1.478,NorCal_d2,57.582,-1.006,1.210,1.420
NASA-GEOSS2S,1987,NorCal_d2,DJF,98.626,-0.031,0.250,4,,0.325,NorCal_d2,81.018,-0.450,1.000,0.800
NASA-GEOSS2S,1988,NorCal_d2,DJF,99.035,-0.022,0.750,4,,-3.012,NorCal_d2,44.008,-1.328,-1.850,-1.940
NASA-GEOSS2S,1989,NorCal_d2,DJF,74.605,-0.580,0.250,4,,-1.036,NorCal_d2,49.417,-1.200,-0.040,0.060
NASA-GEOSS2S,1990,NorCal_d2,DJF,97.725,-0.052,0.500,4,,0.429,NorCal_d2,27.094,-1.729,0.340,0.430
NASA-GEOSS2S,1991,NorCal_d2,DJF,110.270,0.235,0.250,4,,1.065,NorCal_d2,73.118,-0.638,1.430,1.970
NASA-GEOSS2S,1992,NorCal_d2,DJF,84.500,-0.354,0.250,4,,-0.479,NorCal_d2,159.650,1.415,-0.050,0.350
NASA-GEOSS2S,1993,NorCal_d2,DJF,92.257,-0.177,0.500,4,,-0.528,NorCal_d2,68.611,-0.744,0.190,0.420
NASA-GEOSS2S,1994,NorCal_d2,DJF,71.458,-0.652,0.250,4,,0.019,NorCal_d2,140.880,0.970,0.970,1.280
NASA-GEOSS2S,1995,NorCal_d2,DJF,69.368,-0.700,0.250,4,,-1.278,NorCal_d2,150.477,1.197,-1.010,-0.990
NASA-GEOSS2S,1996,NorCal_d2,DJF,100.759,0.017,0.250,4,,-0.761,NorCal_d2,154.825,1.300,-0.410,-0.290
NASA-GEOSS2S,1997,NorCal_d2,DJF,152.453,1.199,1.000,4,,3.798,NorCal_d2,166.278,1.572,2.370,2.280
NASA-GEOSS2S,1998,NorCal_d2,DJF,86.100,-0.318,0.250,4,,-2.096,NorCal_d2,91.304,-0.206,-1.470,-1.610
NASA-GEOSS2S,1999,NorCal_d2,DJF,98.822,-0.027,0.500,4,,-2.146,NorCal_d2,113.627,0.323,-1.530,-1.560
NASA-GEOSS2S,2000,NorCal_d2,DJF,125.288,0.578,0.750,4,,-0.492,NorCal_d2,62.884,-0.880,-0.780,-0.820
NASA-GEOSS2S,2001,NorCal_d2,DJF,115.860,0.363,0.750,4,,0.423,NorCal_d2,85.843,-0.336,-0.320,-0.320
NASA-GEOSS2S,2002,NorCal_d2,DJF,104.466,0.102,0.250,4,,1.703,NorCal_d2,111.771,0.279,1.080,1.130
NASA-GEOSS2S,2003,NorCal_d2,DJF,121.584,0.493,0.750,4,,0.490,NorCal_d2,128.897,0.685,0.290,0.220
NASA-GEOSS2S,2004,NorCal_d2,DJF,116.679,0.381,0.500,4,,0.814,NorCal_d2,90.562,-0.224,0.710,0.690
NASA-GEOSS2S,2005,NorCal_d2,DJF,95.063,-0.113,0.250,4,,0.343,NorCal_d2,145.016,1.068,-0.820,-0.810
NASA-GEOSS2S,2006,NorCal_d2,DJF,61.078,-0.890,0.000,4,,1.080,NorCal_d2,74.019,-0.616,0.880,0.890
NASA-GEOSS2S,2007,NorCal_d2,DJF,71.963,-0.641,0.000,4,,-2.189,NorCal_d2,102.015,0.048,-1.720,-1.650
NASA-GEOSS2S,2008,NorCal_d2,DJF,126.591,0.608,0.500,4,,-0.124,NorCal_d2,73.224,-0.635,-0.790,-0.860
NASA-GEOSS2S,2009,NorCal_d2,DJF,144.733,1.022,0.750,4,,1.777,NorCal_d2,98.250,-0.041,1.500,1.500
NASA-GEOSS2S,2010,NorCal_d2,DJF,80.087,-0.455,0.000,4,,-2.506,NorCal_d2,93.372,-0.157,-1.480,-1.550
NASA-GEOSS2S,2011,NorCal_d2,DJF,73.994,-0.594,0.000,4,,-1.543,NorCal_d2,41.569,-1.386,-0.920,-0.960
NASA-GEOSS2S,2012,NorCal_d2,DJF,81.314,-0.427,0.250,4,,0.249,NorCal_d2,69.512,-0.723,-0.030,-0.270
NASA-GEOSS2S,2013,NorCal_d2,DJF,104.062,0.093,0.500,4,,-0.160,NorCal_d2,48.780,-1.215,-0.110,-0.270
NASA-GEOSS2S,2014,NorCal_d2,DJF,98.594,-0.032,0.500,4,,0.984,NorCal_d2,89.608,-0.246,0.800,0.620
NASA-GEOSS2S,2015,NorCal_d2,DJF,151.750,1.183,0.750,4,,3.180,NorCal_d2,105.302,0.126,2.590,2.250
NASA-GEOSS2S,2016,NorCal_d2,DJF,107.191,0.164,0.250,4,,-0.039,NorCal_d2,188.812,2.106,-0.370,-0.890
NASA-GEOSS2S,2017,NorCal_d2,DJF,94.385,-0.128,0.400,10,,-1.599,NorCal_d2,34.199,-1.561,-0.760,-1.140
NASA-GEOSS2S,2018,NorCal_d2,DJF,73.829,-0.598,0.200,10,,0.344,NorCal_d2,143.902,1.041,1.050,0.780
NASA-GEOSS2S,2019,NorCal_d2,DJF,87.777,-0.279,0.300,10,,-0.757,NorCal_d2,58.324,-0.988,0.750,0.220
NASA-GEOSS2S,2020,NorCal_d2,DJF,83.628,-0.374,0.300,10,,-2.021,NorCal_d2,52.704,-1.122,-1.060,-1.390
NASA-GEOSS2S,2021,NorCal_d2,DJF,101.873,0.043,0.400,10,,-2.192,NorCal_d2,52.916,-1.117,-0.830,-1.220
NASA-GEOSS2S,2022,NorCal_d2,DJF,92.638,-0.168,0.500,10,,-1.355,NorCal_d2,137.381,0.887,-0.700,-0.990
NASA-GEOSS2S,2023,NorCal_d2,DJF,80.763,-0.440,0.100,10,,1.972,NorCal_d2,109.120,0.216,1.990,1.400
NASA-GEOSS2S,2024,NorCal_d2,DJF,70.241,-0.680,0.400,10,,-2.371,NorCal_d2,99.894,-0.003,-0.430,-1.050
NASA-GEOSS2S,2025,NorCal_d2,DJF,115.094,0.345,0.600,10,,-1.545,NorCal_d2,103.977,0.094,-0.600,-1.040
NASA-GEOSS2S,2026,NorCal_d2,DJF,115.070,0.344,0.600,10,,4.589,NorCal_d2,,,,
NASA-GEOSS2S,1981,NorCal_d2,JFM,106.432,0.142,0.750,4,,-0.462,NorCal_d2,106.166,0.135,-0.140,-0.080
NASA-GEOSS2S,1982,NorCal_d2,JFM,131.231,0.688,1.000,4,,2.681,NorCal_d2,186.307,1.883,2.120,2.360
NASA-GEOSS2S,1983,NorCal_d2,JFM,106.950,0.153,0.500,4,,-1.359,NorCal_d2,42.822,-1.247,-0.890,-0.960
NASA-GEOSS2S,1984,NorCal_d2,JFM,70.230,-0.656,0.250,4,,-1.755,NorCal_d2,48.726,-1.119,-1.060,-0.930
NASA-GEOSS2S,1985,NorCal_d2,JFM,68.248,-0.699,0.250,4,,-1.254,NorCal_d2,170.829,1.545,-0.360,-0.210
NASA-GEOSS2S,1986,NorCal_d2,JFM,133.343,0.735,0.750,4,,1.478,NorCal_d2,86.332,-0.298,1.210,1.420
NASA-GEOSS2S,1987,NorCal_d2,JFM,88.120,-0.262,0.250,4,,0.325,NorCal_d2,43.567,-1.231,1.000,0.800
NASA-GEOSS2S,1988,NorCal_d2,JFM,82.868,-0.377,0.250,4,,-3.012,NorCal_d2,89.714,-0.224,-1.850,-1.940
NASA-GEOSS2S,1989,NorCal_d2,JFM,58.950,-0.904,0.250,4,,-1.036,NorCal_d2,66.268,-0.736,-0.040,0.060
NASA-GEOSS2S,1990,NorCal_d2,JFM,98.747,-0.028,0.500,4,,0.429,NorCal_d2,95.103,-0.107,0.340,0.430
NASA-GEOSS2S,1991,NorCal_d2,JFM,117.474,0.385,0.500,4,,1.065,NorCal_d2,82.720,-0.377,1.430,1.970
NASA-GEOSS2S,1992,NorCal_d2,JFM,85.581,-0.318,0.250,4,,-0.479,NorCal_d2,140.791,0.890,-0.050,0.350
NASA-GEOSS2S,1993,NorCal_d2,JFM,96.059,-0.087,0.500,4,,-0.528,NorCal_d2,56.408,-0.951,0.190,0.420
NASA-GEOSS2S,1994,NorCal_d2,JFM,75.472,-0.540,0.000,4,,0.019,NorCal_d2,211.358,2.430,0.970,1.280
NASA-GEOSS2S,1995,NorCal_d2,JFM,50.702,-1.086,0.000,4,,-1.278,NorCal_d2,126.173,0.571,-1.010,-0.990
NASA-GEOSS2S,1996,NorCal_d2,JFM,90.714,-0.205,0.500,4,,-0.761,NorCal_d2,88.854,-0.243,-0.410,-0.290
NASA-GEOSS2S,1997,NorCal_d2,JFM,161.072,1.345,1.000,4,,3.798,NorCal_d2,189.689,1.957,2.370,2.280
NASA-GEOSS2S,1998,NorCal_d2,JFM,90.660,-0.206,0.500,4,,-2.096,NorCal_d2,103.701,0.081,-1.470,-1.610
NASA-GEOSS2S,1999,NorCal_d2,JFM,96.433,-0.079,0.250,4,,-2.146,NorCal_d2,134.256,0.747,-1.530,-1.560
NASA-GEOSS2S,2000,NorCal_d2,JFM,105.755,0.127,0.500,4,,-0.492,NorCal_d2,76.414,-0.515,-0.780,-0.820
NASA-GEOSS2S,2001,NorCal_d2,JFM,110.930,0.241,0.750,4,,0.423,NorCal_d2,57.669,-0.924,-0.320,-0.320
NASA-GEOSS2S,2002,NorCal_d2,JFM,96.394,-0.079,0.250,4,,1.703,NorCal_d2,63.230,-0.802,1.080,1.130
NASA-GEOSS2S,2003,NorCal_d2,JFM,122.683,0.500,0.750,4,,0.490,NorCal_d2,85.988,-0.306,0.290,0.220
NASA-GEOSS2S,2004,NorCal_d2,JFM,132.906,0.725,0.750,4,,0.814,NorCal_d2,86.446,-0.296,0.710,0.690
NASA-GEOSS2S,2005,NorCal_d2,JFM,88.478,-0.254,0.250,4,,0.343,NorCal_d2,117.689,0.386,-0.820,-0.810
NASA-GEOSS2S,2006,NorCal_d2,JFM,62.209,-0.833,0.000,4,,1.080,NorCal_d2,55.777,-0.965,0.880,0.890
NASA-GEOSS2S,2007,NorCal_d2,JFM,84.744,-0.336,0.250,4,,-2.189,NorCal_d2,87.708,-0.268,-1.720,-1.650
NASA-GEOSS2S,2008,NorCal_d2,JFM,130.722,0.677,0.750,4,,-0.124,NorCal_d2,83.351,-0.363,-0.790,-0.860
NASA-GEOSS2S,2009,NorCal_d2,JFM,145.470,1.002,0.750,4,,1.777,NorCal_d2,102.497,0.054,1.500,1.500
NASA-GEOSS2S,2010,NorCal_d2,JFM,73.304,-0.588,0.000,4,,-2.506,NorCal_d2,102.841,0.062,-1.480,-1.550
NASA-GEOSS2S,2011,NorCal_d2,JFM,67.307,-0.720,0.000,4,,-1.543,NorCal_d2,94.185,-0.127,-0.920,-0.960
NASA-GEOSS2S,2012,NorCal_d2,JFM,95.289,-0.104,0.500,4,,0.249,NorCal_d2,24.191,-1.654,-0.030,-0.270
NASA-GEOSS2S,2013,NorCal_d2,JFM,81.496,-0.408,0.500,4,,-0.160,NorCal_d2,86.389,-0.297,-0.110,-0.270
NASA-GEOSS2S,2014,NorCal_d2,JFM,102.434,0.054,0.500,4,,0.984,NorCal_d2,34.395,-1.431,0.800,0.620
NASA-GEOSS2S,2015,NorCal_d2,JFM,162.743,1.382,1.000,4,,3.180,NorCal_d2,126.345,0.575,2.590,2.250
NASA-GEOSS2S,2016,NorCal_d2,JFM,114.082,0.310,0.250,4,,-0.039,NorCal_d2,189.689,1.957,-0.370,-0.890
NASA-GEOSS2S,2017,NorCal_d2,JFM,98.881,-0.025,0.400,10,,-1.599,NorCal_d2,80.370,-0.428,-0.760,-1.140
NASA-GEOSS2S,2018,NorCal_d2,JFM,71.927,-0.618,0.200,10,,0.344,NorCal_d2,172.262,1.577,1.050,0.780
NASA-GEOSS2S,2019,NorCal_d2,JFM,89.330,-0.235,0.400,10,,-0.757,NorCal_d2,43.510,-1.232,0.750,0.220
NASA-GEOSS2S,2020,NorCal_d2,JFM,77.924,-0.486,0.100,10,,-2.021,NorCal_d2,56.179,-0.956,-1.060,-1.390
NASA-GEOSS2S,2021,NorCal_d2,JFM,86.365,-0.300,0.400,10,,-2.192,NorCal_d2,12.096,-1.918,-0.830,-1.220
NASA-GEOSS2S,2022,NorCal_d2,JFM,92.049,-0.175,0.500,10,,-1.355,NorCal_d2,152.198,1.139,-0.700,-0.990
NASA-GEOSS2S,2023,NorCal_d2,JFM,86.214,-0.304,0.400,10,,1.972,NorCal_d2,125.886,0.565,1.990,1.400
NASA-GEOSS2S,2024,NorCal_d2,JFM,78.820,-0.467,0.300,10,,-2.371,NorCal_d2,94.587,-0.118,-0.430,-1.050
NASA-GEOSS2S,2025,NorCal_d2,JFM,97.640,-0.052,0.500,10,,-1.545,NorCal_d2,62.370,-0.821,-0.600,-1.040
NASA-GEOSS2S,2026,NorCal_d2,JFM,121.949,0.484,0.800,10,,4.589,NorCal_d2,,,,
NASA-GEOSS2S,1981,SoCal_box,DJF,101.682,0.031,0.250,4,,-0.462,SoCal_d6,57.351,-0.649,-0.140,-0.080
NASA-GEOSS2S,1982,SoCal_box,DJF,153.435,0.998,1.000,4,,2.681,SoCal_d6,137.346,0.568,2.120,2.360
NASA-GEOSS2S,1983,SoCal_box,DJF,60.398,-0.740,0.000,4,,-1.359,SoCal_d6,37.492,-0.951,-0.890,-0.960
NASA-GEOSS2S,1984,SoCal_box,DJF,84.112,-0.297,0.500,4,,-1.755,SoCal_d6,79.160,-0.317,-1.060,-0.930
NASA-GEOSS2S,1985,SoCal_box,DJF,64.492,-0.663,0.000,4,,-1.254,SoCal_d6,82.222,-0.271,-0.360,-0.210
NASA-GEOSS2S,1986,SoCal_box,DJF,159.454,1.110,0.750,4,,1.478,SoCal_d6,47.422,-0.800,1.210,1.420
NASA-GEOSS2S,1987,SoCal_box,DJF,68.632,-0.586,0.250,4,,0.325,SoCal_d6,74.798,-0.383,1.000,0.800
NASA-GEOSS2S,1988,SoCal_box,DJF,93.311,-0.125,0.500,4,,-3.012,SoCal_d6,66.539,-0.509,-1.850,-1.940
NASA-GEOSS2S,1989,SoCal_box,DJF,48.853,-0.955,0.000,4,,-1.036,SoCal_d6,53.639,-0.705,-0.040,0.060
NASA-GEOSS2S,1990,SoCal_box,DJF,120.554,0.384,0.500,4,,0.429,SoCal_d6,49.835,-0.763,0.340,0.430
NASA-GEOSS2S,1991,SoCal_box,DJF,147.615,0.889,0.500,4,,1.065,SoCal_d6,137.718,0.574,1.430,1.970
NASA-GEOSS2S,1992,SoCal_box,DJF,108.786,0.164,0.500,4,,-0.479,SoCal_d6,260.587,2.444,-0.050,0.350
NASA-GEOSS2S,1993,SoCal_box,DJF,87.717,-0.229,0.500,4,,-0.528,SoCal_d6,72.757,-0.415,0.190,0.420
NASA-GEOSS2S,1994,SoCal_box,DJF,72.878,-0.507,0.250,4,,0.019,SoCal_d6,177.066,1.173,0.970,1.280
NASA-GEOSS2S,1995,SoCal_box,DJF,68.427,-0.590,0.250,4,,-1.278,SoCal_d6,94.565,-0.083,-1.010,-0.990
NASA-GEOSS2S,1996,SoCal_box,DJF,79.536,-0.382,0.250,4,,-0.761,SoCal_d6,99.391,-0.009,-0.410,-0.290
NASA-GEOSS2S,1997,SoCal_box,DJF,139.824,0.744,0.750,4,,3.798,SoCal_d6,233.489,2.031,2.370,2.280
NASA-GEOSS2S,1998,SoCal_box,DJF,101.777,0.033,0.500,4,,-2.096,SoCal_d6,38.327,-0.938,-1.470,-1.610
NASA-GEOSS2S,1999,SoCal_box,DJF,69.469,-0.570,0.000,4,,-2.146,SoCal_d6,77.768,-0.338,-1.530,-1.560
NASA-GEOSS2S,2000,SoCal_box,DJF,175.555,1.411,1.000,4,,-0.492,SoCal_d6,105.794,0.088,-0.780,-0.820
NASA-GEOSS2S,2001,SoCal_box,DJF,130.106,0.562,0.750,4,,0.423,SoCal_d6,24.314,-1.152,-0.320,-0.320
NASA-GEOSS2S,2002,SoCal_box,DJF,79.649,-0.380,0.250,4,,1.703,SoCal_d6,84.728,-0.232,1.080,1.130
NASA-GEOSS2S,2003,SoCal_box,DJF,137.963,0.709,0.750,4,,0.490,SoCal_d6,72.014,-0.426,0.290,0.220
NASA-GEOSS2S,2004,SoCal_box,DJF,79.318,-0.386,0.250,4,,0.814,SoCal_d6,230.798,1.990,0.710,0.690
NASA-GEOSS2S,2005,SoCal_box,DJF,111.923,0.223,0.500,4,,0.343,SoCal_d6,55.588,-0.676,-0.820,-0.810
NASA-GEOSS2S,2006,SoCal_box,DJF,69.666,-0.567,0.250,4,,1.080,SoCal_d6,36.193,-0.971,0.880,0.890
NASA-GEOSS2S,2007,SoCal_box,DJF,79.433,-0.384,0.250,4,,-2.189,SoCal_d6,121.849,0.332,-1.720,-1.650
NASA-GEOSS2S,2008,SoCal_box,DJF,113.682,0.256,0.500,4,,-0.124,SoCal_d6,83.150,-0.256,-0.790,-0.860
NASA-GEOSS2S,2009,SoCal_box,DJF,119.517,0.364,0.500,4,,1.777,SoCal_d6,145.699,0.695,1.500,1.500
NASA-GEOSS2S,2010,SoCal_box,DJF,56.100,-0.820,0.000,4,,-2.506,SoCal_d6,141.430,0.630,-1.480,-1.550
NASA-GEOSS2S,2011,SoCal_box,DJF,72.705,-0.510,0.250,4,,-1.543,SoCal_d6,25.613,-1.132,-0.920,-0.960
NASA-GEOSS2S,2012,SoCal_box,DJF,73.882,-0.488,0.250,4,,0.249,SoCal_d6,46.865,-0.809,-0.030,-0.270
NASA-GEOSS2S,2013,SoCal_box,DJF,120.148,0.376,0.500,4,,-0.160,SoCal_d6,30.810,-1.053,-0.110,-0.270
NASA-GEOSS2S,2014,SoCal_box,DJF,95.462,-0.085,0.500,4,,0.984,SoCal_d6,66.446,-0.511,0.800,0.620
NASA-GEOSS2S,2015,SoCal_box,DJF,143.432,0.811,1.000,4,,3.180,SoCal_d6,60.414,-0.602,2.590,2.250
NASA-GEOSS2S,2016,SoCal_box,DJF,103.335,0.062,0.500,4,,-0.039,SoCal_d6,182.819,1.260,-0.370,-0.890
NASA-GEOSS2S,2017,SoCal_box,DJF,96.843,-0.059,0.500,10,,-1.599,SoCal_d6,30.068,-1.064,-0.760,-1.140
NASA-GEOSS2S,2018,SoCal_box,DJF,61.068,-0.727,0.100,10,,0.344,SoCal_d6,149.689,0.756,1.050,0.780
NASA-GEOSS2S,2019,SoCal_box,DJF,83.629,-0.306,0.400,10,,-0.757,SoCal_d6,53.732,-0.704,0.750,0.220
NASA-GEOSS2S,2020,SoCal_box,DJF,72.085,-0.521,0.300,10,,-2.021,SoCal_d6,45.009,-0.837,-1.060,-1.390
NASA-GEOSS2S,2021,SoCal_box,DJF,63.649,-0.679,0.200,10,,-2.192,SoCal_d6,76.933,-0.351,-0.830,-1.220
NASA-GEOSS2S,2022,SoCal_box,DJF,78.530,-0.401,0.200,10,,-1.355,SoCal_d6,173.354,1.116,-0.700,-0.990
NASA-GEOSS2S,2023,SoCal_box,DJF,71.306,-0.536,0.200,10,,1.972,SoCal_d6,146.905,0.714,1.990,1.400
NASA-GEOSS2S,2024,SoCal_box,DJF,67.895,-0.600,0.200,10,,-2.371,SoCal_d6,39.812,-0.916,-0.430,-1.050
NASA-GEOSS2S,2025,SoCal_box,DJF,99.291,-0.013,0.500,10,,-1.545,SoCal_d6,111.640,0.177,-0.600,-1.040
NASA-GEOSS2S,2026,SoCal_box,DJF,119.639,0.367,0.400,10,,4.589,SoCal_d6,,,,
NASA-GEOSS2S,1981,SoCal_box,JFM,98.380,-0.028,0.250,4,,-0.462,SoCal_d6,109.324,0.146,-0.140,-0.080
NASA-GEOSS2S,1982,SoCal_box,JFM,184.116,1.474,1.000,4,,2.681,SoCal_d6,203.770,1.623,2.120,2.360
NASA-GEOSS2S,1983,SoCal_box,JFM,76.370,-0.414,0.250,4,,-1.359,SoCal_d6,5.730,-1.474,-0.890,-0.960
NASA-GEOSS2S,1984,SoCal_box,JFM,85.757,-0.250,0.500,4,,-1.755,SoCal_d6,37.150,-0.983,-1.060,-0.930
NASA-GEOSS2S,1985,SoCal_box,JFM,63.316,-0.643,0.000,4,,-1.254,SoCal_d6,119.213,0.300,-0.360,-0.210
NASA-GEOSS2S,1986,SoCal_box,JFM,175.727,1.327,0.750,4,,1.478,SoCal_d6,59.329,-0.636,1.210,1.420
NASA-GEOSS2S,1987,SoCal_box,JFM,59.862,-0.703,0.250,4,,0.325,SoCal_d6,49.533,-0.789,1.000,0.800
NASA-GEOSS2S,1988,SoCal_box,JFM,60.532,-0.692,0.000,4,,-3.012,SoCal_d6,39.368,-0.948,-1.850,-1.940
NASA-GEOSS2S,1989,SoCal_box,JFM,44.171,-0.978,0.000,4,,-1.036,SoCal_d6,57.388,-0.666,-0.040,0.060
NASA-GEOSS2S,1990,SoCal_box,JFM,104.298,0.075,0.500,4,,0.429,SoCal_d6,149.524,0.774,0.340,0.430
NASA-GEOSS2S,1991,SoCal_box,JFM,161.183,1.072,0.500,4,,1.065,SoCal_d6,156.178,0.879,1.430,1.970
NASA-GEOSS2S,1992,SoCal_box,JFM,108.747,0.153,0.250,4,,-0.479,SoCal_d6,238.333,2.163,-0.050,0.350
NASA-GEOSS2S,1993,SoCal_box,JFM,88.970,-0.193,0.500,4,,-0.528,SoCal_d6,86.314,-0.214,0.190,0.420
NASA-GEOSS2S,1994,SoCal_box,JFM,74.858,-0.441,0.250,4,,0.019,SoCal_d6,244.802,2.264,0.970,1.280
NASA-GEOSS2S,1995,SoCal_box,JFM,49.244,-0.889,0.000,4,,-1.278,SoCal_d6,100.822,0.013,-1.010,-0.990
NASA-GEOSS2S,1996,SoCal_box,JFM,87.326,-0.222,0.250,4,,-0.761,SoCal_d6,58.590,-0.648,-0.410,-0.290
NASA-GEOSS2S,1997,SoCal_box,JFM,153.464,0.937,1.000,4,,3.798,SoCal_d6,227.151,1.988,2.370,2.280
NASA-GEOSS2S,1998,SoCal_box,JFM,97.977,-0.035,0.500,4,,-2.096,SoCal_d6,49.995,-0.782,-1.470,-1.610
NASA-GEOSS2S,1999,SoCal_box,JFM,70.278,-0.521,0.250,4,,-2.146,SoCal_d6,96.479,-0.055,-1.530,-1.560
NASA-GEOSS2S,2000,SoCal_box,JFM,124.752,0.434,0.500,4,,-0.492,SoCal_d6,131.226,0.488,-0.780,-0.820
NASA-GEOSS2S,2001,SoCal_box,JFM,128.265,0.495,0.750,4,,0.423,SoCal_d6,16.542,-1.305,-0.320,-0.320
NASA-GEOSS2S,2002,SoCal_box,JFM,66.828,-0.581,0.250,4,,1.703,SoCal_d6,81.416,-0.291,1.080,1.130
NASA-GEOSS2S,2003,SoCal_box,JFM,132.177,0.564,0.500,4,,0.490,SoCal_d6,61.917,-0.596,0.290,0.220
NASA-GEOSS2S,2004,SoCal_box,JFM,94.510,-0.096,0.500,4,,0.814,SoCal_d6,194.437,1.477,0.710,0.690
NASA-GEOSS2S,2005,SoCal_box,JFM,105.501,0.096,0.500,4,,0.343,SoCal_d6,82.987,-0.266,-0.820,-0.810
NASA-GEOSS2S,2006,SoCal_box,JFM,58.711,-0.723,0.000,4,,1.080,SoCal_d6,29.665,-1.100,0.880,0.890
NASA-GEOSS2S,2007,SoCal_box,JFM,92.952,-0.124,0.500,4,,-2.189,SoCal_d6,102.116,0.033,-1.720,-1.650
NASA-GEOSS2S,2008,SoCal_box,JFM,123.608,0.414,0.500,4,,-0.124,SoCal_d6,54.616,-0.710,-0.790,-0.860
NASA-GEOSS2S,2009,SoCal_box,JFM,146.679,0.818,0.750,4,,1.777,SoCal_d6,116.995,0.266,1.500,1.500
NASA-GEOSS2S,2010,SoCal_box,JFM,47.409,-0.922,0.000,4,,-2.506,SoCal_d6,85.667,-0.224,-1.480,-1.550
NASA-GEOSS2S,2011,SoCal_box,JFM,59.620,-0.708,0.250,4,,-1.543,SoCal_d6,42.787,-0.895,-0.920,-0.960
NASA-GEOSS2S,2012,SoCal_box,JFM,83.127,-0.296,0.250,4,,0.249,SoCal_d6,30.773,-1.083,-0.030,-0.270
NASA-GEOSS2S,2013,SoCal_box,JFM,92.571,-0.130,0.250,4,,-0.160,SoCal_d6,42.880,-0.893,-0.110,-0.270
NASA-GEOSS2S,2014,SoCal_box,JFM,104.185,0.073,0.500,4,,0.984,SoCal_d6,25.783,-1.161,0.800,0.620
NASA-GEOSS2S,2015,SoCal_box,JFM,167.050,1.175,0.750,4,,3.180,SoCal_d6,68.386,-0.494,2.590,2.250
NASA-GEOSS2S,2016,SoCal_box,JFM,115.118,0.265,0.500,4,,-0.039,SoCal_d6,144.719,0.699,-0.370,-0.890
NASA-GEOSS2S,2017,SoCal_box,JFM,105.210,0.091,0.500,10,,-1.599,SoCal_d6,66.999,-0.516,-0.760,-1.140
NASA-GEOSS2S,2018,SoCal_box,JFM,61.259,-0.679,0.200,10,,0.344,SoCal_d6,155.161,0.863,1.050,0.780
NASA-GEOSS2S,2019,SoCal_box,JFM,94.126,-0.103,0.300,10,,-0.757,SoCal_d6,56.742,-0.676,0.750,0.220
NASA-GEOSS2S,2020,SoCal_box,JFM,59.473,-0.710,0.100,10,,-2.021,SoCal_d6,47.038,-0.828,-1.060,-1.390
NASA-GEOSS2S,2021,SoCal_box,JFM,43.886,-0.983,0.000,10,,-2.192,SoCal_d6,21.625,-1.226,-0.830,-1.220
NASA-GEOSS2S,2022,SoCal_box,JFM,83.710,-0.285,0.400,10,,-1.355,SoCal_d6,215.414,1.805,-0.700,-0.990
NASA-GEOSS2S,2023,SoCal_box,JFM,85.186,-0.260,0.300,10,,1.972,SoCal_d6,160.614,0.948,1.990,1.400
NASA-GEOSS2S,2024,SoCal_box,JFM,86.736,-0.232,0.500,10,,-2.371,SoCal_d6,68.663,-0.490,-0.430,-1.050
NASA-GEOSS2S,2025,SoCal_box,JFM,86.094,-0.244,0.300,10,,-1.545,SoCal_d6,64.319,-0.558,-0.600,-1.040
NASA-GEOSS2S,2026,SoCal_box,JFM,132.017,0.561,0.800,10,,4.589,SoCal_d6,,,,
NASA-GEOSS2S,1981,SoCal_d6,DJF,101.666,0.030,0.500,4,,-0.462,SoCal_d6,57.351,-0.649,-0.140,-0.080
NASA-GEOSS2S,1982,SoCal_d6,DJF,160.203,1.091,1.000,4,,2.681,SoCal_d6,137.346,0.568,2.120,2.360
NASA-GEOSS2S,1983,SoCal_d6,DJF,72.956,-0.490,0.000,4,,-1.359,SoCal_d6,37.492,-0.951,-0.890,-0.960
NASA-GEOSS2S,1984,SoCal_d6,DJF,80.225,-0.358,0.500,4,,-1.755,SoCal_d6,79.160,-0.317,-1.060,-0.930
NASA-GEOSS2S,1985,SoCal_d6,DJF,62.888,-0.673,0.000,4,,-1.254,SoCal_d6,82.222,-0.271,-0.360,-0.210
NASA-GEOSS2S,1986,SoCal_d6,DJF,156.082,1.017,0.750,4,,1.478,SoCal_d6,47.422,-0.800,1.210,1.420
NASA-GEOSS2S,1987,SoCal_d6,DJF,72.061,-0.506,0.250,4,,0.325,SoCal_d6,74.798,-0.383,1.000,0.800
NASA-GEOSS2S,1988,SoCal_d6,DJF,86.830,-0.239,0.250,4,,-3.012,SoCal_d6,66.539,-0.509,-1.850,-1.940
NASA-GEOSS2S,1989,SoCal_d6,DJF,51.628,-0.877,0.000,4,,-1.036,SoCal_d6,53.639,-0.705,-0.040,0.060
NASA-GEOSS2S,1990,SoCal_d6,DJF,118.845,0.342,0.500,4,,0.429,SoCal_d6,49.835,-0.763,0.340,0.430
NASA-GEOSS2S,1991,SoCal_d6,DJF,148.253,0.875,0.500,4,,1.065,SoCal_d6,137.718,0.574,1.430,1.970
NASA-GEOSS2S,1992,SoCal_d6,DJF,102.097,0.038,0.250,4,,-0.479,SoCal_d6,260.587,2.444,-0.050,0.350
NASA-GEOSS2S,1993,SoCal_d6,DJF,86.406,-0.246,0.500,4,,-0.528,SoCal_d6,72.757,-0.415,0.190,0.420
NASA-GEOSS2S,1994,SoCal_d6,DJF,70.592,-0.533,0.250,4,,0.019,SoCal_d6,177.066,1.173,0.970,1.280
NASA-GEOSS2S,1995,SoCal_d6,DJF,67.970,-0.581,0.250,4,,-1.278,SoCal_d6,94.565,-0.083,-1.010,-0.990
NASA-GEOSS2S,1996,SoCal_d6,DJF,84.248,-0.286,0.250,4,,-0.761,SoCal_d6,99.391,-0.009,-0.410,-0.290
NASA-GEOSS2S,1997,SoCal_d6,DJF,152.286,0.948,1.000,4,,3.798,SoCal_d6,233.489,2.031,2.370,2.280
NASA-GEOSS2S,1998,SoCal_d6,DJF,94.633,-0.097,0.500,4,,-2.096,SoCal_d6,38.327,-0.938,-1.470,-1.610
NASA-GEOSS2S,1999,SoCal_d6,DJF,64.788,-0.638,0.250,4,,-2.146,SoCal_d6,77.768,-0.338,-1.530,-1.560
NASA-GEOSS2S,2000,SoCal_d6,DJF,168.616,1.244,1.000,4,,-0.492,SoCal_d6,105.794,0.088,-0.780,-0.820
NASA-GEOSS2S,2001,SoCal_d6,DJF,126.218,0.475,0.750,4,,0.423,SoCal_d6,24.314,-1.152,-0.320,-0.320
NASA-GEOSS2S,2002,SoCal_d6,DJF,84.418,-0.282,0.250,4,,1.703,SoCal_d6,84.728,-0.232,1.080,1.130
NASA-GEOSS2S,2003,SoCal_d6,DJF,137.432,0.679,0.750,4,,0.490,SoCal_d6,72.014,-0.426,0.290,0.220
NASA-GEOSS2S,2004,SoCal_d6,DJF,86.038,-0.253,0.250,4,,0.814,SoCal_d6,230.798,1.990,0.710,0.690
NASA-GEOSS2S,2005,SoCal_d6,DJF,105.149,0.093,0.250,4,,0.343,SoCal_d6,55.588,-0.676,-0.820,-0.810
NASA-GEOSS2S,2006,SoCal_d6,DJF,69.226,-0.558,0.250,4,,1.080,SoCal_d6,36.193,-0.971,0.880,0.890
NASA-GEOSS2S,2007,SoCal_d6,DJF,75.484,-0.444,0.250,4,,-2.189,SoCal_d6,121.849,0.332,-1.720,-1.650
NASA-GEOSS2S,2008,SoCal_d6,DJF,121.890,0.397,0.500,4,,-0.124,SoCal_d6,83.150,-0.256,-0.790,-0.860
NASA-GEOSS2S,2009,SoCal_d6,DJF,121.843,0.396,0.500,4,,1.777,SoCal_d6,145.699,0.695,1.500,1.500
NASA-GEOSS2S,2010,SoCal_d6,DJF,58.457,-0.753,0.000,4,,-2.506,SoCal_d6,141.430,0.630,-1.480,-1.550
NASA-GEOSS2S,2011,SoCal_d6,DJF,69.416,-0.554,0.000,4,,-1.543,SoCal_d6,25.613,-1.132,-0.920,-0.960
NASA-GEOSS2S,2012,SoCal_d6,DJF,78.123,-0.397,0.250,4,,0.249,SoCal_d6,46.865,-0.809,-0.030,-0.270
NASA-GEOSS2S,2013,SoCal_d6,DJF,123.813,0.432,0.500,4,,-0.160,SoCal_d6,30.810,-1.053,-0.110,-0.270
NASA-GEOSS2S,2014,SoCal_d6,DJF,96.367,-0.066,0.500,4,,0.984,SoCal_d6,66.446,-0.511,0.800,0.620
NASA-GEOSS2S,2015,SoCal_d6,DJF,149.321,0.894,1.000,4,,3.180,SoCal_d6,60.414,-0.602,2.590,2.250
NASA-GEOSS2S,2016,SoCal_d6,DJF,104.886,0.089,0.500,4,,-0.039,SoCal_d6,182.819,1.260,-0.370,-0.890
NASA-GEOSS2S,2017,SoCal_d6,DJF,90.052,-0.180,0.300,10,,-1.599,SoCal_d6,30.068,-1.064,-0.760,-1.140
NASA-GEOSS2S,2018,SoCal_d6,DJF,56.396,-0.790,0.100,10,,0.344,SoCal_d6,149.689,0.756,1.050,0.780
NASA-GEOSS2S,2019,SoCal_d6,DJF,86.738,-0.240,0.400,10,,-0.757,SoCal_d6,53.732,-0.704,0.750,0.220
NASA-GEOSS2S,2020,SoCal_d6,DJF,68.043,-0.579,0.300,10,,-2.021,SoCal_d6,45.009,-0.837,-1.060,-1.390
NASA-GEOSS2S,2021,SoCal_d6,DJF,66.474,-0.608,0.100,10,,-2.192,SoCal_d6,76.933,-0.351,-0.830,-1.220
NASA-GEOSS2S,2022,SoCal_d6,DJF,83.577,-0.298,0.300,10,,-1.355,SoCal_d6,173.354,1.116,-0.700,-0.990
NASA-GEOSS2S,2023,SoCal_d6,DJF,71.188,-0.522,0.100,10,,1.972,SoCal_d6,146.905,0.714,1.990,1.400
NASA-GEOSS2S,2024,SoCal_d6,DJF,64.810,-0.638,0.200,10,,-2.371,SoCal_d6,39.812,-0.916,-0.430,-1.050
NASA-GEOSS2S,2025,SoCal_d6,DJF,101.564,0.028,0.500,10,,-1.545,SoCal_d6,111.640,0.177,-0.600,-1.040
NASA-GEOSS2S,2026,SoCal_d6,DJF,119.058,0.345,0.500,10,,4.589,SoCal_d6,,,,
NASA-GEOSS2S,1981,SoCal_d6,JFM,96.703,-0.057,0.250,4,,-0.462,SoCal_d6,109.324,0.146,-0.140,-0.080
NASA-GEOSS2S,1982,SoCal_d6,JFM,191.024,1.564,1.000,4,,2.681,SoCal_d6,203.770,1.623,2.120,2.360
NASA-GEOSS2S,1983,SoCal_d6,JFM,86.258,-0.236,0.250,4,,-1.359,SoCal_d6,5.730,-1.474,-0.890,-0.960
NASA-GEOSS2S,1984,SoCal_d6,JFM,81.742,-0.314,0.250,4,,-1.755,SoCal_d6,37.150,-0.983,-1.060,-0.930
NASA-GEOSS2S,1985,SoCal_d6,JFM,62.446,-0.645,0.000,4,,-1.254,SoCal_d6,119.213,0.300,-0.360,-0.210
NASA-GEOSS2S,1986,SoCal_d6,JFM,171.243,1.224,0.750,4,,1.478,SoCal_d6,59.329,-0.636,1.210,1.420
NASA-GEOSS2S,1987,SoCal_d6,JFM,60.991,-0.670,0.250,4,,0.325,SoCal_d6,49.533,-0.789,1.000,0.800
NASA-GEOSS2S,1988,SoCal_d6,JFM,56.818,-0.742,0.000,4,,-3.012,SoCal_d6,39.368,-0.948,-1.850,-1.940
NASA-GEOSS2S,1989,SoCal_d6,JFM,44.501,-0.954,0.000,4,,-1.036,SoCal_d6,57.388,-0.666,-0.040,0.060
NASA-GEOSS2S,1990,SoCal_d6,JFM,106.009,0.103,0.250,4,,0.429,SoCal_d6,149.524,0.774,0.340,0.430
NASA-GEOSS2S,1991,SoCal_d6,JFM,160.635,1.042,0.500,4,,1.065,SoCal_d6,156.178,0.879,1.430,1.970
NASA-GEOSS2S,1992,SoCal_d6,JFM,102.985,0.051,0.250,4,,-0.479,SoCal_d6,238.333,2.163,-0.050,0.350
NASA-GEOSS2S,1993,SoCal_d6,JFM,86.649,-0.229,0.500,4,,-0.528,SoCal_d6,86.314,-0.214,0.190,0.420
NASA-GEOSS2S,1994,SoCal_d6,JFM,71.026,-0.498,0.250,4,,0.019,SoCal_d6,244.802,2.264,0.970,1.280
NASA-GEOSS2S,1995,SoCal_d6,JFM,46.280,-0.923,0.000,4,,-1.278,SoCal_d6,100.822,0.013,-1.010,-0.990
NASA-GEOSS2S,1996,SoCal_d6,JFM,93.703,-0.108,0.500,4,,-0.761,SoCal_d6,58.590,-0.648,-0.410,-0.290
NASA-GEOSS2S,1997,SoCal_d6,JFM,169.365,1.192,1.000,4,,3.798,SoCal_d6,227.151,1.988,2.370,2.280
NASA-GEOSS2S,1998,SoCal_d6,JFM,94.608,-0.093,0.500,4,,-2.096,SoCal_d6,49.995,-0.782,-1.470,-1.610
NASA-GEOSS2S,1999,SoCal_d6,JFM,62.306,-0.648,0.250,4,,-2.146,SoCal_d6,96.479,-0.055,-1.530,-1.560
NASA-GEOSS2S,2000,SoCal_d6,JFM,111.934,0.205,0.750,4,,-0.492,SoCal_d6,131.226,0.488,-0.780,-0.820
NASA-GEOSS2S,2001,SoCal_d6,JFM,123.751,0.408,0.500,4,,0.423,SoCal_d6,16.542,-1.305,-0.320,-0.320
NASA-GEOSS2S,2002,SoCal_d6,JFM,73.148,-0.461,0.250,4,,1.703,SoCal_d6,81.416,-0.291,1.080,1.130
NASA-GEOSS2S,2003,SoCal_d6,JFM,129.144,0.501,0.250,4,,0.490,SoCal_d6,61.917,-0.596,0.290,0.220
NASA-GEOSS2S,2004,SoCal_d6,JFM,104.127,0.071,0.500,4,,0.814,SoCal_d6,194.437,1.477,0.710,0.690
NASA-GEOSS2S,2005,SoCal_d6,JFM,102.565,0.044,0.500,4,,0.343,SoCal_d6,82.987,-0.266,-0.820,-0.810
NASA-GEOSS2S,2006,SoCal_d6,JFM,57.139,-0.737,0.000,4,,1.080,SoCal_d6,29.665,-1.100,0.880,0.890
NASA-GEOSS2S,2007,SoCal_d6,JFM,90.819,-0.158,0.500,4,,-2.189,SoCal_d6,102.116,0.033,-1.720,-1.650
NASA-GEOSS2S,2008,SoCal_d6,JFM,130.455,0.523,0.500,4,,-0.124,SoCal_d6,54.616,-0.710,-0.790,-0.860
NASA-GEOSS2S,2009,SoCal_d6,JFM,146.319,0.796,0.750,4,,1.777,SoCal_d6,116.995,0.266,1.500,1.500
NASA-GEOSS2S,2010,SoCal_d6,JFM,51.226,-0.838,0.000,4,,-2.506,SoCal_d6,85.667,-0.224,-1.480,-1.550
NASA-GEOSS2S,2011,SoCal_d6,JFM,54.092,-0.789,0.000,4,,-1.543,SoCal_d6,42.787,-0.895,-0.920,-0.960
NASA-GEOSS2S,2012,SoCal_d6,JFM,89.005,-0.189,0.250,4,,0.249,SoCal_d6,30.773,-1.083,-0.030,-0.270
NASA-GEOSS2S,2013,SoCal_d6,JFM,92.990,-0.120,0.250,4,,-0.160,SoCal_d6,42.880,-0.893,-0.110,-0.270
NASA-GEOSS2S,2014,SoCal_d6,JFM,105.132,0.088,0.500,4,,0.984,SoCal_d6,25.783,-1.161,0.800,0.620
NASA-GEOSS2S,2015,SoCal_d6,JFM,173.740,1.267,1.000,4,,3.180,SoCal_d6,68.386,-0.494,2.590,2.250
NASA-GEOSS2S,2016,SoCal_d6,JFM,118.165,0.312,0.500,4,,-0.039,SoCal_d6,144.719,0.699,-0.370,-0.890
NASA-GEOSS2S,2017,SoCal_d6,JFM,99.624,-0.006,0.400,10,,-1.599,SoCal_d6,66.999,-0.516,-0.760,-1.140
NASA-GEOSS2S,2018,SoCal_d6,JFM,55.600,-0.763,0.000,10,,0.344,SoCal_d6,155.161,0.863,1.050,0.780
NASA-GEOSS2S,2019,SoCal_d6,JFM,97.457,-0.044,0.400,10,,-0.757,SoCal_d6,56.742,-0.676,0.750,0.220
NASA-GEOSS2S,2020,SoCal_d6,JFM,58.690,-0.710,0.300,10,,-2.021,SoCal_d6,47.038,-0.828,-1.060,-1.390
NASA-GEOSS2S,2021,SoCal_d6,JFM,46.122,-0.926,0.000,10,,-2.192,SoCal_d6,21.625,-1.226,-0.830,-1.220
NASA-GEOSS2S,2022,SoCal_d6,JFM,90.427,-0.165,0.400,10,,-1.355,SoCal_d6,215.414,1.805,-0.700,-0.990
NASA-GEOSS2S,2023,SoCal_d6,JFM,86.852,-0.226,0.300,10,,1.972,SoCal_d6,160.614,0.948,1.990,1.400
NASA-GEOSS2S,2024,SoCal_d6,JFM,85.253,-0.253,0.400,10,,-2.371,SoCal_d6,68.663,-0.490,-0.430,-1.050
NASA-GEOSS2S,2025,SoCal_d6,JFM,88.281,-0.201,0.300,10,,-1.545,SoCal_d6,64.319,-0.558,-0.600,-1.040
NASA-GEOSS2S,2026,SoCal_d6,JFM,132.949,0.566,0.800,10,,4.589,SoCal_d6,,,,
NCAR-CESM1,1980,NorCal_box,DJF,111.579,0.312,0.500,10,,-0.676,NorCal_d2,80.965,-0.451,-0.050,0.090
NCAR-CESM1,1981,NorCal_box,DJF,120.762,0.559,0.600,10,,-0.647,NorCal_d2,103.659,0.087,-0.140,-0.080
NCAR-CESM1,1982,NorCal_box,DJF,107.220,0.194,0.700,10,,1.978,NorCal_d2,137.010,0.878,2.120,2.360
NCAR-CESM1,1983,NorCal_box,DJF,122.367,0.602,0.800,10,,0.484,NorCal_d2,90.774,-0.219,-0.890,-0.960
NCAR-CESM1,1984,NorCal_box,DJF,115.382,0.414,0.800,10,,-0.660,NorCal_d2,32.131,-1.610,-1.060,-0.930
NCAR-CESM1,1985,NorCal_box,DJF,86.767,-0.356,0.400,10,,-0.115,NorCal_d2,140.721,0.966,-0.360,-0.210
NCAR-CESM1,1986,NorCal_box,DJF,127.692,0.746,0.800,10,,0.794,NorCal_d2,57.582,-1.006,1.210,1.420
NCAR-CESM1,1987,NorCal_box,DJF,113.465,0.363,0.600,10,,0.088,NorCal_d2,81.018,-0.450,1.000,0.800
NCAR-CESM1,1988,NorCal_box,DJF,61.713,-1.031,0.200,10,,-1.843,NorCal_d2,44.008,-1.328,-1.850,-1.940
NCAR-CESM1,1989,NorCal_box,DJF,95.360,-0.125,0.500,10,,-0.170,NorCal_d2,49.417,-1.200,-0.040,0.060
NCAR-CESM1,1990,NorCal_box,DJF,99.783,-0.006,0.500,10,,0.241,NorCal_d2,27.094,-1.729,0.340,0.430
NCAR-CESM1,1991,NorCal_box,DJF,84.025,-0.430,0.400,10,,0.510,NorCal_d2,73.118,-0.638,1.430,1.970
NCAR-CESM1,1992,NorCal_box,DJF,107.428,0.200,0.700,10,,-0.252,NorCal_d2,159.650,1.415,-0.050,0.350
NCAR-CESM1,1993,NorCal_box,DJF,122.489,0.606,0.800,10,,0.177,NorCal_d2,68.611,-0.744,0.190,0.420
NCAR-CESM1,1994,NorCal_box,DJF,105.271,0.142,0.700,10,,-0.688,NorCal_d2,140.880,0.970,0.970,1.280
NCAR-CESM1,1995,NorCal_box,DJF,71.018,-0.780,0.300,10,,-1.093,NorCal_d2,150.477,1.197,-1.010,-0.990
NCAR-CESM1,1996,NorCal_box,DJF,83.861,-0.435,0.400,10,,-0.538,NorCal_d2,154.825,1.300,-0.410,-0.290
NCAR-CESM1,1997,NorCal_box,DJF,122.451,0.605,0.800,10,,2.625,NorCal_d2,166.278,1.572,2.370,2.280
NCAR-CESM1,1998,NorCal_box,DJF,82.854,-0.462,0.200,10,,-0.878,NorCal_d2,91.304,-0.206,-1.470,-1.610
NCAR-CESM1,1999,NorCal_box,DJF,85.498,-0.391,0.500,10,,-1.044,NorCal_d2,113.627,0.323,-1.530,-1.560
NCAR-CESM1,2000,NorCal_box,DJF,94.740,-0.142,0.400,10,,-0.618,NorCal_d2,62.884,-0.880,-0.780,-0.820
NCAR-CESM1,2001,NorCal_box,DJF,125.895,0.697,0.700,10,,0.409,NorCal_d2,85.843,-0.336,-0.320,-0.320
NCAR-CESM1,2002,NorCal_box,DJF,117.672,0.476,0.800,10,,1.111,NorCal_d2,111.771,0.279,1.080,1.130
NCAR-CESM1,2003,NorCal_box,DJF,98.413,-0.043,0.500,10,,-0.069,NorCal_d2,128.897,0.685,0.290,0.220
NCAR-CESM1,2004,NorCal_box,DJF,94.259,-0.155,0.300,10,,0.259,NorCal_d2,90.562,-0.224,0.710,0.690
NCAR-CESM1,2005,NorCal_box,DJF,103.032,0.082,0.400,10,,0.184,NorCal_d2,145.016,1.068,-0.820,-0.810
NCAR-CESM1,2006,NorCal_box,DJF,103.315,0.089,0.500,10,,1.384,NorCal_d2,74.019,-0.616,0.880,0.890
NCAR-CESM1,2007,NorCal_box,DJF,68.615,-0.845,0.100,10,,-1.431,NorCal_d2,102.015,0.048,-1.720,-1.650
NCAR-CESM1,2008,NorCal_box,DJF,112.837,0.346,0.600,10,,-0.121,NorCal_d2,73.224,-0.635,-0.790,-0.860
NCAR-CESM1,2009,NorCal_box,DJF,118.424,0.496,0.500,10,,1.429,NorCal_d2,98.250,-0.041,1.500,1.500
NCAR-CESM1,2010,NorCal_box,DJF,72.849,-0.731,0.400,10,,-1.425,NorCal_d2,93.372,-0.157,-1.480,-1.550
NCAR-CESM1,2016,NorCal_box,DJF,125.272,0.681,0.800,10,,-0.170,NorCal_d2,188.812,2.106,-0.370,-0.890
NCAR-CESM1,1980,NorCal_box,JFM,110.820,0.309,0.600,10,,-0.676,NorCal_d2,89.599,-0.227,-0.050,0.090
NCAR-CESM1,1981,NorCal_box,JFM,112.820,0.366,0.500,10,,-0.647,NorCal_d2,106.166,0.135,-0.140,-0.080
NCAR-CESM1,1982,NorCal_box,JFM,113.960,0.399,0.800,10,,1.978,NorCal_d2,186.307,1.883,2.120,2.360
NCAR-CESM1,1983,NorCal_box,JFM,118.157,0.518,0.600,10,,0.484,NorCal_d2,42.822,-1.247,-0.890,-0.960
NCAR-CESM1,1984,NorCal_box,JFM,112.425,0.355,0.700,10,,-0.660,NorCal_d2,48.726,-1.119,-1.060,-0.930
NCAR-CESM1,1985,NorCal_box,JFM,84.390,-0.446,0.200,10,,-0.115,NorCal_d2,170.829,1.545,-0.360,-0.210
NCAR-CESM1,1986,NorCal_box,JFM,118.604,0.531,0.800,10,,0.794,NorCal_d2,86.332,-0.298,1.210,1.420
NCAR-CESM1,1987,NorCal_box,JFM,101.292,0.037,0.600,10,,0.088,NorCal_d2,43.567,-1.231,1.000,0.800
NCAR-CESM1,1988,NorCal_box,JFM,62.919,-1.059,0.200,10,,-1.843,NorCal_d2,89.714,-0.224,-1.850,-1.940
NCAR-CESM1,1989,NorCal_box,JFM,95.797,-0.120,0.300,10,,-0.170,NorCal_d2,66.268,-0.736,-0.040,0.060
NCAR-CESM1,1990,NorCal_box,JFM,112.120,0.346,0.600,10,,0.241,NorCal_d2,95.103,-0.107,0.340,0.430
NCAR-CESM1,1991,NorCal_box,JFM,102.013,0.057,0.600,10,,0.510,NorCal_d2,82.720,-0.377,1.430,1.970
NCAR-CESM1,1992,NorCal_box,JFM,110.087,0.288,0.700,10,,-0.252,NorCal_d2,140.791,0.890,-0.050,0.350
NCAR-CESM1,1993,NorCal_box,JFM,121.045,0.601,0.600,10,,0.177,NorCal_d2,56.408,-0.951,0.190,0.420
NCAR-CESM1,1994,NorCal_box,JFM,96.853,-0.090,0.600,10,,-0.688,NorCal_d2,211.358,2.430,0.970,1.280
NCAR-CESM1,1995,NorCal_box,JFM,76.029,-0.684,0.300,10,,-1.093,NorCal_d2,126.173,0.571,-1.010,-0.990
NCAR-CESM1,1996,NorCal_box,JFM,80.090,-0.568,0.200,10,,-0.538,NorCal_d2,88.854,-0.243,-0.410,-0.290
NCAR-CESM1,1997,NorCal_box,JFM,124.317,0.694,0.900,10,,2.625,NorCal_d2,189.689,1.957,2.370,2.280
NCAR-CESM1,1998,NorCal_box,JFM,93.755,-0.178,0.300,10,,-0.878,NorCal_d2,103.701,0.081,-1.470,-1.610
NCAR-CESM1,1999,NorCal_box,JFM,77.764,-0.635,0.200,10,,-1.044,NorCal_d2,134.256,0.747,-1.530,-1.560
NCAR-CESM1,2000,NorCal_box,JFM,101.035,0.030,0.500,10,,-0.618,NorCal_d2,76.414,-0.515,-0.780,-0.820
NCAR-CESM1,2001,NorCal_box,JFM,121.331,0.609,0.700,10,,0.409,NorCal_d2,57.669,-0.924,-0.320,-0.320
NCAR-CESM1,2002,NorCal_box,JFM,119.004,0.543,0.800,10,,1.111,NorCal_d2,63.230,-0.802,1.080,1.130
NCAR-CESM1,2003,NorCal_box,JFM,98.005,-0.057,0.400,10,,-0.069,NorCal_d2,85.988,-0.306,0.290,0.220
NCAR-CESM1,2004,NorCal_box,JFM,92.925,-0.202,0.300,10,,0.259,NorCal_d2,86.446,-0.296,0.710,0.690
NCAR-CESM1,2005,NorCal_box,JFM,102.770,0.079,0.500,10,,0.184,NorCal_d2,117.689,0.386,-0.820,-0.810
NCAR-CESM1,2006,NorCal_box,JFM,105.667,0.162,0.700,10,,1.384,NorCal_d2,55.777,-0.965,0.880,0.890
NCAR-CESM1,2007,NorCal_box,JFM,68.316,-0.904,0.100,10,,-1.431,NorCal_d2,87.708,-0.268,-1.720,-1.650
NCAR-CESM1,2008,NorCal_box,JFM,90.804,-0.263,0.400,10,,-0.121,NorCal_d2,83.351,-0.363,-0.790,-0.860
NCAR-CESM1,2009,NorCal_box,JFM,111.402,0.325,0.500,10,,1.429,NorCal_d2,102.497,0.054,1.500,1.500
NCAR-CESM1,2010,NorCal_box,JFM,74.249,-0.735,0.300,10,,-1.425,NorCal_d2,102.841,0.062,-1.480,-1.550
NCAR-CESM1,2016,NorCal_box,JFM,120.418,0.583,0.700,10,,-0.170,NorCal_d2,189.689,1.957,-0.370,-0.890
NCAR-CESM1,1980,NorCal_d2,DJF,111.809,0.321,0.500,10,,-0.676,NorCal_d2,80.965,-0.451,-0.050,0.090
NCAR-CESM1,1981,NorCal_d2,DJF,121.222,0.576,0.600,10,,-0.647,NorCal_d2,103.659,0.087,-0.140,-0.080
NCAR-CESM1,1982,NorCal_d2,DJF,106.018,0.163,0.700,10,,1.978,NorCal_d2,137.010,0.878,2.120,2.360
NCAR-CESM1,1983,NorCal_d2,DJF,121.739,0.590,0.800,10,,0.484,NorCal_d2,90.774,-0.219,-0.890,-0.960
NCAR-CESM1,1984,NorCal_d2,DJF,115.569,0.423,0.800,10,,-0.660,NorCal_d2,32.131,-1.610,-1.060,-0.930
NCAR-CESM1,1985,NorCal_d2,DJF,86.720,-0.361,0.400,10,,-0.115,NorCal_d2,140.721,0.966,-0.360,-0.210
NCAR-CESM1,1986,NorCal_d2,DJF,126.947,0.732,0.800,10,,0.794,NorCal_d2,57.582,-1.006,1.210,1.420
NCAR-CESM1,1987,NorCal_d2,DJF,113.386,0.364,0.600,10,,0.088,NorCal_d2,81.018,-0.450,1.000,0.800
NCAR-CESM1,1988,NorCal_d2,DJF,62.035,-1.031,0.200,10,,-1.843,NorCal_d2,44.008,-1.328,-1.850,-1.940
NCAR-CESM1,1989,NorCal_d2,DJF,95.622,-0.119,0.500,10,,-0.170,NorCal_d2,49.417,-1.200,-0.040,0.060
NCAR-CESM1,1990,NorCal_d2,DJF,99.270,-0.020,0.500,10,,0.241,NorCal_d2,27.094,-1.729,0.340,0.430
NCAR-CESM1,1991,NorCal_d2,DJF,83.777,-0.441,0.400,10,,0.510,NorCal_d2,73.118,-0.638,1.430,1.970
NCAR-CESM1,1992,NorCal_d2,DJF,107.292,0.198,0.700,10,,-0.252,NorCal_d2,159.650,1.415,-0.050,0.350
NCAR-CESM1,1993,NorCal_d2,DJF,121.836,0.593,0.800,10,,0.177,NorCal_d2,68.611,-0.744,0.190,0.420
NCAR-CESM1,1994,NorCal_d2,DJF,104.836,0.131,0.600,10,,-0.688,NorCal_d2,140.880,0.970,0.970,1.280
NCAR-CESM1,1995,NorCal_d2,DJF,70.971,-0.788,0.300,10,,-1.093,NorCal_d2,150.477,1.197,-1.010,-0.990
NCAR-CESM1,1996,NorCal_d2,DJF,84.343,-0.425,0.400,10,,-0.538,NorCal_d2,154.825,1.300,-0.410,-0.290
NCAR-CESM1,1997,NorCal_d2,DJF,122.041,0.599,0.800,10,,2.625,NorCal_d2,166.278,1.572,2.370,2.280
NCAR-CESM1,1998,NorCal_d2,DJF,83.349,-0.452,0.200,10,,-0.878,NorCal_d2,91.304,-0.206,-1.470,-1.610
NCAR-CESM1,1999,NorCal_d2,DJF,86.505,-0.366,0.500,10,,-1.044,NorCal_d2,113.627,0.323,-1.530,-1.560
NCAR-CESM1,2000,NorCal_d2,DJF,95.540,-0.121,0.400,10,,-0.618,NorCal_d2,62.884,-0.880,-0.780,-0.820
NCAR-CESM1,2001,NorCal_d2,DJF,125.854,0.702,0.700,10,,0.409,NorCal_d2,85.843,-0.336,-0.320,-0.320
NCAR-CESM1,2002,NorCal_d2,DJF,117.380,0.472,0.700,10,,1.111,NorCal_d2,111.771,0.279,1.080,1.130
NCAR-CESM1,2003,NorCal_d2,DJF,97.900,-0.057,0.500,10,,-0.069,NorCal_d2,128.897,0.685,0.290,0.220
NCAR-CESM1,2004,NorCal_d2,DJF,94.413,-0.152,0.300,10,,0.259,NorCal_d2,90.562,-0.224,0.710,0.690
NCAR-CESM1,2005,NorCal_d2,DJF,103.205,0.087,0.400,10,,0.184,NorCal_d2,145.016,1.068,-0.820,-0.810
NCAR-CESM1,2006,NorCal_d2,DJF,102.663,0.072,0.500,10,,1.384,NorCal_d2,74.019,-0.616,0.880,0.890
NCAR-CESM1,2007,NorCal_d2,DJF,69.425,-0.830,0.100,10,,-1.431,NorCal_d2,102.015,0.048,-1.720,-1.650
NCAR-CESM1,2008,NorCal_d2,DJF,112.841,0.349,0.600,10,,-0.121,NorCal_d2,73.224,-0.635,-0.790,-0.860
NCAR-CESM1,2009,NorCal_d2,DJF,118.031,0.490,0.500,10,,1.429,NorCal_d2,98.250,-0.041,1.500,1.500
NCAR-CESM1,2010,NorCal_d2,DJF,73.583,-0.717,0.400,10,,-1.425,NorCal_d2,93.372,-0.157,-1.480,-1.550
NCAR-CESM1,2016,NorCal_d2,DJF,124.946,0.677,0.800,10,,-0.170,NorCal_d2,188.812,2.106,-0.370,-0.890
NCAR-CESM1,1980,NorCal_d2,JFM,111.427,0.329,0.600,10,,-0.676,NorCal_d2,89.599,-0.227,-0.050,0.090
NCAR-CESM1,1981,NorCal_d2,JFM,113.209,0.380,0.500,10,,-0.647,NorCal_d2,106.166,0.135,-0.140,-0.080
NCAR-CESM1,1982,NorCal_d2,JFM,112.518,0.360,0.800,10,,1.978,NorCal_d2,186.307,1.883,2.120,2.360
NCAR-CESM1,1983,NorCal_d2,JFM,117.685,0.509,0.600,10,,0.484,NorCal_d2,42.822,-1.247,-0.890,-0.960
NCAR-CESM1,1984,NorCal_d2,JFM,112.956,0.373,0.700,10,,-0.660,NorCal_d2,48.726,-1.119,-1.060,-0.930
NCAR-CESM1,1985,NorCal_d2,JFM,84.251,-0.454,0.200,10,,-0.115,NorCal_d2,170.829,1.545,-0.360,-0.210
NCAR-CESM1,1986,NorCal_d2,JFM,117.908,0.516,0.800,10,,0.794,NorCal_d2,86.332,-0.298,1.210,1.420
NCAR-CESM1,1987,NorCal_d2,JFM,101.152,0.033,0.600,10,,0.088,NorCal_d2,43.567,-1.231,1.000,0.800
NCAR-CESM1,1988,NorCal_d2,JFM,63.225,-1.059,0.200,10,,-1.843,NorCal_d2,89.714,-0.224,-1.850,-1.940
NCAR-CESM1,1989,NorCal_d2,JFM,96.107,-0.112,0.300,10,,-0.170,NorCal_d2,66.268,-0.736,-0.040,0.060
NCAR-CESM1,1990,NorCal_d2,JFM,111.731,0.338,0.600,10,,0.241,NorCal_d2,95.103,-0.107,0.340,0.430
NCAR-CESM1,1991,NorCal_d2,JFM,101.590,0.046,0.600,10,,0.510,NorCal_d2,82.720,-0.377,1.430,1.970
NCAR-CESM1,1992,NorCal_d2,JFM,109.981,0.287,0.700,10,,-0.252,NorCal_d2,140.791,0.890,-0.050,0.350
NCAR-CESM1,1993,NorCal_d2,JFM,120.395,0.587,0.600,10,,0.177,NorCal_d2,56.408,-0.951,0.190,0.420
NCAR-CESM1,1994,NorCal_d2,JFM,96.792,-0.092,0.600,10,,-0.688,NorCal_d2,211.358,2.430,0.970,1.280
NCAR-CESM1,1995,NorCal_d2,JFM,76.173,-0.686,0.300,10,,-1.093,NorCal_d2,126.173,0.571,-1.010,-0.990
NCAR-CESM1,1996,NorCal_d2,JFM,80.151,-0.572,0.200,10,,-0.538,NorCal_d2,88.854,-0.243,-0.410,-0.290
NCAR-CESM1,1997,NorCal_d2,JFM,124.088,0.694,0.800,10,,2.625,NorCal_d2,189.689,1.957,2.370,2.280
NCAR-CESM1,1998,NorCal_d2,JFM,94.043,-0.172,0.300,10,,-0.878,NorCal_d2,103.701,0.081,-1.470,-1.610
NCAR-CESM1,1999,NorCal_d2,JFM,78.586,-0.617,0.200,10,,-1.044,NorCal_d2,134.256,0.747,-1.530,-1.560
NCAR-CESM1,2000,NorCal_d2,JFM,102.057,0.059,0.500,10,,-0.618,NorCal_d2,76.414,-0.515,-0.780,-0.820
NCAR-CESM1,2001,NorCal_d2,JFM,121.218,0.611,0.700,10,,0.409,NorCal_d2,57.669,-0.924,-0.320,-0.320
NCAR-CESM1,2002,NorCal_d2,JFM,118.674,0.538,0.800,10,,1.111,NorCal_d2,63.230,-0.802,1.080,1.130
NCAR-CESM1,2003,NorCal_d2,JFM,97.704,-0.066,0.400,10,,-0.069,NorCal_d2,85.988,-0.306,0.290,0.220
NCAR-CESM1,2004,NorCal_d2,JFM,92.799,-0.207,0.300,10,,0.259,NorCal_d2,86.446,-0.296,0.710,0.690
NCAR-CESM1,2005,NorCal_d2,JFM,102.798,0.081,0.500,10,,0.184,NorCal_d2,117.689,0.386,-0.820,-0.810
NCAR-CESM1,2006,NorCal_d2,JFM,105.150,0.148,0.700,10,,1.384,NorCal_d2,55.777,-0.965,0.880,0.890
NCAR-CESM1,2007,NorCal_d2,JFM,69.100,-0.890,0.100,10,,-1.431,NorCal_d2,87.708,-0.268,-1.720,-1.650
NCAR-CESM1,2008,NorCal_d2,JFM,90.922,-0.261,0.400,10,,-0.121,NorCal_d2,83.351,-0.363,-0.790,-0.860
NCAR-CESM1,2009,NorCal_d2,JFM,110.987,0.316,0.500,10,,1.429,NorCal_d2,102.497,0.054,1.500,1.500
NCAR-CESM1,2010,NorCal_d2,JFM,75.164,-0.715,0.300,10,,-1.425,NorCal_d2,102.841,0.062,-1.480,-1.550
NCAR-CESM1,2016,NorCal_d2,JFM,119.897,0.573,0.700,10,,-0.170,NorCal_d2,189.689,1.957,-0.370,-0.890
NCAR-CESM1,1980,SoCal_box,DJF,105.547,0.093,0.700,10,,-0.676,SoCal_d6,57.073,-0.653,-0.050,0.090
NCAR-CESM1,1981,SoCal_box,DJF,108.164,0.137,0.600,10,,-0.647,SoCal_d6,57.351,-0.649,-0.140,-0.080
NCAR-CESM1,1982,SoCal_box,DJF,141.915,0.702,0.600,10,,1.978,SoCal_d6,137.346,0.568,2.120,2.360
NCAR-CESM1,1983,SoCal_box,DJF,126.259,0.440,0.600,10,,0.484,SoCal_d6,37.492,-0.951,-0.890,-0.960
NCAR-CESM1,1984,SoCal_box,DJF,92.476,-0.126,0.300,10,,-0.660,SoCal_d6,79.160,-0.317,-1.060,-0.930
NCAR-CESM1,1985,SoCal_box,DJF,98.258,-0.029,0.400,10,,-0.115,SoCal_d6,82.222,-0.271,-0.360,-0.210
NCAR-CESM1,1986,SoCal_box,DJF,166.657,1.116,0.700,10,,0.794,SoCal_d6,47.422,-0.800,1.210,1.420
NCAR-CESM1,1987,SoCal_box,DJF,116.286,0.273,0.500,10,,0.088,SoCal_d6,74.798,-0.383,1.000,0.800
NCAR-CESM1,1988,SoCal_box,DJF,43.839,-0.941,0.100,10,,-1.843,SoCal_d6,66.539,-0.509,-1.850,-1.940
NCAR-CESM1,1989,SoCal_box,DJF,106.397,0.107,0.500,10,,-0.170,SoCal_d6,53.639,-0.705,-0.040,0.060
NCAR-CESM1,1990,SoCal_box,DJF,105.524,0.093,0.400,10,,0.241,SoCal_d6,49.835,-0.763,0.340,0.430
NCAR-CESM1,1991,SoCal_box,DJF,109.125,0.153,0.600,10,,0.510,SoCal_d6,137.718,0.574,1.430,1.970
NCAR-CESM1,1992,SoCal_box,DJF,98.031,-0.033,0.400,10,,-0.252,SoCal_d6,260.587,2.444,-0.050,0.350
NCAR-CESM1,1993,SoCal_box,DJF,145.596,0.764,0.700,10,,0.177,SoCal_d6,72.757,-0.415,0.190,0.420
NCAR-CESM1,1994,SoCal_box,DJF,132.050,0.537,0.500,10,,-0.688,SoCal_d6,177.066,1.173,0.970,1.280
NCAR-CESM1,1995,SoCal_box,DJF,71.587,-0.476,0.200,10,,-1.093,SoCal_d6,94.565,-0.083,-1.010,-0.990
NCAR-CESM1,1996,SoCal_box,DJF,82.710,-0.290,0.300,10,,-0.538,SoCal_d6,99.391,-0.009,-0.410,-0.290
NCAR-CESM1,1997,SoCal_box,DJF,122.510,0.377,0.800,10,,2.625,SoCal_d6,233.489,2.031,2.370,2.280
NCAR-CESM1,1998,SoCal_box,DJF,66.482,-0.561,0.200,10,,-0.878,SoCal_d6,38.327,-0.938,-1.470,-1.610
NCAR-CESM1,1999,SoCal_box,DJF,41.714,-0.976,0.100,10,,-1.044,SoCal_d6,77.768,-0.338,-1.530,-1.560
NCAR-CESM1,2000,SoCal_box,DJF,71.764,-0.473,0.300,10,,-0.618,SoCal_d6,105.794,0.088,-0.780,-0.820
NCAR-CESM1,2001,SoCal_box,DJF,126.940,0.451,0.700,10,,0.409,SoCal_d6,24.314,-1.152,-0.320,-0.320
NCAR-CESM1,2002,SoCal_box,DJF,142.527,0.712,0.700,10,,1.111,SoCal_d6,84.728,-0.232,1.080,1.130
NCAR-CESM1,2003,SoCal_box,DJF,104.465,0.075,0.300,10,,-0.069,SoCal_d6,72.014,-0.426,0.290,0.220
NCAR-CESM1,2004,SoCal_box,DJF,93.623,-0.107,0.400,10,,0.259,SoCal_d6,230.798,1.990,0.710,0.690
NCAR-CESM1,2005,SoCal_box,DJF,109.643,0.161,0.400,10,,0.184,SoCal_d6,55.588,-0.676,-0.820,-0.810
NCAR-CESM1,2006,SoCal_box,DJF,129.176,0.489,0.700,10,,1.384,SoCal_d6,36.193,-0.971,0.880,0.890
NCAR-CESM1,2007,SoCal_box,DJF,38.228,-1.034,0.000,10,,-1.431,SoCal_d6,121.849,0.332,-1.720,-1.650
NCAR-CESM1,2008,SoCal_box,DJF,92.372,-0.128,0.300,10,,-0.121,SoCal_d6,83.150,-0.256,-0.790,-0.860
NCAR-CESM1,2009,SoCal_box,DJF,140.020,0.670,0.600,10,,1.429,SoCal_d6,145.699,0.695,1.500,1.500
NCAR-CESM1,2010,SoCal_box,DJF,52.533,-0.795,0.100,10,,-1.425,SoCal_d6,141.430,0.630,-1.480,-1.550
NCAR-CESM1,2016,SoCal_box,DJF,123.380,0.392,0.500,10,,-0.170,SoCal_d6,182.819,1.260,-0.370,-0.890
NCAR-CESM1,1980,SoCal_box,JFM,96.935,-0.056,0.600,10,,-0.676,SoCal_d6,94.076,-0.093,-0.050,0.090
NCAR-CESM1,1981,SoCal_box,JFM,109.129,0.167,0.600,10,,-0.647,SoCal_d6,109.324,0.146,-0.140,-0.080
NCAR-CESM1,1982,SoCal_box,JFM,154.358,0.992,0.800,10,,1.978,SoCal_d6,203.770,1.623,2.120,2.360
NCAR-CESM1,1983,SoCal_box,JFM,122.387,0.408,0.600,10,,0.484,SoCal_d6,5.730,-1.474,-0.890,-0.960
NCAR-CESM1,1984,SoCal_box,JFM,89.141,-0.198,0.400,10,,-0.660,SoCal_d6,37.150,-0.983,-1.060,-0.930
NCAR-CESM1,1985,SoCal_box,JFM,92.452,-0.138,0.300,10,,-0.115,SoCal_d6,119.213,0.300,-0.360,-0.210
NCAR-CESM1,1986,SoCal_box,JFM,161.823,1.128,0.800,10,,0.794,SoCal_d6,59.329,-0.636,1.210,1.420
NCAR-CESM1,1987,SoCal_box,JFM,103.021,0.055,0.400,10,,0.088,SoCal_d6,49.533,-0.789,1.000,0.800
NCAR-CESM1,1988,SoCal_box,JFM,42.186,-1.055,0.100,10,,-1.843,SoCal_d6,39.368,-0.948,-1.850,-1.940
NCAR-CESM1,1989,SoCal_box,JFM,106.078,0.111,0.500,10,,-0.170,SoCal_d6,57.388,-0.666,-0.040,0.060
NCAR-CESM1,1990,SoCal_box,JFM,111.340,0.207,0.500,10,,0.241,SoCal_d6,149.524,0.774,0.340,0.430
NCAR-CESM1,1991,SoCal_box,JFM,122.746,0.415,0.700,10,,0.510,SoCal_d6,156.178,0.879,1.430,1.970
NCAR-CESM1,1992,SoCal_box,JFM,111.276,0.206,0.500,10,,-0.252,SoCal_d6,238.333,2.163,-0.050,0.350
NCAR-CESM1,1993,SoCal_box,JFM,150.547,0.922,0.700,10,,0.177,SoCal_d6,86.314,-0.214,0.190,0.420
NCAR-CESM1,1994,SoCal_box,JFM,111.708,0.214,0.400,10,,-0.688,SoCal_d6,244.802,2.264,0.970,1.280
NCAR-CESM1,1995,SoCal_box,JFM,80.946,-0.348,0.300,10,,-1.093,SoCal_d6,100.822,0.013,-1.010,-0.990
NCAR-CESM1,1996,SoCal_box,JFM,86.217,-0.251,0.400,10,,-0.538,SoCal_d6,58.590,-0.648,-0.410,-0.290
NCAR-CESM1,1997,SoCal_box,JFM,117.651,0.322,0.600,10,,2.625,SoCal_d6,227.151,1.988,2.370,2.280
NCAR-CESM1,1998,SoCal_box,JFM,73.488,-0.484,0.200,10,,-0.878,SoCal_d6,49.995,-0.782,-1.470,-1.610
NCAR-CESM1,1999,SoCal_box,JFM,47.935,-0.950,0.100,10,,-1.044,SoCal_d6,96.479,-0.055,-1.530,-1.560
NCAR-CESM1,2000,SoCal_box,JFM,76.695,-0.425,0.400,10,,-0.618,SoCal_d6,131.226,0.488,-0.780,-0.820
NCAR-CESM1,2001,SoCal_box,JFM,125.481,0.465,0.700,10,,0.409,SoCal_d6,16.542,-1.305,-0.320,-0.320
NCAR-CESM1,2002,SoCal_box,JFM,139.447,0.720,0.800,10,,1.111,SoCal_d6,81.416,-0.291,1.080,1.130
NCAR-CESM1,2003,SoCal_box,JFM,92.648,-0.134,0.300,10,,-0.069,SoCal_d6,61.917,-0.596,0.290,0.220
NCAR-CESM1,2004,SoCal_box,JFM,99.155,-0.015,0.400,10,,0.259,SoCal_d6,194.437,1.477,0.710,0.690
NCAR-CESM1,2005,SoCal_box,JFM,112.111,0.221,0.600,10,,0.184,SoCal_d6,82.987,-0.266,-0.820,-0.810
NCAR-CESM1,2006,SoCal_box,JFM,121.400,0.390,0.600,10,,1.384,SoCal_d6,29.665,-1.100,0.880,0.890
NCAR-CESM1,2007,SoCal_box,JFM,39.206,-1.109,0.000,10,,-1.431,SoCal_d6,102.116,0.033,-1.720,-1.650
NCAR-CESM1,2008,SoCal_box,JFM,79.502,-0.374,0.200,10,,-0.121,SoCal_d6,54.616,-0.710,-0.790,-0.860
NCAR-CESM1,2009,SoCal_box,JFM,135.092,0.640,0.700,10,,1.429,SoCal_d6,116.995,0.266,1.500,1.500
NCAR-CESM1,2010,SoCal_box,JFM,47.886,-0.951,0.000,10,,-1.425,SoCal_d6,85.667,-0.224,-1.480,-1.550
NCAR-CESM1,2016,SoCal_box,JFM,117.522,0.320,0.600,10,,-0.170,SoCal_d6,144.719,0.699,-0.370,-0.890
NCAR-CESM1,1980,SoCal_d6,DJF,105.063,0.085,0.600,10,,-0.676,SoCal_d6,57.073,-0.653,-0.050,0.090
NCAR-CESM1,1981,SoCal_d6,DJF,107.106,0.120,0.500,10,,-0.647,SoCal_d6,57.351,-0.649,-0.140,-0.080
NCAR-CESM1,1982,SoCal_d6,DJF,139.204,0.661,0.600,10,,1.978,SoCal_d6,137.346,0.568,2.120,2.360
NCAR-CESM1,1983,SoCal_d6,DJF,125.955,0.438,0.700,10,,0.484,SoCal_d6,37.492,-0.951,-0.890,-0.960
NCAR-CESM1,1984,SoCal_d6,DJF,95.683,-0.073,0.300,10,,-0.660,SoCal_d6,79.160,-0.317,-1.060,-0.930
NCAR-CESM1,1985,SoCal_d6,DJF,94.018,-0.101,0.300,10,,-0.115,SoCal_d6,82.222,-0.271,-0.360,-0.210
NCAR-CESM1,1986,SoCal_d6,DJF,165.144,1.098,0.700,10,,0.794,SoCal_d6,47.422,-0.800,1.210,1.420
NCAR-CESM1,1987,SoCal_d6,DJF,118.441,0.311,0.500,10,,0.088,SoCal_d6,74.798,-0.383,1.000,0.800
NCAR-CESM1,1988,SoCal_d6,DJF,43.989,-0.944,0.100,10,,-1.843,SoCal_d6,66.539,-0.509,-1.850,-1.940
NCAR-CESM1,1989,SoCal_d6,DJF,104.548,0.077,0.600,10,,-0.170,SoCal_d6,53.639,-0.705,-0.040,0.060
NCAR-CESM1,1990,SoCal_d6,DJF,106.929,0.117,0.400,10,,0.241,SoCal_d6,49.835,-0.763,0.340,0.430
NCAR-CESM1,1991,SoCal_d6,DJF,104.500,0.076,0.500,10,,0.510,SoCal_d6,137.718,0.574,1.430,1.970
NCAR-CESM1,1992,SoCal_d6,DJF,98.953,-0.018,0.400,10,,-0.252,SoCal_d6,260.587,2.444,-0.050,0.350
NCAR-CESM1,1993,SoCal_d6,DJF,145.046,0.759,0.700,10,,0.177,SoCal_d6,72.757,-0.415,0.190,0.420
NCAR-CESM1,1994,SoCal_d6,DJF,130.313,0.511,0.500,10,,-0.688,SoCal_d6,177.066,1.173,0.970,1.280
NCAR-CESM1,1995,SoCal_d6,DJF,69.815,-0.509,0.200,10,,-1.093,SoCal_d6,94.565,-0.083,-1.010,-0.990
NCAR-CESM1,1996,SoCal_d6,DJF,82.087,-0.302,0.200,10,,-0.538,SoCal_d6,99.391,-0.009,-0.410,-0.290
NCAR-CESM1,1997,SoCal_d6,DJF,125.645,0.432,0.800,10,,2.625,SoCal_d6,233.489,2.031,2.370,2.280
NCAR-CESM1,1998,SoCal_d6,DJF,66.040,-0.572,0.200,10,,-0.878,SoCal_d6,38.327,-0.938,-1.470,-1.610
NCAR-CESM1,1999,SoCal_d6,DJF,43.472,-0.953,0.100,10,,-1.044,SoCal_d6,77.768,-0.338,-1.530,-1.560
NCAR-CESM1,2000,SoCal_d6,DJF,72.647,-0.461,0.300,10,,-0.618,SoCal_d6,105.794,0.088,-0.780,-0.820
NCAR-CESM1,2001,SoCal_d6,DJF,126.514,0.447,0.700,10,,0.409,SoCal_d6,24.314,-1.152,-0.320,-0.320
NCAR-CESM1,2002,SoCal_d6,DJF,140.789,0.688,0.700,10,,1.111,SoCal_d6,84.728,-0.232,1.080,1.130
NCAR-CESM1,2003,SoCal_d6,DJF,103.127,0.053,0.300,10,,-0.069,SoCal_d6,72.014,-0.426,0.290,0.220
NCAR-CESM1,2004,SoCal_d6,DJF,91.467,-0.144,0.300,10,,0.259,SoCal_d6,230.798,1.990,0.710,0.690
NCAR-CESM1,2005,SoCal_d6,DJF,109.929,0.167,0.500,10,,0.184,SoCal_d6,55.588,-0.676,-0.820,-0.810
NCAR-CESM1,2006,SoCal_d6,DJF,132.880,0.554,0.800,10,,1.384,SoCal_d6,36.193,-0.971,0.880,0.890
NCAR-CESM1,2007,SoCal_d6,DJF,39.756,-1.016,0.000,10,,-1.431,SoCal_d6,121.849,0.332,-1.720,-1.650
NCAR-CESM1,2008,SoCal_d6,DJF,94.315,-0.096,0.300,10,,-0.121,SoCal_d6,83.150,-0.256,-0.790,-0.860
NCAR-CESM1,2009,SoCal_d6,DJF,140.055,0.675,0.600,10,,1.429,SoCal_d6,145.699,0.695,1.500,1.500
NCAR-CESM1,2010,SoCal_d6,DJF,52.634,-0.798,0.100,10,,-1.425,SoCal_d6,141.430,0.630,-1.480,-1.550
NCAR-CESM1,2016,SoCal_d6,DJF,123.090,0.389,0.500,10,,-0.170,SoCal_d6,182.819,1.260,-0.370,-0.890
NCAR-CESM1,1980,SoCal_d6,JFM,96.316,-0.067,0.600,10,,-0.676,SoCal_d6,94.076,-0.093,-0.050,0.090
NCAR-CESM1,1981,SoCal_d6,JFM,109.004,0.165,0.600,10,,-0.647,SoCal_d6,109.324,0.146,-0.140,-0.080
NCAR-CESM1,1982,SoCal_d6,JFM,152.036,0.952,0.800,10,,1.978,SoCal_d6,203.770,1.623,2.120,2.360
NCAR-CESM1,1983,SoCal_d6,JFM,122.747,0.416,0.600,10,,0.484,SoCal_d6,5.730,-1.474,-0.890,-0.960
NCAR-CESM1,1984,SoCal_d6,JFM,91.442,-0.157,0.400,10,,-0.660,SoCal_d6,37.150,-0.983,-1.060,-0.930
NCAR-CESM1,1985,SoCal_d6,JFM,90.686,-0.170,0.200,10,,-0.115,SoCal_d6,119.213,0.300,-0.360,-0.210
NCAR-CESM1,1986,SoCal_d6,JFM,159.370,1.086,0.800,10,,0.794,SoCal_d6,59.329,-0.636,1.210,1.420
NCAR-CESM1,1987,SoCal_d6,JFM,104.223,0.077,0.500,10,,0.088,SoCal_d6,49.533,-0.789,1.000,0.800
NCAR-CESM1,1988,SoCal_d6,JFM,41.946,-1.062,0.100,10,,-1.843,SoCal_d6,39.368,-0.948,-1.850,-1.940
NCAR-CESM1,1989,SoCal_d6,JFM,104.209,0.077,0.500,10,,-0.170,SoCal_d6,57.388,-0.666,-0.040,0.060
NCAR-CESM1,1990,SoCal_d6,JFM,114.184,0.259,0.400,10,,0.241,SoCal_d6,149.524,0.774,0.340,0.430
NCAR-CESM1,1991,SoCal_d6,JFM,120.038,0.366,0.700,10,,0.510,SoCal_d6,156.178,0.879,1.430,1.970
NCAR-CESM1,1992,SoCal_d6,JFM,110.588,0.194,0.500,10,,-0.252,SoCal_d6,238.333,2.163,-0.050,0.350
NCAR-CESM1,1993,SoCal_d6,JFM,150.198,0.918,0.700,10,,0.177,SoCal_d6,86.314,-0.214,0.190,0.420
NCAR-CESM1,1994,SoCal_d6,JFM,110.998,0.201,0.400,10,,-0.688,SoCal_d6,244.802,2.264,0.970,1.280
NCAR-CESM1,1995,SoCal_d6,JFM,77.239,-0.416,0.200,10,,-1.093,SoCal_d6,100.822,0.013,-1.010,-0.990
NCAR-CESM1,1996,SoCal_d6,JFM,85.486,-0.265,0.200,10,,-0.538,SoCal_d6,58.590,-0.648,-0.410,-0.290
NCAR-CESM1,1997,SoCal_d6,JFM,121.530,0.394,0.600,10,,2.625,SoCal_d6,227.151,1.988,2.370,2.280
NCAR-CESM1,1998,SoCal_d6,JFM,73.965,-0.476,0.200,10,,-0.878,SoCal_d6,49.995,-0.782,-1.470,-1.610
NCAR-CESM1,1999,SoCal_d6,JFM,48.124,-0.949,0.100,10,,-1.044,SoCal_d6,96.479,-0.055,-1.530,-1.560
NCAR-CESM1,2000,SoCal_d6,JFM,76.674,-0.427,0.400,10,,-0.618,SoCal_d6,131.226,0.488,-0.780,-0.820
NCAR-CESM1,2001,SoCal_d6,JFM,124.672,0.451,0.700,10,,0.409,SoCal_d6,16.542,-1.305,-0.320,-0.320
NCAR-CESM1,2002,SoCal_d6,JFM,137.852,0.692,0.800,10,,1.111,SoCal_d6,81.416,-0.291,1.080,1.130
NCAR-CESM1,2003,SoCal_d6,JFM,93.294,-0.123,0.300,10,,-0.069,SoCal_d6,61.917,-0.596,0.290,0.220
NCAR-CESM1,2004,SoCal_d6,JFM,96.518,-0.064,0.400,10,,0.259,SoCal_d6,194.437,1.477,0.710,0.690
NCAR-CESM1,2005,SoCal_d6,JFM,112.085,0.221,0.600,10,,0.184,SoCal_d6,82.987,-0.266,-0.820,-0.810
NCAR-CESM1,2006,SoCal_d6,JFM,124.862,0.455,0.600,10,,1.384,SoCal_d6,29.665,-1.100,0.880,0.890
NCAR-CESM1,2007,SoCal_d6,JFM,40.849,-1.082,0.100,10,,-1.431,SoCal_d6,102.116,0.033,-1.720,-1.650
NCAR-CESM1,2008,SoCal_d6,JFM,80.057,-0.365,0.300,10,,-0.121,SoCal_d6,54.616,-0.710,-0.790,-0.860
NCAR-CESM1,2009,SoCal_d6,JFM,134.283,0.627,0.700,10,,1.429,SoCal_d6,116.995,0.266,1.500,1.500
NCAR-CESM1,2010,SoCal_d6,JFM,48.654,-0.939,0.000,10,,-1.425,SoCal_d6,85.667,-0.224,-1.480,-1.550
NCAR-CESM1,2016,SoCal_d6,JFM,117.851,0.326,0.400,10,,-0.170,SoCal_d6,144.719,0.699,-0.370,-0.890
NCEP-CFSv2,1982,NorCal_box,DJF,116.002,0.430,0.667,24,,2.207,NorCal_d2,137.010,0.878,2.120,2.360
NCEP-CFSv2,1983,NorCal_box,DJF,92.698,-0.196,0.292,24,,-1.551,NorCal_d2,90.774,-0.219,-0.890,-0.960
NCEP-CFSv2,1984,NorCal_box,DJF,104.699,0.126,0.542,24,,-0.872,NorCal_d2,32.131,-1.610,-1.060,-0.930
NCEP-CFSv2,1985,NorCal_box,DJF,78.929,-0.566,0.250,24,,-1.134,NorCal_d2,140.721,0.966,-0.360,-0.210
NCEP-CFSv2,1986,NorCal_box,DJF,115.232,0.409,0.625,24,,0.892,NorCal_d2,57.582,-1.006,1.210,1.420
NCEP-CFSv2,1987,NorCal_box,DJF,86.984,-0.350,0.333,24,,0.045,NorCal_d2,81.018,-0.450,1.000,0.800
NCEP-CFSv2,1988,NorCal_box,DJF,87.753,-0.329,0.292,24,,-2.344,NorCal_d2,44.008,-1.328,-1.850,-1.940
NCEP-CFSv2,1989,NorCal_box,DJF,92.514,-0.201,0.417,24,,-0.675,NorCal_d2,49.417,-1.200,-0.040,0.060
NCEP-CFSv2,1990,NorCal_box,DJF,91.262,-0.235,0.375,24,,0.754,NorCal_d2,27.094,-1.729,0.340,0.430
NCEP-CFSv2,1991,NorCal_box,DJF,103.390,0.091,0.542,24,,1.459,NorCal_d2,73.118,-0.638,1.430,1.970
NCEP-CFSv2,1992,NorCal_box,DJF,100.109,0.003,0.500,24,,-0.371,NorCal_d2,159.650,1.415,-0.050,0.350
NCEP-CFSv2,1993,NorCal_box,DJF,97.490,-0.067,0.500,24,,-0.036,NorCal_d2,68.611,-0.744,0.190,0.420
NCEP-CFSv2,1994,NorCal_box,DJF,99.028,-0.026,0.500,24,,1.113,NorCal_d2,140.880,0.970,0.970,1.280
NCEP-CFSv2,1995,NorCal_box,DJF,105.177,0.139,0.458,24,,-0.593,NorCal_d2,150.477,1.197,-1.010,-0.990
NCEP-CFSv2,1996,NorCal_box,DJF,93.842,-0.166,0.292,24,,-0.069,NorCal_d2,154.825,1.300,-0.410,-0.290
NCEP-CFSv2,1997,NorCal_box,DJF,137.779,1.015,0.833,24,,2.986,NorCal_d2,166.278,1.572,2.370,2.280
NCEP-CFSv2,1998,NorCal_box,DJF,97.110,-0.078,0.417,24,,-1.811,NorCal_d2,91.304,-0.206,-1.470,-1.610
NCEP-CFSv2,1999,NorCal_box,DJF,93.580,-0.175,0.417,24,,-2.418,NorCal_d2,113.627,0.323,-1.530,-1.560
NCEP-CFSv2,2000,NorCal_box,DJF,85.685,-0.390,0.375,24,,-0.545,NorCal_d2,62.884,-0.880,-0.780,-0.820
NCEP-CFSv2,2001,NorCal_box,DJF,82.506,-0.477,0.125,24,,-0.108,NorCal_d2,85.843,-0.336,-0.320,-0.320
NCEP-CFSv2,2002,NorCal_box,DJF,105.843,0.159,0.542,24,,1.360,NorCal_d2,111.771,0.279,1.080,1.130
NCEP-CFSv2,2003,NorCal_box,DJF,89.707,-0.281,0.333,24,,-0.253,NorCal_d2,128.897,0.685,0.290,0.220
NCEP-CFSv2,2004,NorCal_box,DJF,121.850,0.596,0.625,24,,0.564,NorCal_d2,90.562,-0.224,0.710,0.690
NCEP-CFSv2,2005,NorCal_box,DJF,97.390,-0.071,0.500,24,,-0.532,NorCal_d2,145.016,1.068,-0.820,-0.810
NCEP-CFSv2,2006,NorCal_box,DJF,111.940,0.326,0.500,24,,1.060,NorCal_d2,74.019,-0.616,0.880,0.890
NCEP-CFSv2,2007,NorCal_box,DJF,85.730,-0.389,0.292,24,,-1.008,NorCal_d2,102.015,0.048,-1.720,-1.650
NCEP-CFSv2,2008,NorCal_box,DJF,83.260,-0.456,0.333,24,,-0.297,NorCal_d2,73.224,-0.635,-0.790,-0.860
NCEP-CFSv2,2009,NorCal_box,DJF,113.114,0.358,0.625,24,,1.709,NorCal_d2,98.250,-0.041,1.500,1.500
NCEP-CFSv2,2010,NorCal_box,DJF,99.556,-0.012,0.500,24,,-2.206,NorCal_d2,93.372,-0.157,-1.480,-1.550
NCEP-CFSv2,2011,NorCal_box,DJF,79.381,-0.562,0.312,32,,-1.548,NorCal_d2,41.569,-1.386,-0.920,-0.960
NCEP-CFSv2,2012,NorCal_box,DJF,108.522,0.232,0.531,32,,0.805,NorCal_d2,69.512,-0.723,-0.030,-0.270
NCEP-CFSv2,2013,NorCal_box,DJF,102.165,0.059,0.438,32,,0.441,NorCal_d2,48.780,-1.215,-0.110,-0.270
NCEP-CFSv2,2014,NorCal_box,DJF,119.721,0.538,0.750,32,,0.756,NorCal_d2,89.608,-0.246,0.800,0.620
NCEP-CFSv2,2015,NorCal_box,DJF,117.940,0.489,0.688,32,,2.330,NorCal_d2,105.302,0.126,2.590,2.250
NCEP-CFSv2,2016,NorCal_box,DJF,114.794,0.403,0.656,32,,-0.440,NorCal_d2,188.812,2.106,-0.370,-0.890
NCEP-CFSv2,2017,NorCal_box,DJF,92.152,-0.214,0.375,32,,-1.223,NorCal_d2,34.199,-1.561,-0.760,-1.140
NCEP-CFSv2,2018,NorCal_box,DJF,104.481,0.122,0.594,32,,1.172,NorCal_d2,143.902,1.041,1.050,0.780
NCEP-CFSv2,2019,NorCal_box,DJF,90.684,-0.254,0.500,32,,0.380,NorCal_d2,58.324,-0.988,0.750,0.220
NCEP-CFSv2,2020,NorCal_box,DJF,85.567,-0.393,0.344,32,,-1.593,NorCal_d2,52.704,-1.122,-1.060,-1.390
NCEP-CFSv2,2021,NorCal_box,DJF,100.222,0.006,0.438,32,,-1.500,NorCal_d2,52.916,-1.117,-0.830,-1.220
NCEP-CFSv2,2022,NorCal_box,DJF,89.746,-0.280,0.280,25,,-1.377,NorCal_d2,137.381,0.887,-0.700,-0.990
NCEP-CFSv2,2023,NorCal_box,DJF,118.656,0.509,0.750,8,,1.566,NorCal_d2,109.120,0.216,1.990,1.400
NCEP-CFSv2,2024,NorCal_box,DJF,101.598,0.044,0.417,12,,-1.223,NorCal_d2,99.894,-0.003,-0.430,-1.050
NCEP-CFSv2,2025,NorCal_box,DJF,102.442,0.067,0.583,12,,-0.922,NorCal_d2,103.977,0.094,-0.600,-1.040
NCEP-CFSv2,2026,NorCal_box,DJF,112.408,0.338,0.778,9,,3.294,NorCal_d2,,,,
NCEP-CFSv2,1982,NorCal_box,JFM,123.450,0.650,0.667,24,,2.207,NorCal_d2,186.307,1.883,2.120,2.360
NCEP-CFSv2,1983,NorCal_box,JFM,87.012,-0.360,0.375,24,,-1.551,NorCal_d2,42.822,-1.247,-0.890,-0.960
NCEP-CFSv2,1984,NorCal_box,JFM,99.762,-0.007,0.583,24,,-0.872,NorCal_d2,48.726,-1.119,-1.060,-0.930
NCEP-CFSv2,1985,NorCal_box,JFM,79.866,-0.558,0.208,24,,-1.134,NorCal_d2,170.829,1.545,-0.360,-0.210
NCEP-CFSv2,1986,NorCal_box,JFM,116.563,0.459,0.667,24,,0.892,NorCal_d2,86.332,-0.298,1.210,1.420
NCEP-CFSv2,1987,NorCal_box,JFM,76.509,-0.651,0.167,24,,0.045,NorCal_d2,43.567,-1.231,1.000,0.800
NCEP-CFSv2,1988,NorCal_box,JFM,94.170,-0.162,0.417,24,,-2.344,NorCal_d2,89.714,-0.224,-1.850,-1.940
NCEP-CFSv2,1989,NorCal_box,JFM,94.446,-0.154,0.500,24,,-0.675,NorCal_d2,66.268,-0.736,-0.040,0.060
NCEP-CFSv2,1990,NorCal_box,JFM,87.896,-0.336,0.292,24,,0.754,NorCal_d2,95.103,-0.107,0.340,0.430
NCEP-CFSv2,1991,NorCal_box,JFM,106.883,0.191,0.500,24,,1.459,NorCal_d2,82.720,-0.377,1.430,1.970
NCEP-CFSv2,1992,NorCal_box,JFM,98.376,-0.045,0.458,24,,-0.371,NorCal_d2,140.791,0.890,-0.050,0.350
NCEP-CFSv2,1993,NorCal_box,JFM,98.048,-0.054,0.458,24,,-0.036,NorCal_d2,56.408,-0.951,0.190,0.420
NCEP-CFSv2,1994,NorCal_box,JFM,101.633,0.045,0.458,24,,1.113,NorCal_d2,211.358,2.430,0.970,1.280
NCEP-CFSv2,1995,NorCal_box,JFM,102.429,0.067,0.458,24,,-0.593,NorCal_d2,126.173,0.571,-1.010,-0.990
NCEP-CFSv2,1996,NorCal_box,JFM,98.133,-0.052,0.458,24,,-0.069,NorCal_d2,88.854,-0.243,-0.410,-0.290
NCEP-CFSv2,1997,NorCal_box,JFM,136.597,1.015,0.875,24,,2.986,NorCal_d2,189.689,1.957,2.370,2.280
NCEP-CFSv2,1998,NorCal_box,JFM,98.227,-0.049,0.542,24,,-1.811,NorCal_d2,103.701,0.081,-1.470,-1.610
NCEP-CFSv2,1999,NorCal_box,JFM,95.637,-0.126,0.417,24,,-2.418,NorCal_d2,134.256,0.747,-1.530,-1.560
NCEP-CFSv2,2000,NorCal_box,JFM,83.148,-0.487,0.292,24,,-0.545,NorCal_d2,76.414,-0.515,-0.780,-0.820
NCEP-CFSv2,2001,NorCal_box,JFM,78.426,-0.623,0.125,24,,-0.108,NorCal_d2,57.669,-0.924,-0.320,-0.320
NCEP-CFSv2,2002,NorCal_box,JFM,112.648,0.365,0.750,24,,1.360,NorCal_d2,63.230,-0.802,1.080,1.130
NCEP-CFSv2,2003,NorCal_box,JFM,94.551,-0.157,0.375,24,,-0.253,NorCal_d2,85.988,-0.306,0.290,0.220
NCEP-CFSv2,2004,NorCal_box,JFM,119.059,0.551,0.667,24,,0.564,NorCal_d2,86.446,-0.296,0.710,0.690
NCEP-CFSv2,2005,NorCal_box,JFM,90.245,-0.282,0.292,24,,-0.532,NorCal_d2,117.689,0.386,-0.820,-0.810
NCEP-CFSv2,2006,NorCal_box,JFM,122.486,0.650,0.833,24,,1.060,NorCal_d2,55.777,-0.965,0.880,0.890
NCEP-CFSv2,2007,NorCal_box,JFM,84.422,-0.450,0.250,24,,-1.008,NorCal_d2,87.708,-0.268,-1.720,-1.650
NCEP-CFSv2,2008,NorCal_box,JFM,84.831,-0.438,0.333,24,,-0.297,NorCal_d2,83.351,-0.363,-0.790,-0.860
NCEP-CFSv2,2009,NorCal_box,JFM,123.593,0.682,0.792,24,,1.709,NorCal_d2,102.497,0.054,1.500,1.500
NCEP-CFSv2,2010,NorCal_box,JFM,90.350,-0.279,0.375,24,,-2.206,NorCal_d2,102.841,0.062,-1.480,-1.550
NCEP-CFSv2,2011,NorCal_box,JFM,78.168,-0.631,0.281,32,,-1.548,NorCal_d2,94.185,-0.127,-0.920,-0.960
NCEP-CFSv2,2012,NorCal_box,JFM,101.448,0.042,0.438,32,,0.805,NorCal_d2,24.191,-1.654,-0.030,-0.270
NCEP-CFSv2,2013,NorCal_box,JFM,101.106,0.032,0.531,32,,0.441,NorCal_d2,86.389,-0.297,-0.110,-0.270
NCEP-CFSv2,2014,NorCal_box,JFM,125.670,0.742,0.750,32,,0.756,NorCal_d2,34.395,-1.431,0.800,0.620
NCEP-CFSv2,2015,NorCal_box,JFM,116.302,0.471,0.750,32,,2.330,NorCal_d2,126.345,0.575,2.590,2.250
NCEP-CFSv2,2016,NorCal_box,JFM,108.484,0.245,0.594,32,,-0.440,NorCal_d2,189.689,1.957,-0.370,-0.890
NCEP-CFSv2,2017,NorCal_box,JFM,87.305,-0.367,0.344,32,,-1.223,NorCal_d2,80.370,-0.428,-0.760,-1.140
NCEP-CFSv2,2018,NorCal_box,JFM,112.530,0.362,0.688,32,,1.172,NorCal_d2,172.262,1.577,1.050,0.780
NCEP-CFSv2,2019,NorCal_box,JFM,89.590,-0.301,0.438,32,,0.380,NorCal_d2,43.510,-1.232,0.750,0.220
NCEP-CFSv2,2020,NorCal_box,JFM,76.862,-0.668,0.125,32,,-1.593,NorCal_d2,56.179,-0.956,-1.060,-1.390
NCEP-CFSv2,2021,NorCal_box,JFM,89.687,-0.298,0.375,32,,-1.500,NorCal_d2,12.096,-1.918,-0.830,-1.220
NCEP-CFSv2,2022,NorCal_box,JFM,82.862,-0.495,0.360,25,,-1.377,NorCal_d2,152.198,1.139,-0.700,-0.990
NCEP-CFSv2,2023,NorCal_box,JFM,126.408,0.763,0.875,8,,1.566,NorCal_d2,125.886,0.565,1.990,1.400
NCEP-CFSv2,2024,NorCal_box,JFM,94.038,-0.172,0.417,12,,-1.223,NorCal_d2,94.587,-0.118,-0.430,-1.050
NCEP-CFSv2,2025,NorCal_box,JFM,102.200,0.064,0.417,12,,-0.922,NorCal_d2,62.370,-0.821,-0.600,-1.040
NCEP-CFSv2,2026,NorCal_box,JFM,101.692,0.049,0.700,10,,3.294,NorCal_d2,,,,
NCEP-CFSv2,1982,NorCal_d2,DJF,115.358,0.414,0.667,24,,2.207,NorCal_d2,137.010,0.878,2.120,2.360
NCEP-CFSv2,1983,NorCal_d2,DJF,93.030,-0.188,0.292,24,,-1.551,NorCal_d2,90.774,-0.219,-0.890,-0.960
NCEP-CFSv2,1984,NorCal_d2,DJF,104.988,0.134,0.542,24,,-0.872,NorCal_d2,32.131,-1.610,-1.060,-0.930
NCEP-CFSv2,1985,NorCal_d2,DJF,79.193,-0.561,0.250,24,,-1.134,NorCal_d2,140.721,0.966,-0.360,-0.210
NCEP-CFSv2,1986,NorCal_d2,DJF,114.826,0.400,0.583,24,,0.892,NorCal_d2,57.582,-1.006,1.210,1.420
NCEP-CFSv2,1987,NorCal_d2,DJF,87.438,-0.339,0.333,24,,0.045,NorCal_d2,81.018,-0.450,1.000,0.800
NCEP-CFSv2,1988,NorCal_d2,DJF,88.205,-0.318,0.292,24,,-2.344,NorCal_d2,44.008,-1.328,-1.850,-1.940
NCEP-CFSv2,1989,NorCal_d2,DJF,92.784,-0.195,0.458,24,,-0.675,NorCal_d2,49.417,-1.200,-0.040,0.060
NCEP-CFSv2,1990,NorCal_d2,DJF,91.317,-0.234,0.375,24,,0.754,NorCal_d2,27.094,-1.729,0.340,0.430
NCEP-CFSv2,1991,NorCal_d2,DJF,103.018,0.081,0.500,24,,1.459,NorCal_d2,73.118,-0.638,1.430,1.970
NCEP-CFSv2,1992,NorCal_d2,DJF,100.319,0.009,0.500,24,,-0.371,NorCal_d2,159.650,1.415,-0.050,0.350
NCEP-CFSv2,1993,NorCal_d2,DJF,97.564,-0.066,0.500,24,,-0.036,NorCal_d2,68.611,-0.744,0.190,0.420
NCEP-CFSv2,1994,NorCal_d2,DJF,98.764,-0.033,0.500,24,,1.113,NorCal_d2,140.880,0.970,0.970,1.280
NCEP-CFSv2,1995,NorCal_d2,DJF,105.137,0.138,0.458,24,,-0.593,NorCal_d2,150.477,1.197,-1.010,-0.990
NCEP-CFSv2,1996,NorCal_d2,DJF,93.708,-0.170,0.333,24,,-0.069,NorCal_d2,154.825,1.300,-0.410,-0.290
NCEP-CFSv2,1997,NorCal_d2,DJF,136.909,0.995,0.833,24,,2.986,NorCal_d2,166.278,1.572,2.370,2.280
NCEP-CFSv2,1998,NorCal_d2,DJF,97.444,-0.069,0.417,24,,-1.811,NorCal_d2,91.304,-0.206,-1.470,-1.610
NCEP-CFSv2,1999,NorCal_d2,DJF,94.071,-0.162,0.417,24,,-2.418,NorCal_d2,113.627,0.323,-1.530,-1.560
NCEP-CFSv2,2000,NorCal_d2,DJF,85.836,-0.387,0.375,24,,-0.545,NorCal_d2,62.884,-0.880,-0.780,-0.820
NCEP-CFSv2,2001,NorCal_d2,DJF,82.202,-0.486,0.125,24,,-0.108,NorCal_d2,85.843,-0.336,-0.320,-0.320
NCEP-CFSv2,2002,NorCal_d2,DJF,105.842,0.159,0.583,24,,1.360,NorCal_d2,111.771,0.279,1.080,1.130
NCEP-CFSv2,2003,NorCal_d2,DJF,89.790,-0.279,0.333,24,,-0.253,NorCal_d2,128.897,0.685,0.290,0.220
NCEP-CFSv2,2004,NorCal_d2,DJF,121.736,0.593,0.625,24,,0.564,NorCal_d2,90.562,-0.224,0.710,0.690
NCEP-CFSv2,2005,NorCal_d2,DJF,97.658,-0.064,0.500,24,,-0.532,NorCal_d2,145.016,1.068,-0.820,-0.810
NCEP-CFSv2,2006,NorCal_d2,DJF,111.834,0.323,0.542,24,,1.060,NorCal_d2,74.019,-0.616,0.880,0.890
NCEP-CFSv2,2007,NorCal_d2,DJF,86.217,-0.376,0.292,24,,-1.008,NorCal_d2,102.015,0.048,-1.720,-1.650
NCEP-CFSv2,2008,NorCal_d2,DJF,83.738,-0.444,0.333,24,,-0.297,NorCal_d2,73.224,-0.635,-0.790,-0.860
NCEP-CFSv2,2009,NorCal_d2,DJF,112.774,0.349,0.625,24,,1.709,NorCal_d2,98.250,-0.041,1.500,1.500
NCEP-CFSv2,2010,NorCal_d2,DJF,99.878,-0.003,0.500,24,,-2.206,NorCal_d2,93.372,-0.157,-1.480,-1.550
NCEP-CFSv2,2011,NorCal_d2,DJF,79.688,-0.554,0.312,32,,-1.548,NorCal_d2,41.569,-1.386,-0.920,-0.960
NCEP-CFSv2,2012,NorCal_d2,DJF,108.524,0.233,0.531,32,,0.805,NorCal_d2,69.512,-0.723,-0.030,-0.270
NCEP-CFSv2,2013,NorCal_d2,DJF,101.985,0.054,0.438,32,,0.441,NorCal_d2,48.780,-1.215,-0.110,-0.270
NCEP-CFSv2,2014,NorCal_d2,DJF,119.285,0.526,0.750,32,,0.756,NorCal_d2,89.608,-0.246,0.800,0.620
NCEP-CFSv2,2015,NorCal_d2,DJF,117.570,0.480,0.656,32,,2.330,NorCal_d2,105.302,0.126,2.590,2.250
NCEP-CFSv2,2016,NorCal_d2,DJF,114.323,0.391,0.656,32,,-0.440,NorCal_d2,188.812,2.106,-0.370,-0.890
NCEP-CFSv2,2017,NorCal_d2,DJF,92.177,-0.214,0.375,32,,-1.223,NorCal_d2,34.199,-1.561,-0.760,-1.140
NCEP-CFSv2,2018,NorCal_d2,DJF,104.001,0.109,0.594,32,,1.172,NorCal_d2,143.902,1.041,1.050,0.780
NCEP-CFSv2,2019,NorCal_d2,DJF,90.870,-0.249,0.500,32,,0.380,NorCal_d2,58.324,-0.988,0.750,0.220
NCEP-CFSv2,2020,NorCal_d2,DJF,85.747,-0.389,0.344,32,,-1.593,NorCal_d2,52.704,-1.122,-1.060,-1.390
NCEP-CFSv2,2021,NorCal_d2,DJF,100.175,0.005,0.438,32,,-1.500,NorCal_d2,52.916,-1.117,-0.830,-1.220
NCEP-CFSv2,2022,NorCal_d2,DJF,89.973,-0.274,0.280,25,,-1.377,NorCal_d2,137.381,0.887,-0.700,-0.990
NCEP-CFSv2,2023,NorCal_d2,DJF,117.931,0.489,0.750,8,,1.566,NorCal_d2,109.120,0.216,1.990,1.400
NCEP-CFSv2,2024,NorCal_d2,DJF,101.679,0.046,0.500,12,,-1.223,NorCal_d2,99.894,-0.003,-0.430,-1.050
NCEP-CFSv2,2025,NorCal_d2,DJF,101.999,0.055,0.583,12,,-0.922,NorCal_d2,103.977,0.094,-0.600,-1.040
NCEP-CFSv2,2026,NorCal_d2,DJF,112.178,0.332,0.778,9,,3.294,NorCal_d2,,,,
NCEP-CFSv2,1982,NorCal_d2,JFM,122.764,0.632,0.625,24,,2.207,NorCal_d2,186.307,1.883,2.120,2.360
NCEP-CFSv2,1983,NorCal_d2,JFM,87.715,-0.341,0.375,24,,-1.551,NorCal_d2,42.822,-1.247,-0.890,-0.960
NCEP-CFSv2,1984,NorCal_d2,JFM,100.040,0.001,0.583,24,,-0.872,NorCal_d2,48.726,-1.119,-1.060,-0.930
NCEP-CFSv2,1985,NorCal_d2,JFM,80.136,-0.552,0.208,24,,-1.134,NorCal_d2,170.829,1.545,-0.360,-0.210
NCEP-CFSv2,1986,NorCal_d2,JFM,116.015,0.445,0.667,24,,0.892,NorCal_d2,86.332,-0.298,1.210,1.420
NCEP-CFSv2,1987,NorCal_d2,JFM,76.908,-0.641,0.167,24,,0.045,NorCal_d2,43.567,-1.231,1.000,0.800
NCEP-CFSv2,1988,NorCal_d2,JFM,94.677,-0.148,0.417,24,,-2.344,NorCal_d2,89.714,-0.224,-1.850,-1.940
NCEP-CFSv2,1989,NorCal_d2,JFM,94.550,-0.151,0.500,24,,-0.675,NorCal_d2,66.268,-0.736,-0.040,0.060
NCEP-CFSv2,1990,NorCal_d2,JFM,87.888,-0.336,0.292,24,,0.754,NorCal_d2,95.103,-0.107,0.340,0.430
NCEP-CFSv2,1991,NorCal_d2,JFM,106.242,0.173,0.500,24,,1.459,NorCal_d2,82.720,-0.377,1.430,1.970
NCEP-CFSv2,1992,NorCal_d2,JFM,98.544,-0.040,0.458,24,,-0.371,NorCal_d2,140.791,0.890,-0.050,0.350
NCEP-CFSv2,1993,NorCal_d2,JFM,98.219,-0.049,0.458,24,,-0.036,NorCal_d2,56.408,-0.951,0.190,0.420
NCEP-CFSv2,1994,NorCal_d2,JFM,101.355,0.038,0.458,24,,1.113,NorCal_d2,211.358,2.430,0.970,1.280
NCEP-CFSv2,1995,NorCal_d2,JFM,102.349,0.065,0.458,24,,-0.593,NorCal_d2,126.173,0.571,-1.010,-0.990
NCEP-CFSv2,1996,NorCal_d2,JFM,98.127,-0.052,0.458,24,,-0.069,NorCal_d2,88.854,-0.243,-0.410,-0.290
NCEP-CFSv2,1997,NorCal_d2,JFM,135.881,0.996,0.875,24,,2.986,NorCal_d2,189.689,1.957,2.370,2.280
NCEP-CFSv2,1998,NorCal_d2,JFM,98.589,-0.039,0.542,24,,-1.811,NorCal_d2,103.701,0.081,-1.470,-1.610
NCEP-CFSv2,1999,NorCal_d2,JFM,96.151,-0.111,0.417,24,,-2.418,NorCal_d2,134.256,0.747,-1.530,-1.560
NCEP-CFSv2,2000,NorCal_d2,JFM,83.299,-0.482,0.292,24,,-0.545,NorCal_d2,76.414,-0.515,-0.780,-0.820
NCEP-CFSv2,2001,NorCal_d2,JFM,78.240,-0.628,0.125,24,,-0.108,NorCal_d2,57.669,-0.924,-0.320,-0.320
NCEP-CFSv2,2002,NorCal_d2,JFM,112.372,0.357,0.750,24,,1.360,NorCal_d2,63.230,-0.802,1.080,1.130
NCEP-CFSv2,2003,NorCal_d2,JFM,94.534,-0.158,0.375,24,,-0.253,NorCal_d2,85.988,-0.306,0.290,0.220
NCEP-CFSv2,2004,NorCal_d2,JFM,119.104,0.552,0.667,24,,0.564,NorCal_d2,86.446,-0.296,0.710,0.690
NCEP-CFSv2,2005,NorCal_d2,JFM,90.632,-0.271,0.333,24,,-0.532,NorCal_d2,117.689,0.386,-0.820,-0.810
NCEP-CFSv2,2006,NorCal_d2,JFM,122.268,0.643,0.833,24,,1.060,NorCal_d2,55.777,-0.965,0.880,0.890
NCEP-CFSv2,2007,NorCal_d2,JFM,84.679,-0.443,0.250,24,,-1.008,NorCal_d2,87.708,-0.268,-1.720,-1.650
NCEP-CFSv2,2008,NorCal_d2,JFM,85.251,-0.426,0.333,24,,-0.297,NorCal_d2,83.351,-0.363,-0.790,-0.860
NCEP-CFSv2,2009,NorCal_d2,JFM,123.187,0.670,0.792,24,,1.709,NorCal_d2,102.497,0.054,1.500,1.500
NCEP-CFSv2,2010,NorCal_d2,JFM,90.859,-0.264,0.375,24,,-2.206,NorCal_d2,102.841,0.062,-1.480,-1.550
NCEP-CFSv2,2011,NorCal_d2,JFM,78.525,-0.620,0.281,32,,-1.548,NorCal_d2,94.185,-0.127,-0.920,-0.960
NCEP-CFSv2,2012,NorCal_d2,JFM,101.330,0.038,0.438,32,,0.805,NorCal_d2,24.191,-1.654,-0.030,-0.270
NCEP-CFSv2,2013,NorCal_d2,JFM,100.967,0.028,0.531,32,,0.441,NorCal_d2,86.389,-0.297,-0.110,-0.270
NCEP-CFSv2,2014,NorCal_d2,JFM,125.329,0.732,0.719,32,,0.756,NorCal_d2,34.395,-1.431,0.800,0.620
NCEP-CFSv2,2015,NorCal_d2,JFM,116.043,0.463,0.750,32,,2.330,NorCal_d2,126.345,0.575,2.590,2.250
NCEP-CFSv2,2016,NorCal_d2,JFM,108.173,0.236,0.594,32,,-0.440,NorCal_d2,189.689,1.957,-0.370,-0.890
NCEP-CFSv2,2017,NorCal_d2,JFM,87.427,-0.363,0.312,32,,-1.223,NorCal_d2,80.370,-0.428,-0.760,-1.140
NCEP-CFSv2,2018,NorCal_d2,JFM,112.035,0.348,0.688,32,,1.172,NorCal_d2,172.262,1.577,1.050,0.780
NCEP-CFSv2,2019,NorCal_d2,JFM,89.596,-0.300,0.438,32,,0.380,NorCal_d2,43.510,-1.232,0.750,0.220
NCEP-CFSv2,2020,NorCal_d2,JFM,77.312,-0.655,0.125,32,,-1.593,NorCal_d2,56.179,-0.956,-1.060,-1.390
NCEP-CFSv2,2021,NorCal_d2,JFM,89.766,-0.296,0.375,32,,-1.500,NorCal_d2,12.096,-1.918,-0.830,-1.220
NCEP-CFSv2,2022,NorCal_d2,JFM,83.358,-0.481,0.400,25,,-1.377,NorCal_d2,152.198,1.139,-0.700,-0.990
NCEP-CFSv2,2023,NorCal_d2,JFM,125.754,0.744,0.875,8,,1.566,NorCal_d2,125.886,0.565,1.990,1.400
NCEP-CFSv2,2024,NorCal_d2,JFM,94.531,-0.158,0.417,12,,-1.223,NorCal_d2,94.587,-0.118,-0.430,-1.050
NCEP-CFSv2,2025,NorCal_d2,JFM,101.795,0.052,0.417,12,,-0.922,NorCal_d2,62.370,-0.821,-0.600,-1.040
NCEP-CFSv2,2026,NorCal_d2,JFM,101.651,0.048,0.700,10,,3.294,NorCal_d2,,,,
NCEP-CFSv2,1982,SoCal_box,DJF,137.872,0.782,0.667,24,,2.207,SoCal_d6,137.346,0.568,2.120,2.360
NCEP-CFSv2,1983,SoCal_box,DJF,76.604,-0.483,0.167,24,,-1.551,SoCal_d6,37.492,-0.951,-0.890,-0.960
NCEP-CFSv2,1984,SoCal_box,DJF,103.665,0.076,0.458,24,,-0.872,SoCal_d6,79.160,-0.317,-1.060,-0.930
NCEP-CFSv2,1985,SoCal_box,DJF,76.699,-0.481,0.167,24,,-1.134,SoCal_d6,82.222,-0.271,-0.360,-0.210
NCEP-CFSv2,1986,SoCal_box,DJF,137.574,0.776,0.833,24,,0.892,SoCal_d6,47.422,-0.800,1.210,1.420
NCEP-CFSv2,1987,SoCal_box,DJF,75.710,-0.502,0.250,24,,0.045,SoCal_d6,74.798,-0.383,1.000,0.800
NCEP-CFSv2,1988,SoCal_box,DJF,76.918,-0.477,0.333,24,,-2.344,SoCal_d6,66.539,-0.509,-1.850,-1.940
NCEP-CFSv2,1989,SoCal_box,DJF,83.628,-0.338,0.333,24,,-0.675,SoCal_d6,53.639,-0.705,-0.040,0.060
NCEP-CFSv2,1990,SoCal_box,DJF,96.525,-0.072,0.375,24,,0.754,SoCal_d6,49.835,-0.763,0.340,0.430
NCEP-CFSv2,1991,SoCal_box,DJF,121.536,0.445,0.583,24,,1.459,SoCal_d6,137.718,0.574,1.430,1.970
NCEP-CFSv2,1992,SoCal_box,DJF,103.348,0.069,0.500,24,,-0.371,SoCal_d6,260.587,2.444,-0.050,0.350
NCEP-CFSv2,1993,SoCal_box,DJF,87.944,-0.249,0.292,24,,-0.036,SoCal_d6,72.757,-0.415,0.190,0.420
NCEP-CFSv2,1994,SoCal_box,DJF,109.768,0.202,0.500,24,,1.113,SoCal_d6,177.066,1.173,0.970,1.280
NCEP-CFSv2,1995,SoCal_box,DJF,97.435,-0.053,0.542,24,,-0.593,SoCal_d6,94.565,-0.083,-1.010,-0.990
NCEP-CFSv2,1996,SoCal_box,DJF,102.806,0.058,0.417,24,,-0.069,SoCal_d6,99.391,-0.009,-0.410,-0.290
NCEP-CFSv2,1997,SoCal_box,DJF,142.497,0.878,0.833,24,,2.986,SoCal_d6,233.489,2.031,2.370,2.280
NCEP-CFSv2,1998,SoCal_box,DJF,69.471,-0.630,0.125,24,,-1.811,SoCal_d6,38.327,-0.938,-1.470,-1.610
NCEP-CFSv2,1999,SoCal_box,DJF,63.963,-0.767,0.125,24,,-2.418,SoCal_d6,77.768,-0.338,-1.530,-1.560
NCEP-CFSv2,2000,SoCal_box,DJF,75.774,-0.516,0.208,24,,-0.545,SoCal_d6,105.794,0.088,-0.780,-0.820
NCEP-CFSv2,2001,SoCal_box,DJF,100.574,0.012,0.417,24,,-0.108,SoCal_d6,24.314,-1.152,-0.320,-0.320
NCEP-CFSv2,2002,SoCal_box,DJF,119.277,0.410,0.583,24,,1.360,SoCal_d6,84.728,-0.232,1.080,1.130
NCEP-CFSv2,2003,SoCal_box,DJF,96.759,-0.069,0.375,24,,-0.253,SoCal_d6,72.014,-0.426,0.290,0.220
NCEP-CFSv2,2004,SoCal_box,DJF,119.523,0.416,0.667,24,,0.564,SoCal_d6,230.798,1.990,0.710,0.690
NCEP-CFSv2,2005,SoCal_box,DJF,100.201,0.004,0.417,24,,-0.532,SoCal_d6,55.588,-0.676,-0.820,-0.810
NCEP-CFSv2,2006,SoCal_box,DJF,126.356,0.561,0.625,24,,1.060,SoCal_d6,36.193,-0.971,0.880,0.890
NCEP-CFSv2,2007,SoCal_box,DJF,85.197,-0.315,0.375,24,,-1.008,SoCal_d6,121.849,0.332,-1.720,-1.650
NCEP-CFSv2,2008,SoCal_box,DJF,75.227,-0.527,0.292,24,,-0.297,SoCal_d6,83.150,-0.256,-0.790,-0.860
NCEP-CFSv2,2009,SoCal_box,DJF,130.174,0.642,0.792,24,,1.709,SoCal_d6,145.699,0.695,1.500,1.500
NCEP-CFSv2,2010,SoCal_box,DJF,73.584,-0.562,0.167,24,,-2.206,SoCal_d6,141.430,0.630,-1.480,-1.550
NCEP-CFSv2,2011,SoCal_box,DJF,70.886,-0.620,0.219,32,,-1.548,SoCal_d6,25.613,-1.132,-0.920,-0.960
NCEP-CFSv2,2012,SoCal_box,DJF,98.651,-0.029,0.531,32,,0.805,SoCal_d6,46.865,-0.809,-0.030,-0.270
NCEP-CFSv2,2013,SoCal_box,DJF,100.569,0.012,0.438,32,,0.441,SoCal_d6,30.810,-1.053,-0.110,-0.270
NCEP-CFSv2,2014,SoCal_box,DJF,151.481,1.096,0.812,32,,0.756,SoCal_d6,66.446,-0.511,0.800,0.620
NCEP-CFSv2,2015,SoCal_box,DJF,124.641,0.524,0.656,32,,2.330,SoCal_d6,60.414,-0.602,2.590,2.250
NCEP-CFSv2,2016,SoCal_box,DJF,100.227,0.005,0.469,32,,-0.440,SoCal_d6,182.819,1.260,-0.370,-0.890
NCEP-CFSv2,2017,SoCal_box,DJF,82.032,-0.382,0.188,32,,-1.223,SoCal_d6,30.068,-1.064,-0.760,-1.140
NCEP-CFSv2,2018,SoCal_box,DJF,121.264,0.453,0.594,32,,1.172,SoCal_d6,149.689,0.756,1.050,0.780
NCEP-CFSv2,2019,SoCal_box,DJF,83.640,-0.348,0.312,32,,0.380,SoCal_d6,53.732,-0.704,0.750,0.220
NCEP-CFSv2,2020,SoCal_box,DJF,68.788,-0.664,0.125,32,,-1.593,SoCal_d6,45.009,-0.837,-1.060,-1.390
NCEP-CFSv2,2021,SoCal_box,DJF,82.627,-0.370,0.375,32,,-1.500,SoCal_d6,76.933,-0.351,-0.830,-1.220
NCEP-CFSv2,2022,SoCal_box,DJF,77.953,-0.469,0.280,25,,-1.377,SoCal_d6,173.354,1.116,-0.700,-0.990
NCEP-CFSv2,2023,SoCal_box,DJF,138.336,0.816,0.875,8,,1.566,SoCal_d6,146.905,0.714,1.990,1.400
NCEP-CFSv2,2024,SoCal_box,DJF,77.702,-0.475,0.250,12,,-1.223,SoCal_d6,39.812,-0.916,-0.430,-1.050
NCEP-CFSv2,2025,SoCal_box,DJF,97.908,-0.045,0.417,12,,-0.922,SoCal_d6,111.640,0.177,-0.600,-1.040
NCEP-CFSv2,2026,SoCal_box,DJF,122.691,0.483,0.667,9,,3.294,SoCal_d6,,,,
NCEP-CFSv2,1982,SoCal_box,JFM,151.327,1.012,0.792,24,,2.207,SoCal_d6,203.770,1.623,2.120,2.360
NCEP-CFSv2,1983,SoCal_box,JFM,64.627,-0.698,0.083,24,,-1.551,SoCal_d6,5.730,-1.474,-0.890,-0.960
NCEP-CFSv2,1984,SoCal_box,JFM,99.419,-0.011,0.292,24,,-0.872,SoCal_d6,37.150,-0.983,-1.060,-0.930
NCEP-CFSv2,1985,SoCal_box,JFM,71.218,-0.568,0.083,24,,-1.134,SoCal_d6,119.213,0.300,-0.360,-0.210
NCEP-CFSv2,1986,SoCal_box,JFM,140.326,0.795,0.792,24,,0.892,SoCal_d6,59.329,-0.636,1.210,1.420
NCEP-CFSv2,1987,SoCal_box,JFM,67.948,-0.632,0.083,24,,0.045,SoCal_d6,49.533,-0.789,1.000,0.800
NCEP-CFSv2,1988,SoCal_box,JFM,77.041,-0.453,0.250,24,,-2.344,SoCal_d6,39.368,-0.948,-1.850,-1.940
NCEP-CFSv2,1989,SoCal_box,JFM,86.200,-0.272,0.292,24,,-0.675,SoCal_d6,57.388,-0.666,-0.040,0.060
NCEP-CFSv2,1990,SoCal_box,JFM,94.210,-0.114,0.500,24,,0.754,SoCal_d6,149.524,0.774,0.340,0.430
NCEP-CFSv2,1991,SoCal_box,JFM,131.293,0.617,0.750,24,,1.459,SoCal_d6,156.178,0.879,1.430,1.970
NCEP-CFSv2,1992,SoCal_box,JFM,97.807,-0.043,0.458,24,,-0.371,SoCal_d6,238.333,2.163,-0.050,0.350
NCEP-CFSv2,1993,SoCal_box,JFM,88.578,-0.225,0.333,24,,-0.036,SoCal_d6,86.314,-0.214,0.190,0.420
NCEP-CFSv2,1994,SoCal_box,JFM,119.415,0.383,0.625,24,,1.113,SoCal_d6,244.802,2.264,0.970,1.280
NCEP-CFSv2,1995,SoCal_box,JFM,98.934,-0.021,0.542,24,,-0.593,SoCal_d6,100.822,0.013,-1.010,-0.990
NCEP-CFSv2,1996,SoCal_box,JFM,99.411,-0.012,0.417,24,,-0.069,SoCal_d6,58.590,-0.648,-0.410,-0.290
NCEP-CFSv2,1997,SoCal_box,JFM,147.856,0.944,0.917,24,,2.986,SoCal_d6,227.151,1.988,2.370,2.280
NCEP-CFSv2,1998,SoCal_box,JFM,64.388,-0.702,0.125,24,,-1.811,SoCal_d6,49.995,-0.782,-1.470,-1.610
NCEP-CFSv2,1999,SoCal_box,JFM,63.767,-0.788,0.167,24,,-2.418,SoCal_d6,96.479,-0.055,-1.530,-1.560
NCEP-CFSv2,2000,SoCal_box,JFM,73.283,-0.581,0.250,24,,-0.545,SoCal_d6,131.226,0.488,-0.780,-0.820
NCEP-CFSv2,2001,SoCal_box,JFM,95.925,-0.089,0.458,24,,-0.108,SoCal_d6,16.542,-1.305,-0.320,-0.320
NCEP-CFSv2,2002,SoCal_box,JFM,129.650,0.645,0.708,24,,1.360,SoCal_d6,81.416,-0.291,1.080,1.130
NCEP-CFSv2,2003,SoCal_box,JFM,95.123,-0.106,0.458,24,,-0.253,SoCal_d6,61.917,-0.596,0.290,0.220
NCEP-CFSv2,2004,SoCal_box,JFM,125.882,0.563,0.625,24,,0.564,SoCal_d6,194.437,1.477,0.710,0.690
NCEP-CFSv2,2005,SoCal_box,JFM,92.115,-0.172,0.417,24,,-0.532,SoCal_d6,82.987,-0.266,-0.820,-0.810
NCEP-CFSv2,2006,SoCal_box,JFM,143.224,0.940,0.792,24,,1.060,SoCal_d6,29.665,-1.100,0.880,0.890
NCEP-CFSv2,2007,SoCal_box,JFM,81.764,-0.397,0.292,24,,-1.008,SoCal_d6,102.116,0.033,-1.720,-1.650
NCEP-CFSv2,2008,SoCal_box,JFM,76.120,-0.520,0.208,24,,-0.297,SoCal_d6,54.616,-0.710,-0.790,-0.860
NCEP-CFSv2,2009,SoCal_box,JFM,135.567,0.774,0.750,24,,1.709,SoCal_d6,116.995,0.266,1.500,1.500
NCEP-CFSv2,2010,SoCal_box,JFM,62.957,-0.806,0.125,24,,-2.206,SoCal_d6,85.667,-0.224,-1.480,-1.550
NCEP-CFSv2,2011,SoCal_box,JFM,64.608,-0.770,0.062,32,,-1.548,SoCal_d6,42.787,-0.895,-0.920,-0.960
NCEP-CFSv2,2012,SoCal_box,JFM,100.706,0.015,0.469,32,,0.805,SoCal_d6,30.773,-1.083,-0.030,-0.270
NCEP-CFSv2,2013,SoCal_box,JFM,102.342,0.051,0.531,32,,0.441,SoCal_d6,42.880,-0.893,-0.110,-0.270
NCEP-CFSv2,2014,SoCal_box,JFM,148.175,1.048,0.781,32,,0.756,SoCal_d6,25.783,-1.161,0.800,0.620
NCEP-CFSv2,2015,SoCal_box,JFM,123.604,0.514,0.656,32,,2.330,SoCal_d6,68.386,-0.494,2.590,2.250
NCEP-CFSv2,2016,SoCal_box,JFM,99.934,-0.001,0.469,32,,-0.440,SoCal_d6,144.719,0.699,-0.370,-0.890
NCEP-CFSv2,2017,SoCal_box,JFM,70.242,-0.647,0.125,32,,-1.223,SoCal_d6,66.999,-0.516,-0.760,-1.140
NCEP-CFSv2,2018,SoCal_box,JFM,129.292,0.637,0.594,32,,1.172,SoCal_d6,155.161,0.863,1.050,0.780
NCEP-CFSv2,2019,SoCal_box,JFM,85.722,-0.311,0.375,32,,0.380,SoCal_d6,56.742,-0.676,0.750,0.220
NCEP-CFSv2,2020,SoCal_box,JFM,56.032,-0.957,0.000,32,,-1.593,SoCal_d6,47.038,-0.828,-1.060,-1.390
NCEP-CFSv2,2021,SoCal_box,JFM,72.742,-0.593,0.219,32,,-1.500,SoCal_d6,21.625,-1.226,-0.830,-1.220
NCEP-CFSv2,2022,SoCal_box,JFM,67.802,-0.701,0.120,25,,-1.377,SoCal_d6,215.414,1.805,-0.700,-0.990
NCEP-CFSv2,2023,SoCal_box,JFM,148.268,1.050,0.750,8,,1.566,SoCal_d6,160.614,0.948,1.990,1.400
NCEP-CFSv2,2024,SoCal_box,JFM,71.702,-0.616,0.250,12,,-1.223,SoCal_d6,68.663,-0.490,-0.430,-1.050
NCEP-CFSv2,2025,SoCal_box,JFM,91.655,-0.182,0.333,12,,-0.922,SoCal_d6,64.319,-0.558,-0.600,-1.040
NCEP-CFSv2,2026,SoCal_box,JFM,107.270,0.158,0.700,10,,3.294,SoCal_d6,,,,
NCEP-CFSv2,1982,SoCal_d6,DJF,141.164,0.813,0.667,24,,2.207,SoCal_d6,137.346,0.568,2.120,2.360
NCEP-CFSv2,1983,SoCal_d6,DJF,75.010,-0.493,0.125,24,,-1.551,SoCal_d6,37.492,-0.951,-0.890,-0.960
NCEP-CFSv2,1984,SoCal_d6,DJF,103.015,0.060,0.417,24,,-0.872,SoCal_d6,79.160,-0.317,-1.060,-0.930
NCEP-CFSv2,1985,SoCal_d6,DJF,73.367,-0.526,0.167,24,,-1.134,SoCal_d6,82.222,-0.271,-0.360,-0.210
NCEP-CFSv2,1986,SoCal_d6,DJF,136.381,0.718,0.875,24,,0.892,SoCal_d6,47.422,-0.800,1.210,1.420
NCEP-CFSv2,1987,SoCal_d6,DJF,74.538,-0.503,0.292,24,,0.045,SoCal_d6,74.798,-0.383,1.000,0.800
NCEP-CFSv2,1988,SoCal_d6,DJF,74.010,-0.513,0.250,24,,-2.344,SoCal_d6,66.539,-0.509,-1.850,-1.940
NCEP-CFSv2,1989,SoCal_d6,DJF,82.507,-0.345,0.333,24,,-0.675,SoCal_d6,53.639,-0.705,-0.040,0.060
NCEP-CFSv2,1990,SoCal_d6,DJF,96.106,-0.077,0.333,24,,0.754,SoCal_d6,49.835,-0.763,0.340,0.430
NCEP-CFSv2,1991,SoCal_d6,DJF,123.973,0.473,0.542,24,,1.459,SoCal_d6,137.718,0.574,1.430,1.970
NCEP-CFSv2,1992,SoCal_d6,DJF,102.105,0.042,0.458,24,,-0.371,SoCal_d6,260.587,2.444,-0.050,0.350
NCEP-CFSv2,1993,SoCal_d6,DJF,87.639,-0.244,0.292,24,,-0.036,SoCal_d6,72.757,-0.415,0.190,0.420
NCEP-CFSv2,1994,SoCal_d6,DJF,110.316,0.204,0.500,24,,1.113,SoCal_d6,177.066,1.173,0.970,1.280
NCEP-CFSv2,1995,SoCal_d6,DJF,98.934,-0.021,0.542,24,,-0.593,SoCal_d6,94.565,-0.083,-1.010,-0.990
NCEP-CFSv2,1996,SoCal_d6,DJF,101.181,0.023,0.458,24,,-0.069,SoCal_d6,99.391,-0.009,-0.410,-0.290
NCEP-CFSv2,1997,SoCal_d6,DJF,148.243,0.952,0.833,24,,2.986,SoCal_d6,233.489,2.031,2.370,2.280
NCEP-CFSv2,1998,SoCal_d6,DJF,71.511,-0.562,0.167,24,,-1.811,SoCal_d6,38.327,-0.938,-1.470,-1.610
NCEP-CFSv2,1999,SoCal_d6,DJF,63.363,-0.761,0.125,24,,-2.418,SoCal_d6,77.768,-0.338,-1.530,-1.560
NCEP-CFSv2,2000,SoCal_d6,DJF,71.362,-0.595,0.208,24,,-0.545,SoCal_d6,105.794,0.088,-0.780,-0.820
NCEP-CFSv2,2001,SoCal_d6,DJF,93.131,-0.143,0.375,24,,-0.108,SoCal_d6,24.314,-1.152,-0.320,-0.320
NCEP-CFSv2,2002,SoCal_d6,DJF,118.439,0.383,0.583,24,,1.360,SoCal_d6,84.728,-0.232,1.080,1.130
NCEP-CFSv2,2003,SoCal_d6,DJF,95.815,-0.087,0.375,24,,-0.253,SoCal_d6,72.014,-0.426,0.290,0.220
NCEP-CFSv2,2004,SoCal_d6,DJF,121.533,0.447,0.625,24,,0.564,SoCal_d6,230.798,1.990,0.710,0.690
NCEP-CFSv2,2005,SoCal_d6,DJF,96.990,-0.063,0.417,24,,-0.532,SoCal_d6,55.588,-0.676,-0.820,-0.810
NCEP-CFSv2,2006,SoCal_d6,DJF,125.047,0.520,0.583,24,,1.060,SoCal_d6,36.193,-0.971,0.880,0.890
NCEP-CFSv2,2007,SoCal_d6,DJF,79.121,-0.434,0.333,24,,-1.008,SoCal_d6,121.849,0.332,-1.720,-1.650
NCEP-CFSv2,2008,SoCal_d6,DJF,74.442,-0.531,0.375,24,,-0.297,SoCal_d6,83.150,-0.256,-0.790,-0.860
NCEP-CFSv2,2009,SoCal_d6,DJF,127.971,0.581,0.792,24,,1.709,SoCal_d6,145.699,0.695,1.500,1.500
NCEP-CFSv2,2010,SoCal_d6,DJF,73.475,-0.551,0.208,24,,-2.206,SoCal_d6,141.430,0.630,-1.480,-1.550
NCEP-CFSv2,2011,SoCal_d6,DJF,72.117,-0.579,0.281,32,,-1.548,SoCal_d6,25.613,-1.132,-0.920,-0.960
NCEP-CFSv2,2012,SoCal_d6,DJF,102.503,0.052,0.562,32,,0.805,SoCal_d6,46.865,-0.809,-0.030,-0.270
NCEP-CFSv2,2013,SoCal_d6,DJF,104.577,0.095,0.500,32,,0.441,SoCal_d6,30.810,-1.053,-0.110,-0.270
NCEP-CFSv2,2014,SoCal_d6,DJF,152.411,1.089,0.812,32,,0.756,SoCal_d6,66.446,-0.511,0.800,0.620
NCEP-CFSv2,2015,SoCal_d6,DJF,129.569,0.614,0.688,32,,2.330,SoCal_d6,60.414,-0.602,2.590,2.250
NCEP-CFSv2,2016,SoCal_d6,DJF,104.701,0.098,0.469,32,,-0.440,SoCal_d6,182.819,1.260,-0.370,-0.890
NCEP-CFSv2,2017,SoCal_d6,DJF,84.314,-0.326,0.312,32,,-1.223,SoCal_d6,30.068,-1.064,-0.760,-1.140
NCEP-CFSv2,2018,SoCal_d6,DJF,123.442,0.487,0.656,32,,1.172,SoCal_d6,149.689,0.756,1.050,0.780
NCEP-CFSv2,2019,SoCal_d6,DJF,85.678,-0.298,0.312,32,,0.380,SoCal_d6,53.732,-0.704,0.750,0.220
NCEP-CFSv2,2020,SoCal_d6,DJF,70.273,-0.618,0.125,32,,-1.593,SoCal_d6,45.009,-0.837,-1.060,-1.390
NCEP-CFSv2,2021,SoCal_d6,DJF,85.819,-0.295,0.375,32,,-1.500,SoCal_d6,76.933,-0.351,-0.830,-1.220
NCEP-CFSv2,2022,SoCal_d6,DJF,79.114,-0.434,0.280,25,,-1.377,SoCal_d6,173.354,1.116,-0.700,-0.990
NCEP-CFSv2,2023,SoCal_d6,DJF,146.581,0.968,1.000,8,,1.566,SoCal_d6,146.905,0.714,1.990,1.400
NCEP-CFSv2,2024,SoCal_d6,DJF,82.209,-0.370,0.333,12,,-1.223,SoCal_d6,39.812,-0.916,-0.430,-1.050
NCEP-CFSv2,2025,SoCal_d6,DJF,101.513,0.031,0.333,12,,-0.922,SoCal_d6,111.640,0.177,-0.600,-1.040
NCEP-CFSv2,2026,SoCal_d6,DJF,122.696,0.471,0.778,9,,3.294,SoCal_d6,,,,
NCEP-CFSv2,1982,SoCal_d6,JFM,154.412,1.037,0.875,24,,2.207,SoCal_d6,203.770,1.623,2.120,2.360
NCEP-CFSv2,1983,SoCal_d6,JFM,63.427,-0.697,0.042,24,,-1.551,SoCal_d6,5.730,-1.474,-0.890,-0.960
NCEP-CFSv2,1984,SoCal_d6,JFM,96.984,-0.057,0.250,24,,-0.872,SoCal_d6,37.150,-0.983,-1.060,-0.930
NCEP-CFSv2,1985,SoCal_d6,JFM,69.630,-0.579,0.125,24,,-1.134,SoCal_d6,119.213,0.300,-0.360,-0.210
NCEP-CFSv2,1986,SoCal_d6,JFM,138.759,0.739,0.750,24,,0.892,SoCal_d6,59.329,-0.636,1.210,1.420
NCEP-CFSv2,1987,SoCal_d6,JFM,65.249,-0.662,0.083,24,,0.045,SoCal_d6,49.533,-0.789,1.000,0.800
NCEP-CFSv2,1988,SoCal_d6,JFM,75.080,-0.475,0.208,24,,-2.344,SoCal_d6,39.368,-0.948,-1.850,-1.940
NCEP-CFSv2,1989,SoCal_d6,JFM,85.843,-0.270,0.292,24,,-0.675,SoCal_d6,57.388,-0.666,-0.040,0.060
NCEP-CFSv2,1990,SoCal_d6,JFM,95.640,-0.083,0.458,24,,0.754,SoCal_d6,149.524,0.774,0.340,0.430
NCEP-CFSv2,1991,SoCal_d6,JFM,132.882,0.627,0.750,24,,1.459,SoCal_d6,156.178,0.879,1.430,1.970
NCEP-CFSv2,1992,SoCal_d6,JFM,95.779,-0.080,0.458,24,,-0.371,SoCal_d6,238.333,2.163,-0.050,0.350
NCEP-CFSv2,1993,SoCal_d6,JFM,88.385,-0.221,0.333,24,,-0.036,SoCal_d6,86.314,-0.214,0.190,0.420
NCEP-CFSv2,1994,SoCal_d6,JFM,119.219,0.366,0.667,24,,1.113,SoCal_d6,244.802,2.264,0.970,1.280
NCEP-CFSv2,1995,SoCal_d6,JFM,100.943,0.018,0.542,24,,-0.593,SoCal_d6,100.822,0.013,-1.010,-0.990
NCEP-CFSv2,1996,SoCal_d6,JFM,100.169,0.003,0.417,24,,-0.069,SoCal_d6,58.590,-0.648,-0.410,-0.290
NCEP-CFSv2,1997,SoCal_d6,JFM,151.257,0.977,0.917,24,,2.986,SoCal_d6,227.151,1.988,2.370,2.280
NCEP-CFSv2,1998,SoCal_d6,JFM,66.343,-0.642,0.083,24,,-1.811,SoCal_d6,49.995,-0.782,-1.470,-1.610
NCEP-CFSv2,1999,SoCal_d6,JFM,64.082,-0.767,0.208,24,,-2.418,SoCal_d6,96.479,-0.055,-1.530,-1.560
NCEP-CFSv2,2000,SoCal_d6,JFM,70.105,-0.638,0.208,24,,-0.545,SoCal_d6,131.226,0.488,-0.780,-0.820
NCEP-CFSv2,2001,SoCal_d6,JFM,89.861,-0.216,0.250,24,,-0.108,SoCal_d6,16.542,-1.305,-0.320,-0.320
NCEP-CFSv2,2002,SoCal_d6,JFM,128.765,0.614,0.708,24,,1.360,SoCal_d6,81.416,-0.291,1.080,1.130
NCEP-CFSv2,2003,SoCal_d6,JFM,93.851,-0.131,0.458,24,,-0.253,SoCal_d6,61.917,-0.596,0.290,0.220
NCEP-CFSv2,2004,SoCal_d6,JFM,126.073,0.557,0.542,24,,0.564,SoCal_d6,194.437,1.477,0.710,0.690
NCEP-CFSv2,2005,SoCal_d6,JFM,88.689,-0.241,0.292,24,,-0.532,SoCal_d6,82.987,-0.266,-0.820,-0.810
NCEP-CFSv2,2006,SoCal_d6,JFM,141.418,0.884,0.833,24,,1.060,SoCal_d6,29.665,-1.100,0.880,0.890
NCEP-CFSv2,2007,SoCal_d6,JFM,77.220,-0.486,0.292,24,,-1.008,SoCal_d6,102.116,0.033,-1.720,-1.650
NCEP-CFSv2,2008,SoCal_d6,JFM,75.324,-0.527,0.208,24,,-0.297,SoCal_d6,54.616,-0.710,-0.790,-0.860
NCEP-CFSv2,2009,SoCal_d6,JFM,134.559,0.738,0.750,24,,1.709,SoCal_d6,116.995,0.266,1.500,1.500
NCEP-CFSv2,2010,SoCal_d6,JFM,62.902,-0.792,0.167,24,,-2.206,SoCal_d6,85.667,-0.224,-1.480,-1.550
NCEP-CFSv2,2011,SoCal_d6,JFM,65.288,-0.741,0.156,32,,-1.548,SoCal_d6,42.787,-0.895,-0.920,-0.960
NCEP-CFSv2,2012,SoCal_d6,JFM,103.000,0.064,0.500,32,,0.805,SoCal_d6,30.773,-1.083,-0.030,-0.270
NCEP-CFSv2,2013,SoCal_d6,JFM,106.863,0.146,0.500,32,,0.441,SoCal_d6,42.880,-0.893,-0.110,-0.270
NCEP-CFSv2,2014,SoCal_d6,JFM,149.302,1.052,0.844,32,,0.756,SoCal_d6,25.783,-1.161,0.800,0.620
NCEP-CFSv2,2015,SoCal_d6,JFM,128.392,0.606,0.688,32,,2.330,SoCal_d6,68.386,-0.494,2.590,2.250
NCEP-CFSv2,2016,SoCal_d6,JFM,103.174,0.068,0.500,32,,-0.440,SoCal_d6,144.719,0.699,-0.370,-0.890
NCEP-CFSv2,2017,SoCal_d6,JFM,72.368,-0.590,0.156,32,,-1.223,SoCal_d6,66.999,-0.516,-0.760,-1.140
NCEP-CFSv2,2018,SoCal_d6,JFM,131.284,0.668,0.625,32,,1.172,SoCal_d6,155.161,0.863,1.050,0.780
NCEP-CFSv2,2019,SoCal_d6,JFM,87.481,-0.267,0.406,32,,0.380,SoCal_d6,56.742,-0.676,0.750,0.220
NCEP-CFSv2,2020,SoCal_d6,JFM,57.179,-0.914,0.000,32,,-1.593,SoCal_d6,47.038,-0.828,-1.060,-1.390
NCEP-CFSv2,2021,SoCal_d6,JFM,74.526,-0.544,0.219,32,,-1.500,SoCal_d6,21.625,-1.226,-0.830,-1.220
NCEP-CFSv2,2022,SoCal_d6,JFM,68.472,-0.673,0.200,25,,-1.377,SoCal_d6,215.414,1.805,-0.700,-0.990
NCEP-CFSv2,2023,SoCal_d6,JFM,157.374,1.225,1.000,8,,1.566,SoCal_d6,160.614,0.948,1.990,1.400
NCEP-CFSv2,2024,SoCal_d6,JFM,74.497,-0.544,0.250,12,,-1.223,SoCal_d6,68.663,-0.490,-0.430,-1.050
NCEP-CFSv2,2025,SoCal_d6,JFM,95.928,-0.087,0.417,12,,-0.922,SoCal_d6,64.319,-0.558,-0.600,-1.040
NCEP-CFSv2,2026,SoCal_d6,JFM,110.033,0.214,0.700,10,,3.294,SoCal_d6,,,,
