time,region,value,dataset
1950-01-01,ccanada_warm,-6.692031950366887,berkeley
1950-02-01,ccanada_warm,-1.5415039550118697,berkeley
1950-03-01,ccanada_warm,-1.816758928298443,berkeley
1950-04-01,ccanada_warm,-3.244144831685371,berkeley
1950-05-01,ccanada_warm,-0.6471659319451402,berkeley
1950-06-01,ccanada_warm,-2.4607683854686497,berkeley
1950-07-01,ccanada_warm,-1.037515683703933,berkeley
1950-08-01,ccanada_warm,-1.9023457642004378,berkeley
1950-09-01,ccanada_warm,1.105587366020452,berkeley
1950-10-01,ccanada_warm,-1.0090406856180307,berkeley
1950-11-01,ccanada_warm,-1.5428838654918746,berkeley
1950-12-01,ccanada_warm,-0.6808417007540828,berkeley
1951-01-01,ccanada_warm,0.3208836992192644,berkeley
1951-02-01,ccanada_warm,0.45693431088107156,berkeley
1951-03-01,ccanada_warm,-0.49451246370130225,berkeley
1951-04-01,ccanada_warm,0.36378276461735826,berkeley
1951-05-01,ccanada_warm,1.6152361201819467,berkeley
1951-06-01,ccanada_warm,-0.5229928903807056,berkeley
1951-07-01,ccanada_warm,-0.686713704484384,berkeley
1951-08-01,ccanada_warm,-0.119530430677887,berkeley
1951-09-01,ccanada_warm,-0.41730931407430966,berkeley
1951-10-01,ccanada_warm,-1.6490216480227289,berkeley
1951-11-01,ccanada_warm,-2.584797834512236,berkeley
1951-12-01,ccanada_warm,-2.2788290979945485,berkeley
1952-01-01,ccanada_warm,-0.7341018323771574,berkeley
1952-02-01,ccanada_warm,1.2337267817212747,berkeley
1952-03-01,ccanada_warm,1.665128849453044,berkeley
1952-04-01,ccanada_warm,4.504579702818861,berkeley
1952-05-01,ccanada_warm,2.605606612834002,berkeley
1952-06-01,ccanada_warm,0.48583907315295327,berkeley
1952-07-01,ccanada_warm,-0.42115044094392584,berkeley
1952-08-01,ccanada_warm,-0.6509602910598102,berkeley
1952-09-01,ccanada_warm,0.3494916501591165,berkeley
1952-10-01,ccanada_warm,-1.6546124423807382,berkeley
1952-11-01,ccanada_warm,1.385303267621737,berkeley
1952-12-01,ccanada_warm,6.003609832799601,berkeley
1953-01-01,ccanada_warm,-0.08886893369775295,berkeley
1953-02-01,ccanada_warm,3.468847165304675,berkeley
1953-03-01,ccanada_warm,2.5388712017259714,berkeley
1953-04-01,ccanada_warm,0.35931426394419347,berkeley
1953-05-01,ccanada_warm,-0.7610535010800533,berkeley
1953-06-01,ccanada_warm,-1.0909336648537433,berkeley
1953-07-01,ccanada_warm,-0.33511097334090584,berkeley
1953-08-01,ccanada_warm,2.151616847371604,berkeley
1953-09-01,ccanada_warm,0.05258196891786936,berkeley
1953-10-01,ccanada_warm,1.6532410763797218,berkeley
1953-11-01,ccanada_warm,4.857726447795787,berkeley
1953-12-01,ccanada_warm,0.6438537579870327,berkeley
1954-01-01,ccanada_warm,-4.223225803311443,berkeley
1954-02-01,ccanada_warm,5.342773930442719,berkeley
1954-03-01,ccanada_warm,-0.275526358038715,berkeley
1954-04-01,ccanada_warm,-4.176600618403656,berkeley
1954-05-01,ccanada_warm,-1.3745882446517947,berkeley
1954-06-01,ccanada_warm,0.8792686480290985,berkeley
1954-07-01,ccanada_warm,1.1072624012472583,berkeley
1954-08-01,ccanada_warm,0.7316191191273788,berkeley
1954-09-01,ccanada_warm,0.5064988272481791,berkeley
1954-10-01,ccanada_warm,0.7023376629017339,berkeley
1954-11-01,ccanada_warm,2.8112628992232778,berkeley
1954-12-01,ccanada_warm,3.7524488727604868,berkeley
1955-01-01,ccanada_warm,1.3265505694292403,berkeley
1955-02-01,ccanada_warm,-1.4857175630046402,berkeley
1955-03-01,ccanada_warm,-4.243720387142659,berkeley
1955-04-01,ccanada_warm,3.6152419279483263,berkeley
1955-05-01,ccanada_warm,1.5172001084460025,berkeley
1955-06-01,ccanada_warm,2.951524941098193,berkeley
1955-07-01,ccanada_warm,1.5295390610801378,berkeley
1955-08-01,ccanada_warm,1.664420828915968,berkeley
1955-09-01,ccanada_warm,-0.2053256805659724,berkeley
1955-10-01,ccanada_warm,1.6070387874691168,berkeley
1955-11-01,ccanada_warm,-1.0922149300472082,berkeley
1955-12-01,ccanada_warm,-1.845654424787361,berkeley
1956-01-01,ccanada_warm,3.221253849746804,berkeley
1956-02-01,ccanada_warm,-0.10679256296544028,berkeley
1956-03-01,ccanada_warm,-1.2290735503070147,berkeley
1956-04-01,ccanada_warm,-1.9608923924636392,berkeley
1956-05-01,ccanada_warm,-3.465838093219036,berkeley
1956-06-01,ccanada_warm,0.860912227024367,berkeley
1956-07-01,ccanada_warm,-0.19551419157438604,berkeley
1956-08-01,ccanada_warm,-0.419966480074024,berkeley
1956-09-01,ccanada_warm,-2.1088877283264083,berkeley
1956-10-01,ccanada_warm,0.24423987104831751,berkeley
1956-11-01,ccanada_warm,0.3295053072042678,berkeley
1956-12-01,ccanada_warm,-2.8103763260315513,berkeley
1957-01-01,ccanada_warm,-2.3716494800819876,berkeley
1957-02-01,ccanada_warm,-0.24595273393851808,berkeley
1957-03-01,ccanada_warm,2.1452695722804176,berkeley
1957-04-01,ccanada_warm,-0.6130799561822202,berkeley
1957-05-01,ccanada_warm,-1.3628370466706972,berkeley
1957-06-01,ccanada_warm,-1.538459230886926,berkeley
1957-07-01,ccanada_warm,0.39094907004564755,berkeley
1957-08-01,ccanada_warm,-0.162561980197116,berkeley
1957-09-01,ccanada_warm,0.774590109311253,berkeley
1957-10-01,ccanada_warm,0.8500259666451377,berkeley
1957-11-01,ccanada_warm,-0.8176935509227298,berkeley
1957-12-01,ccanada_warm,-0.21641498988482713,berkeley
1958-01-01,ccanada_warm,5.027409926962726,berkeley
1958-02-01,ccanada_warm,-1.8144114715866426,berkeley
1958-03-01,ccanada_warm,5.06905370983257,berkeley
1958-04-01,ccanada_warm,0.6056265426942904,berkeley
1958-05-01,ccanada_warm,-0.6305358093519099,berkeley
1958-06-01,ccanada_warm,-2.511430574562528,berkeley
1958-07-01,ccanada_warm,-0.8232345527832132,berkeley
1958-08-01,ccanada_warm,-0.47543991816336295,berkeley
1958-09-01,ccanada_warm,0.8028114206864893,berkeley
1958-10-01,ccanada_warm,1.273295580268604,berkeley
1958-11-01,ccanada_warm,0.7120173447862816,berkeley
1958-12-01,ccanada_warm,-2.8673373000170255,berkeley
1959-01-01,ccanada_warm,-0.9067764360627084,berkeley
1959-02-01,ccanada_warm,-0.5682730037958342,berkeley
1959-03-01,ccanada_warm,1.342608939664071,berkeley
1959-04-01,ccanada_warm,-1.524903275622099,berkeley
1959-05-01,ccanada_warm,-2.0134807874322997,berkeley
1959-06-01,ccanada_warm,-1.0383903814345594,berkeley
1959-07-01,ccanada_warm,0.5329129455666868,berkeley
1959-08-01,ccanada_warm,-0.6263407949793183,berkeley
1959-09-01,ccanada_warm,0.7273631499254877,berkeley
1959-10-01,ccanada_warm,-3.107843397439451,berkeley
1959-11-01,ccanada_warm,-3.5007122019018646,berkeley
1959-12-01,ccanada_warm,5.599782335212807,berkeley
1960-01-01,ccanada_warm,1.9869898867238038,berkeley
1960-02-01,ccanada_warm,1.5864311312751165,berkeley
1960-03-01,ccanada_warm,-2.9416291096285376,berkeley
1960-04-01,ccanada_warm,-0.716767413526547,berkeley
1960-05-01,ccanada_warm,1.2717512164645675,berkeley
1960-06-01,ccanada_warm,0.7248763323631128,berkeley
1960-07-01,ccanada_warm,0.0025777473192006802,berkeley
1960-08-01,ccanada_warm,1.0300957878088053,berkeley
1960-09-01,ccanada_warm,0.6108531479137217,berkeley
1960-10-01,ccanada_warm,-0.3213128584199982,berkeley
1960-11-01,ccanada_warm,-1.0658142269812503,berkeley
1960-12-01,ccanada_warm,0.2338731371050572,berkeley
1961-01-01,ccanada_warm,0.04448265801009236,berkeley
1961-02-01,ccanada_warm,2.62615076438884,berkeley
1961-03-01,ccanada_warm,0.5546409703469837,berkeley
1961-04-01,ccanada_warm,-1.4939611493134612,berkeley
1961-05-01,ccanada_warm,-1.0206063629319495,berkeley
1961-06-01,ccanada_warm,0.6572184362756383,berkeley
1961-07-01,ccanada_warm,0.5902536012497553,berkeley
1961-08-01,ccanada_warm,0.7415817612647351,berkeley
1961-09-01,ccanada_warm,-1.0954175421330283,berkeley
1961-10-01,ccanada_warm,-1.541518800612685,berkeley
1961-11-01,ccanada_warm,1.1974047803841974,berkeley
1961-12-01,ccanada_warm,-0.8328846168091107,berkeley
1962-01-01,ccanada_warm,-1.951951457364716,berkeley
1962-02-01,ccanada_warm,-4.411901383596095,berkeley
1962-03-01,ccanada_warm,1.919202392164075,berkeley
1962-04-01,ccanada_warm,-2.4429334084588814,berkeley
1962-05-01,ccanada_warm,-1.3249717352256956,berkeley
1962-06-01,ccanada_warm,0.8605423834645768,berkeley
1962-07-01,ccanada_warm,-0.3479486991583265,berkeley
1962-08-01,ccanada_warm,-0.14199757900001292,berkeley
1962-09-01,ccanada_warm,0.6689338838199496,berkeley
1962-10-01,ccanada_warm,1.9850137742849172,berkeley
1962-11-01,ccanada_warm,0.5723727284104327,berkeley
1962-12-01,ccanada_warm,-0.023045188930237187,berkeley
1963-01-01,ccanada_warm,-2.520070402229197,berkeley
1963-02-01,ccanada_warm,-1.6095793538607646,berkeley
1963-03-01,ccanada_warm,-2.520568242530904,berkeley
1963-04-01,ccanada_warm,1.295433339681809,berkeley
1963-05-01,ccanada_warm,-1.5718495577933949,berkeley
1963-06-01,ccanada_warm,0.6054616637496495,berkeley
1963-07-01,ccanada_warm,0.9476802206739741,berkeley
1963-08-01,ccanada_warm,0.25929874281199944,berkeley
1963-09-01,ccanada_warm,-0.13255801420040186,berkeley
1963-10-01,ccanada_warm,4.798169693597516,berkeley
1963-11-01,ccanada_warm,2.18788158111296,berkeley
1963-12-01,ccanada_warm,-0.5148216860174122,berkeley
1964-01-01,ccanada_warm,3.301644297843,berkeley
1964-02-01,ccanada_warm,2.3740680024780567,berkeley
1964-03-01,ccanada_warm,-5.4462235999442825,berkeley
1964-04-01,ccanada_warm,-0.8680217072908261,berkeley
1964-05-01,ccanada_warm,1.2164790039467641,berkeley
1964-06-01,ccanada_warm,-0.9719254828497368,berkeley
1964-07-01,ccanada_warm,1.0449333046930893,berkeley
1964-08-01,ccanada_warm,-1.1623920023369476,berkeley
1964-09-01,ccanada_warm,-0.6429357326263758,berkeley
1964-10-01,ccanada_warm,0.2958573772285151,berkeley
1964-11-01,ccanada_warm,-0.09536855836926635,berkeley
1964-12-01,ccanada_warm,-2.7998852196233095,berkeley
1965-01-01,ccanada_warm,-0.3276000627789959,berkeley
1965-02-01,ccanada_warm,-4.60470791215936,berkeley
1965-03-01,ccanada_warm,-2.2063438631694656,berkeley
1965-04-01,ccanada_warm,0.6625996550674927,berkeley
1965-05-01,ccanada_warm,0.1747485650516331,berkeley
1965-06-01,ccanada_warm,-0.21283212567075732,berkeley
1965-07-01,ccanada_warm,-1.5975766854007412,berkeley
1965-08-01,ccanada_warm,-1.4497546355450466,berkeley
1965-09-01,ccanada_warm,-2.7203039239809343,berkeley
1965-10-01,ccanada_warm,0.0014677272782431096,berkeley
1965-11-01,ccanada_warm,-1.61821785010408,berkeley
1965-12-01,ccanada_warm,3.3468386236335044,berkeley
1966-01-01,ccanada_warm,-3.6329326386756935,berkeley
1966-02-01,ccanada_warm,0.6368329300893671,berkeley
1966-03-01,ccanada_warm,2.1679212393235034,berkeley
1966-04-01,ccanada_warm,-1.7771541415785372,berkeley
1966-05-01,ccanada_warm,-1.257396383248429,berkeley
1966-06-01,ccanada_warm,0.7906211984131389,berkeley
1966-07-01,ccanada_warm,0.8530962117081964,berkeley
1966-08-01,ccanada_warm,0.45545007003510235,berkeley
1966-09-01,ccanada_warm,1.9261902395188355,berkeley
1966-10-01,ccanada_warm,-1.2153210020389775,berkeley
1966-11-01,ccanada_warm,-5.648911840532372,berkeley
1966-12-01,ccanada_warm,-0.18540859499497334,berkeley
1967-01-01,ccanada_warm,0.4398559203943483,berkeley
1967-02-01,ccanada_warm,-4.539418418721705,berkeley
1967-03-01,ccanada_warm,-2.0925134597929347,berkeley
1967-04-01,ccanada_warm,-3.696810183891775,berkeley
1967-05-01,ccanada_warm,-2.6301700632796434,berkeley
1967-06-01,ccanada_warm,-0.6579581703052794,berkeley
1967-07-01,ccanada_warm,-0.5453456327212287,berkeley
1967-08-01,ccanada_warm,-0.003243570722780133,berkeley
1967-09-01,ccanada_warm,2.357936413922559,berkeley
1967-10-01,ccanada_warm,-0.1541658999932638,berkeley
1967-11-01,ccanada_warm,-0.0772356114113818,berkeley
1967-12-01,ccanada_warm,3.18188650339168,berkeley
1968-01-01,ccanada_warm,-0.30703738781649226,berkeley
1968-02-01,ccanada_warm,0.1371424800564671,berkeley
1968-03-01,ccanada_warm,3.577935389353577,berkeley
1968-04-01,ccanada_warm,-0.11604428899909905,berkeley
1968-05-01,ccanada_warm,-0.25447312790837007,berkeley
1968-06-01,ccanada_warm,-0.8727826213787686,berkeley
1968-07-01,ccanada_warm,-2.222237180869996,berkeley
1968-08-01,ccanada_warm,-1.8392629891223142,berkeley
1968-09-01,ccanada_warm,2.5328805477809904,berkeley
1968-10-01,ccanada_warm,1.694079998710763,berkeley
1968-11-01,ccanada_warm,1.4346694955576957,berkeley
1968-12-01,ccanada_warm,0.6096003410242258,berkeley
1969-01-01,ccanada_warm,0.11911266361642077,berkeley
1969-02-01,ccanada_warm,4.03817515872235,berkeley
1969-03-01,ccanada_warm,-0.526856602779573,berkeley
1969-04-01,ccanada_warm,1.9344788665236345,berkeley
1969-05-01,ccanada_warm,-2.116754652831206,berkeley
1969-06-01,ccanada_warm,-3.6816174132787816,berkeley
1969-07-01,ccanada_warm,-0.24089089843494682,berkeley
1969-08-01,ccanada_warm,1.8443655867829385,berkeley
1969-09-01,ccanada_warm,-0.7326860551595946,berkeley
1969-10-01,ccanada_warm,-1.5523868535091374,berkeley
1969-11-01,ccanada_warm,0.5877299002736919,berkeley
1969-12-01,ccanada_warm,5.024065693517982,berkeley
1970-01-01,ccanada_warm,0.4798900565341481,berkeley
1970-02-01,ccanada_warm,-2.1435850678143495,berkeley
1970-03-01,ccanada_warm,0.06790219434220801,berkeley
1970-04-01,ccanada_warm,-0.34671657856026167,berkeley
1970-05-01,ccanada_warm,-1.9092596255860685,berkeley
1970-06-01,ccanada_warm,1.3817045721981411,berkeley
1970-07-01,ccanada_warm,1.1223115724513049,berkeley
1970-08-01,ccanada_warm,0.608634179928236,berkeley
1970-09-01,ccanada_warm,0.3833214345748711,berkeley
1970-10-01,ccanada_warm,1.0076446596890876,berkeley
1970-11-01,ccanada_warm,0.1712867808353745,berkeley
1970-12-01,ccanada_warm,-3.4971693565293056,berkeley
1971-01-01,ccanada_warm,-0.31789025783085517,berkeley
1971-02-01,ccanada_warm,2.778337523518365,berkeley
1971-03-01,ccanada_warm,0.5720312438612125,berkeley
1971-04-01,ccanada_warm,1.014789489467475,berkeley
1971-05-01,ccanada_warm,0.9149981515461159,berkeley
1971-06-01,ccanada_warm,0.8713662938065567,berkeley
1971-07-01,ccanada_warm,-1.3363167006573156,berkeley
1971-08-01,ccanada_warm,0.12057860625713825,berkeley
1971-09-01,ccanada_warm,1.541543865155182,berkeley
1971-10-01,ccanada_warm,2.070221334477208,berkeley
1971-11-01,ccanada_warm,-0.4080999004251744,berkeley
1971-12-01,ccanada_warm,-0.8000858476415312,berkeley
1972-01-01,ccanada_warm,-3.4833353697340788,berkeley
1972-02-01,ccanada_warm,-4.60262539218562,berkeley
1972-03-01,ccanada_warm,-0.0776001419017378,berkeley
1972-04-01,ccanada_warm,-1.3791839900459886,berkeley
1972-05-01,ccanada_warm,1.3145424069754663,berkeley
1972-06-01,ccanada_warm,0.13326362876045678,berkeley
1972-07-01,ccanada_warm,-1.7479199007812076,berkeley
1972-08-01,ccanada_warm,-0.017278123148837168,berkeley
1972-09-01,ccanada_warm,-2.65905509388859,berkeley
1972-10-01,ccanada_warm,-3.5978405863508645,berkeley
1972-11-01,ccanada_warm,-1.8583075373005558,berkeley
1972-12-01,ccanada_warm,-4.9922723099198585,berkeley
1973-01-01,ccanada_warm,4.259272810975028,berkeley
1973-02-01,ccanada_warm,-0.8120848240416279,berkeley
1973-03-01,ccanada_warm,5.705829541477256,berkeley
1973-04-01,ccanada_warm,-0.6768229023913063,berkeley
1973-05-01,ccanada_warm,1.9953153582959868,berkeley
1973-06-01,ccanada_warm,0.5598638642488927,berkeley
1973-07-01,ccanada_warm,0.9835075960938156,berkeley
1973-08-01,ccanada_warm,2.3559162160571114,berkeley
1973-09-01,ccanada_warm,0.924775184565797,berkeley
1973-10-01,ccanada_warm,2.4352114796048143,berkeley
1973-11-01,ccanada_warm,-0.17469570151457442,berkeley
1973-12-01,ccanada_warm,-1.5523202272379357,berkeley
1974-01-01,ccanada_warm,-3.158315180142575,berkeley
1974-02-01,ccanada_warm,-1.5632149395477803,berkeley
1974-03-01,ccanada_warm,-3.7477996012722907,berkeley
1974-04-01,ccanada_warm,-1.2549432201080881,berkeley
1974-05-01,ccanada_warm,-1.0758837151205123,berkeley
1974-06-01,ccanada_warm,0.5954875854892695,berkeley
1974-07-01,ccanada_warm,1.0223939277202714,berkeley
1974-08-01,ccanada_warm,-0.7731161443256023,berkeley
1974-09-01,ccanada_warm,-2.864456643380847,berkeley
1974-10-01,ccanada_warm,-2.773458953809206,berkeley
1974-11-01,ccanada_warm,2.8257902696053585,berkeley
1974-12-01,ccanada_warm,4.568107657226162,berkeley
1975-01-01,ccanada_warm,-0.526599915594445,berkeley
1975-02-01,ccanada_warm,1.2777353052499973,berkeley
1975-03-01,ccanada_warm,-1.540028419939032,berkeley
1975-04-01,ccanada_warm,0.8070461259000904,berkeley
1975-05-01,ccanada_warm,2.2453732085686937,berkeley
1975-06-01,ccanada_warm,1.5676703669785286,berkeley
1975-07-01,ccanada_warm,1.1234968581460087,berkeley
1975-08-01,ccanada_warm,0.14248949998564234,berkeley
1975-09-01,ccanada_warm,-0.0009728427948540363,berkeley
1975-10-01,ccanada_warm,0.3370342221330527,berkeley
1975-11-01,ccanada_warm,1.230012778338723,berkeley
1975-12-01,ccanada_warm,-1.3329703700021878,berkeley
1976-01-01,ccanada_warm,0.09092363083488658,berkeley
1976-02-01,ccanada_warm,0.8996026746158463,berkeley
1976-03-01,ccanada_warm,-2.2359234289096674,berkeley
1976-04-01,ccanada_warm,3.862336453892316,berkeley
1976-05-01,ccanada_warm,1.310228506749492,berkeley
1976-06-01,ccanada_warm,1.3144263447210687,berkeley
1976-07-01,ccanada_warm,0.7065739462055293,berkeley
1976-08-01,ccanada_warm,0.6780408224975724,berkeley
1976-09-01,ccanada_warm,0.7244300485225521,berkeley
1976-10-01,ccanada_warm,-1.1860905505007027,berkeley
1976-11-01,ccanada_warm,-0.8076163544934658,berkeley
1976-12-01,ccanada_warm,-4.767792912605408,berkeley
1977-01-01,ccanada_warm,1.3862149115956404,berkeley
1977-02-01,ccanada_warm,3.8828304373818705,berkeley
1977-03-01,ccanada_warm,4.516315673463902,berkeley
1977-04-01,ccanada_warm,2.6670113668092705,berkeley
1977-05-01,ccanada_warm,4.208010445468569,berkeley
1977-06-01,ccanada_warm,0.6926608962562812,berkeley
1977-07-01,ccanada_warm,-0.44269173733517214,berkeley
1977-08-01,ccanada_warm,-2.4729215385039667,berkeley
1977-09-01,ccanada_warm,1.2604517620800297,berkeley
1977-10-01,ccanada_warm,2.12822334978426,berkeley
1977-11-01,ccanada_warm,1.0785224420682094,berkeley
1977-12-01,ccanada_warm,-1.4415777343101739,berkeley
1978-01-01,ccanada_warm,0.7914782149435943,berkeley
1978-02-01,ccanada_warm,2.7623102650398264,berkeley
1978-03-01,ccanada_warm,-1.190131844045743,berkeley
1978-04-01,ccanada_warm,-1.0524973945027207,berkeley
1978-05-01,ccanada_warm,0.5966927898511557,berkeley
1978-06-01,ccanada_warm,-1.7770933942677214,berkeley
1978-07-01,ccanada_warm,-1.6807228739959792,berkeley
1978-08-01,ccanada_warm,-1.379499342197924,berkeley
1978-09-01,ccanada_warm,-0.4247049793730329,berkeley
1978-10-01,ccanada_warm,-1.5736083850090083,berkeley
1978-11-01,ccanada_warm,-2.7190975078231783,berkeley
1978-12-01,ccanada_warm,-1.4035184361289068,berkeley
1979-01-01,ccanada_warm,0.5530896316267134,berkeley
1979-02-01,ccanada_warm,-6.734463059539326,berkeley
1979-03-01,ccanada_warm,-1.0471951603858818,berkeley
1979-04-01,ccanada_warm,-1.2217755982312066,berkeley
1979-05-01,ccanada_warm,-1.2712015733644706,berkeley
1979-06-01,ccanada_warm,-0.4418185157922614,berkeley
1979-07-01,ccanada_warm,0.8448688475996221,berkeley
1979-08-01,ccanada_warm,-1.7905511297805008,berkeley
1979-09-01,ccanada_warm,-0.5851028151236414,berkeley
1979-10-01,ccanada_warm,-1.439117467925569,berkeley
1979-11-01,ccanada_warm,0.8429649816211107,berkeley
1979-12-01,ccanada_warm,4.330949245401532,berkeley
1980-01-01,ccanada_warm,1.201302392259529,berkeley
1980-02-01,ccanada_warm,1.7408288765789266,berkeley
1980-03-01,ccanada_warm,-0.0270646839606823,berkeley
1980-04-01,ccanada_warm,3.6268677492046106,berkeley
1980-05-01,ccanada_warm,3.05471775948001,berkeley
1980-06-01,ccanada_warm,-0.6144739818599675,berkeley
1980-07-01,ccanada_warm,-0.1789831319231649,berkeley
1980-08-01,ccanada_warm,0.7007088839250932,berkeley
1980-09-01,ccanada_warm,-1.5549372981733691,berkeley
1980-10-01,ccanada_warm,-1.3168037048490073,berkeley
1980-11-01,ccanada_warm,0.24433259642543928,berkeley
1980-12-01,ccanada_warm,-3.1326513521331134,berkeley
1981-01-01,ccanada_warm,6.628831099870881,berkeley
1981-02-01,ccanada_warm,5.2408507906143305,berkeley
1981-03-01,ccanada_warm,5.463241666230829,berkeley
1981-04-01,ccanada_warm,-1.797710752034574,berkeley
1981-05-01,ccanada_warm,0.5137676680611153,berkeley
1981-06-01,ccanada_warm,-0.3596432520623471,berkeley
1981-07-01,ccanada_warm,0.8504560980731488,berkeley
1981-08-01,ccanada_warm,2.2443594970906378,berkeley
1981-09-01,ccanada_warm,0.41563093870114237,berkeley
1981-10-01,ccanada_warm,-0.41883132901804176,berkeley
1981-11-01,ccanada_warm,4.387733463620332,berkeley
1981-12-01,ccanada_warm,2.1551293012461934,berkeley
1982-01-01,ccanada_warm,-5.332103291540939,berkeley
1982-02-01,ccanada_warm,-0.40729082436215047,berkeley
1982-03-01,ccanada_warm,-0.5227014132947052,berkeley
1982-04-01,ccanada_warm,-2.4758257676853304,berkeley
1982-05-01,ccanada_warm,1.3456911054453884,berkeley
1982-06-01,ccanada_warm,-1.9418087835691482,berkeley
1982-07-01,ccanada_warm,-0.1958032019461756,berkeley
1982-08-01,ccanada_warm,-1.6239462491433425,berkeley
1982-09-01,ccanada_warm,0.2617553104738516,berkeley
1982-10-01,ccanada_warm,1.3326937451124363,berkeley
1982-11-01,ccanada_warm,-2.7182448324595225,berkeley
1982-12-01,ccanada_warm,0.10566469852419134,berkeley
1983-01-01,ccanada_warm,3.3869115546726056,berkeley
1983-02-01,ccanada_warm,0.9735642441516075,berkeley
1983-03-01,ccanada_warm,1.0389270694271957,berkeley
1983-04-01,ccanada_warm,-0.4383059172500984,berkeley
1983-05-01,ccanada_warm,-4.1339884175889505,berkeley
1983-06-01,ccanada_warm,0.5967449622259263,berkeley
1983-07-01,ccanada_warm,1.0033971411302667,berkeley
1983-08-01,ccanada_warm,2.3772591628778263,berkeley
1983-09-01,ccanada_warm,1.4722148805248993,berkeley
1983-10-01,ccanada_warm,1.1457881837738273,berkeley
1983-11-01,ccanada_warm,4.211952614838887,berkeley
1983-12-01,ccanada_warm,-3.744221337200068,berkeley
1984-01-01,ccanada_warm,-0.6657179900156935,berkeley
1984-02-01,ccanada_warm,6.756847053816099,berkeley
1984-03-01,ccanada_warm,0.19883799254410386,berkeley
1984-04-01,ccanada_warm,4.724747744227652,berkeley
1984-05-01,ccanada_warm,-0.01601777838617888,berkeley
1984-06-01,ccanada_warm,1.0027505699325225,berkeley
1984-07-01,ccanada_warm,0.6992771042852168,berkeley
1984-08-01,ccanada_warm,2.234958897445344,berkeley
1984-09-01,ccanada_warm,-1.329035192319626,berkeley
1984-10-01,ccanada_warm,0.6086175540557687,berkeley
1984-11-01,ccanada_warm,-0.6903917191306845,berkeley
1984-12-01,ccanada_warm,-3.280219408444928,berkeley
1985-01-01,ccanada_warm,2.2311023988538277,berkeley
1985-02-01,ccanada_warm,-1.9069943117760761,berkeley
1985-03-01,ccanada_warm,2.345894110191966,berkeley
1985-04-01,ccanada_warm,0.1990912723945256,berkeley
1985-05-01,ccanada_warm,1.4220372702123705,berkeley
1985-06-01,ccanada_warm,-0.8356767065339922,berkeley
1985-07-01,ccanada_warm,-1.3439975951742982,berkeley
1985-08-01,ccanada_warm,-0.8491913636941253,berkeley
1985-09-01,ccanada_warm,-0.04261100213991958,berkeley
1985-10-01,ccanada_warm,-0.2575454438726091,berkeley
1985-11-01,ccanada_warm,-4.090517885658081,berkeley
1985-12-01,ccanada_warm,-0.7788652867778708,berkeley
1986-01-01,ccanada_warm,2.4743376588891466,berkeley
1986-02-01,ccanada_warm,1.2821703787253702,berkeley
1986-03-01,ccanada_warm,1.720584937695519,berkeley
1986-04-01,ccanada_warm,1.1248287442617966,berkeley
1986-05-01,ccanada_warm,2.2122926799426783,berkeley
1986-06-01,ccanada_warm,-1.4355718049500854,berkeley
1986-07-01,ccanada_warm,-0.700818499409708,berkeley
1986-08-01,ccanada_warm,-0.761941923241014,berkeley
1986-09-01,ccanada_warm,-1.0119345928449248,berkeley
1986-10-01,ccanada_warm,-1.1120741153105476,berkeley
1986-11-01,ccanada_warm,-5.086373415265317,berkeley
1986-12-01,ccanada_warm,4.160827042443806,berkeley
1987-01-01,ccanada_warm,6.352237183391437,berkeley
1987-02-01,ccanada_warm,5.340809655973405,berkeley
1987-03-01,ccanada_warm,3.4504205223764397,berkeley
1987-04-01,ccanada_warm,3.712775027640167,berkeley
1987-05-01,ccanada_warm,0.8912848470271713,berkeley
1987-06-01,ccanada_warm,0.720550526257791,berkeley
1987-07-01,ccanada_warm,-0.17792722834738278,berkeley
1987-08-01,ccanada_warm,-1.5291200146598949,berkeley
1987-09-01,ccanada_warm,2.193470398876816,berkeley
1987-10-01,ccanada_warm,-1.125118749849515,berkeley
1987-11-01,ccanada_warm,1.6622611887493615,berkeley
1987-12-01,ccanada_warm,6.391226427230127,berkeley
1988-01-01,ccanada_warm,-0.36231816856231486,berkeley
1988-02-01,ccanada_warm,-1.884618380693153,berkeley
1988-03-01,ccanada_warm,1.7980558436047982,berkeley
1988-04-01,ccanada_warm,1.160552340698341,berkeley
1988-05-01,ccanada_warm,0.24354218689701912,berkeley
1988-06-01,ccanada_warm,1.4494741423444457,berkeley
1988-07-01,ccanada_warm,0.8460658248222069,berkeley
1988-08-01,ccanada_warm,1.2455929167201614,berkeley
1988-09-01,ccanada_warm,1.1934297361671427,berkeley
1988-10-01,ccanada_warm,-0.8303955910324415,berkeley
1988-11-01,ccanada_warm,0.40629616339411584,berkeley
1988-12-01,ccanada_warm,-0.7920711629343995,berkeley
1989-01-01,ccanada_warm,1.672857822643905,berkeley
1989-02-01,ccanada_warm,0.5874971347643069,berkeley
1989-03-01,ccanada_warm,-3.329706325942823,berkeley
1989-04-01,ccanada_warm,-0.7697561273940664,berkeley
1989-05-01,ccanada_warm,0.4328840887157935,berkeley
1989-06-01,ccanada_warm,-0.1179237235255182,berkeley
1989-07-01,ccanada_warm,1.983540792424448,berkeley
1989-08-01,ccanada_warm,0.6310680701041339,berkeley
1989-09-01,ccanada_warm,0.9342447498908143,berkeley
1989-10-01,ccanada_warm,0.09276168347457456,berkeley
1989-11-01,ccanada_warm,-4.747278969587291,berkeley
1989-12-01,ccanada_warm,-4.8649937519804185,berkeley
1990-01-01,ccanada_warm,2.593009001167658,berkeley
1990-02-01,ccanada_warm,-1.4833184231052843,berkeley
1990-03-01,ccanada_warm,4.676824992849866,berkeley
1990-04-01,ccanada_warm,-0.5332316783102619,berkeley
1990-05-01,ccanada_warm,-0.2656413820681731,berkeley
1990-06-01,ccanada_warm,0.050432637464140465,berkeley
1990-07-01,ccanada_warm,0.2726740654017281,berkeley
1990-08-01,ccanada_warm,0.08603768578048748,berkeley
1990-09-01,ccanada_warm,0.01604504235183406,berkeley
1990-10-01,ccanada_warm,-1.6575320212321492,berkeley
1990-11-01,ccanada_warm,-0.5804136466544978,berkeley
1990-12-01,ccanada_warm,-3.4399165475445606,berkeley
1991-01-01,ccanada_warm,-1.6175322071736067,berkeley
1991-02-01,ccanada_warm,3.0867892403430544,berkeley
1991-03-01,ccanada_warm,1.5374565093725274,berkeley
1991-04-01,ccanada_warm,2.5293206948395213,berkeley
1991-05-01,ccanada_warm,2.022668781871476,berkeley
1991-06-01,ccanada_warm,2.213714233295824,berkeley
1991-07-01,ccanada_warm,0.7548546696389488,berkeley
1991-08-01,ccanada_warm,2.111413621524874,berkeley
1991-09-01,ccanada_warm,-0.5485872385587259,berkeley
1991-10-01,ccanada_warm,-2.7355410503811637,berkeley
1991-11-01,ccanada_warm,-2.7381351703236705,berkeley
1991-12-01,ccanada_warm,0.020693873087444782,berkeley
1992-01-01,ccanada_warm,4.065740148865065,berkeley
1992-02-01,ccanada_warm,1.3223579000774324,berkeley
1992-03-01,ccanada_warm,1.8143935206344393,berkeley
1992-04-01,ccanada_warm,-1.3649768178861372,berkeley
1992-05-01,ccanada_warm,0.011158549573278548,berkeley
1992-06-01,ccanada_warm,-2.4126779280737516,berkeley
1992-07-01,ccanada_warm,-2.435703397196554,berkeley
1992-08-01,ccanada_warm,-0.8353936505896534,berkeley
1992-09-01,ccanada_warm,-1.1062357078164253,berkeley
1992-10-01,ccanada_warm,-0.9299858854040643,berkeley
1992-11-01,ccanada_warm,1.2673027488029156,berkeley
1992-12-01,ccanada_warm,0.14954035311424577,berkeley
1993-01-01,ccanada_warm,4.198317722082065,berkeley
1993-02-01,ccanada_warm,-0.04911653215084381,berkeley
1993-03-01,ccanada_warm,3.6470649199048375,berkeley
1993-04-01,ccanada_warm,0.6742864565172226,berkeley
1993-05-01,ccanada_warm,1.066094463477906,berkeley
1993-06-01,ccanada_warm,-0.020248130150258836,berkeley
1993-07-01,ccanada_warm,0.023262158299563924,berkeley
1993-08-01,ccanada_warm,0.49774501718351016,berkeley
1993-09-01,ccanada_warm,-1.8089541352436391,berkeley
1993-10-01,ccanada_warm,-2.4579322907523102,berkeley
1993-11-01,ccanada_warm,-1.9251950897866823,berkeley
1993-12-01,ccanada_warm,0.7219118803871255,berkeley
1994-01-01,ccanada_warm,-5.0643210087694115,berkeley
1994-02-01,ccanada_warm,-3.8118970723942303,berkeley
1994-03-01,ccanada_warm,3.5549473690488727,berkeley
1994-04-01,ccanada_warm,-1.404360495403404,berkeley
1994-05-01,ccanada_warm,0.7141507737670131,berkeley
1994-06-01,ccanada_warm,2.262784217629137,berkeley
1994-07-01,ccanada_warm,0.344865777967637,berkeley
1994-08-01,ccanada_warm,-0.5645581490359193,berkeley
1994-09-01,ccanada_warm,2.1920233749994575,berkeley
1994-10-01,ccanada_warm,2.447583101944099,berkeley
1994-11-01,ccanada_warm,2.5721259076236658,berkeley
1994-12-01,ccanada_warm,5.198935294378454,berkeley
1995-01-01,ccanada_warm,5.218551600012243,berkeley
1995-02-01,ccanada_warm,-0.19202262812236054,berkeley
1995-03-01,ccanada_warm,2.626239400849314,berkeley
1995-04-01,ccanada_warm,-1.337509442897614,berkeley
1995-05-01,ccanada_warm,-0.19069349386745507,berkeley
1995-06-01,ccanada_warm,2.97770885460635,berkeley
1995-07-01,ccanada_warm,-1.111775011030855,berkeley
1995-08-01,ccanada_warm,1.1188490031937715,berkeley
1995-09-01,ccanada_warm,-0.1571719909788045,berkeley
1995-10-01,ccanada_warm,0.17721022119969634,berkeley
1995-11-01,ccanada_warm,-4.484201046447392,berkeley
1995-12-01,ccanada_warm,-0.1760789212554176,berkeley
1996-01-01,ccanada_warm,-2.1879960715008697,berkeley
1996-02-01,ccanada_warm,1.7914794420776448,berkeley
1996-03-01,ccanada_warm,-1.7066401733062733,berkeley
1996-04-01,ccanada_warm,-2.0143129840179617,berkeley
1996-05-01,ccanada_warm,-1.4473948501883045,berkeley
1996-06-01,ccanada_warm,1.789719572721218,berkeley
1996-07-01,ccanada_warm,0.9430485823750462,berkeley
1996-08-01,ccanada_warm,1.2484496319296159,berkeley
1996-09-01,ccanada_warm,2.60867194942729,berkeley
1996-10-01,ccanada_warm,-0.729476712052958,berkeley
1996-11-01,ccanada_warm,-1.7784726125606174,berkeley
1996-12-01,ccanada_warm,-0.01289153002552859,berkeley
1997-01-01,ccanada_warm,0.39320756859224965,berkeley
1997-02-01,ccanada_warm,1.5697471187181287,berkeley
1997-03-01,ccanada_warm,-1.0675426299929087,berkeley
1997-04-01,ccanada_warm,-0.6961730714540039,berkeley
1997-05-01,ccanada_warm,-2.2724740797156002,berkeley
1997-06-01,ccanada_warm,1.3290814745615418,berkeley
1997-07-01,ccanada_warm,1.3008749747595565,berkeley
1997-08-01,ccanada_warm,0.36730880305102054,berkeley
1997-09-01,ccanada_warm,1.7603885578473175,berkeley
1997-10-01,ccanada_warm,-1.3943854421469746,berkeley
1997-11-01,ccanada_warm,0.4287797035152737,berkeley
1997-12-01,ccanada_warm,5.452720982770842,berkeley
1998-01-01,ccanada_warm,0.6951083057866665,berkeley
1998-02-01,ccanada_warm,8.362969566135042,berkeley
1998-03-01,ccanada_warm,2.2190202461558703,berkeley
1998-04-01,ccanada_warm,4.060213612308065,berkeley
1998-05-01,ccanada_warm,2.5235764677162043,berkeley
1998-06-01,ccanada_warm,1.6108438043980349,berkeley
1998-07-01,ccanada_warm,1.2352017031923759,berkeley
1998-08-01,ccanada_warm,2.4545453073954113,berkeley
1998-09-01,ccanada_warm,2.1453927529276555,berkeley
1998-10-01,ccanada_warm,2.122442309074118,berkeley
1998-11-01,ccanada_warm,3.79701685926401,berkeley
1998-12-01,ccanada_warm,2.2779145672558614,berkeley
1999-01-01,ccanada_warm,1.8610760081140554,berkeley
1999-02-01,ccanada_warm,6.609389697347819,berkeley
1999-03-01,ccanada_warm,5.407627120964566,berkeley
1999-04-01,ccanada_warm,4.101286934068492,berkeley
1999-05-01,ccanada_warm,2.4300175307069853,berkeley
1999-06-01,ccanada_warm,1.4852738320619003,berkeley
1999-07-01,ccanada_warm,0.4556640570314276,berkeley
1999-08-01,ccanada_warm,0.5102826364090509,berkeley
1999-09-01,ccanada_warm,1.2591347772333068,berkeley
1999-10-01,ccanada_warm,-0.6838390704414847,berkeley
1999-11-01,ccanada_warm,3.2823965935669053,berkeley
1999-12-01,ccanada_warm,3.8300118274444808,berkeley
2000-01-01,ccanada_warm,2.181507207926108,berkeley
2000-02-01,ccanada_warm,5.392698104782575,berkeley
2000-03-01,ccanada_warm,6.076542289028676,berkeley
2000-04-01,ccanada_warm,-0.5155890297712574,berkeley
2000-05-01,ccanada_warm,0.4531929149002488,berkeley
2000-06-01,ccanada_warm,-1.7811158990260567,berkeley
2000-07-01,ccanada_warm,0.757818889480695,berkeley
2000-08-01,ccanada_warm,0.5776056092990045,berkeley
2000-09-01,ccanada_warm,-0.15961939380956308,berkeley
2000-10-01,ccanada_warm,1.1541861675690575,berkeley
2000-11-01,ccanada_warm,1.4395038138033573,berkeley
2000-12-01,ccanada_warm,-3.781763656521842,berkeley
2001-01-01,ccanada_warm,6.718915921750494,berkeley
2001-02-01,ccanada_warm,-0.18076513174695102,berkeley
2001-03-01,ccanada_warm,3.748015983914387,berkeley
2001-04-01,ccanada_warm,1.900579677833512,berkeley
2001-05-01,ccanada_warm,2.8716361896678095,berkeley
2001-06-01,ccanada_warm,0.7398108258052108,berkeley
2001-07-01,ccanada_warm,1.2814064086919452,berkeley
2001-08-01,ccanada_warm,1.5010075514287802,berkeley
2001-09-01,ccanada_warm,2.495249804970055,berkeley
2001-10-01,ccanada_warm,0.044989901393185365,berkeley
2001-11-01,ccanada_warm,3.159668426078854,berkeley
2001-12-01,ccanada_warm,5.247766937201353,berkeley
2002-01-01,ccanada_warm,2.882109326756948,berkeley
2002-02-01,ccanada_warm,1.8818956867299,berkeley
2002-03-01,ccanada_warm,-2.4600491946451686,berkeley
2002-04-01,ccanada_warm,-2.3231289672016713,berkeley
2002-05-01,ccanada_warm,-3.0558568874647087,berkeley
2002-06-01,ccanada_warm,0.6809909034010323,berkeley
2002-07-01,ccanada_warm,1.015595317275263,berkeley
2002-08-01,ccanada_warm,0.4075124204236669,berkeley
2002-09-01,ccanada_warm,1.5407839049749181,berkeley
2002-10-01,ccanada_warm,-2.9414838563546386,berkeley
2002-11-01,ccanada_warm,-1.0035111229740858,berkeley
2002-12-01,ccanada_warm,5.388354706447414,berkeley
2003-01-01,ccanada_warm,3.217864504809833,berkeley
2003-02-01,ccanada_warm,-3.853799684369023,berkeley
2003-03-01,ccanada_warm,-0.292958128565523,berkeley
2003-04-01,ccanada_warm,-0.37196402982420035,berkeley
2003-05-01,ccanada_warm,2.2707668860276335,berkeley
2003-06-01,ccanada_warm,0.6624022018233273,berkeley
2003-07-01,ccanada_warm,0.7043311003868522,berkeley
2003-08-01,ccanada_warm,2.158162323536602,berkeley
2003-09-01,ccanada_warm,1.7332134818317966,berkeley
2003-10-01,ccanada_warm,0.8297309088084188,berkeley
2003-11-01,ccanada_warm,0.8547193852416501,berkeley
2003-12-01,ccanada_warm,4.544207178715741,berkeley
2004-01-01,ccanada_warm,-2.9818703271796227,berkeley
2004-02-01,ccanada_warm,3.738422834471014,berkeley
2004-03-01,ccanada_warm,0.8303990492578077,berkeley
2004-04-01,ccanada_warm,-1.5615157075186963,berkeley
2004-05-01,ccanada_warm,-3.8911823927940543,berkeley
2004-06-01,ccanada_warm,-1.96090968767481,berkeley
2004-07-01,ccanada_warm,-0.2902245396573899,berkeley
2004-08-01,ccanada_warm,-2.12787810016358,berkeley
2004-09-01,ccanada_warm,1.6229579336183424,berkeley
2004-10-01,ccanada_warm,-0.6386201714925561,berkeley
2004-11-01,ccanada_warm,1.2443209929278316,berkeley
2004-12-01,ccanada_warm,-3.435794697774801,berkeley
2005-01-01,ccanada_warm,0.5988289908053761,berkeley
2005-02-01,ccanada_warm,1.9116740489910011,berkeley
2005-03-01,ccanada_warm,1.0435233869435976,berkeley
2005-04-01,ccanada_warm,4.191787553338002,berkeley
2005-05-01,ccanada_warm,0.14051884325474975,berkeley
2005-06-01,ccanada_warm,0.9769921805582779,berkeley
2005-07-01,ccanada_warm,0.6040592887864877,berkeley
2005-08-01,ccanada_warm,0.5857627168117394,berkeley
2005-09-01,ccanada_warm,1.2422003735239315,berkeley
2005-10-01,ccanada_warm,1.8454761520697178,berkeley
2005-11-01,ccanada_warm,2.011856988488597,berkeley
2005-12-01,ccanada_warm,3.795963013993676,berkeley
2006-01-01,ccanada_warm,7.853989835994639,berkeley
2006-02-01,ccanada_warm,2.3220503278852727,berkeley
2006-03-01,ccanada_warm,5.572910039878307,berkeley
2006-04-01,ccanada_warm,4.745045717804301,berkeley
2006-05-01,ccanada_warm,2.098305443033907,berkeley
2006-06-01,ccanada_warm,2.5668585993319626,berkeley
2006-07-01,ccanada_warm,0.7796785526769563,berkeley
2006-08-01,ccanada_warm,1.0628945578695503,berkeley
2006-09-01,ccanada_warm,1.5261573745706818,berkeley
2006-10-01,ccanada_warm,0.277782548189558,berkeley
2006-11-01,ccanada_warm,-0.6626233302435152,berkeley
2006-12-01,ccanada_warm,6.547235070942488,berkeley
2007-01-01,ccanada_warm,4.872386749488645,berkeley
2007-02-01,ccanada_warm,-0.859417224740327,berkeley
2007-03-01,ccanada_warm,1.0542450735557152,berkeley
2007-04-01,ccanada_warm,1.009022674697049,berkeley
2007-05-01,ccanada_warm,1.244052512450386,berkeley
2007-06-01,ccanada_warm,0.11875972163691463,berkeley
2007-07-01,ccanada_warm,1.6565028965729924,berkeley
2007-08-01,ccanada_warm,-0.44140741556021,berkeley
2007-09-01,ccanada_warm,-0.14596267973496727,berkeley
2007-10-01,ccanada_warm,1.9857247009564383,berkeley
2007-11-01,ccanada_warm,-0.807456921402418,berkeley
2007-12-01,ccanada_warm,-0.11810420886791007,berkeley
2008-01-01,ccanada_warm,4.011213871174812,berkeley
2008-02-01,ccanada_warm,-1.6578947297923332,berkeley
2008-03-01,ccanada_warm,-1.7790868845364873,berkeley
2008-04-01,ccanada_warm,-0.14720972896721796,berkeley
2008-05-01,ccanada_warm,-0.5172917348077261,berkeley
2008-06-01,ccanada_warm,0.5531935757829856,berkeley
2008-07-01,ccanada_warm,0.33698963247517766,berkeley
2008-08-01,ccanada_warm,1.8970168885877428,berkeley
2008-09-01,ccanada_warm,0.3262357989711277,berkeley
2008-10-01,ccanada_warm,1.8179585215006953,berkeley
2008-11-01,ccanada_warm,2.026729139668959,berkeley
2008-12-01,ccanada_warm,-3.912636412661498,berkeley
2009-01-01,ccanada_warm,1.8476579221569107,berkeley
2009-02-01,ccanada_warm,1.5066901174800285,berkeley
2009-03-01,ccanada_warm,-0.4817241702066251,berkeley
2009-04-01,ccanada_warm,1.0189808216986511,berkeley
2009-05-01,ccanada_warm,-3.32976089261406,berkeley
2009-06-01,ccanada_warm,-0.5719093615896408,berkeley
2009-07-01,ccanada_warm,-1.5813817792394635,berkeley
2009-08-01,ccanada_warm,-0.2928078458364572,berkeley
2009-09-01,ccanada_warm,4.221254801107808,berkeley
2009-10-01,ccanada_warm,-1.0831493536074444,berkeley
2009-11-01,ccanada_warm,5.269089313706159,berkeley
2009-12-01,ccanada_warm,0.6526290352137081,berkeley
2010-01-01,ccanada_warm,5.972265781210121,berkeley
2010-02-01,ccanada_warm,5.20009971853362,berkeley
2010-03-01,ccanada_warm,8.684676806615052,berkeley
2010-04-01,ccanada_warm,6.209453240897312,berkeley
2010-05-01,ccanada_warm,0.9831673955530221,berkeley
2010-06-01,ccanada_warm,0.763071159513216,berkeley
2010-07-01,ccanada_warm,1.6976165603126558,berkeley
2010-08-01,ccanada_warm,1.1606585917345247,berkeley
2010-09-01,ccanada_warm,0.5313364420756017,berkeley
2010-10-01,ccanada_warm,2.2989451304632498,berkeley
2010-11-01,ccanada_warm,2.975356831107473,berkeley
2010-12-01,ccanada_warm,4.0317846818662515,berkeley
2011-01-01,ccanada_warm,1.7043475672724175,berkeley
2011-02-01,ccanada_warm,1.844879428604427,berkeley
2011-03-01,ccanada_warm,-0.10849160324281079,berkeley
2011-04-01,ccanada_warm,-0.4745881896063362,berkeley
2011-05-01,ccanada_warm,0.5847737161562141,berkeley
2011-06-01,ccanada_warm,0.9465891659653107,berkeley
2011-07-01,ccanada_warm,1.7563669019539299,berkeley
2011-08-01,ccanada_warm,1.4913352425842779,berkeley
2011-09-01,ccanada_warm,3.1480587417512877,berkeley
2011-10-01,ccanada_warm,2.68560610671692,berkeley
2011-11-01,ccanada_warm,2.6924157223738265,berkeley
2011-12-01,ccanada_warm,4.0209103741894525,berkeley
2012-01-01,ccanada_warm,4.530100551687893,berkeley
2012-02-01,ccanada_warm,6.287851571449481,berkeley
2012-03-01,ccanada_warm,5.41150394229198,berkeley
2012-04-01,ccanada_warm,1.23817128292277,berkeley
2012-05-01,ccanada_warm,1.8070237516916943,berkeley
2012-06-01,ccanada_warm,1.7999125901021715,berkeley
2012-07-01,ccanada_warm,2.1623228003368027,berkeley
2012-08-01,ccanada_warm,1.2857980350935925,berkeley
2012-09-01,ccanada_warm,2.1900439287525133,berkeley
2012-10-01,ccanada_warm,-0.09993192987717,berkeley
2012-11-01,ccanada_warm,-0.6336058628304663,berkeley
2012-12-01,ccanada_warm,0.6617211340894896,berkeley
2013-01-01,ccanada_warm,0.9615169957496504,berkeley
2013-02-01,ccanada_warm,1.6611296885410005,berkeley
2013-03-01,ccanada_warm,1.0212875962727777,berkeley
2013-04-01,ccanada_warm,-2.5412672905450258,berkeley
2013-05-01,ccanada_warm,0.34653328396348154,berkeley
2013-06-01,ccanada_warm,2.2424056941260027,berkeley
2013-07-01,ccanada_warm,0.40197388866689293,berkeley
2013-08-01,ccanada_warm,1.2435458936487354,berkeley
2013-09-01,ccanada_warm,2.6510865212938404,berkeley
2013-10-01,ccanada_warm,0.893803828355733,berkeley
2013-11-01,ccanada_warm,-1.3835344435221038,berkeley
2013-12-01,ccanada_warm,-5.4435866128971035,berkeley
2014-01-01,ccanada_warm,0.43608596235301894,berkeley
2014-02-01,ccanada_warm,-0.9409613290317764,berkeley
2014-03-01,ccanada_warm,-2.930760714332132,berkeley
2014-04-01,ccanada_warm,-2.415757878588707,berkeley
2014-05-01,ccanada_warm,0.9818122963420808,berkeley
2014-06-01,ccanada_warm,1.7778908101956412,berkeley
2014-07-01,ccanada_warm,0.6129075337199931,berkeley
2014-08-01,ccanada_warm,0.7245316048278134,berkeley
2014-09-01,ccanada_warm,0.28316574717441684,berkeley
2014-10-01,ccanada_warm,0.8594503779850537,berkeley
2014-11-01,ccanada_warm,-3.449579261090045,berkeley
2014-12-01,ccanada_warm,3.6052469859691554,berkeley
2015-01-01,ccanada_warm,1.9008427812348765,berkeley
2015-02-01,ccanada_warm,-3.8054257492832284,berkeley
2015-03-01,ccanada_warm,1.5848902116809613,berkeley
2015-04-01,ccanada_warm,0.553797707034787,berkeley
2015-05-01,ccanada_warm,0.6261013435985983,berkeley
2015-06-01,ccanada_warm,1.2429192720345605,berkeley
2015-07-01,ccanada_warm,0.6238101490266704,berkeley
2015-08-01,ccanada_warm,0.8741395244007094,berkeley
2015-09-01,ccanada_warm,2.6138884816318053,berkeley
2015-10-01,ccanada_warm,0.26682337115385746,berkeley
2015-11-01,ccanada_warm,3.504772365527954,berkeley
2015-12-01,ccanada_warm,6.656343042599143,berkeley
2016-01-01,ccanada_warm,6.176488468441275,berkeley
2016-02-01,ccanada_warm,0.7932756940108099,berkeley
2016-03-01,ccanada_warm,3.321739253994786,berkeley
2016-04-01,ccanada_warm,-1.9277947598181533,berkeley
2016-05-01,ccanada_warm,2.297268598612647,berkeley
2016-06-01,ccanada_warm,1.2760723854523726,berkeley
2016-07-01,ccanada_warm,0.942828333696914,berkeley
2016-08-01,ccanada_warm,1.4014879473607251,berkeley
2016-09-01,ccanada_warm,2.6555615470908753,berkeley
2016-10-01,ccanada_warm,0.483276787206004,berkeley
2016-11-01,ccanada_warm,6.779535863049564,berkeley
2016-12-01,ccanada_warm,1.1870193100988204,berkeley
2017-01-01,ccanada_warm,7.430366653668398,berkeley
2017-02-01,ccanada_warm,4.487712546475616,berkeley
2017-03-01,ccanada_warm,1.904038724564383,berkeley
2017-04-01,ccanada_warm,0.10720811321324979,berkeley
2017-05-01,ccanada_warm,0.9960838689353618,berkeley
2017-06-01,ccanada_warm,0.8594549915704428,berkeley
2017-07-01,ccanada_warm,0.9845226628214223,berkeley
2017-08-01,ccanada_warm,1.4930236297229382,berkeley
2017-09-01,ccanada_warm,2.6840466458379124,berkeley
2017-10-01,ccanada_warm,0.7748966220644244,berkeley
2017-11-01,ccanada_warm,-1.9874020964727748,berkeley
2017-12-01,ccanada_warm,-0.4192536320941381,berkeley
2018-01-01,ccanada_warm,2.7657427192162105,berkeley
2018-02-01,ccanada_warm,-0.8098857592163788,berkeley
2018-03-01,ccanada_warm,2.3893385725737697,berkeley
2018-04-01,ccanada_warm,-2.4253632804586385,berkeley
2018-05-01,ccanada_warm,0.6325461220821912,berkeley
2018-06-01,ccanada_warm,1.726237856586359,berkeley
2018-07-01,ccanada_warm,1.4455992170623537,berkeley
2018-08-01,ccanada_warm,0.20456314245645102,berkeley
2018-09-01,ccanada_warm,-1.530016060410928,berkeley
2018-10-01,ccanada_warm,-2.5623099514866285,berkeley
2018-11-01,ccanada_warm,-2.739642458185902,berkeley
2018-12-01,ccanada_warm,3.865567407005415,berkeley
2019-01-01,ccanada_warm,-0.015471527925352103,berkeley
2019-02-01,ccanada_warm,-1.6557526621203418,berkeley
2019-03-01,ccanada_warm,3.777053768205501,berkeley
2019-04-01,ccanada_warm,0.3309965645720544,berkeley
2019-05-01,ccanada_warm,-0.9781218250240457,berkeley
2019-06-01,ccanada_warm,0.17332819682890843,berkeley
2019-07-01,ccanada_warm,0.5069524145509567,berkeley
2019-08-01,ccanada_warm,0.17991177289041327,berkeley
2019-09-01,ccanada_warm,1.561674412635507,berkeley
2019-10-01,ccanada_warm,0.7812894279750422,berkeley
2019-11-01,ccanada_warm,-0.49079778409945285,berkeley
2019-12-01,ccanada_warm,1.5027699074536216,berkeley
2020-01-01,ccanada_warm,6.18373132698502,berkeley
2020-02-01,ccanada_warm,2.0595823841478573,berkeley
2020-03-01,ccanada_warm,1.1518071613759946,berkeley
2020-04-01,ccanada_warm,-1.9964232409949483,berkeley
2020-05-01,ccanada_warm,-1.3017415000230235,berkeley
2020-06-01,ccanada_warm,0.5606318907651303,berkeley
2020-07-01,ccanada_warm,2.3030725089939983,berkeley
2020-08-01,ccanada_warm,1.5116642217227916,berkeley
2020-09-01,ccanada_warm,0.3434332884420494,berkeley
2020-10-01,ccanada_warm,-1.8439143394887902,berkeley
2020-11-01,ccanada_warm,0.030716530375415253,berkeley
2020-12-01,ccanada_warm,3.5224136873238523,berkeley
2021-01-01,ccanada_warm,8.101820659860149,berkeley
2021-02-01,ccanada_warm,-0.46060140354465445,berkeley
2021-03-01,ccanada_warm,3.712110123883866,berkeley
2021-04-01,ccanada_warm,0.6873431352722758,berkeley
2021-05-01,ccanada_warm,-0.6026286240043525,berkeley
2021-06-01,ccanada_warm,1.1335299619939092,berkeley
2021-07-01,ccanada_warm,1.1453585633215655,berkeley
2021-08-01,ccanada_warm,1.016967561744525,berkeley
2021-09-01,ccanada_warm,2.991180758245521,berkeley
2021-10-01,ccanada_warm,4.833451798674691,berkeley
2021-11-01,ccanada_warm,3.3333177346080594,berkeley
2021-12-01,ccanada_warm,-0.10850035560202294,berkeley
2022-01-01,ccanada_warm,-0.32014790266933624,berkeley
2022-02-01,ccanada_warm,-3.0862559268294762,berkeley
2022-03-01,ccanada_warm,1.748327047282767,berkeley
2022-04-01,ccanada_warm,-0.7546383659915056,berkeley
2022-05-01,ccanada_warm,0.8824050004547922,berkeley
2022-06-01,ccanada_warm,1.2474482498026875,berkeley
2022-07-01,ccanada_warm,1.0215490638203908,berkeley
2022-08-01,ccanada_warm,1.6630186949021863,berkeley
2022-09-01,ccanada_warm,2.9178521726444515,berkeley
2022-10-01,ccanada_warm,2.320960958611585,berkeley
2022-11-01,ccanada_warm,1.0387860280261794,berkeley
2022-12-01,ccanada_warm,0.9518456866974875,berkeley
2023-01-01,ccanada_warm,7.126695307209455,berkeley
2023-02-01,ccanada_warm,-0.5858125455742134,berkeley
2023-03-01,ccanada_warm,-0.5081418223308091,berkeley
2023-04-01,ccanada_warm,1.0602711667917817,berkeley
2023-05-01,ccanada_warm,4.950774926380387,berkeley
2023-06-01,ccanada_warm,3.523953954484877,berkeley
2023-07-01,ccanada_warm,0.5753107345261359,berkeley
2023-08-01,ccanada_warm,1.5602570947419094,berkeley
2023-09-01,ccanada_warm,4.687388815068277,berkeley
2023-10-01,ccanada_warm,2.6525193224859582,berkeley
2023-11-01,ccanada_warm,2.447839338706011,berkeley
2023-12-01,ccanada_warm,9.773197455571484,berkeley
2024-01-01,ccanada_warm,5.956293305854052,berkeley
2024-02-01,ccanada_warm,5.174592185021084,berkeley
2024-03-01,ccanada_warm,2.029639179947595,berkeley
2024-04-01,ccanada_warm,3.378227558863076,berkeley
2024-05-01,ccanada_warm,2.523042582628792,berkeley
2024-06-01,ccanada_warm,0.7703762838118228,berkeley
2024-07-01,ccanada_warm,2.188209703546432,berkeley
2024-08-01,ccanada_warm,2.512243167693868,berkeley
2024-09-01,ccanada_warm,5.356563749387303,berkeley
2024-10-01,ccanada_warm,2.4961460637558437,berkeley
2024-11-01,ccanada_warm,4.845885476337514,berkeley
2024-12-01,ccanada_warm,5.3160551467703305,berkeley
1950-01-01,box_ccanada,-6.834944644348114,berkeley
1950-02-01,box_ccanada,-1.7299046197021466,berkeley
1950-03-01,box_ccanada,-2.7153631010988977,berkeley
1950-04-01,box_ccanada,-3.9802544285632138,berkeley
1950-05-01,box_ccanada,-1.0065976159912322,berkeley
1950-06-01,box_ccanada,-2.6893012882073672,berkeley
1950-07-01,box_ccanada,-0.9633229740066642,berkeley
1950-08-01,box_ccanada,-1.8137356121371588,berkeley
1950-09-01,box_ccanada,0.9942004804827497,berkeley
1950-10-01,box_ccanada,-0.3839537306513148,berkeley
1950-11-01,box_ccanada,-1.5010050448269436,berkeley
1950-12-01,box_ccanada,-1.5379780651514725,berkeley
1951-01-01,box_ccanada,-0.04650242905573602,berkeley
1951-02-01,box_ccanada,0.9308615125198785,berkeley
1951-03-01,box_ccanada,-0.540345504360994,berkeley
1951-04-01,box_ccanada,0.5400020556044732,berkeley
1951-05-01,box_ccanada,1.9258422267065467,berkeley
1951-06-01,box_ccanada,-0.5763820093123133,berkeley
1951-07-01,box_ccanada,-0.8181881392982535,berkeley
1951-08-01,box_ccanada,-0.8356120000813306,berkeley
1951-09-01,box_ccanada,-0.7968379794503645,berkeley
1951-10-01,box_ccanada,-1.8094382187313627,berkeley
1951-11-01,box_ccanada,-2.897919040322556,berkeley
1951-12-01,box_ccanada,-1.7841073975221295,berkeley
1952-01-01,box_ccanada,-0.12388841456818314,berkeley
1952-02-01,box_ccanada,1.804257146062574,berkeley
1952-03-01,box_ccanada,0.8414121220317338,berkeley
1952-04-01,box_ccanada,4.450936186524213,berkeley
1952-05-01,box_ccanada,1.629426084931223,berkeley
1952-06-01,box_ccanada,0.050260940354703965,berkeley
1952-07-01,box_ccanada,-0.36940007249036155,berkeley
1952-08-01,box_ccanada,-0.33384977370094443,berkeley
1952-09-01,box_ccanada,0.7661608259473554,berkeley
1952-10-01,box_ccanada,-1.968693549652347,berkeley
1952-11-01,box_ccanada,1.416020333666211,berkeley
1952-12-01,box_ccanada,6.197581184947045,berkeley
1953-01-01,box_ccanada,1.0782903544082925,berkeley
1953-02-01,box_ccanada,2.4402989701271207,berkeley
1953-03-01,box_ccanada,2.312864152586771,berkeley
1953-04-01,box_ccanada,-0.27304164990094804,berkeley
1953-05-01,box_ccanada,-1.007711073242878,berkeley
1953-06-01,box_ccanada,-1.0768946242779733,berkeley
1953-07-01,box_ccanada,-0.35676838320356336,berkeley
1953-08-01,box_ccanada,2.0298245109459687,berkeley
1953-09-01,box_ccanada,-0.27624285902499707,berkeley
1953-10-01,box_ccanada,2.0575658928308456,berkeley
1953-11-01,box_ccanada,4.724210203859245,berkeley
1953-12-01,box_ccanada,1.2447546155978153,berkeley
1954-01-01,box_ccanada,-4.390411612674929,berkeley
1954-02-01,box_ccanada,6.579660081516138,berkeley
1954-03-01,box_ccanada,-1.0612756690618186,berkeley
1954-04-01,box_ccanada,-3.5281590780685352,berkeley
1954-05-01,box_ccanada,-2.177885818576923,berkeley
1954-06-01,box_ccanada,0.75785603493864,berkeley
1954-07-01,box_ccanada,0.7781511089317977,berkeley
1954-08-01,box_ccanada,-0.14742128362049695,berkeley
1954-09-01,box_ccanada,-0.03255099859567791,berkeley
1954-10-01,box_ccanada,0.42012266562028844,berkeley
1954-11-01,box_ccanada,2.823164820925643,berkeley
1954-12-01,box_ccanada,4.580601594068717,berkeley
1955-01-01,box_ccanada,1.3036962071276874,berkeley
1955-02-01,box_ccanada,-0.9918666719102752,berkeley
1955-03-01,box_ccanada,-4.442198945177314,berkeley
1955-04-01,box_ccanada,4.228869354864693,berkeley
1955-05-01,box_ccanada,1.7211364407991248,berkeley
1955-06-01,box_ccanada,2.713481841295429,berkeley
1955-07-01,box_ccanada,1.7423739858543912,berkeley
1955-08-01,box_ccanada,2.2004312475750205,berkeley
1955-09-01,box_ccanada,-0.11337146528971438,berkeley
1955-10-01,box_ccanada,1.2176141379632632,berkeley
1955-11-01,box_ccanada,-1.2629097556679174,berkeley
1955-12-01,box_ccanada,-2.120548601582114,berkeley
1956-01-01,box_ccanada,3.2393795815083095,berkeley
1956-02-01,box_ccanada,0.2766920481147812,berkeley
1956-03-01,box_ccanada,-2.016833968810398,berkeley
1956-04-01,box_ccanada,-2.2960593828284783,berkeley
1956-05-01,box_ccanada,-3.3594904036896556,berkeley
1956-06-01,box_ccanada,1.4456088330219081,berkeley
1956-07-01,box_ccanada,-0.7946481497606586,berkeley
1956-08-01,box_ccanada,-0.22127190571000627,berkeley
1956-09-01,box_ccanada,-2.2084213368163312,berkeley
1956-10-01,box_ccanada,1.4465862046892413,berkeley
1956-11-01,box_ccanada,0.27846162073674224,berkeley
1956-12-01,box_ccanada,-2.237044959851097,berkeley
1957-01-01,box_ccanada,-2.949325731936433,berkeley
1957-02-01,box_ccanada,0.32083249684190607,berkeley
1957-03-01,box_ccanada,1.7869045640059313,berkeley
1957-04-01,box_ccanada,-0.49934790846464144,berkeley
1957-05-01,box_ccanada,-0.758198387417997,berkeley
1957-06-01,box_ccanada,-1.3815967972036116,berkeley
1957-07-01,box_ccanada,1.073026493576599,berkeley
1957-08-01,box_ccanada,-0.36589253075010114,berkeley
1957-09-01,box_ccanada,0.536229918179004,berkeley
1957-10-01,box_ccanada,1.1106143100266128,berkeley
1957-11-01,box_ccanada,-0.7123828219230909,berkeley
1957-12-01,box_ccanada,1.042637793476837,berkeley
1958-01-01,box_ccanada,5.094224787571716,berkeley
1958-02-01,box_ccanada,-1.2821910662403286,berkeley
1958-03-01,box_ccanada,4.846508647118628,berkeley
1958-04-01,box_ccanada,1.3357064473212046,berkeley
1958-05-01,box_ccanada,-0.832231138944822,berkeley
1958-06-01,box_ccanada,-2.7718416896378706,berkeley
1958-07-01,box_ccanada,-1.0179217356756227,berkeley
1958-08-01,box_ccanada,-0.9308251507483913,berkeley
1958-09-01,box_ccanada,0.6197069824413953,berkeley
1958-10-01,box_ccanada,0.8703303827792486,berkeley
1958-11-01,box_ccanada,0.687310616738786,berkeley
1958-12-01,box_ccanada,-3.211174916173362,berkeley
1959-01-01,box_ccanada,-1.6145625806358137,berkeley
1959-02-01,box_ccanada,-1.0957286585803896,berkeley
1959-03-01,box_ccanada,1.6835295384525686,berkeley
1959-04-01,box_ccanada,-1.4928402261794003,berkeley
1959-05-01,box_ccanada,-1.2394624381551322,berkeley
1959-06-01,box_ccanada,-0.27406223293815757,berkeley
1959-07-01,box_ccanada,1.0507409424013838,berkeley
1959-08-01,box_ccanada,0.18179006977812978,berkeley
1959-09-01,box_ccanada,0.7789947959201333,berkeley
1959-10-01,box_ccanada,-3.251207308281371,berkeley
1959-11-01,box_ccanada,-4.4802617672832294,berkeley
1959-12-01,box_ccanada,5.158144333451425,berkeley
1960-01-01,box_ccanada,2.4000140872115736,berkeley
1960-02-01,box_ccanada,1.3770824293829929,berkeley
1960-03-01,box_ccanada,-3.142801041921429,berkeley
1960-04-01,box_ccanada,-1.2625405233919773,berkeley
1960-05-01,box_ccanada,1.3398351424999808,berkeley
1960-06-01,box_ccanada,0.24444581865078177,berkeley
1960-07-01,box_ccanada,0.03863982669971832,berkeley
1960-08-01,box_ccanada,1.1520997949262706,berkeley
1960-09-01,box_ccanada,0.834249026810754,berkeley
1960-10-01,box_ccanada,-0.1428840542554439,berkeley
1960-11-01,box_ccanada,-0.475970627394694,berkeley
1960-12-01,box_ccanada,-0.5219906354128935,berkeley
1961-01-01,box_ccanada,0.40494389258373636,berkeley
1961-02-01,box_ccanada,2.8698438411991454,berkeley
1961-03-01,box_ccanada,1.9042742969840305,berkeley
1961-04-01,box_ccanada,-1.1220590599460385,berkeley
1961-05-01,box_ccanada,-0.451377363787903,berkeley
1961-06-01,box_ccanada,0.42215044176367095,berkeley
1961-07-01,box_ccanada,0.32736250307912484,berkeley
1961-08-01,box_ccanada,1.3492064862582411,berkeley
1961-09-01,box_ccanada,-0.4921783542080644,berkeley
1961-10-01,box_ccanada,-0.6327084590337535,berkeley
1961-11-01,box_ccanada,1.36345950515386,berkeley
1961-12-01,box_ccanada,-0.6558863819586394,berkeley
1962-01-01,box_ccanada,-2.0587183098896586,berkeley
1962-02-01,box_ccanada,-4.394654004640636,berkeley
1962-03-01,box_ccanada,2.078593557190931,berkeley
1962-04-01,box_ccanada,-2.5002411517987806,berkeley
1962-05-01,box_ccanada,-0.4302108914119808,berkeley
1962-06-01,box_ccanada,1.1618513073780208,berkeley
1962-07-01,box_ccanada,-0.58710862433799,berkeley
1962-08-01,box_ccanada,-0.233265405891303,berkeley
1962-09-01,box_ccanada,0.1904757410894604,berkeley
1962-10-01,box_ccanada,1.9589472471526006,berkeley
1962-11-01,box_ccanada,1.548484251098013,berkeley
1962-12-01,box_ccanada,-0.12191377764120571,berkeley
1963-01-01,box_ccanada,-2.639781072429139,berkeley
1963-02-01,box_ccanada,-2.0897105064351815,berkeley
1963-03-01,box_ccanada,-1.1925804209298372,berkeley
1963-04-01,box_ccanada,0.9146900995783112,berkeley
1963-05-01,box_ccanada,-1.4422756770776983,berkeley
1963-06-01,box_ccanada,0.7678531377851633,berkeley
1963-07-01,box_ccanada,1.3440584732348864,berkeley
1963-08-01,box_ccanada,0.18958374416010848,berkeley
1963-09-01,box_ccanada,0.34127841565377404,berkeley
1963-10-01,box_ccanada,5.451311053384541,berkeley
1963-11-01,box_ccanada,2.1855459531196693,berkeley
1963-12-01,box_ccanada,-1.1542591683651902,berkeley
1964-01-01,box_ccanada,4.3583237837886,berkeley
1964-02-01,box_ccanada,2.697075558511502,berkeley
1964-03-01,box_ccanada,-5.071682600638418,berkeley
1964-04-01,box_ccanada,0.046954360587818676,berkeley
1964-05-01,box_ccanada,1.4247556215878654,berkeley
1964-06-01,box_ccanada,-0.9232262298124263,berkeley
1964-07-01,box_ccanada,0.9999623674113625,berkeley
1964-08-01,box_ccanada,-1.8405410601804044,berkeley
1964-09-01,box_ccanada,-0.812436710574076,berkeley
1964-10-01,box_ccanada,0.07976984908646852,berkeley
1964-11-01,box_ccanada,-0.3687335739675607,berkeley
1964-12-01,box_ccanada,-3.326270873814549,berkeley
1965-01-01,box_ccanada,-0.7239380665909141,berkeley
1965-02-01,box_ccanada,-3.797597143801251,berkeley
1965-03-01,box_ccanada,-3.6100961318696236,berkeley
1965-04-01,box_ccanada,0.4712748879095975,berkeley
1965-05-01,box_ccanada,-0.05041696037997602,berkeley
1965-06-01,box_ccanada,0.08253720622865755,berkeley
1965-07-01,box_ccanada,-1.9780252325938772,berkeley
1965-08-01,box_ccanada,-1.5101347807364498,berkeley
1965-09-01,box_ccanada,-2.746549987374759,berkeley
1965-10-01,box_ccanada,0.39679329762054694,berkeley
1965-11-01,box_ccanada,-1.9236171004940688,berkeley
1965-12-01,box_ccanada,3.895289625464704,berkeley
1966-01-01,box_ccanada,-3.349818781152253,berkeley
1966-02-01,box_ccanada,0.333100568384361,berkeley
1966-03-01,box_ccanada,2.328063324043978,berkeley
1966-04-01,box_ccanada,-1.2476005113297437,berkeley
1966-05-01,box_ccanada,-1.9777974059565004,berkeley
1966-06-01,box_ccanada,0.5681451188341587,berkeley
1966-07-01,box_ccanada,0.9075734344400491,berkeley
1966-08-01,box_ccanada,0.09906254193440496,berkeley
1966-09-01,box_ccanada,1.911207651853873,berkeley
1966-10-01,box_ccanada,-0.9014771676507224,berkeley
1966-11-01,box_ccanada,-5.149538146009978,berkeley
1966-12-01,box_ccanada,-0.858063010056788,berkeley
1967-01-01,box_ccanada,0.4742992938132708,berkeley
1967-02-01,box_ccanada,-4.905730673756566,berkeley
1967-03-01,box_ccanada,-1.4201073826149553,berkeley
1967-04-01,box_ccanada,-3.8582826189495614,berkeley
1967-05-01,box_ccanada,-2.814341136743331,berkeley
1967-06-01,box_ccanada,-0.04781947796982359,berkeley
1967-07-01,box_ccanada,-0.5179537017652827,berkeley
1967-08-01,box_ccanada,0.13476177036386605,berkeley
1967-09-01,box_ccanada,3.061040192100248,berkeley
1967-10-01,box_ccanada,-0.8500230287577347,berkeley
1967-11-01,box_ccanada,-0.2504984422977977,berkeley
1967-12-01,box_ccanada,2.769731075855467,berkeley
1968-01-01,box_ccanada,0.06837012521015866,berkeley
1968-02-01,box_ccanada,-0.650503798150856,berkeley
1968-03-01,box_ccanada,3.5458797174502155,berkeley
1968-04-01,box_ccanada,0.8209828270161292,berkeley
1968-05-01,box_ccanada,0.1588725797043816,berkeley
1968-06-01,box_ccanada,-0.9587698300331565,berkeley
1968-07-01,box_ccanada,-1.9392666342440557,berkeley
1968-08-01,box_ccanada,-1.9841879008829855,berkeley
1968-09-01,box_ccanada,3.035877815432405,berkeley
1968-10-01,box_ccanada,0.9787998359904748,berkeley
1968-11-01,box_ccanada,0.9600974039980676,berkeley
1968-12-01,box_ccanada,0.6019694078094799,berkeley
1969-01-01,box_ccanada,0.5631492835752646,berkeley
1969-02-01,box_ccanada,3.288195854536525,berkeley
1969-03-01,box_ccanada,-0.9971193496554127,berkeley
1969-04-01,box_ccanada,1.9498013346732115,berkeley
1969-05-01,box_ccanada,-1.7379663639474003,berkeley
1969-06-01,box_ccanada,-3.8213728322668197,berkeley
1969-07-01,box_ccanada,-0.3166775143364749,berkeley
1969-08-01,box_ccanada,2.197291417561633,berkeley
1969-09-01,box_ccanada,-0.8002804873592979,berkeley
1969-10-01,box_ccanada,-2.6607924918881927,berkeley
1969-11-01,box_ccanada,1.0664313378381431,berkeley
1969-12-01,box_ccanada,4.441591930344204,berkeley
1970-01-01,box_ccanada,0.27238876321409194,berkeley
1970-02-01,box_ccanada,-2.2361573033668973,berkeley
1970-03-01,box_ccanada,-0.5246511103623365,berkeley
1970-04-01,box_ccanada,-1.112443203694288,berkeley
1970-05-01,box_ccanada,-2.0440107595025876,berkeley
1970-06-01,box_ccanada,1.419712528562846,berkeley
1970-07-01,box_ccanada,1.3027558638876333,berkeley
1970-08-01,box_ccanada,0.8534078940238659,berkeley
1970-09-01,box_ccanada,0.5628342966094094,berkeley
1970-10-01,box_ccanada,0.9814486991643633,berkeley
1970-11-01,box_ccanada,0.25735324716899494,berkeley
1970-12-01,box_ccanada,-3.40473939841032,berkeley
1971-01-01,box_ccanada,-0.916133221506521,berkeley
1971-02-01,box_ccanada,2.7630685133940407,berkeley
1971-03-01,box_ccanada,0.4733008672520277,berkeley
1971-04-01,box_ccanada,0.5875375392803441,berkeley
1971-05-01,box_ccanada,0.28694900651122224,berkeley
1971-06-01,box_ccanada,0.7826420494054976,berkeley
1971-07-01,box_ccanada,-1.9414307438239802,berkeley
1971-08-01,box_ccanada,0.14492677555639483,berkeley
1971-09-01,box_ccanada,1.559630702628602,berkeley
1971-10-01,box_ccanada,1.6694776761240706,berkeley
1971-11-01,box_ccanada,-0.09927000340967637,berkeley
1971-12-01,box_ccanada,-0.11796164717996492,berkeley
1972-01-01,box_ccanada,-3.5048278656873135,berkeley
1972-02-01,box_ccanada,-4.407375078230716,berkeley
1972-03-01,box_ccanada,-0.5678294570108438,berkeley
1972-04-01,box_ccanada,-0.7831940084949578,berkeley
1972-05-01,box_ccanada,2.0616261796733086,berkeley
1972-06-01,box_ccanada,0.6636085780103057,berkeley
1972-07-01,box_ccanada,-1.8367488903297704,berkeley
1972-08-01,box_ccanada,0.19965307245327427,berkeley
1972-09-01,box_ccanada,-2.252936840671563,berkeley
1972-10-01,box_ccanada,-3.2185668168135826,berkeley
1972-11-01,box_ccanada,-1.7798959542059691,berkeley
1972-12-01,box_ccanada,-5.320856496778092,berkeley
1973-01-01,box_ccanada,4.732066699207411,berkeley
1973-02-01,box_ccanada,-0.2947901555190777,berkeley
1973-03-01,box_ccanada,6.933656068846798,berkeley
1973-04-01,box_ccanada,-0.9233972306351816,berkeley
1973-05-01,box_ccanada,0.7113055385532701,berkeley
1973-06-01,box_ccanada,-0.2928724945949074,berkeley
1973-07-01,box_ccanada,0.08211432260032228,berkeley
1973-08-01,box_ccanada,2.640500730415368,berkeley
1973-09-01,box_ccanada,0.4275696743692977,berkeley
1973-10-01,box_ccanada,2.1064173246026727,berkeley
1973-11-01,box_ccanada,-0.5734904660648126,berkeley
1973-12-01,box_ccanada,-1.8688735567235204,berkeley
1974-01-01,box_ccanada,-3.5438566683328996,berkeley
1974-02-01,box_ccanada,-1.7838145413296507,berkeley
1974-03-01,box_ccanada,-3.7034342846913826,berkeley
1974-04-01,box_ccanada,-1.1580507444059842,berkeley
1974-05-01,box_ccanada,-2.094793401881302,berkeley
1974-06-01,box_ccanada,0.15727467729514888,berkeley
1974-07-01,box_ccanada,1.1875573004879776,berkeley
1974-08-01,box_ccanada,-0.7687637195021498,berkeley
1974-09-01,box_ccanada,-2.831594686581271,berkeley
1974-10-01,box_ccanada,-1.9625105635981854,berkeley
1974-11-01,box_ccanada,2.5681787989013767,berkeley
1974-12-01,box_ccanada,5.167692474337194,berkeley
1975-01-01,box_ccanada,0.9820790829973703,berkeley
1975-02-01,box_ccanada,0.9995884940264668,berkeley
1975-03-01,box_ccanada,-1.2653537929636833,berkeley
1975-04-01,box_ccanada,-0.48873979692894326,berkeley
1975-05-01,box_ccanada,1.830862723134149,berkeley
1975-06-01,box_ccanada,1.187752724965921,berkeley
1975-07-01,box_ccanada,1.3249002557699558,berkeley
1975-08-01,box_ccanada,-0.25218955127509646,berkeley
1975-09-01,box_ccanada,-0.47807781546801714,berkeley
1975-10-01,box_ccanada,0.3890145046376641,berkeley
1975-11-01,box_ccanada,2.066068708349148,berkeley
1975-12-01,box_ccanada,-0.9610306463565201,berkeley
1976-01-01,box_ccanada,0.165779500531087,berkeley
1976-02-01,box_ccanada,1.9791609019119436,berkeley
1976-03-01,box_ccanada,-2.015639067239072,berkeley
1976-04-01,box_ccanada,3.028791439134573,berkeley
1976-05-01,box_ccanada,1.028187957727848,berkeley
1976-06-01,box_ccanada,1.637367177586417,berkeley
1976-07-01,box_ccanada,0.5316679201894825,berkeley
1976-08-01,box_ccanada,1.0431911938043832,berkeley
1976-09-01,box_ccanada,0.7034892850119313,berkeley
1976-10-01,box_ccanada,-1.7473304024487835,berkeley
1976-11-01,box_ccanada,-1.180422105941079,berkeley
1976-12-01,box_ccanada,-5.45955006453427,berkeley
1977-01-01,box_ccanada,0.21981407938285522,berkeley
1977-02-01,box_ccanada,3.683289410606455,berkeley
1977-03-01,box_ccanada,4.945927230826283,berkeley
1977-04-01,box_ccanada,2.83719345366088,berkeley
1977-05-01,box_ccanada,4.920505324761883,berkeley
1977-06-01,box_ccanada,0.4825575497852402,berkeley
1977-07-01,box_ccanada,-0.3573129727882836,berkeley
1977-08-01,box_ccanada,-2.684724369831183,berkeley
1977-09-01,box_ccanada,0.7178808387418036,berkeley
1977-10-01,box_ccanada,2.1432043171073896,berkeley
1977-11-01,box_ccanada,1.3152513598489204,berkeley
1977-12-01,box_ccanada,-1.4339004752147122,berkeley
1978-01-01,box_ccanada,-0.07720133999526409,berkeley
1978-02-01,box_ccanada,1.2158626302575437,berkeley
1978-03-01,box_ccanada,-1.074108552940491,berkeley
1978-04-01,box_ccanada,-0.8724104620152677,berkeley
1978-05-01,box_ccanada,1.820591777535076,berkeley
1978-06-01,box_ccanada,-1.4382663198345778,berkeley
1978-07-01,box_ccanada,-1.0140381351964125,berkeley
1978-08-01,box_ccanada,-1.2496676741926687,berkeley
1978-09-01,box_ccanada,-0.21931881826915328,berkeley
1978-10-01,box_ccanada,-0.45421741497626156,berkeley
1978-11-01,box_ccanada,-2.5690510912430073,berkeley
1978-12-01,box_ccanada,-2.3477524264914424,berkeley
1979-01-01,box_ccanada,-0.6702550042790031,berkeley
1979-02-01,box_ccanada,-5.935953715643849,berkeley
1979-03-01,box_ccanada,-0.47787486674158197,berkeley
1979-04-01,box_ccanada,-1.2850299130444256,berkeley
1979-05-01,box_ccanada,-1.613266456655655,berkeley
1979-06-01,box_ccanada,-0.11341165392311427,berkeley
1979-07-01,box_ccanada,1.0160515390600329,berkeley
1979-08-01,box_ccanada,-1.522299023606189,berkeley
1979-09-01,box_ccanada,-0.5282629449731434,berkeley
1979-10-01,box_ccanada,-1.6172569452739465,berkeley
1979-11-01,box_ccanada,-0.017529972169605786,berkeley
1979-12-01,box_ccanada,4.69229388161482,berkeley
1980-01-01,box_ccanada,1.2524015524281369,berkeley
1980-02-01,box_ccanada,0.3072028995853625,berkeley
1980-03-01,box_ccanada,-0.5569819724852041,berkeley
1980-04-01,box_ccanada,3.4906975262106816,berkeley
1980-05-01,box_ccanada,3.17153905179053,berkeley
1980-06-01,box_ccanada,-0.8685897578737217,berkeley
1980-07-01,box_ccanada,0.13855260682886142,berkeley
1980-08-01,box_ccanada,0.46491488787575536,berkeley
1980-09-01,box_ccanada,-1.4575648851271308,berkeley
1980-10-01,box_ccanada,-2.0609109692895746,berkeley
1980-11-01,box_ccanada,0.48145271155520175,berkeley
1980-12-01,box_ccanada,-2.8863634719178997,berkeley
1981-01-01,box_ccanada,5.3239791712291185,berkeley
1981-02-01,box_ccanada,5.520545737948482,berkeley
1981-03-01,box_ccanada,5.742600302227436,berkeley
1981-04-01,box_ccanada,-1.1461580026442386,berkeley
1981-05-01,box_ccanada,0.06008818736994157,berkeley
1981-06-01,box_ccanada,-0.6145197181878392,berkeley
1981-07-01,box_ccanada,1.19989607876443,berkeley
1981-08-01,box_ccanada,2.139489318647977,berkeley
1981-09-01,box_ccanada,0.2574535716585319,berkeley
1981-10-01,box_ccanada,-0.9306172493437956,berkeley
1981-11-01,box_ccanada,4.7386961081943655,berkeley
1981-12-01,box_ccanada,2.151031314104342,berkeley
1982-01-01,box_ccanada,-5.248594930923465,berkeley
1982-02-01,box_ccanada,-0.5730587885163031,berkeley
1982-03-01,box_ccanada,-0.11726982840435783,berkeley
1982-04-01,box_ccanada,-2.4238797433803723,berkeley
1982-05-01,box_ccanada,1.9882976000966426,berkeley
1982-06-01,box_ccanada,-2.2441645267574186,berkeley
1982-07-01,box_ccanada,-0.1443650570423946,berkeley
1982-08-01,box_ccanada,-1.6090242440509215,berkeley
1982-09-01,box_ccanada,0.46291975965729687,berkeley
1982-10-01,box_ccanada,0.9849702978514671,berkeley
1982-11-01,box_ccanada,-1.8745436034999903,berkeley
1982-12-01,box_ccanada,1.2541600304806224,berkeley
1983-01-01,box_ccanada,4.140475357639042,berkeley
1983-02-01,box_ccanada,2.1329568638977285,berkeley
1983-03-01,box_ccanada,1.2573963238311812,berkeley
1983-04-01,box_ccanada,-0.7991936148186576,berkeley
1983-05-01,box_ccanada,-3.6137796625228837,berkeley
1983-06-01,box_ccanada,0.6771271168413887,berkeley
1983-07-01,box_ccanada,1.5452184333589172,berkeley
1983-08-01,box_ccanada,3.1438023871421175,berkeley
1983-09-01,box_ccanada,1.4455862232234298,berkeley
1983-10-01,box_ccanada,0.982358397130811,berkeley
1983-11-01,box_ccanada,3.772095724423561,berkeley
1983-12-01,box_ccanada,-4.712845745528268,berkeley
1984-01-01,box_ccanada,-0.3081995371589653,berkeley
1984-02-01,box_ccanada,7.304197411149502,berkeley
1984-03-01,box_ccanada,-0.35269395126928427,berkeley
1984-04-01,box_ccanada,4.730362305753529,berkeley
1984-05-01,box_ccanada,-0.6479848057681451,berkeley
1984-06-01,box_ccanada,0.8481358018980294,berkeley
1984-07-01,box_ccanada,0.5785751297127348,berkeley
1984-08-01,box_ccanada,2.7574677500987685,berkeley
1984-09-01,box_ccanada,-1.4339314668954997,berkeley
1984-10-01,box_ccanada,0.7714538746053379,berkeley
1984-11-01,box_ccanada,-0.4039483552707422,berkeley
1984-12-01,box_ccanada,-3.0267832844693134,berkeley
1985-01-01,box_ccanada,1.781203719521833,berkeley
1985-02-01,box_ccanada,-1.544223405169343,berkeley
1985-03-01,box_ccanada,3.24526966689892,berkeley
1985-04-01,box_ccanada,0.9514556248374789,berkeley
1985-05-01,box_ccanada,1.0718143044331487,berkeley
1985-06-01,box_ccanada,-1.597281160768135,berkeley
1985-07-01,box_ccanada,-1.3465936460284875,berkeley
1985-08-01,box_ccanada,-0.8583081442817942,berkeley
1985-09-01,box_ccanada,-0.31018758963268933,berkeley
1985-10-01,box_ccanada,-0.14392140267211592,berkeley
1985-11-01,box_ccanada,-4.929674918287927,berkeley
1985-12-01,box_ccanada,-1.9891482185431901,berkeley
1986-01-01,box_ccanada,3.0834798321216312,berkeley
1986-02-01,box_ccanada,0.9612136616099105,berkeley
1986-03-01,box_ccanada,2.3018709042305177,berkeley
1986-04-01,box_ccanada,1.6423705420991197,berkeley
1986-05-01,box_ccanada,2.6544042322985244,berkeley
1986-06-01,box_ccanada,-1.2128281376141068,berkeley
1986-07-01,box_ccanada,-0.678568334860922,berkeley
1986-08-01,box_ccanada,-0.49902766291683814,berkeley
1986-09-01,box_ccanada,-1.3121358586270047,berkeley
1986-10-01,box_ccanada,-0.9514473571304252,berkeley
1986-11-01,box_ccanada,-5.303575714292242,berkeley
1986-12-01,box_ccanada,4.54475086543481,berkeley
1987-01-01,box_ccanada,6.543680314627141,berkeley
1987-02-01,box_ccanada,5.753423213391041,berkeley
1987-03-01,box_ccanada,4.165494549724722,berkeley
1987-04-01,box_ccanada,4.5566842047205585,berkeley
1987-05-01,box_ccanada,2.0345125054677626,berkeley
1987-06-01,box_ccanada,1.570428997089974,berkeley
1987-07-01,box_ccanada,-0.1532700568755444,berkeley
1987-08-01,box_ccanada,-1.085739608771074,berkeley
1987-09-01,box_ccanada,2.0954247723553974,berkeley
1987-10-01,box_ccanada,-1.6204932092721622,berkeley
1987-11-01,box_ccanada,2.1412352064143882,berkeley
1987-12-01,box_ccanada,6.072535237048014,berkeley
1988-01-01,box_ccanada,-0.3335550480898199,berkeley
1988-02-01,box_ccanada,-2.0523205513107965,berkeley
1988-03-01,box_ccanada,1.2797314147074916,berkeley
1988-04-01,box_ccanada,1.3093349276225938,berkeley
1988-05-01,box_ccanada,1.6185321154131973,berkeley
1988-06-01,box_ccanada,2.233465063742379,berkeley
1988-07-01,box_ccanada,1.2054367373130925,berkeley
1988-08-01,box_ccanada,1.4002601055613761,berkeley
1988-09-01,box_ccanada,0.8882614621506122,berkeley
1988-10-01,box_ccanada,-1.4013907853616703,berkeley
1988-11-01,box_ccanada,1.213269415315477,berkeley
1988-12-01,box_ccanada,-0.6169819162022269,berkeley
1989-01-01,box_ccanada,2.4619282956292827,berkeley
1989-02-01,box_ccanada,-1.0663916824839272,berkeley
1989-03-01,box_ccanada,-3.1295591703244603,berkeley
1989-04-01,box_ccanada,-1.0533192903728377,berkeley
1989-05-01,box_ccanada,1.3056866883750962,berkeley
1989-06-01,box_ccanada,-0.3440591496359565,berkeley
1989-07-01,box_ccanada,2.1830435851835044,berkeley
1989-08-01,box_ccanada,0.35227266280968644,berkeley
1989-09-01,box_ccanada,1.1948035570921265,berkeley
1989-10-01,box_ccanada,0.23436132677830152,berkeley
1989-11-01,box_ccanada,-4.757650807375994,berkeley
1989-12-01,box_ccanada,-5.546135602163925,berkeley
1990-01-01,box_ccanada,3.731065512193395,berkeley
1990-02-01,box_ccanada,-0.5848450904393409,berkeley
1990-03-01,box_ccanada,4.352032106807184,berkeley
1990-04-01,box_ccanada,-0.9096065459623978,berkeley
1990-05-01,box_ccanada,-0.24734608474862144,berkeley
1990-06-01,box_ccanada,0.20387626584948793,berkeley
1990-07-01,box_ccanada,0.33759400178758886,berkeley
1990-08-01,box_ccanada,1.0009661157444,berkeley
1990-09-01,box_ccanada,0.14444463775116376,berkeley
1990-10-01,box_ccanada,-1.6143993141817026,berkeley
1990-11-01,box_ccanada,0.7047131303682247,berkeley
1990-12-01,box_ccanada,-3.115667278288275,berkeley
1991-01-01,box_ccanada,-1.8837941281115698,berkeley
1991-02-01,box_ccanada,3.7809608455535955,berkeley
1991-03-01,box_ccanada,2.2729217887543567,berkeley
1991-04-01,box_ccanada,2.8294049156744663,berkeley
1991-05-01,box_ccanada,2.314126538803251,berkeley
1991-06-01,box_ccanada,2.514536894694211,berkeley
1991-07-01,box_ccanada,0.6799036089163318,berkeley
1991-08-01,box_ccanada,2.2242605023950572,berkeley
1991-09-01,box_ccanada,-0.3662955989084951,berkeley
1991-10-01,box_ccanada,-2.9818424166039237,berkeley
1991-11-01,box_ccanada,-2.991232280997343,berkeley
1991-12-01,box_ccanada,0.6230279551277564,berkeley
1992-01-01,box_ccanada,4.672158408463939,berkeley
1992-02-01,box_ccanada,1.7768845109190725,berkeley
1992-03-01,box_ccanada,1.226316442043589,berkeley
1992-04-01,box_ccanada,-1.4545792991612767,berkeley
1992-05-01,box_ccanada,0.2774436551860558,berkeley
1992-06-01,box_ccanada,-2.4624779764789624,berkeley
1992-07-01,box_ccanada,-2.8279873787628667,berkeley
1992-08-01,box_ccanada,-0.8527782288711703,berkeley
1992-09-01,box_ccanada,-0.6857528623167363,berkeley
1992-10-01,box_ccanada,-1.1257279713489092,berkeley
1992-11-01,box_ccanada,0.9207638046685517,berkeley
1992-12-01,box_ccanada,-0.2898874935425476,berkeley
1993-01-01,box_ccanada,3.8181771547192644,berkeley
1993-02-01,box_ccanada,-0.17775000697464569,berkeley
1993-03-01,box_ccanada,3.4535959134182446,berkeley
1993-04-01,box_ccanada,0.806258656801656,berkeley
1993-05-01,box_ccanada,1.0635859503975045,berkeley
1993-06-01,box_ccanada,-0.25882622200901867,berkeley
1993-07-01,box_ccanada,-0.44900218347946025,berkeley
1993-08-01,box_ccanada,0.6565406295046251,berkeley
1993-09-01,box_ccanada,-2.0274840497979816,berkeley
1993-10-01,box_ccanada,-3.015572884753753,berkeley
1993-11-01,box_ccanada,-2.0903271981722193,berkeley
1993-12-01,box_ccanada,1.0618633409891722,berkeley
1994-01-01,box_ccanada,-5.509646209936032,berkeley
1994-02-01,box_ccanada,-3.666745235009557,berkeley
1994-03-01,box_ccanada,3.565018363763322,berkeley
1994-04-01,box_ccanada,-1.3645498200369506,berkeley
1994-05-01,box_ccanada,0.5321596349379658,berkeley
1994-06-01,box_ccanada,1.9698885846796594,berkeley
1994-07-01,box_ccanada,-0.3940053206453265,berkeley
1994-08-01,box_ccanada,-0.9591999978060436,berkeley
1994-09-01,box_ccanada,2.4850462548633168,berkeley
1994-10-01,box_ccanada,2.22043497239974,berkeley
1994-11-01,box_ccanada,2.8485130908642278,berkeley
1994-12-01,box_ccanada,5.265326757863128,berkeley
1995-01-01,box_ccanada,4.480394503063749,berkeley
1995-02-01,box_ccanada,-0.7126501919375546,berkeley
1995-03-01,box_ccanada,2.741496280003553,berkeley
1995-04-01,box_ccanada,-2.1421999929186155,berkeley
1995-05-01,box_ccanada,0.09706588396494391,berkeley
1995-06-01,box_ccanada,3.2308444091319513,berkeley
1995-07-01,box_ccanada,-0.6964038079755571,berkeley
1995-08-01,box_ccanada,1.6228703043333614,berkeley
1995-09-01,box_ccanada,-0.03634551592591055,berkeley
1995-10-01,box_ccanada,-0.2588530834435817,berkeley
1995-11-01,box_ccanada,-5.412260116125878,berkeley
1995-12-01,box_ccanada,-0.5944179267984311,berkeley
1996-01-01,box_ccanada,-2.6644759310498296,berkeley
1996-02-01,box_ccanada,1.1478247766298615,berkeley
1996-03-01,box_ccanada,-2.1862045992765484,berkeley
1996-04-01,box_ccanada,-2.771751647284614,berkeley
1996-05-01,box_ccanada,-1.8605142229289755,berkeley
1996-06-01,box_ccanada,1.6309658502570437,berkeley
1996-07-01,box_ccanada,0.22826918841852453,berkeley
1996-08-01,box_ccanada,1.6993653801930853,berkeley
1996-09-01,box_ccanada,2.120816911219005,berkeley
1996-10-01,box_ccanada,-0.7802271958236842,berkeley
1996-11-01,box_ccanada,-2.9156591104905383,berkeley
1996-12-01,box_ccanada,-0.706514903820095,berkeley
1997-01-01,box_ccanada,-0.024487209759716855,berkeley
1997-02-01,box_ccanada,1.2786756002863833,berkeley
1997-03-01,box_ccanada,-1.2643005701166081,berkeley
1997-04-01,box_ccanada,-1.3168465710572388,berkeley
1997-05-01,box_ccanada,-2.5929098046030523,berkeley
1997-06-01,box_ccanada,1.5327609769663693,berkeley
1997-07-01,box_ccanada,1.069152597368814,berkeley
1997-08-01,box_ccanada,0.21793851986758989,berkeley
1997-09-01,box_ccanada,1.8603297764171103,berkeley
1997-10-01,box_ccanada,-1.022821963682443,berkeley
1997-11-01,box_ccanada,-0.7542582865643372,berkeley
1997-12-01,box_ccanada,6.05606137501065,berkeley
1998-01-01,box_ccanada,1.9191157529926504,berkeley
1998-02-01,box_ccanada,9.743485862068608,berkeley
1998-03-01,box_ccanada,2.060245885039223,berkeley
1998-04-01,box_ccanada,3.9810687327686036,berkeley
1998-05-01,box_ccanada,2.1312925409998638,berkeley
1998-06-01,box_ccanada,1.0098959998479289,berkeley
1998-07-01,box_ccanada,0.6644267718869535,berkeley
1998-08-01,box_ccanada,2.357389912337825,berkeley
1998-09-01,box_ccanada,2.083428898792033,berkeley
1998-10-01,box_ccanada,1.3469332131474356,berkeley
1998-11-01,box_ccanada,2.490688841248619,berkeley
1998-12-01,box_ccanada,1.6184222293326405,berkeley
1999-01-01,box_ccanada,1.6358504686825563,berkeley
1999-02-01,box_ccanada,6.366589725294329,berkeley
1999-03-01,box_ccanada,4.740549012445302,berkeley
1999-04-01,box_ccanada,4.147529995191298,berkeley
1999-05-01,box_ccanada,2.7641884807401973,berkeley
1999-06-01,box_ccanada,1.3842431885932767,berkeley
1999-07-01,box_ccanada,0.6957117821386903,berkeley
1999-08-01,box_ccanada,0.6685034462059584,berkeley
1999-09-01,box_ccanada,0.928632815312412,berkeley
1999-10-01,box_ccanada,-1.098447685743803,berkeley
1999-11-01,box_ccanada,3.401689887518834,berkeley
1999-12-01,box_ccanada,4.483373250400535,berkeley
2000-01-01,box_ccanada,1.8223955055204066,berkeley
2000-02-01,box_ccanada,5.606318148004312,berkeley
2000-03-01,box_ccanada,6.792883755540689,berkeley
2000-04-01,box_ccanada,-0.3423051657455281,berkeley
2000-05-01,box_ccanada,0.6004687345504559,berkeley
2000-06-01,box_ccanada,-2.2685768543206444,berkeley
2000-07-01,box_ccanada,0.163280715698134,berkeley
2000-08-01,box_ccanada,0.6509792243973195,berkeley
2000-09-01,box_ccanada,-0.16932230927380668,berkeley
2000-10-01,box_ccanada,1.4653934958759784,berkeley
2000-11-01,box_ccanada,1.1695119398109808,berkeley
2000-12-01,box_ccanada,-4.695748505906053,berkeley
2001-01-01,box_ccanada,6.906511668533111,berkeley
2001-02-01,box_ccanada,-1.246086723521574,berkeley
2001-03-01,box_ccanada,3.278286964778604,berkeley
2001-04-01,box_ccanada,2.324050133513343,berkeley
2001-05-01,box_ccanada,3.1948143167069123,berkeley
2001-06-01,box_ccanada,0.3983991695571407,berkeley
2001-07-01,box_ccanada,0.9448539373032169,berkeley
2001-08-01,box_ccanada,2.0051217443884055,berkeley
2001-09-01,box_ccanada,2.052837223418861,berkeley
2001-10-01,box_ccanada,-0.18505205912631273,berkeley
2001-11-01,box_ccanada,4.018492756563012,berkeley
2001-12-01,box_ccanada,5.389272215888401,berkeley
2002-01-01,box_ccanada,2.9680079018285483,berkeley
2002-02-01,box_ccanada,2.6013335844922616,berkeley
2002-03-01,box_ccanada,-2.9967795709469938,berkeley
2002-04-01,box_ccanada,-2.009476265556522,berkeley
2002-05-01,box_ccanada,-3.0195399524162023,berkeley
2002-06-01,box_ccanada,0.7850120165623601,berkeley
2002-07-01,box_ccanada,1.5194238663022241,berkeley
2002-08-01,box_ccanada,0.6737116222713845,berkeley
2002-09-01,box_ccanada,1.685208417654255,berkeley
2002-10-01,box_ccanada,-3.954414774918984,berkeley
2002-11-01,box_ccanada,-1.754249034270138,berkeley
2002-12-01,box_ccanada,4.825321118995487,berkeley
2003-01-01,box_ccanada,2.7579431164862163,berkeley
2003-02-01,box_ccanada,-4.106236500056425,berkeley
2003-03-01,box_ccanada,-0.6502334545463725,berkeley
2003-04-01,box_ccanada,-0.754485683289826,berkeley
2003-05-01,box_ccanada,2.632194236631144,berkeley
2003-06-01,box_ccanada,1.1391703966342408,berkeley
2003-07-01,box_ccanada,0.43650963942382576,berkeley
2003-08-01,box_ccanada,2.7313392238779888,berkeley
2003-09-01,box_ccanada,1.7340351544737451,berkeley
2003-10-01,box_ccanada,0.20613528953959212,berkeley
2003-11-01,box_ccanada,-0.28520724552662235,berkeley
2003-12-01,box_ccanada,4.929235962151384,berkeley
2004-01-01,box_ccanada,-3.046325266178269,berkeley
2004-02-01,box_ccanada,4.086178990820106,berkeley
2004-03-01,box_ccanada,1.7448583488542135,berkeley
2004-04-01,box_ccanada,-0.9336964301057149,berkeley
2004-05-01,box_ccanada,-3.393720289991848,berkeley
2004-06-01,box_ccanada,-2.28643489769615,berkeley
2004-07-01,box_ccanada,-0.5312788173869021,berkeley
2004-08-01,box_ccanada,-2.4529276998035177,berkeley
2004-09-01,box_ccanada,2.105992729996694,berkeley
2004-10-01,box_ccanada,-0.05919973699485668,berkeley
2004-11-01,box_ccanada,2.2409306232484325,berkeley
2004-12-01,box_ccanada,-2.9783954609114867,berkeley
2005-01-01,box_ccanada,0.4631088513984321,berkeley
2005-02-01,box_ccanada,2.462748128596261,berkeley
2005-03-01,box_ccanada,0.3850597353966558,berkeley
2005-04-01,box_ccanada,4.241039854737181,berkeley
2005-05-01,box_ccanada,0.9813162520481206,berkeley
2005-06-01,box_ccanada,1.1611658378469698,berkeley
2005-07-01,box_ccanada,1.0282800945750894,berkeley
2005-08-01,box_ccanada,0.6335362445424043,berkeley
2005-09-01,box_ccanada,1.8975531497202711,berkeley
2005-10-01,box_ccanada,1.6298024714152124,berkeley
2005-11-01,box_ccanada,1.3689587582599094,berkeley
2005-12-01,box_ccanada,3.416082959475181,berkeley
2006-01-01,box_ccanada,8.481898741068221,berkeley
2006-02-01,box_ccanada,0.8253042253636561,berkeley
2006-03-01,box_ccanada,4.558281315377456,berkeley
2006-04-01,box_ccanada,5.005502076803463,berkeley
2006-05-01,box_ccanada,1.6265712266945596,berkeley
2006-06-01,box_ccanada,2.147623561560552,berkeley
2006-07-01,box_ccanada,1.0726173985310208,berkeley
2006-08-01,box_ccanada,1.0684775858637785,berkeley
2006-09-01,box_ccanada,1.1364625059169327,berkeley
2006-10-01,box_ccanada,-0.6665851651115143,berkeley
2006-11-01,box_ccanada,-0.21634786092493305,berkeley
2006-12-01,box_ccanada,6.042106983963638,berkeley
2007-01-01,box_ccanada,4.475627196077048,berkeley
2007-02-01,box_ccanada,-1.889263593469934,berkeley
2007-03-01,box_ccanada,1.7579620942385719,berkeley
2007-04-01,box_ccanada,0.3957477452818628,berkeley
2007-05-01,box_ccanada,1.6236186331365987,berkeley
2007-06-01,box_ccanada,0.2976370564599544,berkeley
2007-07-01,box_ccanada,1.4508884207381456,berkeley
2007-08-01,box_ccanada,-0.16084516207866262,berkeley
2007-09-01,box_ccanada,0.24123471295235882,berkeley
2007-10-01,box_ccanada,1.7008262535414147,berkeley
2007-11-01,box_ccanada,-0.6805706772175344,berkeley
2007-12-01,box_ccanada,-0.5238330003747438,berkeley
2008-01-01,box_ccanada,4.112345020730802,berkeley
2008-02-01,box_ccanada,-1.5451611928772364,berkeley
2008-03-01,box_ccanada,-1.3324009598840074,berkeley
2008-04-01,box_ccanada,-0.07528861553117079,berkeley
2008-05-01,box_ccanada,-1.4364550254555455,berkeley
2008-06-01,box_ccanada,0.18421265461747952,berkeley
2008-07-01,box_ccanada,-0.22513292379085115,berkeley
2008-08-01,box_ccanada,2.281027411338361,berkeley
2008-09-01,box_ccanada,0.6269768301742946,berkeley
2008-10-01,box_ccanada,1.359657374292776,berkeley
2008-11-01,box_ccanada,1.7076485139254054,berkeley
2008-12-01,box_ccanada,-4.7206911211273885,berkeley
2009-01-01,box_ccanada,0.9070846345996431,berkeley
2009-02-01,box_ccanada,1.0966864934551603,berkeley
2009-03-01,box_ccanada,-0.4831660212342458,berkeley
2009-04-01,box_ccanada,0.6411164382764583,berkeley
2009-05-01,box_ccanada,-3.0715434096227066,berkeley
2009-06-01,box_ccanada,-0.5920533569271942,berkeley
2009-07-01,box_ccanada,-2.0158415873507334,berkeley
2009-08-01,box_ccanada,-0.6885108751768694,berkeley
2009-09-01,box_ccanada,4.676502126528048,berkeley
2009-10-01,box_ccanada,-1.3280577143320402,berkeley
2009-11-01,box_ccanada,5.943434219697717,berkeley
2009-12-01,box_ccanada,-0.19826380555332412,berkeley
2010-01-01,box_ccanada,5.932744924238302,berkeley
2010-02-01,box_ccanada,4.2219200255163205,berkeley
2010-03-01,box_ccanada,8.532312106364547,berkeley
2010-04-01,box_ccanada,5.574126407899165,berkeley
2010-05-01,box_ccanada,1.6787142868582048,berkeley
2010-06-01,box_ccanada,0.4993600734458695,berkeley
2010-07-01,box_ccanada,1.572431816494266,berkeley
2010-08-01,box_ccanada,1.3309817417347756,berkeley
2010-09-01,box_ccanada,-0.07355455805443276,berkeley
2010-10-01,box_ccanada,1.912783725471582,berkeley
2010-11-01,box_ccanada,2.3622143463080767,berkeley
2010-12-01,box_ccanada,3.305859382256738,berkeley
2011-01-01,box_ccanada,1.1478277336082965,berkeley
2011-02-01,box_ccanada,1.553527924209087,berkeley
2011-03-01,box_ccanada,-0.7327740139395401,berkeley
2011-04-01,box_ccanada,0.35305470704533587,berkeley
2011-05-01,box_ccanada,0.5234190984760502,berkeley
2011-06-01,box_ccanada,1.1226708406016765,berkeley
2011-07-01,box_ccanada,1.5251482262684526,berkeley
2011-08-01,box_ccanada,1.6798484628379025,berkeley
2011-09-01,box_ccanada,3.076260498021593,berkeley
2011-10-01,box_ccanada,2.690441553916663,berkeley
2011-11-01,box_ccanada,2.6000157932876125,berkeley
2011-12-01,box_ccanada,4.2142716457518095,berkeley
2012-01-01,box_ccanada,5.108625592609138,berkeley
2012-02-01,box_ccanada,5.8520347217376925,berkeley
2012-03-01,box_ccanada,7.082943374205724,berkeley
2012-04-01,box_ccanada,1.5905723973416654,berkeley
2012-05-01,box_ccanada,1.1437975472682014,berkeley
2012-06-01,box_ccanada,1.739948816872652,berkeley
2012-07-01,box_ccanada,2.3226414027549875,berkeley
2012-08-01,box_ccanada,0.9672258481014642,berkeley
2012-09-01,box_ccanada,1.7588437463622781,berkeley
2012-10-01,box_ccanada,-0.593302007812704,berkeley
2012-11-01,box_ccanada,-0.6402729343189895,berkeley
2012-12-01,box_ccanada,0.6554575415738492,berkeley
2013-01-01,box_ccanada,1.2393502985180231,berkeley
2013-02-01,box_ccanada,1.048551375598145,berkeley
2013-03-01,box_ccanada,0.4053694812717116,berkeley
2013-04-01,box_ccanada,-3.1473200994765205,berkeley
2013-05-01,box_ccanada,0.29173144311151067,berkeley
2013-06-01,box_ccanada,1.311909345245456,berkeley
2013-07-01,box_ccanada,0.3732232242445502,berkeley
2013-08-01,box_ccanada,1.0732514032466582,berkeley
2013-09-01,box_ccanada,2.8867352088564653,berkeley
2013-10-01,box_ccanada,0.07443640559490433,berkeley
2013-11-01,box_ccanada,-1.2730459147288344,berkeley
2013-12-01,box_ccanada,-6.230133413813797,berkeley
2014-01-01,box_ccanada,-0.12660092645334142,berkeley
2014-02-01,box_ccanada,-1.8005708592049265,berkeley
2014-03-01,box_ccanada,-3.6482401885412723,berkeley
2014-04-01,box_ccanada,-2.8658970354355455,berkeley
2014-05-01,box_ccanada,0.5922528940874157,berkeley
2014-06-01,box_ccanada,1.1692746933588796,berkeley
2014-07-01,box_ccanada,-0.15083062350287735,berkeley
2014-08-01,box_ccanada,1.0157433555488278,berkeley
2014-09-01,box_ccanada,0.570778827455631,berkeley
2014-10-01,box_ccanada,0.8394724611387226,berkeley
2014-11-01,box_ccanada,-4.145949751613048,berkeley
2014-12-01,box_ccanada,3.79217693449124,berkeley
2015-01-01,box_ccanada,1.9927066091889614,berkeley
2015-02-01,box_ccanada,-4.675656724841139,berkeley
2015-03-01,box_ccanada,1.9717358107755427,berkeley
2015-04-01,box_ccanada,0.6963531313320004,berkeley
2015-05-01,box_ccanada,0.2368011838601161,berkeley
2015-06-01,box_ccanada,1.1866450352536166,berkeley
2015-07-01,box_ccanada,0.928437259488631,berkeley
2015-08-01,box_ccanada,0.6512665645686296,berkeley
2015-09-01,box_ccanada,3.034165149518846,berkeley
2015-10-01,box_ccanada,0.6478103417365445,berkeley
2015-11-01,box_ccanada,3.6642224813585194,berkeley
2015-12-01,box_ccanada,7.551963397824955,berkeley
2016-01-01,box_ccanada,5.737603204877137,berkeley
2016-02-01,box_ccanada,1.2645481248993613,berkeley
2016-03-01,box_ccanada,3.9062676700518844,berkeley
2016-04-01,box_ccanada,-1.8271699169544342,berkeley
2016-05-01,box_ccanada,2.144677377246259,berkeley
2016-06-01,box_ccanada,0.7828299127882843,berkeley
2016-07-01,box_ccanada,0.6613650031577157,berkeley
2016-08-01,box_ccanada,1.3281577268416547,berkeley
2016-09-01,box_ccanada,2.7124389490331327,berkeley
2016-10-01,box_ccanada,0.41478316197370885,berkeley
2016-11-01,box_ccanada,6.923974017720143,berkeley
2016-12-01,box_ccanada,1.0431077045176338,berkeley
2017-01-01,box_ccanada,7.532861808124298,berkeley
2017-02-01,box_ccanada,4.512324484042608,berkeley
2017-03-01,box_ccanada,2.033367305462514,berkeley
2017-04-01,box_ccanada,0.298914077555386,berkeley
2017-05-01,box_ccanada,0.4478324104853356,berkeley
2017-06-01,box_ccanada,0.41442768829749527,berkeley
2017-07-01,box_ccanada,0.8777047236135807,berkeley
2017-08-01,box_ccanada,0.8134185027131887,berkeley
2017-09-01,box_ccanada,2.4123052196145895,berkeley
2017-10-01,box_ccanada,1.0839940664824235,berkeley
2017-11-01,box_ccanada,-2.576693267505161,berkeley
2017-12-01,box_ccanada,-1.0898030102140936,berkeley
2018-01-01,box_ccanada,2.2863290074865317,berkeley
2018-02-01,box_ccanada,-1.3072331277682963,berkeley
2018-03-01,box_ccanada,2.1095513204662137,berkeley
2018-04-01,box_ccanada,-3.1884182354343875,berkeley
2018-05-01,box_ccanada,1.5041502884686841,berkeley
2018-06-01,box_ccanada,1.8873657858420505,berkeley
2018-07-01,box_ccanada,1.2632325972169514,berkeley
2018-08-01,box_ccanada,0.4890677011715748,berkeley
2018-09-01,box_ccanada,-1.289546688824858,berkeley
2018-10-01,box_ccanada,-3.1217318759324857,berkeley
2018-11-01,box_ccanada,-2.96047359992616,berkeley
2018-12-01,box_ccanada,3.7585763144895568,berkeley
2019-01-01,box_ccanada,-0.010907052167646439,berkeley
2019-02-01,box_ccanada,-2.19898945308553,berkeley
2019-03-01,box_ccanada,2.4965642472451806,berkeley
2019-04-01,box_ccanada,0.2866813619391025,berkeley
2019-05-01,box_ccanada,-1.2003296983728005,berkeley
2019-06-01,box_ccanada,0.1717017251061468,berkeley
2019-07-01,box_ccanada,0.9182439195875696,berkeley
2019-08-01,box_ccanada,0.2998366001198326,berkeley
2019-09-01,box_ccanada,1.4082654486857713,berkeley
2019-10-01,box_ccanada,-0.09679543964306314,berkeley
2019-11-01,box_ccanada,-1.1605995790021733,berkeley
2019-12-01,box_ccanada,1.5203536857724338,berkeley
2020-01-01,box_ccanada,6.2752913631023866,berkeley
2020-02-01,box_ccanada,2.4884207304848602,berkeley
2020-03-01,box_ccanada,1.7429289704397175,berkeley
2020-04-01,box_ccanada,-2.157293597770624,berkeley
2020-05-01,box_ccanada,-0.748238041545112,berkeley
2020-06-01,box_ccanada,0.44773179141492664,berkeley
2020-07-01,box_ccanada,2.4466939403993555,berkeley
2020-08-01,box_ccanada,1.5289422227366285,berkeley
2020-09-01,box_ccanada,0.29091809542693287,berkeley
2020-10-01,box_ccanada,-2.9373556683997974,berkeley
2020-11-01,box_ccanada,0.16559182910768927,berkeley
2020-12-01,box_ccanada,3.955391767751475,berkeley
2021-01-01,box_ccanada,8.582210252041065,berkeley
2021-02-01,box_ccanada,-0.9237516956084891,berkeley
2021-03-01,box_ccanada,4.7704911434841675,berkeley
2021-04-01,box_ccanada,1.371300208100381,berkeley
2021-05-01,box_ccanada,-0.23000670028137,berkeley
2021-06-01,box_ccanada,1.4166908240679086,berkeley
2021-07-01,box_ccanada,1.4697215892677447,berkeley
2021-08-01,box_ccanada,1.1468602946503859,berkeley
2021-09-01,box_ccanada,3.2925754857937806,berkeley
2021-10-01,box_ccanada,4.206874051251002,berkeley
2021-11-01,box_ccanada,2.852828269233362,berkeley
2021-12-01,box_ccanada,-0.2507408633980471,berkeley
2022-01-01,box_ccanada,-0.8364488481628204,berkeley
2022-02-01,box_ccanada,-3.4306734663490657,berkeley
2022-03-01,box_ccanada,1.235544779911973,berkeley
2022-04-01,box_ccanada,-0.9221879884311166,berkeley
2022-05-01,box_ccanada,0.8643951375344929,berkeley
2022-06-01,box_ccanada,0.6136388714897654,berkeley
2022-07-01,box_ccanada,0.44727201369807706,berkeley
2022-08-01,box_ccanada,1.5952422288292145,berkeley
2022-09-01,box_ccanada,2.758785351892271,berkeley
2022-10-01,box_ccanada,1.8102361221921792,berkeley
2022-11-01,box_ccanada,0.810306940198696,berkeley
2022-12-01,box_ccanada,1.0356762726178352,berkeley
2023-01-01,box_ccanada,6.676698888463555,berkeley
2023-02-01,box_ccanada,-0.031436617041059975,berkeley
2023-03-01,box_ccanada,-1.1316709175915456,berkeley
2023-04-01,box_ccanada,-0.40611225128632455,berkeley
2023-05-01,box_ccanada,3.974635697089472,berkeley
2023-06-01,box_ccanada,3.752976145994436,berkeley
2023-07-01,box_ccanada,-0.363410608835706,berkeley
2023-08-01,box_ccanada,1.170112190914346,berkeley
2023-09-01,box_ccanada,4.616092006845005,berkeley
2023-10-01,box_ccanada,1.4551514618056718,berkeley
2023-11-01,box_ccanada,1.7574655297100814,berkeley
2023-12-01,box_ccanada,9.931168188795393,berkeley
2024-01-01,box_ccanada,6.497075835830815,berkeley
2024-02-01,box_ccanada,5.666485295390251,berkeley
2024-03-01,box_ccanada,1.528631771109511,berkeley
2024-04-01,box_ccanada,2.8895731625254855,berkeley
2024-05-01,box_ccanada,1.7858648263214245,berkeley
2024-06-01,box_ccanada,0.6907503996783195,berkeley
2024-07-01,box_ccanada,1.9648930505004967,berkeley
2024-08-01,box_ccanada,2.424623773561943,berkeley
2024-09-01,box_ccanada,5.943678101217645,berkeley
2024-10-01,box_ccanada,2.0373994469413974,berkeley
2024-11-01,box_ccanada,4.896404984174836,berkeley
2024-12-01,box_ccanada,5.107353846149057,berkeley
1950-01-01,c_se_alaska,-4.923393219537133,berkeley
1950-02-01,c_se_alaska,-2.7491686287355876,berkeley
1950-03-01,c_se_alaska,0.29665371730593804,berkeley
1950-04-01,c_se_alaska,-1.7155023492925958,berkeley
1950-05-01,c_se_alaska,-1.114183373797311,berkeley
1950-06-01,c_se_alaska,1.876028423551476,berkeley
1950-07-01,c_se_alaska,-0.77947506775156,berkeley
1950-08-01,c_se_alaska,-0.16671547611895662,berkeley
1950-09-01,c_se_alaska,0.41722739651869656,berkeley
1950-10-01,c_se_alaska,-1.8323898852129128,berkeley
1950-11-01,c_se_alaska,-5.3730585237160575,berkeley
1950-12-01,c_se_alaska,0.9062827147713113,berkeley
1951-01-01,c_se_alaska,-1.413766131098553,berkeley
1951-02-01,c_se_alaska,-2.9011451370987493,berkeley
1951-03-01,c_se_alaska,-3.579999029220805,berkeley
1951-04-01,c_se_alaska,-0.16004020564688012,berkeley
1951-05-01,c_se_alaska,0.03086644138362,berkeley
1951-06-01,c_se_alaska,-0.37911205394386566,berkeley
1951-07-01,c_se_alaska,1.3992463934335926,berkeley
1951-08-01,c_se_alaska,0.14697923276370642,berkeley
1951-09-01,c_se_alaska,0.8312218607455496,berkeley
1951-10-01,c_se_alaska,-2.6251335281266552,berkeley
1951-11-01,c_se_alaska,-0.6816837497904867,berkeley
1951-12-01,c_se_alaska,-2.7381831777802126,berkeley
1952-01-01,c_se_alaska,-2.962812503367336,berkeley
1952-02-01,c_se_alaska,0.16401183038433922,berkeley
1952-03-01,c_se_alaska,-0.22031985963469047,berkeley
1952-04-01,c_se_alaska,-1.112952852447674,berkeley
1952-05-01,c_se_alaska,-0.6088841482501375,berkeley
1952-06-01,c_se_alaska,-1.028201559109917,berkeley
1952-07-01,c_se_alaska,-0.16317771174470325,berkeley
1952-08-01,c_se_alaska,-0.03222696050596366,berkeley
1952-09-01,c_se_alaska,-0.10782849095280539,berkeley
1952-10-01,c_se_alaska,1.8931850857846364,berkeley
1952-11-01,c_se_alaska,3.443211480381594,berkeley
1952-12-01,c_se_alaska,2.398010681672402,berkeley
1953-01-01,c_se_alaska,-2.7248756424543914,berkeley
1953-02-01,c_se_alaska,3.2342484656381782,berkeley
1953-03-01,c_se_alaska,0.008234420170075078,berkeley
1953-04-01,c_se_alaska,0.557119226941879,berkeley
1953-05-01,c_se_alaska,1.0414231580933793,berkeley
1953-06-01,c_se_alaska,1.028162630701439,berkeley
1953-07-01,c_se_alaska,0.3119233193924419,berkeley
1953-08-01,c_se_alaska,0.15439223455928283,berkeley
1953-09-01,c_se_alaska,-0.39230229421265134,berkeley
1953-10-01,c_se_alaska,0.6617067936546824,berkeley
1953-11-01,c_se_alaska,0.5974534578895578,berkeley
1953-12-01,c_se_alaska,3.323240910593132,berkeley
1954-01-01,c_se_alaska,-1.9424576089662775,berkeley
1954-02-01,c_se_alaska,-1.1203765128373973,berkeley
1954-03-01,c_se_alaska,-0.10328674188641375,berkeley
1954-04-01,c_se_alaska,-4.463213021087773,berkeley
1954-05-01,c_se_alaska,0.029838962956066032,berkeley
1954-06-01,c_se_alaska,-0.2650704440606878,berkeley
1954-07-01,c_se_alaska,-1.3564159004560623,berkeley
1954-08-01,c_se_alaska,0.7505633418206747,berkeley
1954-09-01,c_se_alaska,0.2743576343012919,berkeley
1954-10-01,c_se_alaska,0.12081682758414224,berkeley
1954-11-01,c_se_alaska,3.7754456158192355,berkeley
1954-12-01,c_se_alaska,1.1584738450732812,berkeley
1955-01-01,c_se_alaska,4.823936959905234,berkeley
1955-02-01,c_se_alaska,-0.0783536335208415,berkeley
1955-03-01,c_se_alaska,-2.5359483390679958,berkeley
1955-04-01,c_se_alaska,-1.07038567872177,berkeley
1955-05-01,c_se_alaska,-2.0049776543090125,berkeley
1955-06-01,c_se_alaska,-1.3400448423576037,berkeley
1955-07-01,c_se_alaska,-0.10233169692507411,berkeley
1955-08-01,c_se_alaska,-1.8796055068013666,berkeley
1955-09-01,c_se_alaska,-0.964629044159246,berkeley
1955-10-01,c_se_alaska,-1.599493748831971,berkeley
1955-11-01,c_se_alaska,-6.0013923283929405,berkeley
1955-12-01,c_se_alaska,-4.681754577568424,berkeley
1956-01-01,c_se_alaska,-1.3315366059426919,berkeley
1956-02-01,c_se_alaska,-3.665575887334234,berkeley
1956-03-01,c_se_alaska,-1.4067493706316594,berkeley
1956-04-01,c_se_alaska,-0.18841169229807367,berkeley
1956-05-01,c_se_alaska,-0.019760290198829664,berkeley
1956-06-01,c_se_alaska,-1.413965860661285,berkeley
1956-07-01,c_se_alaska,0.10721209696386491,berkeley
1956-08-01,c_se_alaska,-0.1772023403033654,berkeley
1956-09-01,c_se_alaska,-0.9325183013297226,berkeley
1956-10-01,c_se_alaska,-2.7851244862053783,berkeley
1956-11-01,c_se_alaska,2.189579811312017,berkeley
1956-12-01,c_se_alaska,-1.5538002123380523,berkeley
1957-01-01,c_se_alaska,-1.5207858902536653,berkeley
1957-02-01,c_se_alaska,-1.8093328178975419,berkeley
1957-03-01,c_se_alaska,1.0096039156312098,berkeley
1957-04-01,c_se_alaska,-0.015195454857603327,berkeley
1957-05-01,c_se_alaska,0.8410580118117761,berkeley
1957-06-01,c_se_alaska,0.5398959014025082,berkeley
1957-07-01,c_se_alaska,-0.6879352765059541,berkeley
1957-08-01,c_se_alaska,1.2719491602479747,berkeley
1957-09-01,c_se_alaska,2.2367889722384864,berkeley
1957-10-01,c_se_alaska,-0.016451784557453445,berkeley
1957-11-01,c_se_alaska,2.9783336079418303,berkeley
1957-12-01,c_se_alaska,0.49411728808685174,berkeley
1958-01-01,c_se_alaska,5.580815675350847,berkeley
1958-02-01,c_se_alaska,-0.9544860064859219,berkeley
1958-03-01,c_se_alaska,0.944792263101443,berkeley
1958-04-01,c_se_alaska,1.824581450216639,berkeley
1958-05-01,c_se_alaska,1.4256407306555037,berkeley
1958-06-01,c_se_alaska,2.872279814281536,berkeley
1958-07-01,c_se_alaska,1.7970613218337337,berkeley
1958-08-01,c_se_alaska,-0.48956273883104856,berkeley
1958-09-01,c_se_alaska,-1.110794129753149,berkeley
1958-10-01,c_se_alaska,-0.44363899201331297,berkeley
1958-11-01,c_se_alaska,-0.21391356876767276,berkeley
1958-12-01,c_se_alaska,1.066943166750792,berkeley
1959-01-01,c_se_alaska,-2.1400573369576237,berkeley
1959-02-01,c_se_alaska,0.05958942483999704,berkeley
1959-03-01,c_se_alaska,0.8942715812574905,berkeley
1959-04-01,c_se_alaska,0.01634836136409777,berkeley
1959-05-01,c_se_alaska,-0.16299437655668983,berkeley
1959-06-01,c_se_alaska,0.5896600061742696,berkeley
1959-07-01,c_se_alaska,-0.3191585446727126,berkeley
1959-08-01,c_se_alaska,-1.5499061490510089,berkeley
1959-09-01,c_se_alaska,-0.5481004419111057,berkeley
1959-10-01,c_se_alaska,-0.9332833974196285,berkeley
1959-11-01,c_se_alaska,0.0422403784427863,berkeley
1959-12-01,c_se_alaska,4.523073890279338,berkeley
1960-01-01,c_se_alaska,2.149488980665492,berkeley
1960-02-01,c_se_alaska,2.094993789740798,berkeley
1960-03-01,c_se_alaska,-0.7043660041234,berkeley
1960-04-01,c_se_alaska,1.2662028352772807,berkeley
1960-05-01,c_se_alaska,0.6580470116426389,berkeley
1960-06-01,c_se_alaska,-0.7962661642665839,berkeley
1960-07-01,c_se_alaska,-0.44060331882482096,berkeley
1960-08-01,c_se_alaska,-0.40236961914141495,berkeley
1960-09-01,c_se_alaska,-0.13405640050530068,berkeley
1960-10-01,c_se_alaska,0.6637935807402928,berkeley
1960-11-01,c_se_alaska,0.24585191485715227,berkeley
1960-12-01,c_se_alaska,3.999018456557001,berkeley
1961-01-01,c_se_alaska,4.0950328568484675,berkeley
1961-02-01,c_se_alaska,0.6064928531875828,berkeley
1961-03-01,c_se_alaska,0.9062748574033033,berkeley
1961-04-01,c_se_alaska,0.33510343730382486,berkeley
1961-05-01,c_se_alaska,0.47866987178297254,berkeley
1961-06-01,c_se_alaska,0.19775996376371804,berkeley
1961-07-01,c_se_alaska,0.9141580510281678,berkeley
1961-08-01,c_se_alaska,0.3651000932122258,berkeley
1961-09-01,c_se_alaska,-0.859695959711739,berkeley
1961-10-01,c_se_alaska,-1.3295476897556138,berkeley
1961-11-01,c_se_alaska,-2.320530909436269,berkeley
1961-12-01,c_se_alaska,-2.4620199342514497,berkeley
1962-01-01,c_se_alaska,2.212603753568651,berkeley
1962-02-01,c_se_alaska,-1.212887447713808,berkeley
1962-03-01,c_se_alaska,-1.4728752142485333,berkeley
1962-04-01,c_se_alaska,0.27810376689039773,berkeley
1962-05-01,c_se_alaska,-0.7083929617482316,berkeley
1962-06-01,c_se_alaska,-1.0469026553257323,berkeley
1962-07-01,c_se_alaska,0.33769506837613866,berkeley
1962-08-01,c_se_alaska,0.1542349894874121,berkeley
1962-09-01,c_se_alaska,-0.1999126636119302,berkeley
1962-10-01,c_se_alaska,1.125397991861487,berkeley
1962-11-01,c_se_alaska,2.2245581113858037,berkeley
1962-12-01,c_se_alaska,1.8852026294570432,berkeley
1963-01-01,c_se_alaska,3.3144595861299004,berkeley
1963-02-01,c_se_alaska,3.0946940282769653,berkeley
1963-03-01,c_se_alaska,0.28009202343894296,berkeley
1963-04-01,c_se_alaska,-0.12615281305778658,berkeley
1963-05-01,c_se_alaska,0.8331106677905302,berkeley
1963-06-01,c_se_alaska,-1.1975990484685624,berkeley
1963-07-01,c_se_alaska,0.07244669642994425,berkeley
1963-08-01,c_se_alaska,1.7666550471976672,berkeley
1963-09-01,c_se_alaska,1.5093522494104628,berkeley
1963-10-01,c_se_alaska,1.48724845662047,berkeley
1963-11-01,c_se_alaska,-3.401523148820857,berkeley
1963-12-01,c_se_alaska,2.6693121145126177,berkeley
1964-01-01,c_se_alaska,2.790021287806875,berkeley
1964-02-01,c_se_alaska,4.471018559695154,berkeley
1964-03-01,c_se_alaska,-2.2371068520903727,berkeley
1964-04-01,c_se_alaska,-0.6362516206352913,berkeley
1964-05-01,c_se_alaska,-1.1252881327814828,berkeley
1964-06-01,c_se_alaska,0.6966651265491021,berkeley
1964-07-01,c_se_alaska,-0.912730474617326,berkeley
1964-08-01,c_se_alaska,-0.7898084491535439,berkeley
1964-09-01,c_se_alaska,-0.41980480903431,berkeley
1964-10-01,c_se_alaska,0.6935849263704811,berkeley
1964-11-01,c_se_alaska,-1.0319715380269872,berkeley
1964-12-01,c_se_alaska,-5.622941069264676,berkeley
1965-01-01,c_se_alaska,0.4106628247662802,berkeley
1965-02-01,c_se_alaska,-2.4062447200814194,berkeley
1965-03-01,c_se_alaska,1.169534822615006,berkeley
1965-04-01,c_se_alaska,-0.032352589751952765,berkeley
1965-05-01,c_se_alaska,-1.2608275757169167,berkeley
1965-06-01,c_se_alaska,-1.2610617808871951,berkeley
1965-07-01,c_se_alaska,0.4778098933835344,berkeley
1965-08-01,c_se_alaska,0.588595147618451,berkeley
1965-09-01,c_se_alaska,0.30887382075786546,berkeley
1965-10-01,c_se_alaska,0.46221319115577264,berkeley
1965-11-01,c_se_alaska,-1.555142665801621,berkeley
1965-12-01,c_se_alaska,-0.029596395220117276,berkeley
1966-01-01,c_se_alaska,-4.590450784953709,berkeley
1966-02-01,c_se_alaska,0.4336070380135118,berkeley
1966-03-01,c_se_alaska,0.4200148392718401,berkeley
1966-04-01,c_se_alaska,-0.3500523393321892,berkeley
1966-05-01,c_se_alaska,-1.1979751478622853,berkeley
1966-06-01,c_se_alaska,0.09114720245768544,berkeley
1966-07-01,c_se_alaska,0.6758167864911759,berkeley
1966-08-01,c_se_alaska,-0.9994397186217671,berkeley
1966-09-01,c_se_alaska,0.13890004703954112,berkeley
1966-10-01,c_se_alaska,-1.6057968622674335,berkeley
1966-11-01,c_se_alaska,-3.1656253637702485,berkeley
1966-12-01,c_se_alaska,0.5178673395497532,berkeley
1967-01-01,c_se_alaska,0.3839455760262658,berkeley
1967-02-01,c_se_alaska,1.1322427384940468,berkeley
1967-03-01,c_se_alaska,-3.0919093336383354,berkeley
1967-04-01,c_se_alaska,-0.4213720780791254,berkeley
1967-05-01,c_se_alaska,0.15951180547707197,berkeley
1967-06-01,c_se_alaska,1.7266241727461342,berkeley
1967-07-01,c_se_alaska,-0.8132892983420923,berkeley
1967-08-01,c_se_alaska,0.8292893972182739,berkeley
1967-09-01,c_se_alaska,0.6157560166577412,berkeley
1967-10-01,c_se_alaska,0.4416555922595653,berkeley
1967-11-01,c_se_alaska,0.8197903877774256,berkeley
1967-12-01,c_se_alaska,0.47646127198544036,berkeley
1968-01-01,c_se_alaska,-0.6009923524418144,berkeley
1968-02-01,c_se_alaska,0.561221760015849,berkeley
1968-03-01,c_se_alaska,2.812556992150746,berkeley
1968-04-01,c_se_alaska,-0.9091470342793587,berkeley
1968-05-01,c_se_alaska,0.8363596274234592,berkeley
1968-06-01,c_se_alaska,-0.22191431469509837,berkeley
1968-07-01,c_se_alaska,0.5208021800562342,berkeley
1968-08-01,c_se_alaska,-0.13176200141229139,berkeley
1968-09-01,c_se_alaska,-0.6738177567954026,berkeley
1968-10-01,c_se_alaska,-0.8885947106600821,berkeley
1968-11-01,c_se_alaska,0.8565431905294842,berkeley
1968-12-01,c_se_alaska,-4.2295640636413205,berkeley
1969-01-01,c_se_alaska,-7.2776364982804544,berkeley
1969-02-01,c_se_alaska,-2.0888766026313217,berkeley
1969-03-01,c_se_alaska,0.958482062326107,berkeley
1969-04-01,c_se_alaska,0.9953943285971586,berkeley
1969-05-01,c_se_alaska,1.2668980474231812,berkeley
1969-06-01,c_se_alaska,2.81597929215609,berkeley
1969-07-01,c_se_alaska,-0.9684335291232932,berkeley
1969-08-01,c_se_alaska,-2.1543176451640687,berkeley
1969-09-01,c_se_alaska,0.020141759266855866,berkeley
1969-10-01,c_se_alaska,0.8188269368900777,berkeley
1969-11-01,c_se_alaska,1.3981830549310097,berkeley
1969-12-01,c_se_alaska,4.422069166496531,berkeley
1970-01-01,c_se_alaska,0.5387425445196835,berkeley
1970-02-01,c_se_alaska,4.493556479874955,berkeley
1970-03-01,c_se_alaska,3.1494313317857174,berkeley
1970-04-01,c_se_alaska,0.24049020716465644,berkeley
1970-05-01,c_se_alaska,-0.2848389391674797,berkeley
1970-06-01,c_se_alaska,-0.18292613214983564,berkeley
1970-07-01,c_se_alaska,-1.4527725424017597,berkeley
1970-08-01,c_se_alaska,-1.0981605888422197,berkeley
1970-09-01,c_se_alaska,-1.0118198970293626,berkeley
1970-10-01,c_se_alaska,-0.25280440016543776,berkeley
1970-11-01,c_se_alaska,-1.5503975132668906,berkeley
1970-12-01,c_se_alaska,-2.2815103801738235,berkeley
1971-01-01,c_se_alaska,-3.103394467395223,berkeley
1971-02-01,c_se_alaska,1.2381061896763659,berkeley
1971-03-01,c_se_alaska,-1.0063032119659774,berkeley
1971-04-01,c_se_alaska,-0.1973490574016711,berkeley
1971-05-01,c_se_alaska,-1.1690428902713834,berkeley
1971-06-01,c_se_alaska,0.0822731280318345,berkeley
1971-07-01,c_se_alaska,1.319011608876109,berkeley
1971-08-01,c_se_alaska,0.4738409797463376,berkeley
1971-09-01,c_se_alaska,-0.5899318329228013,berkeley
1971-10-01,c_se_alaska,-1.3218010468007841,berkeley
1971-11-01,c_se_alaska,-0.4314565863087359,berkeley
1971-12-01,c_se_alaska,-3.7597292092015753,berkeley
1972-01-01,c_se_alaska,-3.9372721519011415,berkeley
1972-02-01,c_se_alaska,-4.607017296408477,berkeley
1972-03-01,c_se_alaska,-1.1583618602149857,berkeley
1972-04-01,c_se_alaska,-3.0250208994022367,berkeley
1972-05-01,c_se_alaska,-0.2794039842170466,berkeley
1972-06-01,c_se_alaska,-0.9245296198829211,berkeley
1972-07-01,c_se_alaska,0.4452690788708415,berkeley
1972-08-01,c_se_alaska,0.30958342739514677,berkeley
1972-09-01,c_se_alaska,-1.4148748526621384,berkeley
1972-10-01,c_se_alaska,-1.1718669596464275,berkeley
1972-11-01,c_se_alaska,1.2966144619626672,berkeley
1972-12-01,c_se_alaska,-1.9719842711591506,berkeley
1973-01-01,c_se_alaska,-0.13002338043388972,berkeley
1973-02-01,c_se_alaska,-1.3157985943004045,berkeley
1973-03-01,c_se_alaska,1.4470609144760997,berkeley
1973-04-01,c_se_alaska,0.5031202726878717,berkeley
1973-05-01,c_se_alaska,-0.08233549358479159,berkeley
1973-06-01,c_se_alaska,-0.8758893810461468,berkeley
1973-07-01,c_se_alaska,-0.9497959293191124,berkeley
1973-08-01,c_se_alaska,-1.3914216711573715,berkeley
1973-09-01,c_se_alaska,-0.4063173497652242,berkeley
1973-10-01,c_se_alaska,-0.8185726445593807,berkeley
1973-11-01,c_se_alaska,-5.986929404530509,berkeley
1973-12-01,c_se_alaska,0.6439696454617289,berkeley
1974-01-01,c_se_alaska,-2.9718097619172466,berkeley
1974-02-01,c_se_alaska,0.7618378395790193,berkeley
1974-03-01,c_se_alaska,-2.207971734127891,berkeley
1974-04-01,c_se_alaska,0.37216939783554837,berkeley
1974-05-01,c_se_alaska,-0.5085487351771725,berkeley
1974-06-01,c_se_alaska,-1.2770831257173512,berkeley
1974-07-01,c_se_alaska,-1.3225233637896767,berkeley
1974-08-01,c_se_alaska,0.5517100893934941,berkeley
1974-09-01,c_se_alaska,1.0404146485274604,berkeley
1974-10-01,c_se_alaska,0.9174686132902443,berkeley
1974-11-01,c_se_alaska,2.1795085166291375,berkeley
1974-12-01,c_se_alaska,4.768627055186472,berkeley
1975-01-01,c_se_alaska,1.3294007378104957,berkeley
1975-02-01,c_se_alaska,-3.2499702215362385,berkeley
1975-03-01,c_se_alaska,-0.8762646489960648,berkeley
1975-04-01,c_se_alaska,-0.27715245448613723,berkeley
1975-05-01,c_se_alaska,-0.01941873422536967,berkeley
1975-06-01,c_se_alaska,-0.9207912305116261,berkeley
1975-07-01,c_se_alaska,0.2748459469805685,berkeley
1975-08-01,c_se_alaska,-0.7612805760322995,berkeley
1975-09-01,c_se_alaska,0.9247333020709373,berkeley
1975-10-01,c_se_alaska,0.03517526658089238,berkeley
1975-11-01,c_se_alaska,-2.488958603014552,berkeley
1975-12-01,c_se_alaska,-0.6467163833759682,berkeley
1976-01-01,c_se_alaska,3.7738071990698017,berkeley
1976-02-01,c_se_alaska,-1.5558166841734216,berkeley
1976-03-01,c_se_alaska,0.1550977248976872,berkeley
1976-04-01,c_se_alaska,0.7795215700840219,berkeley
1976-05-01,c_se_alaska,-0.5763951495662141,berkeley
1976-06-01,c_se_alaska,-0.6277975383069244,berkeley
1976-07-01,c_se_alaska,-0.7681898881736307,berkeley
1976-08-01,c_se_alaska,-0.0030075524929995905,berkeley
1976-09-01,c_se_alaska,0.6435902890151376,berkeley
1976-10-01,c_se_alaska,0.3011596369136108,berkeley
1976-11-01,c_se_alaska,3.7428916946733826,berkeley
1976-12-01,c_se_alaska,3.36056097612562,berkeley
1977-01-01,c_se_alaska,6.560747394680522,berkeley
1977-02-01,c_se_alaska,6.747893945544585,berkeley
1977-03-01,c_se_alaska,1.5895759613221856,berkeley
1977-04-01,c_se_alaska,1.8091590251250478,berkeley
1977-05-01,c_se_alaska,0.5569934317733205,berkeley
1977-06-01,c_se_alaska,0.42551403818811134,berkeley
1977-07-01,c_se_alaska,0.1988568923245705,berkeley
1977-08-01,c_se_alaska,2.29779508811965,berkeley
1977-09-01,c_se_alaska,0.24980051343518103,berkeley
1977-10-01,c_se_alaska,0.45645121830654267,berkeley
1977-11-01,c_se_alaska,-2.5774636100130732,berkeley
1977-12-01,c_se_alaska,-4.6962719869939615,berkeley
1978-01-01,c_se_alaska,0.9695175335580067,berkeley
1978-02-01,c_se_alaska,1.7552095336080706,berkeley
1978-03-01,c_se_alaska,1.102341973694366,berkeley
1978-04-01,c_se_alaska,1.3823115050272352,berkeley
1978-05-01,c_se_alaska,0.42275404081415674,berkeley
1978-06-01,c_se_alaska,1.273895081686743,berkeley
1978-07-01,c_se_alaska,0.6007547298556054,berkeley
1978-08-01,c_se_alaska,0.7597689766534336,berkeley
1978-09-01,c_se_alaska,0.10390285050875372,berkeley
1978-10-01,c_se_alaska,1.9117101787147521,berkeley
1978-11-01,c_se_alaska,-0.9155549132517007,berkeley
1978-12-01,c_se_alaska,0.6425455626596884,berkeley
1979-01-01,c_se_alaska,-1.2809286572183634,berkeley
1979-02-01,c_se_alaska,-6.7922403017743855,berkeley
1979-03-01,c_se_alaska,2.9580125334342915,berkeley
1979-04-01,c_se_alaska,0.7881422528764025,berkeley
1979-05-01,c_se_alaska,0.07994259776254492,berkeley
1979-06-01,c_se_alaska,-0.42501061409041896,berkeley
1979-07-01,c_se_alaska,0.8101805552408932,berkeley
1979-08-01,c_se_alaska,1.8504692475833835,berkeley
1979-09-01,c_se_alaska,1.1518352268505654,berkeley
1979-10-01,c_se_alaska,1.8432272639692606,berkeley
1979-11-01,c_se_alaska,2.492521189284436,berkeley
1979-12-01,c_se_alaska,1.3899462337187918,berkeley
1980-01-01,c_se_alaska,-1.004383112851959,berkeley
1980-02-01,c_se_alaska,2.9093973165631413,berkeley
1980-03-01,c_se_alaska,0.7960840043755955,berkeley
1980-04-01,c_se_alaska,1.8372821523818503,berkeley
1980-05-01,c_se_alaska,1.347969806788139,berkeley
1980-06-01,c_se_alaska,1.8443100488458644,berkeley
1980-07-01,c_se_alaska,-0.005733123148467179,berkeley
1980-08-01,c_se_alaska,-0.41085494687244545,berkeley
1980-09-01,c_se_alaska,-0.2832649658529425,berkeley
1980-10-01,c_se_alaska,1.9584886692308756,berkeley
1980-11-01,c_se_alaska,4.039816948011578,berkeley
1980-12-01,c_se_alaska,-3.065368438946939,berkeley
1981-01-01,c_se_alaska,9.687993288461923,berkeley
1981-02-01,c_se_alaska,2.28288087816315,berkeley
1981-03-01,c_se_alaska,3.987815141472977,berkeley
1981-04-01,c_se_alaska,-0.8731726232610963,berkeley
1981-05-01,c_se_alaska,2.3395151301185586,berkeley
1981-06-01,c_se_alaska,-0.2991318843320905,berkeley
1981-07-01,c_se_alaska,0.9192884908834152,berkeley
1981-08-01,c_se_alaska,1.15780198418836,berkeley
1981-09-01,c_se_alaska,0.17626507200885747,berkeley
1981-10-01,c_se_alaska,0.7158796388001519,berkeley
1981-11-01,c_se_alaska,2.647090756653685,berkeley
1981-12-01,c_se_alaska,-0.17722061571885797,berkeley
1982-01-01,c_se_alaska,-4.360839984015425,berkeley
1982-02-01,c_se_alaska,-2.7510778347438163,berkeley
1982-03-01,c_se_alaska,-0.022193724750058135,berkeley
1982-04-01,c_se_alaska,-1.4218641347554541,berkeley
1982-05-01,c_se_alaska,-0.815946554324364,berkeley
1982-06-01,c_se_alaska,1.80409482812115,berkeley
1982-07-01,c_se_alaska,0.9757065806120676,berkeley
1982-08-01,c_se_alaska,-0.344272467965329,berkeley
1982-09-01,c_se_alaska,0.9695110714704352,berkeley
1982-10-01,c_se_alaska,-0.11407319097436741,berkeley
1982-11-01,c_se_alaska,-2.206153262674524,berkeley
1982-12-01,c_se_alaska,1.7396599494984435,berkeley
1983-01-01,c_se_alaska,4.041937370337278,berkeley
1983-02-01,c_se_alaska,2.1880947514942886,berkeley
1983-03-01,c_se_alaska,1.2077808982054055,berkeley
1983-04-01,c_se_alaska,2.05212084268342,berkeley
1983-05-01,c_se_alaska,1.6595139938491035,berkeley
1983-06-01,c_se_alaska,1.2868588055672572,berkeley
1983-07-01,c_se_alaska,0.16465356795872718,berkeley
1983-08-01,c_se_alaska,-0.3982687684020699,berkeley
1983-09-01,c_se_alaska,-1.2302078712528124,berkeley
1983-10-01,c_se_alaska,0.16794509787075723,berkeley
1983-11-01,c_se_alaska,-0.1008413448710454,berkeley
1983-12-01,c_se_alaska,-3.8058942039493515,berkeley
1984-01-01,c_se_alaska,5.877563794461596,berkeley
1984-02-01,c_se_alaska,4.52311730557798,berkeley
1984-03-01,c_se_alaska,4.64325690062301,berkeley
1984-04-01,c_se_alaska,1.6346453747688199,berkeley
1984-05-01,c_se_alaska,0.22320602890794508,berkeley
1984-06-01,c_se_alaska,-0.16038495575292208,berkeley
1984-07-01,c_se_alaska,-0.6926124389805712,berkeley
1984-08-01,c_se_alaska,-0.24600503645757218,berkeley
1984-09-01,c_se_alaska,-0.760692640508874,berkeley
1984-10-01,c_se_alaska,-1.552535849163598,berkeley
1984-11-01,c_se_alaska,-2.0691919142651445,berkeley
1984-12-01,c_se_alaska,-2.0856607158359806,berkeley
1985-01-01,c_se_alaska,9.190737901722205,berkeley
1985-02-01,c_se_alaska,-0.7068618315699747,berkeley
1985-03-01,c_se_alaska,1.448683490349853,berkeley
1985-04-01,c_se_alaska,-0.654137745647161,berkeley
1985-05-01,c_se_alaska,-0.03197254825036542,berkeley
1985-06-01,c_se_alaska,-1.1799015506195505,berkeley
1985-07-01,c_se_alaska,0.20743341568219292,berkeley
1985-08-01,c_se_alaska,-0.7646700144054478,berkeley
1985-09-01,c_se_alaska,-0.09804528356587769,berkeley
1985-10-01,c_se_alaska,-1.5122698017401897,berkeley
1985-11-01,c_se_alaska,-6.889339266790396,berkeley
1985-12-01,c_se_alaska,4.062673007631233,berkeley
1986-01-01,c_se_alaska,6.913865618722907,berkeley
1986-02-01,c_se_alaska,-0.9323680506529173,berkeley
1986-03-01,c_se_alaska,2.874333179981269,berkeley
1986-04-01,c_se_alaska,-1.523412156975047,berkeley
1986-05-01,c_se_alaska,-0.5095143177847459,berkeley
1986-06-01,c_se_alaska,-0.026025999125777684,berkeley
1986-07-01,c_se_alaska,0.27799468368238056,berkeley
1986-08-01,c_se_alaska,-0.442993244673502,berkeley
1986-09-01,c_se_alaska,0.00338854565504618,berkeley
1986-10-01,c_se_alaska,2.1963055536103333,berkeley
1986-11-01,c_se_alaska,-1.254527854531996,berkeley
1986-12-01,c_se_alaska,5.400804663667787,berkeley
1987-01-01,c_se_alaska,6.37621594035587,berkeley
1987-02-01,c_se_alaska,3.7861046194319874,berkeley
1987-03-01,c_se_alaska,-0.33707220584682823,berkeley
1987-04-01,c_se_alaska,1.0098545932941456,berkeley
1987-05-01,c_se_alaska,0.2887510783347774,berkeley
1987-06-01,c_se_alaska,-0.5640858304712837,berkeley
1987-07-01,c_se_alaska,0.9626508914875359,berkeley
1987-08-01,c_se_alaska,0.33942993404677696,berkeley
1987-09-01,c_se_alaska,0.378567367103715,berkeley
1987-10-01,c_se_alaska,1.3137821652411679,berkeley
1987-11-01,c_se_alaska,3.3052373695127786,berkeley
1987-12-01,c_se_alaska,4.217025973312967,berkeley
1988-01-01,c_se_alaska,1.8220282761117585,berkeley
1988-02-01,c_se_alaska,2.0810310122668363,berkeley
1988-03-01,c_se_alaska,3.5292010438805654,berkeley
1988-04-01,c_se_alaska,1.3782202659408738,berkeley
1988-05-01,c_se_alaska,0.7836824389865595,berkeley
1988-06-01,c_se_alaska,-0.011068729945371164,berkeley
1988-07-01,c_se_alaska,-1.0530140958756204,berkeley
1988-08-01,c_se_alaska,0.024067126827807733,berkeley
1988-09-01,c_se_alaska,-0.4340798803337936,berkeley
1988-10-01,c_se_alaska,1.3040553926142073,berkeley
1988-11-01,c_se_alaska,1.3359687160360887,berkeley
1988-12-01,c_se_alaska,2.2635520681984658,berkeley
1989-01-01,c_se_alaska,1.9114589600382852,berkeley
1989-02-01,c_se_alaska,-2.846507799338212,berkeley
1989-03-01,c_se_alaska,-1.5282758093256559,berkeley
1989-04-01,c_se_alaska,2.0075566022037976,berkeley
1989-05-01,c_se_alaska,1.5722208568298737,berkeley
1989-06-01,c_se_alaska,1.3709975426709986,berkeley
1989-07-01,c_se_alaska,1.743360336863292,berkeley
1989-08-01,c_se_alaska,1.8062852767955864,berkeley
1989-09-01,c_se_alaska,1.6346051538684712,berkeley
1989-10-01,c_se_alaska,-0.05177099189639652,berkeley
1989-11-01,c_se_alaska,-0.46684324190487586,berkeley
1989-12-01,c_se_alaska,6.09259246951034,berkeley
1990-01-01,c_se_alaska,2.9811545108124724,berkeley
1990-02-01,c_se_alaska,-2.0765957627278304,berkeley
1990-03-01,c_se_alaska,3.007359275078535,berkeley
1990-04-01,c_se_alaska,1.9595245734789666,berkeley
1990-05-01,c_se_alaska,1.7532237332619882,berkeley
1990-06-01,c_se_alaska,1.0180809821714991,berkeley
1990-07-01,c_se_alaska,1.6090396213141802,berkeley
1990-08-01,c_se_alaska,1.6510386965256616,berkeley
1990-09-01,c_se_alaska,1.473034537795725,berkeley
1990-10-01,c_se_alaska,-1.2585693785481364,berkeley
1990-11-01,c_se_alaska,-4.241601383231624,berkeley
1990-12-01,c_se_alaska,-1.6067860476391362,berkeley
1991-01-01,c_se_alaska,0.687294536942851,berkeley
1991-02-01,c_se_alaska,4.737123766272734,berkeley
1991-03-01,c_se_alaska,0.5406459329800255,berkeley
1991-04-01,c_se_alaska,1.544857506804129,berkeley
1991-05-01,c_se_alaska,1.2907421289160843,berkeley
1991-06-01,c_se_alaska,0.9623190810643751,berkeley
1991-07-01,c_se_alaska,-0.3252752946666088,berkeley
1991-08-01,c_se_alaska,0.09330666455030766,berkeley
1991-09-01,c_se_alaska,0.9541375324079081,berkeley
1991-10-01,c_se_alaska,-1.480477217799716,berkeley
1991-11-01,c_se_alaska,1.224640067619376,berkeley
1991-12-01,c_se_alaska,4.445590339150111,berkeley
1992-01-01,c_se_alaska,7.964157660568529,berkeley
1992-02-01,c_se_alaska,2.2294186284011417,berkeley
1992-03-01,c_se_alaska,3.4524215241631233,berkeley
1992-04-01,c_se_alaska,0.8219096448204066,berkeley
1992-05-01,c_se_alaska,-0.19822629904055183,berkeley
1992-06-01,c_se_alaska,1.2770612517980577,berkeley
1992-07-01,c_se_alaska,0.49818579263643453,berkeley
1992-08-01,c_se_alaska,-0.07872947868606779,berkeley
1992-09-01,c_se_alaska,-2.503590105250552,berkeley
1992-10-01,c_se_alaska,-1.4692270178552294,berkeley
1992-11-01,c_se_alaska,2.28294069354772,berkeley
1992-12-01,c_se_alaska,-1.9263401590689588,berkeley
1993-01-01,c_se_alaska,0.6331502802337762,berkeley
1993-02-01,c_se_alaska,1.2569262222779742,berkeley
1993-03-01,c_se_alaska,1.9122634255865585,berkeley
1993-04-01,c_se_alaska,2.6464639890792925,berkeley
1993-05-01,c_se_alaska,3.0943955856367222,berkeley
1993-06-01,c_se_alaska,1.1825061015208087,berkeley
1993-07-01,c_se_alaska,0.8739552813780902,berkeley
1993-08-01,c_se_alaska,0.7804873820455417,berkeley
1993-09-01,c_se_alaska,1.1015920343824843,berkeley
1993-10-01,c_se_alaska,2.062942072064403,berkeley
1993-11-01,c_se_alaska,2.1675305738452315,berkeley
1993-12-01,c_se_alaska,5.211142942801807,berkeley
1994-01-01,c_se_alaska,3.7429176984847174,berkeley
1994-02-01,c_se_alaska,-5.473574687397186,berkeley
1994-03-01,c_se_alaska,3.7525985893775142,berkeley
1994-04-01,c_se_alaska,2.3854041531113817,berkeley
1994-05-01,c_se_alaska,0.8516512868534589,berkeley
1994-06-01,c_se_alaska,0.7304116275432601,berkeley
1994-07-01,c_se_alaska,1.003639430990149,berkeley
1994-08-01,c_se_alaska,2.5996861959722986,berkeley
1994-09-01,c_se_alaska,0.10150083469967858,berkeley
1994-10-01,c_se_alaska,0.7267224335690677,berkeley
1994-11-01,c_se_alaska,-1.739493670759426,berkeley
1994-12-01,c_se_alaska,0.588339456849034,berkeley
1995-01-01,c_se_alaska,3.0392910694514357,berkeley
1995-02-01,c_se_alaska,0.7211650730486068,berkeley
1995-03-01,c_se_alaska,-0.18244204496652813,berkeley
1995-04-01,c_se_alaska,2.3292663905986246,berkeley
1995-05-01,c_se_alaska,2.8687530776276557,berkeley
1995-06-01,c_se_alaska,1.6945194439406728,berkeley
1995-07-01,c_se_alaska,0.642005670587485,berkeley
1995-08-01,c_se_alaska,-0.7099411714111109,berkeley
1995-09-01,c_se_alaska,2.805644835244116,berkeley
1995-10-01,c_se_alaska,0.49241079443078367,berkeley
1995-11-01,c_se_alaska,-1.2141357538374673,berkeley
1995-12-01,c_se_alaska,-0.33357471160399943,berkeley
1996-01-01,c_se_alaska,-3.5527496016554045,berkeley
1996-02-01,c_se_alaska,1.4211370324743537,berkeley
1996-03-01,c_se_alaska,0.5275588039399115,berkeley
1996-04-01,c_se_alaska,0.6982762343262203,berkeley
1996-05-01,c_se_alaska,0.28328295010370913,berkeley
1996-06-01,c_se_alaska,0.13922342701222473,berkeley
1996-07-01,c_se_alaska,0.30856945908318234,berkeley
1996-08-01,c_se_alaska,-0.44362652315183654,berkeley
1996-09-01,c_se_alaska,-0.7793825306263761,berkeley
1996-10-01,c_se_alaska,-1.5647686184397624,berkeley
1996-11-01,c_se_alaska,-2.6231452213230146,berkeley
1996-12-01,c_se_alaska,-2.1212990912935514,berkeley
1997-01-01,c_se_alaska,1.3370550196293014,berkeley
1997-02-01,c_se_alaska,4.493630906805301,berkeley
1997-03-01,c_se_alaska,-0.4810926551061663,berkeley
1997-04-01,c_se_alaska,1.2468712392641772,berkeley
1997-05-01,c_se_alaska,1.8668012225434198,berkeley
1997-06-01,c_se_alaska,1.4268464206555138,berkeley
1997-07-01,c_se_alaska,0.7959629760877547,berkeley
1997-08-01,c_se_alaska,1.8652756312356542,berkeley
1997-09-01,c_se_alaska,1.4907792957208696,berkeley
1997-10-01,c_se_alaska,-0.8797305110088797,berkeley
1997-11-01,c_se_alaska,2.0821274619028305,berkeley
1997-12-01,c_se_alaska,6.176180246408264,berkeley
1998-01-01,c_se_alaska,0.722213925610786,berkeley
1998-02-01,c_se_alaska,4.542018584315279,berkeley
1998-03-01,c_se_alaska,2.246429220911465,berkeley
1998-04-01,c_se_alaska,1.8069460708347156,berkeley
1998-05-01,c_se_alaska,2.8574608920460896,berkeley
1998-06-01,c_se_alaska,2.4543900637676135,berkeley
1998-07-01,c_se_alaska,1.3351306928433377,berkeley
1998-08-01,c_se_alaska,-0.24827455732286233,berkeley
1998-09-01,c_se_alaska,-0.0348022160665044,berkeley
1998-10-01,c_se_alaska,0.6379834930509304,berkeley
1998-11-01,c_se_alaska,0.4338705754787533,berkeley
1998-12-01,c_se_alaska,0.6283320987916575,berkeley
1999-01-01,c_se_alaska,1.6365069316952414,berkeley
1999-02-01,c_se_alaska,0.04804178227806155,berkeley
1999-03-01,c_se_alaska,1.3096479452449505,berkeley
1999-04-01,c_se_alaska,0.5701117445145535,berkeley
1999-05-01,c_se_alaska,-1.0413115273928701,berkeley
1999-06-01,c_se_alaska,0.4441026868266474,berkeley
1999-07-01,c_se_alaska,0.1578131177447336,berkeley
1999-08-01,c_se_alaska,0.5200198524547155,berkeley
1999-09-01,c_se_alaska,-0.08697416408655335,berkeley
1999-10-01,c_se_alaska,0.63989297871542,berkeley
1999-11-01,c_se_alaska,1.3131187784110216,berkeley
1999-12-01,c_se_alaska,5.039639012886694,berkeley
2000-01-01,c_se_alaska,1.4293847420268366,berkeley
2000-02-01,c_se_alaska,2.2188377751986375,berkeley
2000-03-01,c_se_alaska,2.891697478370909,berkeley
2000-04-01,c_se_alaska,0.19897016507172374,berkeley
2000-05-01,c_se_alaska,-0.2518042894973,berkeley
2000-06-01,c_se_alaska,0.5233437475953482,berkeley
2000-07-01,c_se_alaska,0.12405194737214574,berkeley
2000-08-01,c_se_alaska,-0.530706002108489,berkeley
2000-09-01,c_se_alaska,-0.20663210725957823,berkeley
2000-10-01,c_se_alaska,0.02617801263437296,berkeley
2000-11-01,c_se_alaska,2.739389952059177,berkeley
2000-12-01,c_se_alaska,1.7270389818832754,berkeley
2001-01-01,c_se_alaska,8.641656119680507,berkeley
2001-02-01,c_se_alaska,0.2581051732790906,berkeley
2001-03-01,c_se_alaska,1.0900112881094572,berkeley
2001-04-01,c_se_alaska,0.5837948712360028,berkeley
2001-05-01,c_se_alaska,-0.8870280022762644,berkeley
2001-06-01,c_se_alaska,0.1564558119904718,berkeley
2001-07-01,c_se_alaska,-0.32139629066782044,berkeley
2001-08-01,c_se_alaska,0.83784115001264,berkeley
2001-09-01,c_se_alaska,0.2709447594109384,berkeley
2001-10-01,c_se_alaska,-0.4758835131582822,berkeley
2001-11-01,c_se_alaska,-0.011563977073105275,berkeley
2001-12-01,c_se_alaska,0.5033933215795974,berkeley
2002-01-01,c_se_alaska,4.902074452873361,berkeley
2002-02-01,c_se_alaska,1.5613933779447318,berkeley
2002-03-01,c_se_alaska,-2.6725785741889547,berkeley
2002-04-01,c_se_alaska,-1.9156696151610357,berkeley
2002-05-01,c_se_alaska,-0.26590186227871215,berkeley
2002-06-01,c_se_alaska,0.8030131139885206,berkeley
2002-07-01,c_se_alaska,-0.45268910629622555,berkeley
2002-08-01,c_se_alaska,-0.1133301244855856,berkeley
2002-09-01,c_se_alaska,-0.023585025653840345,berkeley
2002-10-01,c_se_alaska,1.4577334148599348,berkeley
2002-11-01,c_se_alaska,4.064329130011212,berkeley
2002-12-01,c_se_alaska,4.195100283599044,berkeley
2003-01-01,c_se_alaska,5.548146695974911,berkeley
2003-02-01,c_se_alaska,2.1383725711419896,berkeley
2003-03-01,c_se_alaska,-0.32171896648997766,berkeley
2003-04-01,c_se_alaska,1.1535074275257402,berkeley
2003-05-01,c_se_alaska,0.26369638043897176,berkeley
2003-06-01,c_se_alaska,0.5957895593912358,berkeley
2003-07-01,c_se_alaska,1.2514097243632858,berkeley
2003-08-01,c_se_alaska,0.255290141702912,berkeley
2003-09-01,c_se_alaska,0.00544167573339552,berkeley
2003-10-01,c_se_alaska,1.6937086665390102,berkeley
2003-11-01,c_se_alaska,-0.8922027077113849,berkeley
2003-12-01,c_se_alaska,2.991704194171829,berkeley
2004-01-01,c_se_alaska,0.7598806220745677,berkeley
2004-02-01,c_se_alaska,4.35048923139321,berkeley
2004-03-01,c_se_alaska,2.1796586800006184,berkeley
2004-04-01,c_se_alaska,1.9902372628477383,berkeley
2004-05-01,c_se_alaska,2.3757909060211015,berkeley
2004-06-01,c_se_alaska,3.5130973965030217,berkeley
2004-07-01,c_se_alaska,2.040664951829875,berkeley
2004-08-01,c_se_alaska,2.2160534221684833,berkeley
2004-09-01,c_se_alaska,-0.4926001453711463,berkeley
2004-10-01,c_se_alaska,0.029206436825993966,berkeley
2004-11-01,c_se_alaska,1.9964811659757846,berkeley
2004-12-01,c_se_alaska,3.523058123386025,berkeley
2005-01-01,c_se_alaska,1.4315035773400213,berkeley
2005-02-01,c_se_alaska,1.9183027535002382,berkeley
2005-03-01,c_se_alaska,3.707538056908618,berkeley
2005-04-01,c_se_alaska,2.6401505766063034,berkeley
2005-05-01,c_se_alaska,3.462931568343778,berkeley
2005-06-01,c_se_alaska,2.052022763781846,berkeley
2005-07-01,c_se_alaska,0.23301687979875174,berkeley
2005-08-01,c_se_alaska,1.263676001113134,berkeley
2005-09-01,c_se_alaska,0.649023278587014,berkeley
2005-10-01,c_se_alaska,0.3889944002196187,berkeley
2005-11-01,c_se_alaska,2.103055743249711,berkeley
2005-12-01,c_se_alaska,4.747786368486241,berkeley
2006-01-01,c_se_alaska,4.472685635769056,berkeley
2006-02-01,c_se_alaska,0.8759854028445831,berkeley
2006-03-01,c_se_alaska,-1.4163485818081032,berkeley
2006-04-01,c_se_alaska,0.5966511258102513,berkeley
2006-05-01,c_se_alaska,0.49391126539255664,berkeley
2006-06-01,c_se_alaska,1.3463179415025621,berkeley
2006-07-01,c_se_alaska,0.7811731582606253,berkeley
2006-08-01,c_se_alaska,-0.5602629185506691,berkeley
2006-09-01,c_se_alaska,0.7585584420293969,berkeley
2006-10-01,c_se_alaska,0.5497434463013748,berkeley
2006-11-01,c_se_alaska,-5.68550338261316,berkeley
2006-12-01,c_se_alaska,4.536398098530056,berkeley
2007-01-01,c_se_alaska,5.370316240380987,berkeley
2007-02-01,c_se_alaska,-0.5565399369548482,berkeley
2007-03-01,c_se_alaska,-1.422653738986959,berkeley
2007-04-01,c_se_alaska,0.05223251593142658,berkeley
2007-05-01,c_se_alaska,0.20444790723350706,berkeley
2007-06-01,c_se_alaska,0.8146458616411314,berkeley
2007-07-01,c_se_alaska,0.5417525171210436,berkeley
2007-08-01,c_se_alaska,0.7079930877433334,berkeley
2007-09-01,c_se_alaska,0.21931447616570457,berkeley
2007-10-01,c_se_alaska,0.013407747973265775,berkeley
2007-11-01,c_se_alaska,1.1225221941691763,berkeley
2007-12-01,c_se_alaska,-0.16205678400669152,berkeley
2008-01-01,c_se_alaska,1.9008860075021088,berkeley
2008-02-01,c_se_alaska,-0.18503819002852692,berkeley
2008-03-01,c_se_alaska,1.5299501085658753,berkeley
2008-04-01,c_se_alaska,-0.3915578211973345,berkeley
2008-05-01,c_se_alaska,1.0425131766456093,berkeley
2008-06-01,c_se_alaska,-0.775161396882253,berkeley
2008-07-01,c_se_alaska,-0.9530465842100284,berkeley
2008-08-01,c_se_alaska,-0.105369059739517,berkeley
2008-09-01,c_se_alaska,0.27121652809313307,berkeley
2008-10-01,c_se_alaska,-0.061625655131778284,berkeley
2008-11-01,c_se_alaska,1.600088380494264,berkeley
2008-12-01,c_se_alaska,-2.4839699217416786,berkeley
2009-01-01,c_se_alaska,2.0493520242918253,berkeley
2009-02-01,c_se_alaska,-0.8717236723021502,berkeley
2009-03-01,c_se_alaska,-1.6926465883243063,berkeley
2009-04-01,c_se_alaska,0.13948656414578162,berkeley
2009-05-01,c_se_alaska,0.48348747911365625,berkeley
2009-06-01,c_se_alaska,1.3580636579356828,berkeley
2009-07-01,c_se_alaska,2.2662865787383075,berkeley
2009-08-01,c_se_alaska,0.7654825855625038,berkeley
2009-09-01,c_se_alaska,0.6430560976816326,berkeley
2009-10-01,c_se_alaska,0.10377021620981328,berkeley
2009-11-01,c_se_alaska,0.7613617114509081,berkeley
2009-12-01,c_se_alaska,-0.22098881423593386,berkeley
2010-01-01,c_se_alaska,4.719430766102605,berkeley
2010-02-01,c_se_alaska,4.515439136234566,berkeley
2010-03-01,c_se_alaska,3.3571631497582595,berkeley
2010-04-01,c_se_alaska,1.7106449371337236,berkeley
2010-05-01,c_se_alaska,1.8504901988352191,berkeley
2010-06-01,c_se_alaska,0.5014768611598657,berkeley
2010-07-01,c_se_alaska,0.2912001912970925,berkeley
2010-08-01,c_se_alaska,1.1014754913730798,berkeley
2010-09-01,c_se_alaska,0.586714172727998,berkeley
2010-10-01,c_se_alaska,0.930629943945159,berkeley
2010-11-01,c_se_alaska,1.0135314419637798,berkeley
2010-12-01,c_se_alaska,-0.6118415934911574,berkeley
2011-01-01,c_se_alaska,3.597429057686985,berkeley
2011-02-01,c_se_alaska,-0.9755647859414782,berkeley
2011-03-01,c_se_alaska,-1.1539027312947405,berkeley
2011-04-01,c_se_alaska,0.05046591725356871,berkeley
2011-05-01,c_se_alaska,1.307423938915343,berkeley
2011-06-01,c_se_alaska,0.9653652112810773,berkeley
2011-07-01,c_se_alaska,-0.009459275383571776,berkeley
2011-08-01,c_se_alaska,-0.8223818037092515,berkeley
2011-09-01,c_se_alaska,0.39149900374432334,berkeley
2011-10-01,c_se_alaska,0.5436594681854638,berkeley
2011-11-01,c_se_alaska,-1.9079523648637837,berkeley
2011-12-01,c_se_alaska,4.606910725075656,berkeley
2012-01-01,c_se_alaska,2.305559761288596,berkeley
2012-02-01,c_se_alaska,3.5727165720465424,berkeley
2012-03-01,c_se_alaska,0.7639523711992069,berkeley
2012-04-01,c_se_alaska,1.6287080549289885,berkeley
2012-05-01,c_se_alaska,-0.4743969350959484,berkeley
2012-06-01,c_se_alaska,-0.22460177957815583,berkeley
2012-07-01,c_se_alaska,0.14561016997386825,berkeley
2012-08-01,c_se_alaska,0.39256556277119575,berkeley
2012-09-01,c_se_alaska,0.71311253402873,berkeley
2012-10-01,c_se_alaska,-2.1265828914743126,berkeley
2012-11-01,c_se_alaska,-1.7038856567838399,berkeley
2012-12-01,c_se_alaska,-1.68325462575689,berkeley
2013-01-01,c_se_alaska,5.269182296314877,berkeley
2013-02-01,c_se_alaska,4.630351756606469,berkeley
2013-03-01,c_se_alaska,-0.4465152761305987,berkeley
2013-04-01,c_se_alaska,-1.2110439004415856,berkeley
2013-05-01,c_se_alaska,1.4452102385865249,berkeley
2013-06-01,c_se_alaska,2.4184433449693525,berkeley
2013-07-01,c_se_alaska,1.1042258184937843,berkeley
2013-08-01,c_se_alaska,1.9326070155658692,berkeley
2013-09-01,c_se_alaska,2.0354093579919423,berkeley
2013-10-01,c_se_alaska,2.0630070532592866,berkeley
2013-11-01,c_se_alaska,-0.4051384899084085,berkeley
2013-12-01,c_se_alaska,0.5392711992254978,berkeley
2014-01-01,c_se_alaska,8.518863245669015,berkeley
2014-02-01,c_se_alaska,-2.9074030337500867,berkeley
2014-03-01,c_se_alaska,-0.6488075179865126,berkeley
2014-04-01,c_se_alaska,0.7853238568010625,berkeley
2014-05-01,c_se_alaska,2.2536937217567976,berkeley
2014-06-01,c_se_alaska,0.26185215658153427,berkeley
2014-07-01,c_se_alaska,1.10165723848814,berkeley
2014-08-01,c_se_alaska,1.165076889985609,berkeley
2014-09-01,c_se_alaska,1.4419750389222958,berkeley
2014-10-01,c_se_alaska,1.416549207690907,berkeley
2014-11-01,c_se_alaska,0.668573414420319,berkeley
2014-12-01,c_se_alaska,3.413594087171822,berkeley
2015-01-01,c_se_alaska,7.052553355558347,berkeley
2015-02-01,c_se_alaska,2.26013199297971,berkeley
2015-03-01,c_se_alaska,3.703694821438984,berkeley
2015-04-01,c_se_alaska,1.6025953292236914,berkeley
2015-05-01,c_se_alaska,3.917894840153339,berkeley
2015-06-01,c_se_alaska,2.259121875232383,berkeley
2015-07-01,c_se_alaska,1.1877421201602016,berkeley
2015-08-01,c_se_alaska,0.486627202057187,berkeley
2015-09-01,c_se_alaska,-0.1686312276479688,berkeley
2015-10-01,c_se_alaska,1.9456819666463332,berkeley
2015-11-01,c_se_alaska,1.5157871709539925,berkeley
2015-12-01,c_se_alaska,1.9458967422789326,berkeley
2016-01-01,c_se_alaska,6.817846631408907,berkeley
2016-02-01,c_se_alaska,5.109851443822426,berkeley
2016-03-01,c_se_alaska,4.9232187811651835,berkeley
2016-04-01,c_se_alaska,3.4703579402492575,berkeley
2016-05-01,c_se_alaska,2.7838908795886645,berkeley
2016-06-01,c_se_alaska,2.015230423278937,berkeley
2016-07-01,c_se_alaska,1.7743848043844677,berkeley
2016-08-01,c_se_alaska,1.7703773822502085,berkeley
2016-09-01,c_se_alaska,0.9406901089254978,berkeley
2016-10-01,c_se_alaska,-0.040176166550835786,berkeley
2016-11-01,c_se_alaska,2.7440093156833396,berkeley
2016-12-01,c_se_alaska,-0.6455548392702891,berkeley
2017-01-01,c_se_alaska,4.695990661285714,berkeley
2017-02-01,c_se_alaska,0.8739546571494651,berkeley
2017-03-01,c_se_alaska,-1.4789085253530356,berkeley
2017-04-01,c_se_alaska,2.2026592242401493,berkeley
2017-05-01,c_se_alaska,1.549952755540662,berkeley
2017-06-01,c_se_alaska,0.43179922463235304,berkeley
2017-07-01,c_se_alaska,-0.02802729882267791,berkeley
2017-08-01,c_se_alaska,1.179545620119896,berkeley
2017-09-01,c_se_alaska,1.5446313788927648,berkeley
2017-10-01,c_se_alaska,0.5758549180061714,berkeley
2017-11-01,c_se_alaska,-1.9715893864416998,berkeley
2017-12-01,c_se_alaska,2.2235868127061726,berkeley
2018-01-01,c_se_alaska,4.183851830844383,berkeley
2018-02-01,c_se_alaska,-2.3088246398511645,berkeley
2018-03-01,c_se_alaska,0.962051116025474,berkeley
2018-04-01,c_se_alaska,0.3195310675427252,berkeley
2018-05-01,c_se_alaska,1.8818789846591713,berkeley
2018-06-01,c_se_alaska,1.049297215102215,berkeley
2018-07-01,c_se_alaska,2.1494460529002564,berkeley
2018-08-01,c_se_alaska,1.4685950583853293,berkeley
2018-09-01,c_se_alaska,-0.07811387161195933,berkeley
2018-10-01,c_se_alaska,1.636542750439626,berkeley
2018-11-01,c_se_alaska,3.1103018494223633,berkeley
2018-12-01,c_se_alaska,3.4748732754390885,berkeley
2019-01-01,c_se_alaska,5.203391431779844,berkeley
2019-02-01,c_se_alaska,-2.8099299164985445,berkeley
2019-03-01,c_se_alaska,3.4832737654173593,berkeley
2019-04-01,c_se_alaska,1.4003514392794278,berkeley
2019-05-01,c_se_alaska,3.0858202673450057,berkeley
2019-06-01,c_se_alaska,1.7062975363164974,berkeley
2019-07-01,c_se_alaska,1.9801216879911716,berkeley
2019-08-01,c_se_alaska,0.8682156665355071,berkeley
2019-09-01,c_se_alaska,1.695030436371275,berkeley
2019-10-01,c_se_alaska,0.16068891654347636,berkeley
2019-11-01,c_se_alaska,3.067645994918338,berkeley
2019-12-01,c_se_alaska,4.216894007423244,berkeley
2020-01-01,c_se_alaska,0.800409836895835,berkeley
2020-02-01,c_se_alaska,2.307009462452958,berkeley
2020-03-01,c_se_alaska,-0.07659378439541255,berkeley
2020-04-01,c_se_alaska,0.05022077082239515,berkeley
2020-05-01,c_se_alaska,2.1915290795179927,berkeley
2020-06-01,c_se_alaska,0.07177266761907712,berkeley
2020-07-01,c_se_alaska,0.5080817316819232,berkeley
2020-08-01,c_se_alaska,-0.16359484299973415,berkeley
2020-09-01,c_se_alaska,1.2536357495615233,berkeley
2020-10-01,c_se_alaska,-0.5703754944935593,berkeley
2020-11-01,c_se_alaska,-0.5978607506430836,berkeley
2020-12-01,c_se_alaska,4.7748002985328215,berkeley
2021-01-01,c_se_alaska,5.858183907562137,berkeley
2021-02-01,c_se_alaska,-2.2185570486968174,berkeley
2021-03-01,c_se_alaska,0.6349069748380993,berkeley
2021-04-01,c_se_alaska,0.25083848714491486,berkeley
2021-05-01,c_se_alaska,0.25036392518190903,berkeley
2021-06-01,c_se_alaska,2.01572496463663,berkeley
2021-07-01,c_se_alaska,1.1982483163256503,berkeley
2021-08-01,c_se_alaska,0.8071095016234417,berkeley
2021-09-01,c_se_alaska,0.4122568731400565,berkeley
2021-10-01,c_se_alaska,-0.12223320896372093,berkeley
2021-11-01,c_se_alaska,0.8295614009472941,berkeley
2021-12-01,c_se_alaska,-3.3592224319798527,berkeley
2022-01-01,c_se_alaska,3.565776240517379,berkeley
2022-02-01,c_se_alaska,2.610099416749139,berkeley
2022-03-01,c_se_alaska,2.603577424263786,berkeley
2022-04-01,c_se_alaska,-0.6704996241550502,berkeley
2022-05-01,c_se_alaska,0.23698066266283704,berkeley
2022-06-01,c_se_alaska,2.0622905410017056,berkeley
2022-07-01,c_se_alaska,1.3331228979289511,berkeley
2022-08-01,c_se_alaska,1.954067556788695,berkeley
2022-09-01,c_se_alaska,1.7134912552993546,berkeley
2022-10-01,c_se_alaska,2.73851657295006,berkeley
2022-11-01,c_se_alaska,-0.3700867823982722,berkeley
2022-12-01,c_se_alaska,-1.6336149863771787,berkeley
2023-01-01,c_se_alaska,7.651413518578925,berkeley
2023-02-01,c_se_alaska,0.980167969621786,berkeley
2023-03-01,c_se_alaska,-0.12012583439805931,berkeley
2023-04-01,c_se_alaska,0.6435264422822577,berkeley
2023-05-01,c_se_alaska,2.580480113067551,berkeley
2023-06-01,c_se_alaska,1.4248157329901847,berkeley
2023-07-01,c_se_alaska,2.321870570993678,berkeley
2023-08-01,c_se_alaska,2.2024752030570935,berkeley
2023-09-01,c_se_alaska,1.11406282590125,berkeley
2023-10-01,c_se_alaska,1.071529960016823,berkeley
2023-11-01,c_se_alaska,3.2936485349770215,berkeley
2023-12-01,c_se_alaska,5.278091143472321,berkeley
2024-01-01,c_se_alaska,2.9841961287071266,berkeley
2024-02-01,c_se_alaska,1.3799619239489946,berkeley
2024-03-01,c_se_alaska,2.1152802625257423,berkeley
2024-04-01,c_se_alaska,1.4553945457808986,berkeley
2024-05-01,c_se_alaska,0.7752784844283538,berkeley
2024-06-01,c_se_alaska,1.4674771459361484,berkeley
2024-07-01,c_se_alaska,1.4331419075225402,berkeley
2024-08-01,c_se_alaska,1.4450396787360482,berkeley
2024-09-01,c_se_alaska,0.8979538863433496,berkeley
2024-10-01,c_se_alaska,0.05440397043685829,berkeley
2024-11-01,c_se_alaska,0.1083285079689302,berkeley
2024-12-01,c_se_alaska,4.277390532440968,berkeley
1950-01-01,c_scandinavia,-2.576300885427698,berkeley
1950-02-01,c_scandinavia,2.016312371358395,berkeley
1950-03-01,c_scandinavia,1.8048304766764738,berkeley
1950-04-01,c_scandinavia,2.3090133599889624,berkeley
1950-05-01,c_scandinavia,0.45466230363358906,berkeley
1950-06-01,c_scandinavia,-0.002386720765596719,berkeley
1950-07-01,c_scandinavia,-0.5636898637986778,berkeley
1950-08-01,c_scandinavia,1.0558302166647051,berkeley
1950-09-01,c_scandinavia,0.7401053443958636,berkeley
1950-10-01,c_scandinavia,0.9952466023319043,berkeley
1950-11-01,c_scandinavia,0.21151111311674725,berkeley
1950-12-01,c_scandinavia,0.2742826890693037,berkeley
1951-01-01,c_scandinavia,-1.5108371012766038,berkeley
1951-02-01,c_scandinavia,1.3029060781184936,berkeley
1951-03-01,c_scandinavia,-2.138135308031284,berkeley
1951-04-01,c_scandinavia,0.7833525608290689,berkeley
1951-05-01,c_scandinavia,-1.9935582936629137,berkeley
1951-06-01,c_scandinavia,-1.4720180408122574,berkeley
1951-07-01,c_scandinavia,-1.4420598243090401,berkeley
1951-08-01,c_scandinavia,1.7936388380516273,berkeley
1951-09-01,c_scandinavia,1.4185034968578725,berkeley
1951-10-01,c_scandinavia,1.5627040655685602,berkeley
1951-11-01,c_scandinavia,0.030605557693508655,berkeley
1951-12-01,c_scandinavia,3.0255541241666273,berkeley
1952-01-01,c_scandinavia,2.171664870637663,berkeley
1952-02-01,c_scandinavia,2.3471430628455874,berkeley
1952-03-01,c_scandinavia,-3.126672054075366,berkeley
1952-04-01,c_scandinavia,1.8897747950094939,berkeley
1952-05-01,c_scandinavia,-0.8483139453964429,berkeley
1952-06-01,c_scandinavia,-1.1125837201328126,berkeley
1952-07-01,c_scandinavia,-0.4693047409448306,berkeley
1952-08-01,c_scandinavia,-1.352614167578505,berkeley
1952-09-01,c_scandinavia,-1.7872107742909815,berkeley
1952-10-01,c_scandinavia,-2.1730560912747827,berkeley
1952-11-01,c_scandinavia,-1.652337341436826,berkeley
1952-12-01,c_scandinavia,-0.8823921161266131,berkeley
1953-01-01,c_scandinavia,0.8048638999212938,berkeley
1953-02-01,c_scandinavia,-1.625093386167635,berkeley
1953-03-01,c_scandinavia,3.08797164213692,berkeley
1953-04-01,c_scandinavia,1.6231279746011076,berkeley
1953-05-01,c_scandinavia,0.2278180544225586,berkeley
1953-06-01,c_scandinavia,2.9814766855676456,berkeley
1953-07-01,c_scandinavia,0.370227014517409,berkeley
1953-08-01,c_scandinavia,0.2084845981063201,berkeley
1953-09-01,c_scandinavia,-0.28313605400932745,berkeley
1953-10-01,c_scandinavia,2.2161852522466066,berkeley
1953-11-01,c_scandinavia,2.325528346106343,berkeley
1953-12-01,c_scandinavia,3.4696235612245045,berkeley
1954-01-01,c_scandinavia,0.05714703694580456,berkeley
1954-02-01,c_scandinavia,-2.793467422256779,berkeley
1954-03-01,c_scandinavia,1.5969601513495655,berkeley
1954-04-01,c_scandinavia,-0.47668864298834285,berkeley
1954-05-01,c_scandinavia,2.035998020821195,berkeley
1954-06-01,c_scandinavia,-0.4263644040483331,berkeley
1954-07-01,c_scandinavia,0.5437691829263428,berkeley
1954-08-01,c_scandinavia,-0.057449242275404024,berkeley
1954-09-01,c_scandinavia,0.42486097318669425,berkeley
1954-10-01,c_scandinavia,-0.4608742733196661,berkeley
1954-11-01,c_scandinavia,-0.1866300668209385,berkeley
1954-12-01,c_scandinavia,3.732180895217346,berkeley
1955-01-01,c_scandinavia,0.4876241972040371,berkeley
1955-02-01,c_scandinavia,-1.621131882179425,berkeley
1955-03-01,c_scandinavia,-2.043331222701741,berkeley
1955-04-01,c_scandinavia,-2.5052648926966774,berkeley
1955-05-01,c_scandinavia,-2.46710665049348,berkeley
1955-06-01,c_scandinavia,-2.5207140604502007,berkeley
1955-07-01,c_scandinavia,1.1849421666827367,berkeley
1955-08-01,c_scandinavia,1.8864868142509752,berkeley
1955-09-01,c_scandinavia,1.9642344966607284,berkeley
1955-10-01,c_scandinavia,-0.34860647044713416,berkeley
1955-11-01,c_scandinavia,-0.7907850094590642,berkeley
1955-12-01,c_scandinavia,-4.746129729818405,berkeley
1956-01-01,c_scandinavia,-0.7925352399105061,berkeley
1956-02-01,c_scandinavia,-4.547488990433642,berkeley
1956-03-01,c_scandinavia,-0.05354550718924597,berkeley
1956-04-01,c_scandinavia,-2.4258001088829237,berkeley
1956-05-01,c_scandinavia,0.2094803991123017,berkeley
1956-06-01,c_scandinavia,0.21060643448041735,berkeley
1956-07-01,c_scandinavia,-0.5114399397190025,berkeley
1956-08-01,c_scandinavia,-2.050272136493607,berkeley
1956-09-01,c_scandinavia,-0.6661608278785265,berkeley
1956-10-01,c_scandinavia,-0.7449213867967767,berkeley
1956-11-01,c_scandinavia,-3.23594965716766,berkeley
1956-12-01,c_scandinavia,1.119589050387953,berkeley
1957-01-01,c_scandinavia,3.7957477343007544,berkeley
1957-02-01,c_scandinavia,2.825822617180599,berkeley
1957-03-01,c_scandinavia,-1.0755132266294214,berkeley
1957-04-01,c_scandinavia,0.29086487632645375,berkeley
1957-05-01,c_scandinavia,-0.7600488831069525,berkeley
1957-06-01,c_scandinavia,-1.753656353074763,berkeley
1957-07-01,c_scandinavia,1.3795678565618872,berkeley
1957-08-01,c_scandinavia,-0.08700493264766757,berkeley
1957-09-01,c_scandinavia,-0.7500572366847319,berkeley
1957-10-01,c_scandinavia,0.44171951101243706,berkeley
1957-11-01,c_scandinavia,1.3199084856694225,berkeley
1957-12-01,c_scandinavia,0.7662043953671228,berkeley
1958-01-01,c_scandinavia,-1.2027902499613081,berkeley
1958-02-01,c_scandinavia,-1.6067712244067969,berkeley
1958-03-01,c_scandinavia,-3.5159665775144067,berkeley
1958-04-01,c_scandinavia,-1.3409100788519093,berkeley
1958-05-01,c_scandinavia,-0.902307225107151,berkeley
1958-06-01,c_scandinavia,-0.965807251556034,berkeley
1958-07-01,c_scandinavia,-0.7164937938889294,berkeley
1958-08-01,c_scandinavia,-0.03073888725131188,berkeley
1958-09-01,c_scandinavia,0.9462331797061854,berkeley
1958-10-01,c_scandinavia,1.6307670595570911,berkeley
1958-11-01,c_scandinavia,3.2266496841961003,berkeley
1958-12-01,c_scandinavia,-1.8135450487351157,berkeley
1959-01-01,c_scandinavia,0.09515592698085933,berkeley
1959-02-01,c_scandinavia,4.952778341577201,berkeley
1959-03-01,c_scandinavia,4.052106714704114,berkeley
1959-04-01,c_scandinavia,1.128864012849381,berkeley
1959-05-01,c_scandinavia,0.5288676676772643,berkeley
1959-06-01,c_scandinavia,0.22324204693884184,berkeley
1959-07-01,c_scandinavia,1.085291368078051,berkeley
1959-08-01,c_scandinavia,1.245031866378334,berkeley
1959-09-01,c_scandinavia,-0.5515747846367259,berkeley
1959-10-01,c_scandinavia,0.26753624375830015,berkeley
1959-11-01,c_scandinavia,1.3540345838838999,berkeley
1959-12-01,c_scandinavia,0.10972421456775033,berkeley
1960-01-01,c_scandinavia,-1.281912948238765,berkeley
1960-02-01,c_scandinavia,-1.5038433108977538,berkeley
1960-03-01,c_scandinavia,0.6702177466969417,berkeley
1960-04-01,c_scandinavia,0.7552294945393858,berkeley
1960-05-01,c_scandinavia,1.6498086076740976,berkeley
1960-06-01,c_scandinavia,1.0385167949059955,berkeley
1960-07-01,c_scandinavia,1.2564708699792666,berkeley
1960-08-01,c_scandinavia,0.539959616132413,berkeley
1960-09-01,c_scandinavia,0.3585802312424094,berkeley
1960-10-01,c_scandinavia,-2.4645660308344906,berkeley
1960-11-01,c_scandinavia,-0.16755034770336327,berkeley
1960-12-01,c_scandinavia,1.8107072328646865,berkeley
1961-01-01,c_scandinavia,1.5299059773300776,berkeley
1961-02-01,c_scandinavia,5.020604544324046,berkeley
1961-03-01,c_scandinavia,3.3767083458214606,berkeley
1961-04-01,c_scandinavia,-0.08656957936780052,berkeley
1961-05-01,c_scandinavia,0.08691947527502868,berkeley
1961-06-01,c_scandinavia,1.4429215920167346,berkeley
1961-07-01,c_scandinavia,0.14709345598412546,berkeley
1961-08-01,c_scandinavia,-0.6035820199152595,berkeley
1961-09-01,c_scandinavia,0.7704034219253304,berkeley
1961-10-01,c_scandinavia,3.8444559999905605,berkeley
1961-11-01,c_scandinavia,2.1658822194379312,berkeley
1961-12-01,c_scandinavia,-1.7381866898973843,berkeley
1962-01-01,c_scandinavia,2.012671111414127,berkeley
1962-02-01,c_scandinavia,2.021680033720349,berkeley
1962-03-01,c_scandinavia,-4.7726755800682685,berkeley
1962-04-01,c_scandinavia,1.307374932472894,berkeley
1962-05-01,c_scandinavia,-0.8654750664083282,berkeley
1962-06-01,c_scandinavia,-2.1868223064173993,berkeley
1962-07-01,c_scandinavia,-1.8064933209822531,berkeley
1962-08-01,c_scandinavia,-1.8090237809096803,berkeley
1962-09-01,c_scandinavia,-0.5907987605747894,berkeley
1962-10-01,c_scandinavia,1.3775641103325331,berkeley
1962-11-01,c_scandinavia,0.8609146851161457,berkeley
1962-12-01,c_scandinavia,-2.277074761376947,berkeley
1963-01-01,c_scandinavia,-2.8937932611740504,berkeley
1963-02-01,c_scandinavia,-3.177968161749634,berkeley
1963-03-01,c_scandinavia,-3.408508401072307,berkeley
1963-04-01,c_scandinavia,0.42882222416666177,berkeley
1963-05-01,c_scandinavia,3.219321135339394,berkeley
1963-06-01,c_scandinavia,-0.5017203165468571,berkeley
1963-07-01,c_scandinavia,-0.3084925559834317,berkeley
1963-08-01,c_scandinavia,0.9147494642566112,berkeley
1963-09-01,c_scandinavia,1.7002133145834217,berkeley
1963-10-01,c_scandinavia,1.021378430218767,berkeley
1963-11-01,c_scandinavia,0.004970128460456929,berkeley
1963-12-01,c_scandinavia,-0.3491145059604991,berkeley
1964-01-01,c_scandinavia,4.2597884706016105,berkeley
1964-02-01,c_scandinavia,-0.4298398693739658,berkeley
1964-03-01,c_scandinavia,-0.6431599419528271,berkeley
1964-04-01,c_scandinavia,0.6752305381386062,berkeley
1964-05-01,c_scandinavia,0.805226320950243,berkeley
1964-06-01,c_scandinavia,-0.6351748866719029,berkeley
1964-07-01,c_scandinavia,-0.6559262138731434,berkeley
1964-08-01,c_scandinavia,-0.8412753665033672,berkeley
1964-09-01,c_scandinavia,-0.5201907728365857,berkeley
1964-10-01,c_scandinavia,1.5107679117556974,berkeley
1964-11-01,c_scandinavia,0.2129349139685381,berkeley
1964-12-01,c_scandinavia,1.0116014752000975,berkeley
1965-01-01,c_scandinavia,1.4807103909428139,berkeley
1965-02-01,c_scandinavia,0.8587078298648074,berkeley
1965-03-01,c_scandinavia,-0.7683495897690822,berkeley
1965-04-01,c_scandinavia,0.6367517056826956,berkeley
1965-05-01,c_scandinavia,-2.116850925066445,berkeley
1965-06-01,c_scandinavia,-0.32418900482020757,berkeley
1965-07-01,c_scandinavia,-1.9909526422139072,berkeley
1965-08-01,c_scandinavia,-1.1491406928296242,berkeley
1965-09-01,c_scandinavia,1.6799138497508432,berkeley
1965-10-01,c_scandinavia,0.8272390976452998,berkeley
1965-11-01,c_scandinavia,-3.753006299452653,berkeley
1965-12-01,c_scandinavia,-2.8509226665924694,berkeley
1966-01-01,c_scandinavia,-4.885308363840511,berkeley
1966-02-01,c_scandinavia,-6.103437235154971,berkeley
1966-03-01,c_scandinavia,-1.281552626987041,berkeley
1966-04-01,c_scandinavia,-2.233547578646426,berkeley
1966-05-01,c_scandinavia,0.023346277162953177,berkeley
1966-06-01,c_scandinavia,1.6887887836465718,berkeley
1966-07-01,c_scandinavia,0.38928270371896817,berkeley
1966-08-01,c_scandinavia,-0.8434892036322336,berkeley
1966-09-01,c_scandinavia,-1.4133657420670278,berkeley
1966-10-01,c_scandinavia,-0.5522460794992676,berkeley
1966-11-01,c_scandinavia,0.9948923631577734,berkeley
1966-12-01,c_scandinavia,0.07917408209408407,berkeley
1967-01-01,c_scandinavia,-3.498082113924986,berkeley
1967-02-01,c_scandinavia,2.674950003821955,berkeley
1967-03-01,c_scandinavia,3.916986723470335,berkeley
1967-04-01,c_scandinavia,0.46148995748059934,berkeley
1967-05-01,c_scandinavia,0.19689241385731535,berkeley
1967-06-01,c_scandinavia,-0.9086429700230053,berkeley
1967-07-01,c_scandinavia,-0.2217000692080107,berkeley
1967-08-01,c_scandinavia,0.7894684780912159,berkeley
1967-09-01,c_scandinavia,1.753605420883902,berkeley
1967-10-01,c_scandinavia,1.3346144201645984,berkeley
1967-11-01,c_scandinavia,3.397609988153506,berkeley
1967-12-01,c_scandinavia,-4.027957409065245,berkeley
1968-01-01,c_scandinavia,-4.4893092735906235,berkeley
1968-02-01,c_scandinavia,-0.280363661124074,berkeley
1968-03-01,c_scandinavia,1.2923897330591239,berkeley
1968-04-01,c_scandinavia,1.0811536123036722,berkeley
1968-05-01,c_scandinavia,-1.6249104564211574,berkeley
1968-06-01,c_scandinavia,0.8940563727210443,berkeley
1968-07-01,c_scandinavia,-1.2982994897538602,berkeley
1968-08-01,c_scandinavia,0.10462934808836681,berkeley
1968-09-01,c_scandinavia,0.0037528271538370688,berkeley
1968-10-01,c_scandinavia,-2.7258574199711694,berkeley
1968-11-01,c_scandinavia,-1.7587131803130864,berkeley
1968-12-01,c_scandinavia,1.432543876576359,berkeley
1969-01-01,c_scandinavia,-1.4020363390963246,berkeley
1969-02-01,c_scandinavia,-3.2464757996868685,berkeley
1969-03-01,c_scandinavia,-2.708715723841627,berkeley
1969-04-01,c_scandinavia,0.07413397429335127,berkeley
1969-05-01,c_scandinavia,-0.7728281718139927,berkeley
1969-06-01,c_scandinavia,0.611899348620755,berkeley
1969-07-01,c_scandinavia,0.23593944859339144,berkeley
1969-08-01,c_scandinavia,1.7124960578875679,berkeley
1969-09-01,c_scandinavia,-0.14838360032541156,berkeley
1969-10-01,c_scandinavia,0.9466666724936239,berkeley
1969-11-01,c_scandinavia,-1.0388647719921638,berkeley
1969-12-01,c_scandinavia,-2.7545382717093534,berkeley
1970-01-01,c_scandinavia,-2.4493705720883154,berkeley
1970-02-01,c_scandinavia,-5.059383871724953,berkeley
1970-03-01,c_scandinavia,0.5356033832416743,berkeley
1970-04-01,c_scandinavia,-1.5101324584311844,berkeley
1970-05-01,c_scandinavia,0.3377383160588392,berkeley
1970-06-01,c_scandinavia,1.9390961259929205,berkeley
1970-07-01,c_scandinavia,0.08323319053610416,berkeley
1970-08-01,c_scandinavia,0.3473588490367922,berkeley
1970-09-01,c_scandinavia,-0.3219270283020292,berkeley
1970-10-01,c_scandinavia,-0.07986003633620768,berkeley
1970-11-01,c_scandinavia,-1.3073105763218595,berkeley
1970-12-01,c_scandinavia,1.4416141550374357,berkeley
1971-01-01,c_scandinavia,2.836224642537666,berkeley
1971-02-01,c_scandinavia,1.5878566812714725,berkeley
1971-03-01,c_scandinavia,-2.375853904060454,berkeley
1971-04-01,c_scandinavia,-0.7100005447757338,berkeley
1971-05-01,c_scandinavia,0.468402979670402,berkeley
1971-06-01,c_scandinavia,-0.6881159735246859,berkeley
1971-07-01,c_scandinavia,-0.2783084578881664,berkeley
1971-08-01,c_scandinavia,0.19759946576397303,berkeley
1971-09-01,c_scandinavia,-0.6343857358954673,berkeley
1971-10-01,c_scandinavia,-0.24349043249791477,berkeley
1971-11-01,c_scandinavia,-2.205779716418469,berkeley
1971-12-01,c_scandinavia,2.5878846074185593,berkeley
1972-01-01,c_scandinavia,-0.9946990704395908,berkeley
1972-02-01,c_scandinavia,2.0666169910642602,berkeley
1972-03-01,c_scandinavia,1.4614351622081807,berkeley
1972-04-01,c_scandinavia,0.2517014162533302,berkeley
1972-05-01,c_scandinavia,0.20848865574313127,berkeley
1972-06-01,c_scandinavia,1.46464061430051,berkeley
1972-07-01,c_scandinavia,2.626130370348256,berkeley
1972-08-01,c_scandinavia,0.6280901421111024,berkeley
1972-09-01,c_scandinavia,-0.5358561441949329,berkeley
1972-10-01,c_scandinavia,0.0053386745666965316,berkeley
1972-11-01,c_scandinavia,0.2748524750778352,berkeley
1972-12-01,c_scandinavia,5.289764822048421,berkeley
1973-01-01,c_scandinavia,4.811700082613318,berkeley
1973-02-01,c_scandinavia,2.8272582014700403,berkeley
1973-03-01,c_scandinavia,3.1431138069386897,berkeley
1973-04-01,c_scandinavia,0.04360389050107382,berkeley
1973-05-01,c_scandinavia,0.2997091846296275,berkeley
1973-06-01,c_scandinavia,0.9526404165679713,berkeley
1973-07-01,c_scandinavia,2.5265067583336918,berkeley
1973-08-01,c_scandinavia,-0.6165120704945765,berkeley
1973-09-01,c_scandinavia,-1.898833106643914,berkeley
1973-10-01,c_scandinavia,-2.625397839041996,berkeley
1973-11-01,c_scandinavia,-2.3766623532390696,berkeley
1973-12-01,c_scandinavia,-2.276232190634826,berkeley
1974-01-01,c_scandinavia,3.9444277570156947,berkeley
1974-02-01,c_scandinavia,5.257000668393083,berkeley
1974-03-01,c_scandinavia,2.3610262989179787,berkeley
1974-04-01,c_scandinavia,1.0846985738789143,berkeley
1974-05-01,c_scandinavia,-0.5734443506663736,berkeley
1974-06-01,c_scandinavia,0.23828856659462716,berkeley
1974-07-01,c_scandinavia,-0.41446232501640023,berkeley
1974-08-01,c_scandinavia,-0.10752606584207057,berkeley
1974-09-01,c_scandinavia,1.605641436556859,berkeley
1974-10-01,c_scandinavia,-0.37300952512172514,berkeley
1974-11-01,c_scandinavia,0.6926625132099967,berkeley
1974-12-01,c_scandinavia,3.2985359246844204,berkeley
1975-01-01,c_scandinavia,4.3673390851780525,berkeley
1975-02-01,c_scandinavia,4.304199424212615,berkeley
1975-03-01,c_scandinavia,3.0281542524283105,berkeley
1975-04-01,c_scandinavia,0.1518709787904324,berkeley
1975-05-01,c_scandinavia,1.4159475731212303,berkeley
1975-06-01,c_scandinavia,-1.3699135926610946,berkeley
1975-07-01,c_scandinavia,0.17940333816160683,berkeley
1975-08-01,c_scandinavia,0.7032029515039221,berkeley
1975-09-01,c_scandinavia,1.5689074846500661,berkeley
1975-10-01,c_scandinavia,0.5272098361102542,berkeley
1975-11-01,c_scandinavia,1.2861161039865712,berkeley
1975-12-01,c_scandinavia,2.033556363979657,berkeley
1976-01-01,c_scandinavia,-2.429164172852332,berkeley
1976-02-01,c_scandinavia,1.537082744759973,berkeley
1976-03-01,c_scandinavia,-1.5148585224447926,berkeley
1976-04-01,c_scandinavia,-0.16191871102232605,berkeley
1976-05-01,c_scandinavia,1.1148051377232369,berkeley
1976-06-01,c_scandinavia,-1.2792277130072292,berkeley
1976-07-01,c_scandinavia,-0.1977931419828546,berkeley
1976-08-01,c_scandinavia,0.010805963379326669,berkeley
1976-09-01,c_scandinavia,-2.030167410107744,berkeley
1976-10-01,c_scandinavia,-2.1341908984825033,berkeley
1976-11-01,c_scandinavia,0.18928958942245952,berkeley
1976-12-01,c_scandinavia,-1.0730604547954259,berkeley
1977-01-01,c_scandinavia,0.017026114996366665,berkeley
1977-02-01,c_scandinavia,-1.0491602746198583,berkeley
1977-03-01,c_scandinavia,1.4159606071212572,berkeley
1977-04-01,c_scandinavia,-1.3136345902250832,berkeley
1977-05-01,c_scandinavia,-0.2094927586490251,berkeley
1977-06-01,c_scandinavia,-0.5924845656623089,berkeley
1977-07-01,c_scandinavia,-0.8153299183676658,berkeley
1977-08-01,c_scandinavia,-0.7163972217586136,berkeley
1977-09-01,c_scandinavia,-1.3153508534834737,berkeley
1977-10-01,c_scandinavia,0.26535466689891907,berkeley
1977-11-01,c_scandinavia,1.2882993390441932,berkeley
1977-12-01,c_scandinavia,0.9633542595290614,berkeley
1978-01-01,c_scandinavia,0.6839701559882787,berkeley
1978-02-01,c_scandinavia,-2.816435671384149,berkeley
1978-03-01,c_scandinavia,0.5870231744041613,berkeley
1978-04-01,c_scandinavia,-0.8443358729857892,berkeley
1978-05-01,c_scandinavia,0.24348718933070587,berkeley
1978-06-01,c_scandinavia,0.019776867227120895,berkeley
1978-07-01,c_scandinavia,-0.645891913402845,berkeley
1978-08-01,c_scandinavia,-0.8390656742412468,berkeley
1978-09-01,c_scandinavia,-1.2608909562263841,berkeley
1978-10-01,c_scandinavia,-0.3785711696281982,berkeley
1978-11-01,c_scandinavia,1.6748508881587814,berkeley
1978-12-01,c_scandinavia,-7.005902066538857,berkeley
1979-01-01,c_scandinavia,-3.571370088485558,berkeley
1979-02-01,c_scandinavia,-1.879892215062501,berkeley
1979-03-01,c_scandinavia,1.0693579892919376,berkeley
1979-04-01,c_scandinavia,-0.5360674901966294,berkeley
1979-05-01,c_scandinavia,0.6352791347198454,berkeley
1979-06-01,c_scandinavia,1.0588998555194635,berkeley
1979-07-01,c_scandinavia,-0.7482433717715313,berkeley
1979-08-01,c_scandinavia,0.095763634321571,berkeley
1979-09-01,c_scandinavia,-0.199069365797193,berkeley
1979-10-01,c_scandinavia,-1.4215888872510716,berkeley
1979-11-01,c_scandinavia,0.3574278294166848,berkeley
1979-12-01,c_scandinavia,0.22968270910662397,berkeley
1980-01-01,c_scandinavia,-1.9547585949522914,berkeley
1980-02-01,c_scandinavia,-1.8438542896048256,berkeley
1980-03-01,c_scandinavia,-2.1681775413033386,berkeley
1980-04-01,c_scandinavia,1.4768250362737392,berkeley
1980-05-01,c_scandinavia,-0.5731998343211002,berkeley
1980-06-01,c_scandinavia,1.9725846937381164,berkeley
1980-07-01,c_scandinavia,0.5133339919208337,berkeley
1980-08-01,c_scandinavia,-0.07367461524216348,berkeley
1980-09-01,c_scandinavia,0.7125090262978231,berkeley
1980-10-01,c_scandinavia,-1.053265421093573,berkeley
1980-11-01,c_scandinavia,-3.183840384583346,berkeley
1980-12-01,c_scandinavia,-0.6062397948870513,berkeley
1981-01-01,c_scandinavia,0.917316259273378,berkeley
1981-02-01,c_scandinavia,0.5588891354753454,berkeley
1981-03-01,c_scandinavia,-2.483984157743214,berkeley
1981-04-01,c_scandinavia,-0.3707648837085404,berkeley
1981-05-01,c_scandinavia,1.6850808422815875,berkeley
1981-06-01,c_scandinavia,-1.4362549561109368,berkeley
1981-07-01,c_scandinavia,0.29619550788404136,berkeley
1981-08-01,c_scandinavia,-0.8119368354728882,berkeley
1981-09-01,c_scandinavia,0.3517196100399354,berkeley
1981-10-01,c_scandinavia,0.4124205772494213,berkeley
1981-11-01,c_scandinavia,-0.43372074739155964,berkeley
1981-12-01,c_scandinavia,-4.930390200113537,berkeley
1982-01-01,c_scandinavia,-3.085943211157911,berkeley
1982-02-01,c_scandinavia,2.1268824224405734,berkeley
1982-03-01,c_scandinavia,2.7375443325563364,berkeley
1982-04-01,c_scandinavia,0.6496854347645575,berkeley
1982-05-01,c_scandinavia,0.01896486356309824,berkeley
1982-06-01,c_scandinavia,-2.502303074664802,berkeley
1982-07-01,c_scandinavia,0.6253060422431489,berkeley
1982-08-01,c_scandinavia,0.3796552074780496,berkeley
1982-09-01,c_scandinavia,0.09224544105880857,berkeley
1982-10-01,c_scandinavia,0.24138733938667867,berkeley
1982-11-01,c_scandinavia,2.30760117529366,berkeley
1982-12-01,c_scandinavia,2.246502817660508,berkeley
1983-01-01,c_scandinavia,4.343240728318483,berkeley
1983-02-01,c_scandinavia,0.5306705048460691,berkeley
1983-03-01,c_scandinavia,1.0966272949347085,berkeley
1983-04-01,c_scandinavia,1.9705986749292612,berkeley
1983-05-01,c_scandinavia,1.758571589875728,berkeley
1983-06-01,c_scandinavia,-0.7368439693373384,berkeley
1983-07-01,c_scandinavia,0.6732146562993487,berkeley
1983-08-01,c_scandinavia,-0.21070146925164285,berkeley
1983-09-01,c_scandinavia,1.1153456420518881,berkeley
1983-10-01,c_scandinavia,0.4652744251711431,berkeley
1983-11-01,c_scandinavia,-1.5631710340264873,berkeley
1983-12-01,c_scandinavia,0.026972356601983362,berkeley
1984-01-01,c_scandinavia,0.14542972979922858,berkeley
1984-02-01,c_scandinavia,2.980981722857075,berkeley
1984-03-01,c_scandinavia,-0.9717998211143611,berkeley
1984-04-01,c_scandinavia,1.9258033890103687,berkeley
1984-05-01,c_scandinavia,2.9808017641062534,berkeley
1984-06-01,c_scandinavia,-0.3309515497618642,berkeley
1984-07-01,c_scandinavia,-0.6837330584501942,berkeley
1984-08-01,c_scandinavia,-0.07571132217026305,berkeley
1984-09-01,c_scandinavia,-0.5976464891257937,berkeley
1984-10-01,c_scandinavia,1.4326530099936328,berkeley
1984-11-01,c_scandinavia,0.4377212617310023,berkeley
1984-12-01,c_scandinavia,2.4012544166722676,berkeley
1985-01-01,c_scandinavia,-5.7870524634158995,berkeley
1985-02-01,c_scandinavia,-6.824705617573345,berkeley
1985-03-01,c_scandinavia,0.6220349738925689,berkeley
1985-04-01,c_scandinavia,-1.5532853294713262,berkeley
1985-05-01,c_scandinavia,-0.06469347831543208,berkeley
1985-06-01,c_scandinavia,-0.4506120403199821,berkeley
1985-07-01,c_scandinavia,-0.07924395280899846,berkeley
1985-08-01,c_scandinavia,0.5797100597668665,berkeley
1985-09-01,c_scandinavia,-0.7286142188275463,berkeley
1985-10-01,c_scandinavia,1.7076372960279416,berkeley
1985-11-01,c_scandinavia,-1.9642586276204093,berkeley
1985-12-01,c_scandinavia,-3.841763826105323,berkeley
1986-01-01,c_scandinavia,-2.5537363050796373,berkeley
1986-02-01,c_scandinavia,-2.8377140666363307,berkeley
1986-03-01,c_scandinavia,2.716500321557297,berkeley
1986-04-01,c_scandinavia,-0.658566642246984,berkeley
1986-05-01,c_scandinavia,1.5958473707081977,berkeley
1986-06-01,c_scandinavia,1.7827670958382633,berkeley
1986-07-01,c_scandinavia,0.12792577098225108,berkeley
1986-08-01,c_scandinavia,-1.6206624552934943,berkeley
1986-09-01,c_scandinavia,-2.5794392398608443,berkeley
1986-10-01,c_scandinavia,0.8455050709594011,berkeley
1986-11-01,c_scandinavia,3.0185715047899593,berkeley
1986-12-01,c_scandinavia,-2.6155680968795645,berkeley
1987-01-01,c_scandinavia,-7.440057950826131,berkeley
1987-02-01,c_scandinavia,-0.08333495042890995,berkeley
1987-03-01,c_scandinavia,-2.80173805360846,berkeley
1987-04-01,c_scandinavia,0.24323511580585147,berkeley
1987-05-01,c_scandinavia,-0.5914205642832205,berkeley
1987-06-01,c_scandinavia,-1.4049536042619775,berkeley
1987-07-01,c_scandinavia,-1.0247757086653706,berkeley
1987-08-01,c_scandinavia,-2.281129264842302,berkeley
1987-09-01,c_scandinavia,-0.7399159168984193,berkeley
1987-10-01,c_scandinavia,2.4227880013620307,berkeley
1987-11-01,c_scandinavia,-0.05291358957174275,berkeley
1987-12-01,c_scandinavia,-0.41788185427129393,berkeley
1988-01-01,c_scandinavia,3.1887107107248878,berkeley
1988-02-01,c_scandinavia,2.1998194330460485,berkeley
1988-03-01,c_scandinavia,-0.20055795307302532,berkeley
1988-04-01,c_scandinavia,-1.1404681020960792,berkeley
1988-05-01,c_scandinavia,1.6109246659793026,berkeley
1988-06-01,c_scandinavia,1.7957481464155332,berkeley
1988-07-01,c_scandinavia,2.1202890911240013,berkeley
1988-08-01,c_scandinavia,-0.15091639938592474,berkeley
1988-09-01,c_scandinavia,1.253223030956456,berkeley
1988-10-01,c_scandinavia,-0.2839483224176465,berkeley
1988-11-01,c_scandinavia,-2.3215906991991417,berkeley
1988-12-01,c_scandinavia,-0.8590021250593795,berkeley
1989-01-01,c_scandinavia,6.559262116644931,berkeley
1989-02-01,c_scandinavia,6.36145090686433,berkeley
1989-03-01,c_scandinavia,4.481543784364392,berkeley
1989-04-01,c_scandinavia,2.318425367385094,berkeley
1989-05-01,c_scandinavia,1.4100349172520172,berkeley
1989-06-01,c_scandinavia,0.8167939043552626,berkeley
1989-07-01,c_scandinavia,0.15434347025288223,berkeley
1989-08-01,c_scandinavia,-0.1298505483684475,berkeley
1989-09-01,c_scandinavia,0.9911812151712398,berkeley
1989-10-01,c_scandinavia,0.23524969358094755,berkeley
1989-11-01,c_scandinavia,1.251980353419248,berkeley
1989-12-01,c_scandinavia,-0.4394242735775775,berkeley
1990-01-01,c_scandinavia,2.5159379428327684,berkeley
1990-02-01,c_scandinavia,8.60525589727037,berkeley
1990-03-01,c_scandinavia,4.151689743209123,berkeley
1990-04-01,c_scandinavia,2.507435439214889,berkeley
1990-05-01,c_scandinavia,0.821063673823724,berkeley
1990-06-01,c_scandinavia,0.00771756104968188,berkeley
1990-07-01,c_scandinavia,-0.14123259661297652,berkeley
1990-08-01,c_scandinavia,0.6773529209637071,berkeley
1990-09-01,c_scandinavia,-0.7809471079087197,berkeley
1990-10-01,c_scandinavia,0.856446307837215,berkeley
1990-11-01,c_scandinavia,-0.5404086073824349,berkeley
1990-12-01,c_scandinavia,3.1460152749785935,berkeley
1991-01-01,c_scandinavia,3.3467345258112955,berkeley
1991-02-01,c_scandinavia,-0.056594473146435814,berkeley
1991-03-01,c_scandinavia,2.1542241259097406,berkeley
1991-04-01,c_scandinavia,1.4375470636522263,berkeley
1991-05-01,c_scandinavia,-0.9373058277377653,berkeley
1991-06-01,c_scandinavia,-1.483038673026116,berkeley
1991-07-01,c_scandinavia,1.0481384485741927,berkeley
1991-08-01,c_scandinavia,1.2899950349069635,berkeley
1991-09-01,c_scandinavia,-0.3426064288335478,berkeley
1991-10-01,c_scandinavia,0.6390074188933571,berkeley
1991-11-01,c_scandinavia,2.018216848756684,berkeley
1991-12-01,c_scandinavia,3.1312722928228514,berkeley
1992-01-01,c_scandinavia,5.2164128359313064,berkeley
1992-02-01,c_scandinavia,5.245636368839507,berkeley
1992-03-01,c_scandinavia,3.94253042646521,berkeley
1992-04-01,c_scandinavia,-0.9138594230704281,berkeley
1992-05-01,c_scandinavia,2.210553546348383,berkeley
1992-06-01,c_scandinavia,1.6623263177341672,berkeley
1992-07-01,c_scandinavia,-0.417970509459742,berkeley
1992-08-01,c_scandinavia,-0.5098099957381296,berkeley
1992-09-01,c_scandinavia,1.1800139085906174,berkeley
1992-10-01,c_scandinavia,-4.506537135034731,berkeley
1992-11-01,c_scandinavia,-1.2463626474096097,berkeley
1992-12-01,c_scandinavia,3.772396395381584,berkeley
1993-01-01,c_scandinavia,4.06958125786763,berkeley
1993-02-01,c_scandinavia,4.252138467323561,berkeley
1993-03-01,c_scandinavia,1.9377253702324664,berkeley
1993-04-01,c_scandinavia,1.085867299188613,berkeley
1993-05-01,c_scandinavia,2.5005782132205336,berkeley
1993-06-01,c_scandinavia,-2.358002609999096,berkeley
1993-07-01,c_scandinavia,-0.32948738780272724,berkeley
1993-08-01,c_scandinavia,-1.1945431234172559,berkeley
1993-09-01,c_scandinavia,-2.5528477896936415,berkeley
1993-10-01,c_scandinavia,-1.569313925495943,berkeley
1993-11-01,c_scandinavia,-1.7524673401062165,berkeley
1993-12-01,c_scandinavia,0.10468096142238245,berkeley
1994-01-01,c_scandinavia,0.6535950860921397,berkeley
1994-02-01,c_scandinavia,-3.1442757681349267,berkeley
1994-03-01,c_scandinavia,0.8166654482386358,berkeley
1994-04-01,c_scandinavia,2.5298470389007757,berkeley
1994-05-01,c_scandinavia,-0.6134029618889658,berkeley
1994-06-01,c_scandinavia,-1.3788927588427773,berkeley
1994-07-01,c_scandinavia,2.2415037864841523,berkeley
1994-08-01,c_scandinavia,0.6870388154489714,berkeley
1994-09-01,c_scandinavia,0.12719918102762268,berkeley
1994-10-01,c_scandinavia,-0.637846409830065,berkeley
1994-11-01,c_scandinavia,0.25782883993707784,berkeley
1994-12-01,c_scandinavia,3.2728091655650737,berkeley
1995-01-01,c_scandinavia,2.7276649508968025,berkeley
1995-02-01,c_scandinavia,5.058404143894194,berkeley
1995-03-01,c_scandinavia,2.991201335117904,berkeley
1995-04-01,c_scandinavia,0.3173836298687044,berkeley
1995-05-01,c_scandinavia,-0.3366791782177991,berkeley
1995-06-01,c_scandinavia,1.1467493837196987,berkeley
1995-07-01,c_scandinavia,-0.5246278201474069,berkeley
1995-08-01,c_scandinavia,0.44877385730257885,berkeley
1995-09-01,c_scandinavia,0.35621552349169694,berkeley
1995-10-01,c_scandinavia,1.9386977689679048,berkeley
1995-11-01,c_scandinavia,-1.9405138019990096,berkeley
1995-12-01,c_scandinavia,-3.289631190710859,berkeley
1996-01-01,c_scandinavia,1.417525584871124,berkeley
1996-02-01,c_scandinavia,-2.055725385778541,berkeley
1996-03-01,c_scandinavia,0.2124252332233457,berkeley
1996-04-01,c_scandinavia,0.7600486141093282,berkeley
1996-05-01,c_scandinavia,-0.9198934288002599,berkeley
1996-06-01,c_scandinavia,-0.7757150660380507,berkeley
1996-07-01,c_scandinavia,-1.1354297770238837,berkeley
1996-08-01,c_scandinavia,2.2097042243197516,berkeley
1996-09-01,c_scandinavia,-0.9164009784813804,berkeley
1996-10-01,c_scandinavia,1.4999353865105125,berkeley
1996-11-01,c_scandinavia,0.48971423577949563,berkeley
1996-12-01,c_scandinavia,-1.623982331811328,berkeley
1997-01-01,c_scandinavia,2.089671410370175,berkeley
1997-02-01,c_scandinavia,3.303735499484346,berkeley
1997-03-01,c_scandinavia,2.166252426369769,berkeley
1997-04-01,c_scandinavia,-1.3182176513477606,berkeley
1997-05-01,c_scandinavia,-0.9641667281374419,berkeley
1997-06-01,c_scandinavia,0.9466984363984422,berkeley
1997-07-01,c_scandinavia,2.0811186470249114,berkeley
1997-08-01,c_scandinavia,2.863161115704064,berkeley
1997-09-01,c_scandinavia,1.0101066144306643,berkeley
1997-10-01,c_scandinavia,-1.35944016482979,berkeley
1997-11-01,c_scandinavia,-0.057706356819607715,berkeley
1997-12-01,c_scandinavia,0.8584070103025603,berkeley
1998-01-01,c_scandinavia,3.780600146314567,berkeley
1998-02-01,c_scandinavia,2.273474056491543,berkeley
1998-03-01,c_scandinavia,-0.06304510759179231,berkeley
1998-04-01,c_scandinavia,-0.0688585017064289,berkeley
1998-05-01,c_scandinavia,0.4855768273907314,berkeley
1998-06-01,c_scandinavia,-0.4984118802476526,berkeley
1998-07-01,c_scandinavia,0.08777144302563916,berkeley
1998-08-01,c_scandinavia,-1.0536140965327518,berkeley
1998-09-01,c_scandinavia,0.9160540794888733,berkeley
1998-10-01,c_scandinavia,0.12999915634875428,berkeley
1998-11-01,c_scandinavia,-3.0485994110572365,berkeley
1998-12-01,c_scandinavia,0.7030062293272853,berkeley
1999-01-01,c_scandinavia,0.5660349497662942,berkeley
1999-02-01,c_scandinavia,0.9152930851244245,berkeley
1999-03-01,c_scandinavia,1.8077010930399895,berkeley
1999-04-01,c_scandinavia,2.720266356553698,berkeley
1999-05-01,c_scandinavia,-0.9951179444783098,berkeley
1999-06-01,c_scandinavia,1.7845847292787724,berkeley
1999-07-01,c_scandinavia,1.1138196118730044,berkeley
1999-08-01,c_scandinavia,-0.6956202665575419,berkeley
1999-09-01,c_scandinavia,2.6946521680236977,berkeley
1999-10-01,c_scandinavia,1.176651202918079,berkeley
1999-11-01,c_scandinavia,2.7531418622873716,berkeley
1999-12-01,c_scandinavia,-0.3011094584102414,berkeley
2000-01-01,c_scandinavia,3.586879575631923,berkeley
2000-02-01,c_scandinavia,4.07846411215119,berkeley
2000-03-01,c_scandinavia,1.8781063763133192,berkeley
2000-04-01,c_scandinavia,2.47289422291663,berkeley
2000-05-01,c_scandinavia,1.6824853948038911,berkeley
2000-06-01,c_scandinavia,-0.6820365210335301,berkeley
2000-07-01,c_scandinavia,0.17192204461135943,berkeley
2000-08-01,c_scandinavia,-0.13002948657220514,berkeley
2000-09-01,c_scandinavia,0.15200226012991203,berkeley
2000-10-01,c_scandinavia,3.414917924439801,berkeley
2000-11-01,c_scandinavia,3.9807125148248166,berkeley
2000-12-01,c_scandinavia,2.833463671895878,berkeley
2001-01-01,c_scandinavia,4.248577172869038,berkeley
2001-02-01,c_scandinavia,-0.39865147778989113,berkeley
2001-03-01,c_scandinavia,-1.645050273263638,berkeley
2001-04-01,c_scandinavia,1.3146760026453563,berkeley
2001-05-01,c_scandinavia,0.3518373182505091,berkeley
2001-06-01,c_scandinavia,-0.008432998340130763,berkeley
2001-07-01,c_scandinavia,1.8180669005858265,berkeley
2001-08-01,c_scandinavia,0.5461652223712897,berkeley
2001-09-01,c_scandinavia,1.2889067821580196,berkeley
2001-10-01,c_scandinavia,1.9069348088818008,berkeley
2001-11-01,c_scandinavia,0.4169222108987134,berkeley
2001-12-01,c_scandinavia,-1.7170236401669734,berkeley
2002-01-01,c_scandinavia,2.35609975898035,berkeley
2002-02-01,c_scandinavia,5.06165949557517,berkeley
2002-03-01,c_scandinavia,2.388085232238217,berkeley
2002-04-01,c_scandinavia,2.9276788171967,berkeley
2002-05-01,c_scandinavia,2.6819128183426293,berkeley
2002-06-01,c_scandinavia,1.816361417381888,berkeley
2002-07-01,c_scandinavia,2.001820494201616,berkeley
2002-08-01,c_scandinavia,3.2712847057894647,berkeley
2002-09-01,c_scandinavia,0.6788560546006713,berkeley
2002-10-01,c_scandinavia,-2.970870492798608,berkeley
2002-11-01,c_scandinavia,-2.471226088552144,berkeley
2002-12-01,c_scandinavia,-3.4416374514425567,berkeley
2003-01-01,c_scandinavia,-1.7543937238535483,berkeley
2003-02-01,c_scandinavia,2.5173904353120777,berkeley
2003-03-01,c_scandinavia,3.2784849956254973,berkeley
2003-04-01,c_scandinavia,0.6672311392485325,berkeley
2003-05-01,c_scandinavia,1.2896207765878156,berkeley
2003-06-01,c_scandinavia,-0.21533098781808677,berkeley
2003-07-01,c_scandinavia,3.2969074957007702,berkeley
2003-08-01,c_scandinavia,0.880978603866279,berkeley
2003-09-01,c_scandinavia,0.876506903137647,berkeley
2003-10-01,c_scandinavia,-1.2681132892501594,berkeley
2003-11-01,c_scandinavia,1.9658201040842953,berkeley
2003-12-01,c_scandinavia,2.2328404950760508,berkeley
2004-01-01,c_scandinavia,0.08674316474859395,berkeley
2004-02-01,c_scandinavia,2.3124817694421673,berkeley
2004-03-01,c_scandinavia,2.4100748662326295,berkeley
2004-04-01,c_scandinavia,2.492672169820785,berkeley
2004-05-01,c_scandinavia,0.9742320743551527,berkeley
2004-06-01,c_scandinavia,-1.0357393698677881,berkeley
2004-07-01,c_scandinavia,0.41678789425433926,berkeley
2004-08-01,c_scandinavia,1.4638079043117795,berkeley
2004-09-01,c_scandinavia,1.3986977827694425,berkeley
2004-10-01,c_scandinavia,0.5391139618769902,berkeley
2004-11-01,c_scandinavia,-0.2511850875930199,berkeley
2004-12-01,c_scandinavia,3.2712611079533147,berkeley
2005-01-01,c_scandinavia,5.115937950522829,berkeley
2005-02-01,c_scandinavia,2.018456676519076,berkeley
2005-03-01,c_scandinavia,-1.2351838935913344,berkeley
2005-04-01,c_scandinavia,2.077436686919732,berkeley
2005-05-01,c_scandinavia,0.0626666597133634,berkeley
2005-06-01,c_scandinavia,-0.17070660961695255,berkeley
2005-07-01,c_scandinavia,1.9382579743576218,berkeley
2005-08-01,c_scandinavia,0.757801483984786,berkeley
2005-09-01,c_scandinavia,1.5168555014591243,berkeley
2005-10-01,c_scandinavia,1.9834000916069348,berkeley
2005-11-01,c_scandinavia,3.241071114176513,berkeley
2005-12-01,c_scandinavia,0.7539974896913046,berkeley
2006-01-01,c_scandinavia,2.122812868661005,berkeley
2006-02-01,c_scandinavia,0.34508835816733724,berkeley
2006-03-01,c_scandinavia,-2.977932279184849,berkeley
2006-04-01,c_scandinavia,1.42499926267279,berkeley
2006-05-01,c_scandinavia,1.3235472210579617,berkeley
2006-06-01,c_scandinavia,1.0070125889076664,berkeley
2006-07-01,c_scandinavia,1.8921398469851374,berkeley
2006-08-01,c_scandinavia,2.582275402831419,berkeley
2006-09-01,c_scandinavia,2.8147348304981326,berkeley
2006-10-01,c_scandinavia,1.2625255491950715,berkeley
2006-11-01,c_scandinavia,2.204051650095041,berkeley
2006-12-01,c_scandinavia,6.32864353560767,berkeley
2007-01-01,c_scandinavia,3.2710865156211266,berkeley
2007-02-01,c_scandinavia,-1.4459683175927773,berkeley
2007-03-01,c_scandinavia,5.41424005582656,berkeley
2007-04-01,c_scandinavia,2.3705841444654103,berkeley
2007-05-01,c_scandinavia,1.1369576719129084,berkeley
2007-06-01,c_scandinavia,1.042345623698327,berkeley
2007-07-01,c_scandinavia,0.4645240606303097,berkeley
2007-08-01,c_scandinavia,1.3606809668102609,berkeley
2007-09-01,c_scandinavia,-0.08094687030706635,berkeley
2007-10-01,c_scandinavia,1.6210748328663163,berkeley
2007-11-01,c_scandinavia,0.23883191806727286,berkeley
2007-12-01,c_scandinavia,4.1546448382260515,berkeley
2008-01-01,c_scandinavia,5.171784738838273,berkeley
2008-02-01,c_scandinavia,5.988826792514099,berkeley
2008-03-01,c_scandinavia,1.429200234143306,berkeley
2008-04-01,c_scandinavia,1.9964070539578724,berkeley
2008-05-01,c_scandinavia,0.7522862885787182,berkeley
2008-06-01,c_scandinavia,0.0498579441309947,berkeley
2008-07-01,c_scandinavia,0.784719049927323,berkeley
2008-08-01,c_scandinavia,-0.2585373697686896,berkeley
2008-09-01,c_scandinavia,-0.1809806257157694,berkeley
2008-10-01,c_scandinavia,1.4294835799306065,berkeley
2008-11-01,c_scandinavia,1.171584209006153,berkeley
2008-12-01,c_scandinavia,2.89700331173483,berkeley
2009-01-01,c_scandinavia,2.6633682569288877,berkeley
2009-02-01,c_scandinavia,0.48702022128522565,berkeley
2009-03-01,c_scandinavia,1.6683562749329017,berkeley
2009-04-01,c_scandinavia,2.3671501949344416,berkeley
2009-05-01,c_scandinavia,1.938011842316206,berkeley
2009-06-01,c_scandinavia,-0.4564915626085023,berkeley
2009-07-01,c_scandinavia,0.6660863269682801,berkeley
2009-08-01,c_scandinavia,1.069352864972646,berkeley
2009-09-01,c_scandinavia,1.9018121290697996,berkeley
2009-10-01,c_scandinavia,-1.6499675858138436,berkeley
2009-11-01,c_scandinavia,2.902444490932097,berkeley
2009-12-01,c_scandinavia,-1.092150503323096,berkeley
2010-01-01,c_scandinavia,-3.5262556117189288,berkeley
2010-02-01,c_scandinavia,-2.232626213632063,berkeley
2010-03-01,c_scandinavia,0.11080345585062734,berkeley
2010-04-01,c_scandinavia,1.8760193063021677,berkeley
2010-05-01,c_scandinavia,1.5822551506767895,berkeley
2010-06-01,c_scandinavia,-0.5679217525131665,berkeley
2010-07-01,c_scandinavia,2.875217841787069,berkeley
2010-08-01,c_scandinavia,1.0548998388228263,berkeley
2010-09-01,c_scandinavia,0.5707563437785784,berkeley
2010-10-01,c_scandinavia,0.07754149244261113,berkeley
2010-11-01,c_scandinavia,-2.5091375837203325,berkeley
2010-12-01,c_scandinavia,-5.16923031519263,berkeley
2011-01-01,c_scandinavia,1.260974738897209,berkeley
2011-02-01,c_scandinavia,-2.2753132576255966,berkeley
2011-03-01,c_scandinavia,1.5336477808447724,berkeley
2011-04-01,c_scandinavia,3.8141090384907255,berkeley
2011-05-01,c_scandinavia,1.2721489176486238,berkeley
2011-06-01,c_scandinavia,1.9125758820897156,berkeley
2011-07-01,c_scandinavia,2.2797103658523605,berkeley
2011-08-01,c_scandinavia,0.9002099881534158,berkeley
2011-09-01,c_scandinavia,2.246690026503697,berkeley
2011-10-01,c_scandinavia,1.866095182518985,berkeley
2011-11-01,c_scandinavia,4.164576378038568,berkeley
2011-12-01,c_scandinavia,4.528794655392595,berkeley
2012-01-01,c_scandinavia,1.8241200047310713,berkeley
2012-02-01,c_scandinavia,-0.36620258466401373,berkeley
2012-03-01,c_scandinavia,4.03546244758429,berkeley
2012-04-01,c_scandinavia,0.5064468974286185,berkeley
2012-05-01,c_scandinavia,1.0659745930629525,berkeley
2012-06-01,c_scandinavia,-1.1694844674693767,berkeley
2012-07-01,c_scandinavia,0.48232723223235263,berkeley
2012-08-01,c_scandinavia,0.16657853248351037,berkeley
2012-09-01,c_scandinavia,0.5125765803059791,berkeley
2012-10-01,c_scandinavia,-0.16982733774410952,berkeley
2012-11-01,c_scandinavia,2.536848589847816,berkeley
2012-12-01,c_scandinavia,-3.0702117019559307,berkeley
2013-01-01,c_scandinavia,0.7255149477931092,berkeley
2013-02-01,c_scandinavia,2.9072870641822828,berkeley
2013-03-01,c_scandinavia,-3.1469625742788137,berkeley
2013-04-01,c_scandinavia,0.28059324409040604,berkeley
2013-05-01,c_scandinavia,3.5703303563018,berkeley
2013-06-01,c_scandinavia,1.8936073822014272,berkeley
2013-07-01,c_scandinavia,0.8983300074931518,berkeley
2013-08-01,c_scandinavia,1.2296050693735874,berkeley
2013-09-01,c_scandinavia,1.5312864737630925,berkeley
2013-10-01,c_scandinavia,1.1718156260795183,berkeley
2013-11-01,c_scandinavia,2.106963597511198,berkeley
2013-12-01,c_scandinavia,4.294870021665985,berkeley
2014-01-01,c_scandinavia,0.1914902865034893,berkeley
2014-02-01,c_scandinavia,7.110554274482474,berkeley
2014-03-01,c_scandinavia,4.865982576290502,berkeley
2014-04-01,c_scandinavia,2.588313012898463,berkeley
2014-05-01,c_scandinavia,1.3416727764386212,berkeley
2014-06-01,c_scandinavia,-0.4934159052742593,berkeley
2014-07-01,c_scandinavia,3.693599216349042,berkeley
2014-08-01,c_scandinavia,1.3590463009704739,berkeley
2014-09-01,c_scandinavia,1.566669186302451,berkeley
2014-10-01,c_scandinavia,0.930410153300946,berkeley
2014-11-01,c_scandinavia,1.8020569623355807,berkeley
2014-12-01,c_scandinavia,1.978732104846992,berkeley
2015-01-01,c_scandinavia,3.17295597501102,berkeley
2015-02-01,c_scandinavia,5.694720418441166,berkeley
2015-03-01,c_scandinavia,4.7045714898919,berkeley
2015-04-01,c_scandinavia,2.279256436771942,berkeley
2015-05-01,c_scandinavia,0.232468217228606,berkeley
2015-06-01,c_scandinavia,-1.2488832294302126,berkeley
2015-07-01,c_scandinavia,-0.5933208753298004,berkeley
2015-08-01,c_scandinavia,1.603910846940948,berkeley
2015-09-01,c_scandinavia,2.1824549074112105,berkeley
2015-10-01,c_scandinavia,0.8609660072831932,berkeley
2015-11-01,c_scandinavia,3.211165850886405,berkeley
2015-12-01,c_scandinavia,4.695609133325858,berkeley
2016-01-01,c_scandinavia,-2.1071567646487597,berkeley
2016-02-01,c_scandinavia,4.879159907279918,berkeley
2016-03-01,c_scandinavia,3.5660651274895194,berkeley
2016-04-01,c_scandinavia,2.0250912330015276,berkeley
2016-05-01,c_scandinavia,2.9550953155382396,berkeley
2016-06-01,c_scandinavia,0.8203423762762334,berkeley
2016-07-01,c_scandinavia,1.3975879393734008,berkeley
2016-08-01,c_scandinavia,0.23474696868967274,berkeley
2016-09-01,c_scandinavia,2.631746462285168,berkeley
2016-10-01,c_scandinavia,0.17834495918617183,berkeley
2016-11-01,c_scandinavia,-0.2153388460271617,berkeley
2016-12-01,c_scandinavia,3.599524593737351,berkeley
2017-01-01,c_scandinavia,3.633357322690803,berkeley
2017-02-01,c_scandinavia,3.5161211076784964,berkeley
2017-03-01,c_scandinavia,3.1139856655076357,berkeley
2017-04-01,c_scandinavia,0.053611493378102004,berkeley
2017-05-01,c_scandinavia,-0.08671773598732868,berkeley
2017-06-01,c_scandinavia,-0.48221957294976747,berkeley
2017-07-01,c_scandinavia,-0.21557111983091734,berkeley
2017-08-01,c_scandinavia,0.21887013506510905,berkeley
2017-09-01,c_scandinavia,1.338533325698318,berkeley
2017-10-01,c_scandinavia,0.8392219177675455,berkeley
2017-11-01,c_scandinavia,1.1558007656536908,berkeley
2017-12-01,c_scandinavia,2.353040394054621,berkeley
2018-01-01,c_scandinavia,2.5618656302753178,berkeley
2018-02-01,c_scandinavia,-0.6503642240558318,berkeley
2018-03-01,c_scandinavia,-1.9513249451451855,berkeley
2018-04-01,c_scandinavia,2.117088157217673,berkeley
2018-05-01,c_scandinavia,4.779049573107413,berkeley
2018-06-01,c_scandinavia,0.412786772564491,berkeley
2018-07-01,c_scandinavia,4.119139263538284,berkeley
2018-08-01,c_scandinavia,1.6289215502288583,berkeley
2018-09-01,c_scandinavia,2.049998202908855,berkeley
2018-10-01,c_scandinavia,0.9841761263421305,berkeley
2018-11-01,c_scandinavia,3.076363275439919,berkeley
2018-12-01,c_scandinavia,1.9164235494061435,berkeley
2019-01-01,c_scandinavia,0.5891650140004042,berkeley
2019-02-01,c_scandinavia,4.665653906469652,berkeley
2019-03-01,c_scandinavia,2.365735890943244,berkeley
2019-04-01,c_scandinavia,3.2544858112754107,berkeley
2019-05-01,c_scandinavia,0.6552055148010324,berkeley
2019-06-01,c_scandinavia,1.713290779848701,berkeley
2019-07-01,c_scandinavia,0.38303041214381056,berkeley
2019-08-01,c_scandinavia,1.1895724666599448,berkeley
2019-09-01,c_scandinavia,0.6230015875571634,berkeley
2019-10-01,c_scandinavia,-0.38831282688303215,berkeley
2019-11-01,c_scandinavia,0.2811193951626971,berkeley
2019-12-01,c_scandinavia,4.27372595973313,berkeley
2020-01-01,c_scandinavia,7.212869277130838,berkeley
2020-02-01,c_scandinavia,5.8900339692650245,berkeley
2020-03-01,c_scandinavia,3.5813343325435336,berkeley
2020-04-01,c_scandinavia,1.3576252264810804,berkeley
2020-05-01,c_scandinavia,-0.6365275415534114,berkeley
2020-06-01,c_scandinavia,3.208109563419824,berkeley
2020-07-01,c_scandinavia,-0.4344804535382449,berkeley
2020-08-01,c_scandinavia,1.3370150070359421,berkeley
2020-09-01,c_scandinavia,1.8824921203027287,berkeley
2020-10-01,c_scandinavia,2.3511745795196948,berkeley
2020-11-01,c_scandinavia,4.397322507213136,berkeley
2020-12-01,c_scandinavia,4.580665161657716,berkeley
2021-01-01,c_scandinavia,0.4956168338550819,berkeley
2021-02-01,c_scandinavia,0.34271624895236474,berkeley
2021-03-01,c_scandinavia,3.053022874206729,berkeley
2021-04-01,c_scandinavia,1.2455589851574866,berkeley
2021-05-01,c_scandinavia,0.412804237070938,berkeley
2021-06-01,c_scandinavia,2.935135861344338,berkeley
2021-07-01,c_scandinavia,3.2915800886157744,berkeley
2021-08-01,c_scandinavia,0.1343783978262913,berkeley
2021-09-01,c_scandinavia,0.3364711054192241,berkeley
2021-10-01,c_scandinavia,1.9553657372420195,berkeley
2021-11-01,c_scandinavia,1.1483976491542145,berkeley
2021-12-01,c_scandinavia,-1.1091638198671858,berkeley
2022-01-01,c_scandinavia,3.7115997141139365,berkeley
2022-02-01,c_scandinavia,3.9656198441086374,berkeley
2022-03-01,c_scandinavia,3.662604189021474,berkeley
2022-04-01,c_scandinavia,0.8942126378655267,berkeley
2022-05-01,c_scandinavia,0.9036450842727619,berkeley
2022-06-01,c_scandinavia,1.967631889330028,berkeley
2022-07-01,c_scandinavia,1.0785449999259347,berkeley
2022-08-01,c_scandinavia,2.420268880637958,berkeley
2022-09-01,c_scandinavia,0.2200421672934415,berkeley
2022-10-01,c_scandinavia,2.297172871222802,berkeley
2022-11-01,c_scandinavia,2.410175661067783,berkeley
2022-12-01,c_scandinavia,-0.23799168586918457,berkeley
2023-01-01,c_scandinavia,4.618296340798288,berkeley
2023-02-01,c_scandinavia,4.762284521552124,berkeley
2023-03-01,c_scandinavia,0.07728748311785068,berkeley
2023-04-01,c_scandinavia,1.889575261138121,berkeley
2023-05-01,c_scandinavia,1.5060294725570247,berkeley
2023-06-01,c_scandinavia,1.9136491326436706,berkeley
2023-07-01,c_scandinavia,0.6006745219778172,berkeley
2023-08-01,c_scandinavia,2.025880707935978,berkeley
2023-09-01,c_scandinavia,3.580201222261262,berkeley
2023-10-01,c_scandinavia,-1.0104642971441347,berkeley
2023-11-01,c_scandinavia,-1.6522976263740976,berkeley
2023-12-01,c_scandinavia,-0.8170077887498577,berkeley
2024-01-01,c_scandinavia,-0.529868122678716,berkeley
2024-02-01,c_scandinavia,3.5782610049510617,berkeley
2024-03-01,c_scandinavia,3.6538896977598068,berkeley
2024-04-01,c_scandinavia,0.898597888945955,berkeley
2024-05-01,c_scandinavia,4.095681802885729,berkeley
2024-06-01,c_scandinavia,1.931432464454912,berkeley
2024-07-01,c_scandinavia,1.935089613639042,berkeley
2024-08-01,c_scandinavia,2.246080431818704,berkeley
2024-09-01,c_scandinavia,3.2669977582083143,berkeley
2024-10-01,c_scandinavia,2.125473879282861,berkeley
2024-11-01,c_scandinavia,2.581652342282149,berkeley
2024-12-01,c_scandinavia,3.002059292908781,berkeley
1950-01-01,inlandnw,-9.217342354748137,berkeley
1950-02-01,inlandnw,-1.05067639654277,berkeley
1950-03-01,inlandnw,-1.200936060928592,berkeley
1950-04-01,inlandnw,-1.6338519521274755,berkeley
1950-05-01,inlandnw,-1.067387528008218,berkeley
1950-06-01,inlandnw,0.35248565110192404,berkeley
1950-07-01,inlandnw,-0.36898020446220386,berkeley
1950-08-01,inlandnw,-1.189738771415102,berkeley
1950-09-01,inlandnw,0.9393373674965295,berkeley
1950-10-01,inlandnw,-1.1804212252982453,berkeley
1950-11-01,inlandnw,-3.7261307637026184,berkeley
1950-12-01,inlandnw,0.9604851663329416,berkeley
1951-01-01,inlandnw,-1.0890597311380221,berkeley
1951-02-01,inlandnw,-1.90772743724735,berkeley
1951-03-01,inlandnw,-4.560218263466717,berkeley
1951-04-01,inlandnw,-0.5265896182968712,berkeley
1951-05-01,inlandnw,0.412800977252763,berkeley
1951-06-01,inlandnw,-1.9867183326409785,berkeley
1951-07-01,inlandnw,-0.03346648060208752,berkeley
1951-08-01,inlandnw,-0.9110712832084242,berkeley
1951-09-01,inlandnw,-0.653198818149621,berkeley
1951-10-01,inlandnw,-2.975523479250666,berkeley
1951-11-01,inlandnw,-1.1069485415078257,berkeley
1951-12-01,inlandnw,-4.318815307491365,berkeley
1952-01-01,inlandnw,-2.4067898888260233,berkeley
1952-02-01,inlandnw,0.5215404683749357,berkeley
1952-03-01,inlandnw,-0.9797223363701707,berkeley
1952-04-01,inlandnw,2.6359122837515074,berkeley
1952-05-01,inlandnw,0.9652348213857878,berkeley
1952-06-01,inlandnw,-0.5987049617799257,berkeley
1952-07-01,inlandnw,-0.7770387096513894,berkeley
1952-08-01,inlandnw,-0.3102991192173963,berkeley
1952-09-01,inlandnw,1.1738732955995044,berkeley
1952-10-01,inlandnw,1.4778498603713435,berkeley
1952-11-01,inlandnw,1.9264894038147449,berkeley
1952-12-01,inlandnw,3.02607883236624,berkeley
1953-01-01,inlandnw,1.5042190012791332,berkeley
1953-02-01,inlandnw,3.3798130360001712,berkeley
1953-03-01,inlandnw,1.4812690834425386,berkeley
1953-04-01,inlandnw,-1.4983104617413974,berkeley
1953-05-01,inlandnw,-0.33879120386472655,berkeley
1953-06-01,inlandnw,-0.8472212566420907,berkeley
1953-07-01,inlandnw,-0.2497048719454539,berkeley
1953-08-01,inlandnw,0.8048114308675458,berkeley
1953-09-01,inlandnw,0.534012066055675,berkeley
1953-10-01,inlandnw,2.0230817276551742,berkeley
1953-11-01,inlandnw,3.5953327172063743,berkeley
1953-12-01,inlandnw,3.6620342651454365,berkeley
1954-01-01,inlandnw,-4.2345121350281705,berkeley
1954-02-01,inlandnw,4.370468820150401,berkeley
1954-03-01,inlandnw,-0.92719573733571,berkeley
1954-04-01,inlandnw,-5.027971995266031,berkeley
1954-05-01,inlandnw,-0.7006074382705761,berkeley
1954-06-01,inlandnw,-1.3128511971039767,berkeley
1954-07-01,inlandnw,-0.2431510319794486,berkeley
1954-08-01,inlandnw,-0.6446392626992841,berkeley
1954-09-01,inlandnw,-0.15074979538200986,berkeley
1954-10-01,inlandnw,-0.21500777142653357,berkeley
1954-11-01,inlandnw,5.11050024229372,berkeley
1954-12-01,inlandnw,4.287004311000693,berkeley
1955-01-01,inlandnw,3.6373779635294423,berkeley
1955-02-01,inlandnw,-2.2586172506146274,berkeley
1955-03-01,inlandnw,-4.465843652610755,berkeley
1955-04-01,inlandnw,-0.3555549107899707,berkeley
1955-05-01,inlandnw,-1.177964853961596,berkeley
1955-06-01,inlandnw,0.2272664452690044,berkeley
1955-07-01,inlandnw,-0.15521726436193284,berkeley
1955-08-01,inlandnw,0.056958677525274816,berkeley
1955-09-01,inlandnw,-0.655941321593814,berkeley
1955-10-01,inlandnw,0.08861984082382314,berkeley
1955-11-01,inlandnw,-7.508170662875869,berkeley
1955-12-01,inlandnw,-4.349091023696707,berkeley
1956-01-01,inlandnw,-0.7798636578055299,berkeley
1956-02-01,inlandnw,-3.430542006971046,berkeley
1956-03-01,inlandnw,-0.4753578431523021,berkeley
1956-04-01,inlandnw,-1.0087109572463802,berkeley
1956-05-01,inlandnw,0.9565884805316202,berkeley
1956-06-01,inlandnw,0.24671506200183024,berkeley
1956-07-01,inlandnw,0.15425232568885655,berkeley
1956-08-01,inlandnw,-0.025151623594605512,berkeley
1956-09-01,inlandnw,-0.4227169299819641,berkeley
1956-10-01,inlandnw,-1.2991678864470821,berkeley
1956-11-01,inlandnw,2.06250709298126,berkeley
1956-12-01,inlandnw,0.31130981287753073,berkeley
1957-01-01,inlandnw,-2.3637422440452736,berkeley
1957-02-01,inlandnw,-2.2684682979131585,berkeley
1957-03-01,inlandnw,1.1414706124760114,berkeley
1957-04-01,inlandnw,-0.029010021082678642,berkeley
1957-05-01,inlandnw,0.9562346156752343,berkeley
1957-06-01,inlandnw,-0.4495620280198277,berkeley
1957-07-01,inlandnw,-0.26187226485180803,berkeley
1957-08-01,inlandnw,-0.6449406070195502,berkeley
1957-09-01,inlandnw,1.4586732788247836,berkeley
1957-10-01,inlandnw,-1.8090477149044002,berkeley
1957-11-01,inlandnw,1.4910641531163684,berkeley
1957-12-01,inlandnw,2.488209423940603,berkeley
1958-01-01,inlandnw,7.05261203416278,berkeley
1958-02-01,inlandnw,-0.7826252693745883,berkeley
1958-03-01,inlandnw,0.8568737185617575,berkeley
1958-04-01,inlandnw,1.1031851624405253,berkeley
1958-05-01,inlandnw,2.6213293349442406,berkeley
1958-06-01,inlandnw,0.3835456695403879,berkeley
1958-07-01,inlandnw,0.26575421022574985,berkeley
1958-08-01,inlandnw,1.333362555416118,berkeley
1958-09-01,inlandnw,-0.15858529407958566,berkeley
1958-10-01,inlandnw,0.9847522733159852,berkeley
1958-11-01,inlandnw,-0.3719543926864649,berkeley
1958-12-01,inlandnw,1.0573248065013061,berkeley
1959-01-01,inlandnw,-1.5606641688351444,berkeley
1959-02-01,inlandnw,-1.318148711206032,berkeley
1959-03-01,inlandnw,3.419813343210473,berkeley
1959-04-01,inlandnw,0.5648350794860033,berkeley
1959-05-01,inlandnw,-1.9094783454122661,berkeley
1959-06-01,inlandnw,-0.20027049569875194,berkeley
1959-07-01,inlandnw,0.5282983416692607,berkeley
1959-08-01,inlandnw,-1.6284380848304978,berkeley
1959-09-01,inlandnw,-0.9189613486088736,berkeley
1959-10-01,inlandnw,-1.8883240390917557,berkeley
1959-11-01,inlandnw,-1.7055860276220274,berkeley
1959-12-01,inlandnw,5.402224883205243,berkeley
1960-01-01,inlandnw,0.9378501551687385,berkeley
1960-02-01,inlandnw,-0.019491175053925038,berkeley
1960-03-01,inlandnw,-1.0791102877685474,berkeley
1960-04-01,inlandnw,1.030828500573184,berkeley
1960-05-01,inlandnw,-0.6611397713619133,berkeley
1960-06-01,inlandnw,-0.5862325973871237,berkeley
1960-07-01,inlandnw,1.5594131041602124,berkeley
1960-08-01,inlandnw,-0.2091047779660624,berkeley
1960-09-01,inlandnw,0.706028416954829,berkeley
1960-10-01,inlandnw,0.6288415439463153,berkeley
1960-11-01,inlandnw,-0.5836066806493063,berkeley
1960-12-01,inlandnw,2.1970344116349767,berkeley
1961-01-01,inlandnw,4.694306903350776,berkeley
1961-02-01,inlandnw,2.6311742227512944,berkeley
1961-03-01,inlandnw,2.4831935900609055,berkeley
1961-04-01,inlandnw,-1.0618679024925826,berkeley
1961-05-01,inlandnw,0.521327620517847,berkeley
1961-06-01,inlandnw,2.8919430949054723,berkeley
1961-07-01,inlandnw,1.0286510923490464,berkeley
1961-08-01,inlandnw,2.503366478236897,berkeley
1961-09-01,inlandnw,-2.2910807358238756,berkeley
1961-10-01,inlandnw,-1.2362352373706438,berkeley
1961-11-01,inlandnw,-1.528128835486092,berkeley
1961-12-01,inlandnw,-4.076773088342289,berkeley
1962-01-01,inlandnw,1.4196996791364833,berkeley
1962-02-01,inlandnw,-2.837233081232427,berkeley
1962-03-01,inlandnw,-1.9042649185982035,berkeley
1962-04-01,inlandnw,1.1459192157121618,berkeley
1962-05-01,inlandnw,-0.7892624871064645,berkeley
1962-06-01,inlandnw,0.32771921952627564,berkeley
1962-07-01,inlandnw,-0.7976192075186384,berkeley
1962-08-01,inlandnw,-0.17494731413254555,berkeley
1962-09-01,inlandnw,0.4227183070087946,berkeley
1962-10-01,inlandnw,1.5400667603312228,berkeley
1962-11-01,inlandnw,2.8439584431664744,berkeley
1962-12-01,inlandnw,2.6795593192246154,berkeley
1963-01-01,inlandnw,-1.014838272606264,berkeley
1963-02-01,inlandnw,2.5271838720447155,berkeley
1963-03-01,inlandnw,2.059042175628475,berkeley
1963-04-01,inlandnw,0.47919838450292507,berkeley
1963-05-01,inlandnw,-0.42271309910602833,berkeley
1963-06-01,inlandnw,0.05799989757466913,berkeley
1963-07-01,inlandnw,0.3254992253900414,berkeley
1963-08-01,inlandnw,1.3116721761308336,berkeley
1963-09-01,inlandnw,2.9518755220902158,berkeley
1963-10-01,inlandnw,2.9800175961512436,berkeley
1963-11-01,inlandnw,-0.4738435864954824,berkeley
1963-12-01,inlandnw,0.4291116974783893,berkeley
1964-01-01,inlandnw,3.891089963917244,berkeley
1964-02-01,inlandnw,4.301914144401466,berkeley
1964-03-01,inlandnw,-3.3217387226933237,berkeley
1964-04-01,inlandnw,-0.23944318001512097,berkeley
1964-05-01,inlandnw,-0.16979077954420418,berkeley
1964-06-01,inlandnw,0.08842215283396546,berkeley
1964-07-01,inlandnw,0.5567324059933384,berkeley
1964-08-01,inlandnw,-1.1058441706567532,berkeley
1964-09-01,inlandnw,-1.612790278961266,berkeley
1964-10-01,inlandnw,1.3102043321245254,berkeley
1964-11-01,inlandnw,-0.7336356918937951,berkeley
1964-12-01,inlandnw,-5.76015701185394,berkeley
1965-01-01,inlandnw,0.4347370486967327,berkeley
1965-02-01,inlandnw,-2.778335791308498,berkeley
1965-03-01,inlandnw,-2.954292916587728,berkeley
1965-04-01,inlandnw,0.33328580806741614,berkeley
1965-05-01,inlandnw,-0.9570085671005844,berkeley
1965-06-01,inlandnw,-0.45355656377055137,berkeley
1965-07-01,inlandnw,0.5604135598919898,berkeley
1965-08-01,inlandnw,0.6774575377804799,berkeley
1965-09-01,inlandnw,-3.7734640795679604,berkeley
1965-10-01,inlandnw,1.830237638809809,berkeley
1965-11-01,inlandnw,-1.4268676750309992,berkeley
1965-12-01,inlandnw,0.97671436630316,berkeley
1966-01-01,inlandnw,-4.2471236925297005,berkeley
1966-02-01,inlandnw,-0.5809036455678676,berkeley
1966-03-01,inlandnw,1.6807103704292758,berkeley
1966-04-01,inlandnw,-1.9131909669525256,berkeley
1966-05-01,inlandnw,0.4630910657776842,berkeley
1966-06-01,inlandnw,-0.8711828263927106,berkeley
1966-07-01,inlandnw,-0.03262060105911408,berkeley
1966-08-01,inlandnw,-0.5705043292437034,berkeley
1966-09-01,inlandnw,2.0691338358156295,berkeley
1966-10-01,inlandnw,-0.8555763628147799,berkeley
1966-11-01,inlandnw,-3.681208827904236,berkeley
1966-12-01,inlandnw,1.027045517605746,berkeley
1967-01-01,inlandnw,1.7884275273990273,berkeley
1967-02-01,inlandnw,0.21211113295173348,berkeley
1967-03-01,inlandnw,-2.7674559742986427,berkeley
1967-04-01,inlandnw,-2.736379787922445,berkeley
1967-05-01,inlandnw,-1.0410956655873909,berkeley
1967-06-01,inlandnw,-0.2158715536933527,berkeley
1967-07-01,inlandnw,0.10634038154676675,berkeley
1967-08-01,inlandnw,1.876052785659551,berkeley
1967-09-01,inlandnw,3.2299970922642034,berkeley
1967-10-01,inlandnw,-0.013607177817621314,berkeley
1967-11-01,inlandnw,1.2693800542663285,berkeley
1967-12-01,inlandnw,-0.11371735857060594,berkeley
1968-01-01,inlandnw,0.3303203123328556,berkeley
1968-02-01,inlandnw,1.8021132516739018,berkeley
1968-03-01,inlandnw,4.682520360147772,berkeley
1968-04-01,inlandnw,-0.47516831525988623,berkeley
1968-05-01,inlandnw,-0.7719939523785272,berkeley
1968-06-01,inlandnw,-0.736577789102714,berkeley
1968-07-01,inlandnw,-0.4822870392513869,berkeley
1968-08-01,inlandnw,-1.640106003101055,berkeley
1968-09-01,inlandnw,-0.19855333363976874,berkeley
1968-10-01,inlandnw,-0.38985136908008733,berkeley
1968-11-01,inlandnw,1.3152969997222665,berkeley
1968-12-01,inlandnw,-4.070480797500674,berkeley
1969-01-01,inlandnw,-7.81458370833364,berkeley
1969-02-01,inlandnw,-1.6315991212377714,berkeley
1969-03-01,inlandnw,-0.36355336573535313,berkeley
1969-04-01,inlandnw,2.329150795936523,berkeley
1969-05-01,inlandnw,0.41945055329642095,berkeley
1969-06-01,inlandnw,-0.021451739018641062,berkeley
1969-07-01,inlandnw,-0.9028017474047557,berkeley
1969-08-01,inlandnw,0.22341512321121473,berkeley
1969-09-01,inlandnw,0.03705352685560722,berkeley
1969-10-01,inlandnw,-2.399850444995353,berkeley
1969-11-01,inlandnw,1.9620566512398492,berkeley
1969-12-01,inlandnw,3.81962520884834,berkeley
1970-01-01,inlandnw,-0.24028085713846756,berkeley
1970-02-01,inlandnw,2.733850405323303,berkeley
1970-03-01,inlandnw,-0.18857382062352976,berkeley
1970-04-01,inlandnw,-0.7474965978509598,berkeley
1970-05-01,inlandnw,-0.3829256843342113,berkeley
1970-06-01,inlandnw,1.8903214102915564,berkeley
1970-07-01,inlandnw,0.3423183535477186,berkeley
1970-08-01,inlandnw,0.7140128427482311,berkeley
1970-09-01,inlandnw,-1.2048152476311509,berkeley
1970-10-01,inlandnw,-1.0881852239662364,berkeley
1970-11-01,inlandnw,-1.997374296477109,berkeley
1970-12-01,inlandnw,-3.420074189735136,berkeley
1971-01-01,inlandnw,-1.792236312558448,berkeley
1971-02-01,inlandnw,1.1825445438749393,berkeley
1971-03-01,inlandnw,-0.6923126192384751,berkeley
1971-04-01,inlandnw,0.6078087967610543,berkeley
1971-05-01,inlandnw,1.0386491539635245,berkeley
1971-06-01,inlandnw,-0.03827639574763769,berkeley
1971-07-01,inlandnw,-0.37875133026640806,berkeley
1971-08-01,inlandnw,2.3167398222695166,berkeley
1971-09-01,inlandnw,-1.0933905405133255,berkeley
1971-10-01,inlandnw,-0.9544043669412174,berkeley
1971-11-01,inlandnw,0.08881662050996729,berkeley
1971-12-01,inlandnw,-4.272555022842261,berkeley
1972-01-01,inlandnw,-3.197982527109982,berkeley
1972-02-01,inlandnw,-3.9718963461782852,berkeley
1972-03-01,inlandnw,1.5654700705804576,berkeley
1972-04-01,inlandnw,-1.4468327568885244,berkeley
1972-05-01,inlandnw,0.9720354066519487,berkeley
1972-06-01,inlandnw,0.6626798179896639,berkeley
1972-07-01,inlandnw,-1.719843204031092,berkeley
1972-08-01,inlandnw,1.246465911345446,berkeley
1972-09-01,inlandnw,-3.158863723783389,berkeley
1972-10-01,inlandnw,-1.9571669279341355,berkeley
1972-11-01,inlandnw,0.6714476168518533,berkeley
1972-12-01,inlandnw,-3.6005154462967006,berkeley
1973-01-01,inlandnw,3.014041011660225,berkeley
1973-02-01,inlandnw,0.13508027566110423,berkeley
1973-03-01,inlandnw,3.56895768104096,berkeley
1973-04-01,inlandnw,-0.13196289472939848,berkeley
1973-05-01,inlandnw,0.9390438040995366,berkeley
1973-06-01,inlandnw,-0.1496328969706392,berkeley
1973-07-01,inlandnw,-0.16464170024319977,berkeley
1973-08-01,inlandnw,0.17070587162551604,berkeley
1973-09-01,inlandnw,0.059979555115911076,berkeley
1973-10-01,inlandnw,-0.0206386517672183,berkeley
1973-11-01,inlandnw,-5.269642890517122,berkeley
1973-12-01,inlandnw,0.292095929723474,berkeley
1974-01-01,inlandnw,-1.7736288863301282,berkeley
1974-02-01,inlandnw,1.0755733032260006,berkeley
1974-03-01,inlandnw,-2.061408216437151,berkeley
1974-04-01,inlandnw,0.7729196120020098,berkeley
1974-05-01,inlandnw,-2.064533233661608,berkeley
1974-06-01,inlandnw,0.7745599432498055,berkeley
1974-07-01,inlandnw,-0.46837307156130475,berkeley
1974-08-01,inlandnw,-1.09802719014894,berkeley
1974-09-01,inlandnw,-0.5739196136805051,berkeley
1974-10-01,inlandnw,0.9922064232322135,berkeley
1974-11-01,inlandnw,2.062343264652837,berkeley
1974-12-01,inlandnw,4.517739579589373,berkeley
1975-01-01,inlandnw,2.022851171599359,berkeley
1975-02-01,inlandnw,-3.444634400702163,berkeley
1975-03-01,inlandnw,-1.7177234050305026,berkeley
1975-04-01,inlandnw,-2.1443031153494276,berkeley
1975-05-01,inlandnw,-0.8363130243573552,berkeley
1975-06-01,inlandnw,-0.7344530386850101,berkeley
1975-07-01,inlandnw,1.6208026806521176,berkeley
1975-08-01,inlandnw,-1.787762445232161,berkeley
1975-09-01,inlandnw,0.7797987773672066,berkeley
1975-10-01,inlandnw,-0.5392656786842116,berkeley
1975-11-01,inlandnw,-0.5751984379083787,berkeley
1975-12-01,inlandnw,0.5005798953225846,berkeley
1976-01-01,inlandnw,3.8050713635131164,berkeley
1976-02-01,inlandnw,1.2047192830293938,berkeley
1976-03-01,inlandnw,-0.31295148066656214,berkeley
1976-04-01,inlandnw,2.2871939450639474,berkeley
1976-05-01,inlandnw,1.055860646195213,berkeley
1976-06-01,inlandnw,-1.0913417531448173,berkeley
1976-07-01,inlandnw,-0.25429274883877584,berkeley
1976-08-01,inlandnw,0.38628246063598676,berkeley
1976-09-01,inlandnw,1.9809703702014057,berkeley
1976-10-01,inlandnw,-0.7669419732691678,berkeley
1976-11-01,inlandnw,1.9784465535541642,berkeley
1976-12-01,inlandnw,1.7061529491221477,berkeley
1977-01-01,inlandnw,1.9717174792142247,berkeley
1977-02-01,inlandnw,6.817548196750242,berkeley
1977-03-01,inlandnw,2.332710890441739,berkeley
1977-04-01,inlandnw,3.0693735550020627,berkeley
1977-05-01,inlandnw,0.8196442974134632,berkeley
1977-06-01,inlandnw,1.1805470481272526,berkeley
1977-07-01,inlandnw,-0.9326446976413895,berkeley
1977-08-01,inlandnw,-1.1738677578254983,berkeley
1977-09-01,inlandnw,-0.30173201824614987,berkeley
1977-10-01,inlandnw,0.49428525606961654,berkeley
1977-11-01,inlandnw,-1.3453027678238776,berkeley
1977-12-01,inlandnw,-3.920977227271499,berkeley
1978-01-01,inlandnw,-0.6937781371623489,berkeley
1978-02-01,inlandnw,-0.14609294115467025,berkeley
1978-03-01,inlandnw,1.8887267253082414,berkeley
1978-04-01,inlandnw,0.7314556609564911,berkeley
1978-05-01,inlandnw,-0.32841785918457206,berkeley
1978-06-01,inlandnw,0.8237515153680715,berkeley
1978-07-01,inlandnw,-0.18871705586507148,berkeley
1978-08-01,inlandnw,-0.7803780019062447,berkeley
1978-09-01,inlandnw,0.14370003400886538,berkeley
1978-10-01,inlandnw,1.288547482162239,berkeley
1978-11-01,inlandnw,-2.4369412071160483,berkeley
1978-12-01,inlandnw,-2.093695000873743,berkeley
1979-01-01,inlandnw,-2.8195054048093384,berkeley
1979-02-01,inlandnw,-7.196975516480283,berkeley
1979-03-01,inlandnw,1.4867569658161195,berkeley
1979-04-01,inlandnw,-1.8979357268759474,berkeley
1979-05-01,inlandnw,-1.2188179913310104,berkeley
1979-06-01,inlandnw,0.14864325237751755,berkeley
1979-07-01,inlandnw,1.1024979875690897,berkeley
1979-08-01,inlandnw,0.6534746297307978,berkeley
1979-09-01,inlandnw,1.9357403521583487,berkeley
1979-10-01,inlandnw,1.3651598087138368,berkeley
1979-11-01,inlandnw,1.1598895036719332,berkeley
1979-12-01,inlandnw,3.4474347819803293,berkeley
1980-01-01,inlandnw,-0.4757319596678853,berkeley
1980-02-01,inlandnw,1.6776560093630826,berkeley
1980-03-01,inlandnw,0.12420796911162253,berkeley
1980-04-01,inlandnw,4.149662370793614,berkeley
1980-05-01,inlandnw,1.6295631799029724,berkeley
1980-06-01,inlandnw,0.589790897077134,berkeley
1980-07-01,inlandnw,-0.10793065079674687,berkeley
1980-08-01,inlandnw,-1.56969632688902,berkeley
1980-09-01,inlandnw,-0.3147913614752634,berkeley
1980-10-01,inlandnw,1.4049237484647532,berkeley
1980-11-01,inlandnw,3.206881218377463,berkeley
1980-12-01,inlandnw,-1.8304285236414823,berkeley
1981-01-01,inlandnw,8.871627719124627,berkeley
1981-02-01,inlandnw,2.8610197515430906,berkeley
1981-03-01,inlandnw,5.069558338252439,berkeley
1981-04-01,inlandnw,0.3683965762507569,berkeley
1981-05-01,inlandnw,1.0702180070051688,berkeley
1981-06-01,inlandnw,-1.1313894917546405,berkeley
1981-07-01,inlandnw,0.2042839802074704,berkeley
1981-08-01,inlandnw,2.646542354305965,berkeley
1981-09-01,inlandnw,1.3388789227762925,berkeley
1981-10-01,inlandnw,-0.9706640214766716,berkeley
1981-11-01,inlandnw,3.7646491436481972,berkeley
1981-12-01,inlandnw,0.14831780083745766,berkeley
1982-01-01,inlandnw,-5.516141705316804,berkeley
1982-02-01,inlandnw,-2.7468223788015913,berkeley
1982-03-01,inlandnw,-0.6504312779159478,berkeley
1982-04-01,inlandnw,-2.1053700990744355,berkeley
1982-05-01,inlandnw,-1.0176866500714354,berkeley
1982-06-01,inlandnw,0.8766346299091968,berkeley
1982-07-01,inlandnw,-0.12458995485850513,berkeley
1982-08-01,inlandnw,-0.8951789700990711,berkeley
1982-09-01,inlandnw,0.49386603930954176,berkeley
1982-10-01,inlandnw,0.10157013748105923,berkeley
1982-11-01,inlandnw,-2.952369762014803,berkeley
1982-12-01,inlandnw,0.9183964009973901,berkeley
1983-01-01,inlandnw,5.2079026930697445,berkeley
1983-02-01,inlandnw,2.90427028035393,berkeley
1983-03-01,inlandnw,1.786604766066639,berkeley
1983-04-01,inlandnw,0.49682157194899834,berkeley
1983-05-01,inlandnw,-0.6908630918626772,berkeley
1983-06-01,inlandnw,-0.027865678482863965,berkeley
1983-07-01,inlandnw,-0.323447583251468,berkeley
1983-08-01,inlandnw,1.8658587439167191,berkeley
1983-09-01,inlandnw,-1.1701644828885118,berkeley
1983-10-01,inlandnw,0.37710008797010836,berkeley
1983-11-01,inlandnw,1.950758197813706,berkeley
1983-12-01,inlandnw,-6.972097276213709,berkeley
1984-01-01,inlandnw,5.222080745664547,berkeley
1984-02-01,inlandnw,5.833907910387307,berkeley
1984-03-01,inlandnw,2.864793475027427,berkeley
1984-04-01,inlandnw,1.9956486239800566,berkeley
1984-05-01,inlandnw,-1.1491956575666917,berkeley
1984-06-01,inlandnw,-0.12371837542046733,berkeley
1984-07-01,inlandnw,0.4463566426799616,berkeley
1984-08-01,inlandnw,1.4253773346289593,berkeley
1984-09-01,inlandnw,-2.2073961015538353,berkeley
1984-10-01,inlandnw,-2.584757415048829,berkeley
1984-11-01,inlandnw,-2.4792291838717646,berkeley
1984-12-01,inlandnw,-4.735317652549412,berkeley
1985-01-01,inlandnw,4.047641230245225,berkeley
1985-02-01,inlandnw,-2.8537586234545356,berkeley
1985-03-01,inlandnw,2.5840781445891174,berkeley
1985-04-01,inlandnw,1.2344847243309078,berkeley
1985-05-01,inlandnw,1.4009607855691026,berkeley
1985-06-01,inlandnw,-0.8049460967419425,berkeley
1985-07-01,inlandnw,0.9367651707474237,berkeley
1985-08-01,inlandnw,-1.1483564717517891,berkeley
1985-09-01,inlandnw,-2.4019672753310517,berkeley
1985-10-01,inlandnw,-1.4493204776495814,berkeley
1985-11-01,inlandnw,-8.432159362160489,berkeley
1985-12-01,inlandnw,1.5835696916693407,berkeley
1986-01-01,inlandnw,7.620275551492831,berkeley
1986-02-01,inlandnw,-0.9830880515777809,berkeley
1986-03-01,inlandnw,5.15566383808292,berkeley
1986-04-01,inlandnw,-0.06784714952768138,berkeley
1986-05-01,inlandnw,0.5091174825198386,berkeley
1986-06-01,inlandnw,0.9378993662745563,berkeley
1986-07-01,inlandnw,-1.2470233336341168,berkeley
1986-08-01,inlandnw,0.7032687369780859,berkeley
1986-09-01,inlandnw,-1.5965426409651142,berkeley
1986-10-01,inlandnw,1.1280020615121467,berkeley
1986-11-01,inlandnw,-2.611072062046884,berkeley
1986-12-01,inlandnw,4.1909120379932645,berkeley
1987-01-01,inlandnw,7.170923988677096,berkeley
1987-02-01,inlandnw,4.802952273810184,berkeley
1987-03-01,inlandnw,1.722540371931131,berkeley
1987-04-01,inlandnw,3.4177833768227273,berkeley
1987-05-01,inlandnw,1.4402159701004535,berkeley
1987-06-01,inlandnw,1.521004090644977,berkeley
1987-07-01,inlandnw,-0.10791445086448159,berkeley
1987-08-01,inlandnw,-1.6538125258195686,berkeley
1987-09-01,inlandnw,2.152464070495302,berkeley
1987-10-01,inlandnw,0.6987620766498764,berkeley
1987-11-01,inlandnw,3.5789861500740727,berkeley
1987-12-01,inlandnw,3.791579359700143,berkeley
1988-01-01,inlandnw,1.7123809375474919,berkeley
1988-02-01,inlandnw,1.0060601052142242,berkeley
1988-03-01,inlandnw,4.03435439375214,berkeley
1988-04-01,inlandnw,1.9873338077074594,berkeley
1988-05-01,inlandnw,1.2947184448067037,berkeley
1988-06-01,inlandnw,2.1600961830154577,berkeley
1988-07-01,inlandnw,0.04424520352553551,berkeley
1988-08-01,inlandnw,0.28453115217248315,berkeley
1988-09-01,inlandnw,0.12690833039417307,berkeley
1988-10-01,inlandnw,1.201777165613457,berkeley
1988-11-01,inlandnw,0.37740858099822183,berkeley
1988-12-01,inlandnw,1.8534199296967275,berkeley
1989-01-01,inlandnw,3.5858309626087754,berkeley
1989-02-01,inlandnw,-3.844684379612332,berkeley
1989-03-01,inlandnw,-2.0600464536829683,berkeley
1989-04-01,inlandnw,1.0568948692185933,berkeley
1989-05-01,inlandnw,0.18579907039162516,berkeley
1989-06-01,inlandnw,0.7722104641131092,berkeley
1989-07-01,inlandnw,1.2995778954741093,berkeley
1989-08-01,inlandnw,0.5882546431009695,berkeley
1989-09-01,inlandnw,0.6749021135659982,berkeley
1989-10-01,inlandnw,-0.14603203431451497,berkeley
1989-11-01,inlandnw,0.06813014894192967,berkeley
1989-12-01,inlandnw,1.7223417891897002,berkeley
1990-01-01,inlandnw,4.879941607092895,berkeley
1990-02-01,inlandnw,-1.2168887898764658,berkeley
1990-03-01,inlandnw,4.036921576905149,berkeley
1990-04-01,inlandnw,1.156837044772813,berkeley
1990-05-01,inlandnw,0.05459311988269614,berkeley
1990-06-01,inlandnw,0.45997927906348407,berkeley
1990-07-01,inlandnw,0.48954446063281937,berkeley
1990-08-01,inlandnw,1.1834010820920535,berkeley
1990-09-01,inlandnw,2.5209307772481777,berkeley
1990-10-01,inlandnw,-1.6417316555006978,berkeley
1990-11-01,inlandnw,-1.7219334185017743,berkeley
1990-12-01,inlandnw,-3.9079749498981116,berkeley
1991-01-01,inlandnw,1.3422307141488172,berkeley
1991-02-01,inlandnw,6.193088805355239,berkeley
1991-03-01,inlandnw,1.0115607033449552,berkeley
1991-04-01,inlandnw,1.8211595717000904,berkeley
1991-05-01,inlandnw,0.5828304649212767,berkeley
1991-06-01,inlandnw,0.04562787869631038,berkeley
1991-07-01,inlandnw,0.15547164885999898,berkeley
1991-08-01,inlandnw,2.338203645032975,berkeley
1991-09-01,inlandnw,0.9169305921493066,berkeley
1991-10-01,inlandnw,-2.714767332209635,berkeley
1991-11-01,inlandnw,-1.103635321633549,berkeley
1991-12-01,inlandnw,3.165682512125466,berkeley
1992-01-01,inlandnw,7.571880881978965,berkeley
1992-02-01,inlandnw,3.8333969837740676,berkeley
1992-03-01,inlandnw,6.1913056717293244,berkeley
1992-04-01,inlandnw,1.7283521727688604,berkeley
1992-05-01,inlandnw,0.3415436213364638,berkeley
1992-06-01,inlandnw,1.158443045313104,berkeley
1992-07-01,inlandnw,-1.2204842580587927,berkeley
1992-08-01,inlandnw,-0.48565125883172366,berkeley
1992-09-01,inlandnw,-1.5612567336785017,berkeley
1992-10-01,inlandnw,-0.23498841467115114,berkeley
1992-11-01,inlandnw,1.7243817326558828,berkeley
1992-12-01,inlandnw,-3.192818907833443,berkeley
1993-01-01,inlandnw,0.7106245079555964,berkeley
1993-02-01,inlandnw,-0.039488740387886016,berkeley
1993-03-01,inlandnw,4.340706559689615,berkeley
1993-04-01,inlandnw,1.6508253187586013,berkeley
1993-05-01,inlandnw,1.854859514752489,berkeley
1993-06-01,inlandnw,-0.6692541516191931,berkeley
1993-07-01,inlandnw,-2.3602370949610143,berkeley
1993-08-01,inlandnw,-0.7546292088101064,berkeley
1993-09-01,inlandnw,-0.12132669940471996,berkeley
1993-10-01,inlandnw,0.2969511488344319,berkeley
1993-11-01,inlandnw,-0.5149776276698308,berkeley
1993-12-01,inlandnw,3.956272184726658,berkeley
1994-01-01,inlandnw,1.7499606875918794,berkeley
1994-02-01,inlandnw,-5.407120795859369,berkeley
1994-03-01,inlandnw,5.0778270320525865,berkeley
1994-04-01,inlandnw,1.7944708237708955,berkeley
1994-05-01,inlandnw,1.193280773854416,berkeley
1994-06-01,inlandnw,0.4507848799947519,berkeley
1994-07-01,inlandnw,0.8811620952164613,berkeley
1994-08-01,inlandnw,1.2944342516936949,berkeley
1994-09-01,inlandnw,2.3170142477920734,berkeley
1994-10-01,inlandnw,0.1660740279361148,berkeley
1994-11-01,inlandnw,-0.8417081345695188,berkeley
1994-12-01,inlandnw,1.224801421787941,berkeley
1995-01-01,inlandnw,4.113810096996426,berkeley
1995-02-01,inlandnw,1.5914681774813948,berkeley
1995-03-01,inlandnw,1.1144154309877294,berkeley
1995-04-01,inlandnw,-0.37751286764497544,berkeley
1995-05-01,inlandnw,0.5505773468881556,berkeley
1995-06-01,inlandnw,1.0431998370366775,berkeley
1995-07-01,inlandnw,-0.607995992213242,berkeley
1995-08-01,inlandnw,-1.1480082196027876,berkeley
1995-09-01,inlandnw,1.7289209833327868,berkeley
1995-10-01,inlandnw,-0.580128651212691,berkeley
1995-11-01,inlandnw,-1.5009435243767442,berkeley
1995-12-01,inlandnw,-1.0687245158647363,berkeley
1996-01-01,inlandnw,-3.2561165669077647,berkeley
1996-02-01,inlandnw,0.8804335368830832,berkeley
1996-03-01,inlandnw,-1.3895955300033658,berkeley
1996-04-01,inlandnw,0.5722073005372872,berkeley
1996-05-01,inlandnw,-2.1640830024181223,berkeley
1996-06-01,inlandnw,0.22738242090277275,berkeley
1996-07-01,inlandnw,0.19484340677635925,berkeley
1996-08-01,inlandnw,0.8914104230923414,berkeley
1996-09-01,inlandnw,-0.6210131435125026,berkeley
1996-10-01,inlandnw,-1.4770234838337948,berkeley
1996-11-01,inlandnw,-3.945110741281325,berkeley
1996-12-01,inlandnw,-3.7031515505459014,berkeley
1997-01-01,inlandnw,0.33057756926479026,berkeley
1997-02-01,inlandnw,3.1618326929556737,berkeley
1997-03-01,inlandnw,0.15812538941635407,berkeley
1997-04-01,inlandnw,-1.087866761953338,berkeley
1997-05-01,inlandnw,0.14677902215767863,berkeley
1997-06-01,inlandnw,0.6805152530626414,berkeley
1997-07-01,inlandnw,0.09827122002873682,berkeley
1997-08-01,inlandnw,1.0945179016839566,berkeley
1997-09-01,inlandnw,2.048122607337975,berkeley
1997-10-01,inlandnw,-0.9936914368962179,berkeley
1997-11-01,inlandnw,1.953230202168469,berkeley
1997-12-01,inlandnw,5.652332608846544,berkeley
1998-01-01,inlandnw,0.7299025529566306,berkeley
1998-02-01,inlandnw,5.3263234253427765,berkeley
1998-03-01,inlandnw,2.127364517570952,berkeley
1998-04-01,inlandnw,2.903387959433268,berkeley
1998-05-01,inlandnw,2.5360440411244385,berkeley
1998-06-01,inlandnw,0.1764717774772023,berkeley
1998-07-01,inlandnw,1.9487528401532657,berkeley
1998-08-01,inlandnw,2.1762860393841144,berkeley
1998-09-01,inlandnw,2.2769646696766563,berkeley
1998-10-01,inlandnw,0.7263691718410462,berkeley
1998-11-01,inlandnw,1.449034094736353,berkeley
1998-12-01,inlandnw,0.4904010300724639,berkeley
1999-01-01,inlandnw,3.037407201782149,berkeley
1999-02-01,inlandnw,3.248487253101974,berkeley
1999-03-01,inlandnw,3.3439625658276007,berkeley
1999-04-01,inlandnw,1.3505499343757679,berkeley
1999-05-01,inlandnw,-0.9758993256165986,berkeley
1999-06-01,inlandnw,-0.5893421848638605,berkeley
1999-07-01,inlandnw,-1.0584371468363138,berkeley
1999-08-01,inlandnw,1.297640390624542,berkeley
1999-09-01,inlandnw,-0.03527830765456905,berkeley
1999-10-01,inlandnw,0.3787660217204056,berkeley
1999-11-01,inlandnw,3.5577689047611694,berkeley
1999-12-01,inlandnw,5.035612650730573,berkeley
2000-01-01,inlandnw,2.353860389635587,berkeley
2000-02-01,inlandnw,2.683850560785614,berkeley
2000-03-01,inlandnw,3.994181577665317,berkeley
2000-04-01,inlandnw,0.8321600991578902,berkeley
2000-05-01,inlandnw,-0.772073226434746,berkeley
2000-06-01,inlandnw,-0.48416401839911816,berkeley
2000-07-01,inlandnw,0.7231780790347776,berkeley
2000-08-01,inlandnw,0.03197354350910878,berkeley
2000-09-01,inlandnw,-0.041404460364179545,berkeley
2000-10-01,inlandnw,0.015261991335883487,berkeley
2000-11-01,inlandnw,-0.15949621751378115,berkeley
2000-12-01,inlandnw,-2.2068290332435434,berkeley
2001-01-01,inlandnw,8.431028229232817,berkeley
2001-02-01,inlandnw,-1.4768479668383672,berkeley
2001-03-01,inlandnw,3.097868240960313,berkeley
2001-04-01,inlandnw,0.8075499466749114,berkeley
2001-05-01,inlandnw,0.7094091210985775,berkeley
2001-06-01,inlandnw,-0.3045513029648165,berkeley
2001-07-01,inlandnw,0.5322067048312421,berkeley
2001-08-01,inlandnw,2.0084076702532707,berkeley
2001-09-01,inlandnw,2.0656934316017117,berkeley
2001-10-01,inlandnw,-0.976365753322817,berkeley
2001-11-01,inlandnw,2.9524530552678594,berkeley
2001-12-01,inlandnw,0.5228871768998604,berkeley
2002-01-01,inlandnw,4.023214196205634,berkeley
2002-02-01,inlandnw,2.9532001891861666,berkeley
2002-03-01,inlandnw,-4.543893859905466,berkeley
2002-04-01,inlandnw,-2.4945303511780534,berkeley
2002-05-01,inlandnw,-1.897678713563207,berkeley
2002-06-01,inlandnw,1.3564151515820546,berkeley
2002-07-01,inlandnw,1.1032594904404007,berkeley
2002-08-01,inlandnw,-0.5200678329897063,berkeley
2002-09-01,inlandnw,0.13853287775883463,berkeley
2002-10-01,inlandnw,-2.8191442818793604,berkeley
2002-11-01,inlandnw,2.4959925441540824,berkeley
2002-12-01,inlandnw,4.755232706718433,berkeley
2003-01-01,inlandnw,4.90380580302021,berkeley
2003-02-01,inlandnw,-0.18373446914942848,berkeley
2003-03-01,inlandnw,-0.05441760998350612,berkeley
2003-04-01,inlandnw,1.2686070141415158,berkeley
2003-05-01,inlandnw,-0.00821365420073007,berkeley
2003-06-01,inlandnw,0.44480499706503934,berkeley
2003-07-01,inlandnw,1.5914392804172572,berkeley
2003-08-01,inlandnw,2.1011102341914576,berkeley
2003-09-01,inlandnw,0.5364628717067784,berkeley
2003-10-01,inlandnw,1.8535259641175608,berkeley
2003-11-01,inlandnw,-2.251357583444181,berkeley
2003-12-01,inlandnw,3.174427417161925,berkeley
2004-01-01,inlandnw,0.6448591871571397,berkeley
2004-02-01,inlandnw,3.0125236355216503,berkeley
2004-03-01,inlandnw,3.7110141731395636,berkeley
2004-04-01,inlandnw,1.9344072014556326,berkeley
2004-05-01,inlandnw,-1.4163442534532742,berkeley
2004-06-01,inlandnw,0.2369723013969673,berkeley
2004-07-01,inlandnw,0.8547751699579851,berkeley
2004-08-01,inlandnw,-0.28856935673775586,berkeley
2004-09-01,inlandnw,-0.478737346219441,berkeley
2004-10-01,inlandnw,-0.8796864422583449,berkeley
2004-11-01,inlandnw,2.6160883745868686,berkeley
2004-12-01,inlandnw,1.9976684809491192,berkeley
2005-01-01,inlandnw,1.83588214236661,berkeley
2005-02-01,inlandnw,3.2090414877023448,berkeley
2005-03-01,inlandnw,3.681316860197753,berkeley
2005-04-01,inlandnw,2.3761111528464,berkeley
2005-05-01,inlandnw,0.6308659378605463,berkeley
2005-06-01,inlandnw,-0.1163189757765437,berkeley
2005-07-01,inlandnw,0.06733482693552892,berkeley
2005-08-01,inlandnw,-0.2978600594463218,berkeley
2005-09-01,inlandnw,0.11518839264739497,berkeley
2005-10-01,inlandnw,0.7408217065065971,berkeley
2005-11-01,inlandnw,2.6957701328754395,berkeley
2005-12-01,inlandnw,3.706464430382713,berkeley
2006-01-01,inlandnw,8.366800778219798,berkeley
2006-02-01,inlandnw,1.4737077091317852,berkeley
2006-03-01,inlandnw,1.0857573880585376,berkeley
2006-04-01,inlandnw,3.1293442455141904,berkeley
2006-05-01,inlandnw,1.180244686723124,berkeley
2006-06-01,inlandnw,1.8890686980486875,berkeley
2006-07-01,inlandnw,1.9938940109257504,berkeley
2006-08-01,inlandnw,0.5929616723136288,berkeley
2006-09-01,inlandnw,1.4878414256679298,berkeley
2006-10-01,inlandnw,-1.1679539638785417,berkeley
2006-11-01,inlandnw,-3.2554389700027366,berkeley
2006-12-01,inlandnw,4.186341577403734,berkeley
2007-01-01,inlandnw,5.4376902609610775,berkeley
2007-02-01,inlandnw,-0.8035214151049361,berkeley
2007-03-01,inlandnw,2.8399699231052695,berkeley
2007-04-01,inlandnw,0.5045546320108326,berkeley
2007-05-01,inlandnw,0.5534058797658854,berkeley
2007-06-01,inlandnw,0.6352724116982208,berkeley
2007-07-01,inlandnw,2.9568116833959075,berkeley
2007-08-01,inlandnw,-0.3256306569370282,berkeley
2007-09-01,inlandnw,-0.078638011293173,berkeley
2007-10-01,inlandnw,0.6594895813769578,berkeley
2007-11-01,inlandnw,0.6158047327639774,berkeley
2007-12-01,inlandnw,-0.3026701879091614,berkeley
2008-01-01,inlandnw,2.336978941455284,berkeley
2008-02-01,inlandnw,0.074748168349206,berkeley
2008-03-01,inlandnw,1.3277910582346466,berkeley
2008-04-01,inlandnw,-1.6221440801793112,berkeley
2008-05-01,inlandnw,0.43709818550638496,berkeley
2008-06-01,inlandnw,-0.05535542738536042,berkeley
2008-07-01,inlandnw,0.2570171016281218,berkeley
2008-08-01,inlandnw,1.0423989191315253,berkeley
2008-09-01,inlandnw,0.45737364377112394,berkeley
2008-10-01,inlandnw,0.7038912293054089,berkeley
2008-11-01,inlandnw,3.3076084979053375,berkeley
2008-12-01,inlandnw,-4.077984067403421,berkeley
2009-01-01,inlandnw,2.8684122010442388,berkeley
2009-02-01,inlandnw,0.20919755745440308,berkeley
2009-03-01,inlandnw,-1.4020782658604118,berkeley
2009-04-01,inlandnw,0.05986915078270303,berkeley
2009-05-01,inlandnw,-0.8062281592656102,berkeley
2009-06-01,inlandnw,-0.01119214133625964,berkeley
2009-07-01,inlandnw,0.2477334897723794,berkeley
2009-08-01,inlandnw,0.4877475109495861,berkeley
2009-09-01,inlandnw,3.5712583169364605,berkeley
2009-10-01,inlandnw,-2.5747603900885543,berkeley
2009-11-01,inlandnw,3.1987659384022478,berkeley
2009-12-01,inlandnw,-3.4960514283201114,berkeley
2010-01-01,inlandnw,4.906296433963773,berkeley
2010-02-01,inlandnw,2.6604373476965164,berkeley
2010-03-01,inlandnw,5.601819737203672,berkeley
2010-04-01,inlandnw,2.1125557292469703,berkeley
2010-05-01,inlandnw,-1.1023204943588658,berkeley
2010-06-01,inlandnw,0.31805459894038024,berkeley
2010-07-01,inlandnw,0.3189181586854031,berkeley
2010-08-01,inlandnw,0.2224817872813368,berkeley
2010-09-01,inlandnw,-0.021501577377783496,berkeley
2010-10-01,inlandnw,1.8943424588382645,berkeley
2010-11-01,inlandnw,-0.5612812258028419,berkeley
2010-12-01,inlandnw,-0.5847392427726867,berkeley
2011-01-01,inlandnw,2.7923297097767215,berkeley
2011-02-01,inlandnw,-1.558170249848303,berkeley
2011-03-01,inlandnw,-0.9407996237278377,berkeley
2011-04-01,inlandnw,-0.8423288704459395,berkeley
2011-05-01,inlandnw,0.06875330562758457,berkeley
2011-06-01,inlandnw,-0.11637286774314799,berkeley
2011-07-01,inlandnw,0.042088704548768306,berkeley
2011-08-01,inlandnw,0.982476035492102,berkeley
2011-09-01,inlandnw,2.7955983659397363,berkeley
2011-10-01,inlandnw,1.0263228080175937,berkeley
2011-11-01,inlandnw,-0.41267362124358525,berkeley
2011-12-01,inlandnw,4.97963395646125,berkeley
2012-01-01,inlandnw,5.6841578015841,berkeley
2012-02-01,inlandnw,3.1067593095113977,berkeley
2012-03-01,inlandnw,3.7507356844174318,berkeley
2012-04-01,inlandnw,1.4778395232195423,berkeley
2012-05-01,inlandnw,0.04826792952670019,berkeley
2012-06-01,inlandnw,0.529607538189194,berkeley
2012-07-01,inlandnw,2.1667637261271873,berkeley
2012-08-01,inlandnw,1.743710360339853,berkeley
2012-09-01,inlandnw,2.5051462456408697,berkeley
2012-10-01,inlandnw,-2.135944626892672,berkeley
2012-11-01,inlandnw,-1.0604737517561293,berkeley
2012-12-01,inlandnw,-1.5771195419591428,berkeley
2013-01-01,inlandnw,3.8655975472322304,berkeley
2013-02-01,inlandnw,3.9230898726734345,berkeley
2013-03-01,inlandnw,0.1361399762193992,berkeley
2013-04-01,inlandnw,-2.00644674858825,berkeley
2013-05-01,inlandnw,1.8091013206959938,berkeley
2013-06-01,inlandnw,1.122768753341492,berkeley
2013-07-01,inlandnw,0.5847962392624938,berkeley
2013-08-01,inlandnw,1.985224968819299,berkeley
2013-09-01,inlandnw,3.066283913472094,berkeley
2013-10-01,inlandnw,0.07940042478495696,berkeley
2013-11-01,inlandnw,-0.7558832879329259,berkeley
2013-12-01,inlandnw,-2.5536621276012985,berkeley
2014-01-01,inlandnw,5.887557152997598,berkeley
2014-02-01,inlandnw,-4.114241124011068,berkeley
2014-03-01,inlandnw,-0.7531194155967501,berkeley
2014-04-01,inlandnw,-0.07674360371748885,berkeley
2014-05-01,inlandnw,0.16056157055400855,berkeley
2014-06-01,inlandnw,-0.0234160412369048,berkeley
2014-07-01,inlandnw,1.7981657247734797,berkeley
2014-08-01,inlandnw,1.4712197243609868,berkeley
2014-09-01,inlandnw,1.0853266104037012,berkeley
2014-10-01,inlandnw,1.9957168716895828,berkeley
2014-11-01,inlandnw,-2.1454131010945225,berkeley
2014-12-01,inlandnw,2.810700362501877,berkeley
2015-01-01,inlandnw,6.346580847298432,berkeley
2015-02-01,inlandnw,1.349155800005247,berkeley
2015-03-01,inlandnw,5.50381892393214,berkeley
2015-04-01,inlandnw,1.893702653873809,berkeley
2015-05-01,inlandnw,0.9705784911185629,berkeley
2015-06-01,inlandnw,2.586463299630444,berkeley
2015-07-01,inlandnw,1.1251001513318752,berkeley
2015-08-01,inlandnw,1.0814555047746017,berkeley
2015-09-01,inlandnw,0.5299919073300764,berkeley
2015-10-01,inlandnw,2.2727484966281013,berkeley
2015-11-01,inlandnw,1.5481438009318087,berkeley
2015-12-01,inlandnw,2.646330155148515,berkeley
2016-01-01,inlandnw,5.93047850158605,berkeley
2016-02-01,inlandnw,5.601258147211731,berkeley
2016-03-01,inlandnw,5.314867649175321,berkeley
2016-04-01,inlandnw,3.211129665106733,berkeley
2016-05-01,inlandnw,1.59597140882757,berkeley
2016-06-01,inlandnw,1.8450394704763247,berkeley
2016-07-01,inlandnw,0.7073097991012213,berkeley
2016-08-01,inlandnw,1.0081157556402531,berkeley
2016-09-01,inlandnw,0.7275812790152796,berkeley
2016-10-01,inlandnw,-1.0693064675849482,berkeley
2016-11-01,inlandnw,5.258306777209171,berkeley
2016-12-01,inlandnw,-1.632022362234562,berkeley
2017-01-01,inlandnw,4.463289001364331,berkeley
2017-02-01,inlandnw,2.2565998940991396,berkeley
2017-03-01,inlandnw,1.7553510321935752,berkeley
2017-04-01,inlandnw,0.8020200508840488,berkeley
2017-05-01,inlandnw,1.5438143862935307,berkeley
2017-06-01,inlandnw,0.9110361513165306,berkeley
2017-07-01,inlandnw,1.7203381093179915,berkeley
2017-08-01,inlandnw,1.6484534769827814,berkeley
2017-09-01,inlandnw,1.7231268906693875,berkeley
2017-10-01,inlandnw,-0.0518335032981469,berkeley
2017-11-01,inlandnw,-1.3857378148607995,berkeley
2017-12-01,inlandnw,1.4044244868639388,berkeley
2018-01-01,inlandnw,4.569961221031626,berkeley
2018-02-01,inlandnw,-3.1421818218836868,berkeley
2018-03-01,inlandnw,0.5856630703845519,berkeley
2018-04-01,inlandnw,-1.4157455269679393,berkeley
2018-05-01,inlandnw,3.328156539778714,berkeley
2018-06-01,inlandnw,1.0452590018759083,berkeley
2018-07-01,inlandnw,1.1001617342807832,berkeley
2018-08-01,inlandnw,0.8525409388776939,berkeley
2018-09-01,inlandnw,-2.177497935766425,berkeley
2018-10-01,inlandnw,-0.9237029192042151,berkeley
2018-11-01,inlandnw,0.7980263561721803,berkeley
2018-12-01,inlandnw,3.2109320181501633,berkeley
2019-01-01,inlandnw,5.431462285140675,berkeley
2019-02-01,inlandnw,-7.552747499274843,berkeley
2019-03-01,inlandnw,2.095722281582767,berkeley
2019-04-01,inlandnw,1.2871460076402266,berkeley
2019-05-01,inlandnw,0.33049307216150975,berkeley
2019-06-01,inlandnw,0.4168207127914708,berkeley
2019-07-01,inlandnw,0.07554208098300044,berkeley
2019-08-01,inlandnw,0.11847249105035924,berkeley
2019-09-01,inlandnw,0.9486973435155361,berkeley
2019-10-01,inlandnw,-2.2737109718458313,berkeley
2019-11-01,inlandnw,0.9083192209340999,berkeley
2019-12-01,inlandnw,2.408208775665204,berkeley
2020-01-01,inlandnw,3.3867936177134816,berkeley
2020-02-01,inlandnw,2.3296911901920354,berkeley
2020-03-01,inlandnw,0.13822826590422896,berkeley
2020-04-01,inlandnw,-1.3354601971800752,berkeley
2020-05-01,inlandnw,0.26745984679326584,berkeley
2020-06-01,inlandnw,0.13824231451801844,berkeley
2020-07-01,inlandnw,0.43209055244914557,berkeley
2020-08-01,inlandnw,1.1651208786553238,berkeley
2020-09-01,inlandnw,1.608081305908659,berkeley
2020-10-01,inlandnw,-1.928888957943256,berkeley
2020-11-01,inlandnw,0.48517877529801623,berkeley
2020-12-01,inlandnw,4.4499503500716315,berkeley
2021-01-01,inlandnw,6.996650816820414,berkeley
2021-02-01,inlandnw,-3.9167761976519877,berkeley
2021-03-01,inlandnw,3.8348612626693837,berkeley
2021-04-01,inlandnw,0.43220118555106746,berkeley
2021-05-01,inlandnw,-0.28115017598003467,berkeley
2021-06-01,inlandnw,3.3134971199174257,berkeley
2021-07-01,inlandnw,2.782525515594413,berkeley
2021-08-01,inlandnw,1.000191593170469,berkeley
2021-09-01,inlandnw,1.9989138789830974,berkeley
2021-10-01,inlandnw,0.6581011969948598,berkeley
2021-11-01,inlandnw,2.7802525455248737,berkeley
2021-12-01,inlandnw,-3.179639566176894,berkeley
2022-01-01,inlandnw,3.7682892081076726,berkeley
2022-02-01,inlandnw,0.12453291457107234,berkeley
2022-03-01,inlandnw,2.7387940751539412,berkeley
2022-04-01,inlandnw,-1.6981507871973456,berkeley
2022-05-01,inlandnw,-0.8285794521619017,berkeley
2022-06-01,inlandnw,0.6845747082659533,berkeley
2022-07-01,inlandnw,1.7574326876978783,berkeley
2022-08-01,inlandnw,3.2939638831574993,berkeley
2022-09-01,inlandnw,3.382423484612918,berkeley
2022-10-01,inlandnw,2.7811231877041247,berkeley
2022-11-01,inlandnw,-2.24068243500044,berkeley
2022-12-01,inlandnw,-3.6947879158933588,berkeley
2023-01-01,inlandnw,6.844968218801714,berkeley
2023-02-01,inlandnw,0.6140584885936057,berkeley
2023-03-01,inlandnw,-1.585779070133284,berkeley
2023-04-01,inlandnw,0.49400644934775406,berkeley
2023-05-01,inlandnw,4.331287881830008,berkeley
2023-06-01,inlandnw,2.1460225092776155,berkeley
2023-07-01,inlandnw,1.4177141367199915,berkeley
2023-08-01,inlandnw,1.9561318900539462,berkeley
2023-09-01,inlandnw,2.501116126815243,berkeley
2023-10-01,inlandnw,0.4796283182715415,berkeley
2023-11-01,inlandnw,3.447610579684733,berkeley
2023-12-01,inlandnw,7.191692594881197,berkeley
2024-01-01,inlandnw,2.5911060101082284,berkeley
2024-02-01,inlandnw,3.5374524633032105,berkeley
2024-03-01,inlandnw,1.3358447783111382,berkeley
2024-04-01,inlandnw,2.1666449058105175,berkeley
2024-05-01,inlandnw,0.3251830501462489,berkeley
2024-06-01,inlandnw,-0.08823949856008476,berkeley
2024-07-01,inlandnw,2.918469154607451,berkeley
2024-08-01,inlandnw,1.6949096073956122,berkeley
2024-09-01,inlandnw,3.50420546015423,berkeley
2024-10-01,inlandnw,1.2960485155820747,berkeley
2024-11-01,inlandnw,0.7089167378687952,berkeley
2024-12-01,inlandnw,4.224342794455497,berkeley
