time,region,value,ngauges,dataset
1951-01-01,wpacific,7.7718472993384236,42.0,gpcc2025
1951-02-01,wpacific,12.406786863534904,42.0,gpcc2025
1951-03-01,wpacific,12.475526809389885,42.0,gpcc2025
1951-04-01,wpacific,8.438544493178979,42.0,gpcc2025
1951-05-01,wpacific,8.677198851233884,40.0,gpcc2025
1951-06-01,wpacific,6.025048740386809,39.0,gpcc2025
1951-07-01,wpacific,6.102717087142588,41.0,gpcc2025
1951-08-01,wpacific,7.008918037867631,42.0,gpcc2025
1951-09-01,wpacific,6.265978141153509,42.0,gpcc2025
1951-10-01,wpacific,5.493350355144666,41.0,gpcc2025
1951-11-01,wpacific,6.265024467372589,39.0,gpcc2025
1951-12-01,wpacific,8.45821962528371,41.0,gpcc2025
1952-01-01,wpacific,10.191311464750797,48.0,gpcc2025
1952-02-01,wpacific,8.362912263318252,49.0,gpcc2025
1952-03-01,wpacific,9.542766269806505,50.0,gpcc2025
1952-04-01,wpacific,8.900179692193012,50.0,gpcc2025
1952-05-01,wpacific,8.028559892528342,51.0,gpcc2025
1952-06-01,wpacific,8.553878116623727,50.0,gpcc2025
1952-07-01,wpacific,9.515195473775243,50.0,gpcc2025
1952-08-01,wpacific,6.491028646008025,49.0,gpcc2025
1952-09-01,wpacific,6.866107211307269,49.0,gpcc2025
1952-10-01,wpacific,8.556830538902881,51.0,gpcc2025
1952-11-01,wpacific,8.02166622868644,51.0,gpcc2025
1952-12-01,wpacific,7.573077365093572,50.0,gpcc2025
1953-01-01,wpacific,8.77920487916807,49.0,gpcc2025
1953-02-01,wpacific,10.481526030091498,50.0,gpcc2025
1953-03-01,wpacific,10.142831406145737,50.0,gpcc2025
1953-04-01,wpacific,9.4275883878721,51.0,gpcc2025
1953-05-01,wpacific,6.18527483800598,51.0,gpcc2025
1953-06-01,wpacific,7.86759416272781,51.0,gpcc2025
1953-07-01,wpacific,7.620492385904805,51.0,gpcc2025
1953-08-01,wpacific,7.461259043702926,51.0,gpcc2025
1953-09-01,wpacific,6.60053618090883,52.0,gpcc2025
1953-10-01,wpacific,6.507735481031326,53.0,gpcc2025
1953-11-01,wpacific,7.802580571065815,54.0,gpcc2025
1953-12-01,wpacific,6.821571621359997,51.0,gpcc2025
1954-01-01,wpacific,9.81214511312847,52.0,gpcc2025
1954-02-01,wpacific,11.742754880309933,51.0,gpcc2025
1954-03-01,wpacific,9.952934387892133,51.0,gpcc2025
1954-04-01,wpacific,8.4058219157691,51.0,gpcc2025
1954-05-01,wpacific,8.965168988338473,53.0,gpcc2025
1954-06-01,wpacific,8.350896416876509,54.0,gpcc2025
1954-07-01,wpacific,6.877576788506796,54.0,gpcc2025
1954-08-01,wpacific,6.253107882750779,54.0,gpcc2025
1954-09-01,wpacific,8.58775035889059,54.0,gpcc2025
1954-10-01,wpacific,7.534125169690769,54.0,gpcc2025
1954-11-01,wpacific,8.409082955471733,54.0,gpcc2025
1954-12-01,wpacific,11.554373956293562,54.0,gpcc2025
1955-01-01,wpacific,7.967750669575732,54.0,gpcc2025
1955-02-01,wpacific,8.852472171540494,55.0,gpcc2025
1955-03-01,wpacific,15.343005000378627,54.0,gpcc2025
1955-04-01,wpacific,9.514297938118272,54.0,gpcc2025
1955-05-01,wpacific,9.352745704918286,55.0,gpcc2025
1955-06-01,wpacific,7.146245217600131,55.0,gpcc2025
1955-07-01,wpacific,6.563862628096899,55.0,gpcc2025
1955-08-01,wpacific,6.3639225047385315,55.0,gpcc2025
1955-09-01,wpacific,9.602691887166811,55.0,gpcc2025
1955-10-01,wpacific,8.045429585848717,55.0,gpcc2025
1955-11-01,wpacific,9.684203295501142,53.0,gpcc2025
1955-12-01,wpacific,13.08077845327523,52.0,gpcc2025
1951-01-01,hawaii,4.042700151256421,236.0,gpcc2025
1951-02-01,hawaii,7.293602891071234,230.0,gpcc2025
1951-03-01,hawaii,12.894830700998321,231.0,gpcc2025
1951-04-01,hawaii,1.6926351387540983,225.0,gpcc2025
1951-05-01,hawaii,1.5122578067299708,234.0,gpcc2025
1951-06-01,hawaii,1.7554778900518897,235.0,gpcc2025
1951-07-01,hawaii,1.9447347549905398,233.0,gpcc2025
1951-08-01,hawaii,3.07512931311433,226.0,gpcc2025
1951-09-01,hawaii,2.258817899620575,231.0,gpcc2025
1951-10-01,hawaii,7.014388266704573,228.0,gpcc2025
1951-11-01,hawaii,3.6924276342280162,227.0,gpcc2025
1951-12-01,hawaii,6.210482682014225,215.0,gpcc2025
1952-01-01,hawaii,6.688357441744655,232.0,gpcc2025
1952-02-01,hawaii,2.073550521577163,232.0,gpcc2025
1952-03-01,hawaii,4.716679410083593,228.0,gpcc2025
1952-04-01,hawaii,1.7506262581953984,234.0,gpcc2025
1952-05-01,hawaii,1.934541481579588,233.0,gpcc2025
1952-06-01,hawaii,2.3767892295358966,233.0,gpcc2025
1952-07-01,hawaii,2.105573202668938,234.0,gpcc2025
1952-08-01,hawaii,1.2932171488922408,236.0,gpcc2025
1952-09-01,hawaii,1.8176155442798316,239.0,gpcc2025
1952-10-01,hawaii,3.8188740883703365,234.0,gpcc2025
1952-11-01,hawaii,4.093835012046556,226.0,gpcc2025
1952-12-01,hawaii,1.7551466996046752,232.0,gpcc2025
1953-01-01,hawaii,0.8767885012720635,234.0,gpcc2025
1953-02-01,hawaii,3.8630776030894975,236.0,gpcc2025
1953-03-01,hawaii,4.793688740386473,236.0,gpcc2025
1953-04-01,hawaii,1.414597908613555,238.0,gpcc2025
1953-05-01,hawaii,2.548582075609795,234.0,gpcc2025
1953-06-01,hawaii,1.6930059457119895,240.0,gpcc2025
1953-07-01,hawaii,1.275657990120833,237.0,gpcc2025
1953-08-01,hawaii,1.2158260381128652,233.0,gpcc2025
1953-09-01,hawaii,0.9248083647150385,239.0,gpcc2025
1953-10-01,hawaii,1.1666439401229438,235.0,gpcc2025
1953-11-01,hawaii,1.925721102191236,235.0,gpcc2025
1953-12-01,hawaii,3.390578336815626,235.0,gpcc2025
1954-01-01,hawaii,1.9423807384341183,237.0,gpcc2025
1954-02-01,hawaii,3.6119780622552073,238.0,gpcc2025
1954-03-01,hawaii,4.541988253862177,238.0,gpcc2025
1954-04-01,hawaii,2.2643021915722867,228.0,gpcc2025
1954-05-01,hawaii,3.0004385772371025,232.0,gpcc2025
1954-06-01,hawaii,2.3704397895424396,238.0,gpcc2025
1954-07-01,hawaii,3.8169828223665743,236.0,gpcc2025
1954-08-01,hawaii,3.4212762022244396,235.0,gpcc2025
1954-09-01,hawaii,2.2495690708307667,239.0,gpcc2025
1954-10-01,hawaii,1.9896357125081472,224.0,gpcc2025
1954-11-01,hawaii,5.447610920283012,231.0,gpcc2025
1954-12-01,hawaii,9.217617745519957,235.0,gpcc2025
1955-01-01,hawaii,3.7428275519767844,231.0,gpcc2025
1955-02-01,hawaii,9.534471654042813,238.0,gpcc2025
1955-03-01,hawaii,4.421336973161254,238.0,gpcc2025
1955-04-01,hawaii,2.607245057278391,234.0,gpcc2025
1955-05-01,hawaii,2.413821565729904,233.0,gpcc2025
1955-06-01,hawaii,1.646160652805068,241.0,gpcc2025
1955-07-01,hawaii,2.412186406224771,232.0,gpcc2025
1955-08-01,hawaii,2.4390086349475726,241.0,gpcc2025
1955-09-01,hawaii,2.4208438196565427,239.0,gpcc2025
1955-10-01,hawaii,1.6792769540664836,229.0,gpcc2025
1955-11-01,hawaii,6.287765629319226,231.0,gpcc2025
1955-12-01,hawaii,6.624963837418019,232.0,gpcc2025
1951-01-01,cpacific,4.699911385535989,35.0,gpcc2025
1951-02-01,cpacific,2.966100374119308,35.0,gpcc2025
1951-03-01,cpacific,4.227197031053069,35.0,gpcc2025
1951-04-01,cpacific,6.069989436643425,35.0,gpcc2025
1951-05-01,cpacific,7.121307640837037,35.0,gpcc2025
1951-06-01,cpacific,6.915532248402625,35.0,gpcc2025
1951-07-01,cpacific,7.960840869633083,35.0,gpcc2025
1951-08-01,cpacific,6.775266971213142,35.0,gpcc2025
1951-09-01,cpacific,4.237148804111035,34.0,gpcc2025
1951-10-01,cpacific,4.567179632588653,35.0,gpcc2025
1951-11-01,cpacific,5.004079901433553,35.0,gpcc2025
1951-12-01,cpacific,9.026070008625728,35.0,gpcc2025
1952-01-01,cpacific,10.716114318693027,36.0,gpcc2025
1952-02-01,cpacific,6.373282186548175,36.0,gpcc2025
1952-03-01,cpacific,6.439012770570108,36.0,gpcc2025
1952-04-01,cpacific,7.334418090275878,36.0,gpcc2025
1952-05-01,cpacific,4.814707803705334,37.0,gpcc2025
1952-06-01,cpacific,6.543316063247672,37.0,gpcc2025
1952-07-01,cpacific,4.826311310548712,37.0,gpcc2025
1952-08-01,cpacific,3.914399407515273,37.0,gpcc2025
1952-09-01,cpacific,2.314503174073045,37.0,gpcc2025
1952-10-01,cpacific,3.376326973347507,37.0,gpcc2025
1952-11-01,cpacific,4.4748905206709075,37.0,gpcc2025
1952-12-01,cpacific,8.203438538699315,37.0,gpcc2025
1953-01-01,cpacific,8.077702803157388,32.0,gpcc2025
1953-02-01,cpacific,10.747072822849438,32.0,gpcc2025
1953-03-01,cpacific,7.115057625084825,32.0,gpcc2025
1953-04-01,cpacific,8.377092973935026,32.0,gpcc2025
1953-05-01,cpacific,10.142334847836374,32.0,gpcc2025
1953-06-01,cpacific,6.086816219895485,32.0,gpcc2025
1953-07-01,cpacific,6.450649939112337,32.0,gpcc2025
1953-08-01,cpacific,8.972592960206713,31.0,gpcc2025
1953-09-01,cpacific,7.351204870429631,32.0,gpcc2025
1953-10-01,cpacific,6.367793171404716,31.0,gpcc2025
1953-11-01,cpacific,6.169204267159226,32.0,gpcc2025
1953-12-01,cpacific,8.937906491829319,32.0,gpcc2025
1954-01-01,cpacific,6.839286117283843,35.0,gpcc2025
1954-02-01,cpacific,6.06839402405142,34.0,gpcc2025
1954-03-01,cpacific,6.717136281694683,33.0,gpcc2025
1954-04-01,cpacific,5.967907138924358,34.0,gpcc2025
1954-05-01,cpacific,4.054245083112933,34.0,gpcc2025
1954-06-01,cpacific,3.4408904551990203,34.0,gpcc2025
1954-07-01,cpacific,3.756324952053663,34.0,gpcc2025
1954-08-01,cpacific,2.6859383415232765,35.0,gpcc2025
1954-09-01,cpacific,2.711759753828254,37.0,gpcc2025
1954-10-01,cpacific,1.870910061882543,36.0,gpcc2025
1954-11-01,cpacific,4.034267647644393,36.0,gpcc2025
1954-12-01,cpacific,3.8136170857837244,36.0,gpcc2025
1955-01-01,cpacific,8.229032286357368,40.0,gpcc2025
1955-02-01,cpacific,3.2369842287726556,40.0,gpcc2025
1955-03-01,cpacific,4.3544903706989535,40.0,gpcc2025
1955-04-01,cpacific,5.415714732675342,40.0,gpcc2025
1955-05-01,cpacific,3.3282428867569207,40.0,gpcc2025
1955-06-01,cpacific,3.6884522691905635,40.0,gpcc2025
1955-07-01,cpacific,2.770598781251187,40.0,gpcc2025
1955-08-01,cpacific,1.946067533375897,40.0,gpcc2025
1955-09-01,cpacific,2.8389815471636384,40.0,gpcc2025
1955-10-01,cpacific,1.8338985623244164,40.0,gpcc2025
1955-11-01,cpacific,2.0095313800618744,40.0,gpcc2025
1955-12-01,cpacific,2.189950993534391,40.0,gpcc2025
1951-01-01,lit_camerica,2.589799879168134,285.0,gpcc2025
1951-02-01,lit_camerica,1.7942629104133248,287.0,gpcc2025
1951-03-01,lit_camerica,0.8682127621780336,291.0,gpcc2025
1951-04-01,lit_camerica,1.4530141040349676,290.0,gpcc2025
1951-05-01,lit_camerica,5.064699029982102,294.0,gpcc2025
1951-06-01,lit_camerica,7.3503796457761865,293.0,gpcc2025
1951-07-01,lit_camerica,7.412666041712149,297.0,gpcc2025
1951-08-01,lit_camerica,6.502475623409509,299.0,gpcc2025
1951-09-01,lit_camerica,8.585407272330134,301.0,gpcc2025
1951-10-01,lit_camerica,5.9233258528656,281.0,gpcc2025
1951-11-01,lit_camerica,6.849986861187245,281.0,gpcc2025
1951-12-01,lit_camerica,3.7914453033393842,280.0,gpcc2025
1952-01-01,lit_camerica,2.593394519046187,312.0,gpcc2025
1952-02-01,lit_camerica,1.1287178258252855,311.0,gpcc2025
1952-03-01,lit_camerica,1.0593680635242078,308.0,gpcc2025
1952-04-01,lit_camerica,3.3914749653491936,314.0,gpcc2025
1952-05-01,lit_camerica,4.863348163704874,314.0,gpcc2025
1952-06-01,lit_camerica,8.69423646049409,320.0,gpcc2025
1952-07-01,lit_camerica,7.624866808192662,322.0,gpcc2025
1952-08-01,lit_camerica,7.095292089513725,330.0,gpcc2025
1952-09-01,lit_camerica,7.8813590223713685,333.0,gpcc2025
1952-10-01,lit_camerica,7.3903407356971575,335.0,gpcc2025
1952-11-01,lit_camerica,4.464560391152565,334.0,gpcc2025
1952-12-01,lit_camerica,3.2368870300282246,332.0,gpcc2025
1953-01-01,lit_camerica,1.9559423523781216,315.0,gpcc2025
1953-02-01,lit_camerica,1.4815303052659556,312.0,gpcc2025
1953-03-01,lit_camerica,1.061102145146939,312.0,gpcc2025
1953-04-01,lit_camerica,0.9671035971688778,307.0,gpcc2025
1953-05-01,lit_camerica,7.628433018614573,308.0,gpcc2025
1953-06-01,lit_camerica,6.571187630315722,311.0,gpcc2025
1953-07-01,lit_camerica,6.023885502680958,313.0,gpcc2025
1953-08-01,lit_camerica,6.195999709149702,314.0,gpcc2025
1953-09-01,lit_camerica,8.593091157308086,314.0,gpcc2025
1953-10-01,lit_camerica,6.782136048347398,315.0,gpcc2025
1953-11-01,lit_camerica,4.766330276747917,316.0,gpcc2025
1953-12-01,lit_camerica,4.004359487270553,315.0,gpcc2025
1954-01-01,lit_camerica,2.8298810862359343,324.0,gpcc2025
1954-02-01,lit_camerica,2.256404144809707,323.0,gpcc2025
1954-03-01,lit_camerica,1.3968372981683612,329.0,gpcc2025
1954-04-01,lit_camerica,3.89925067563319,335.0,gpcc2025
1954-05-01,lit_camerica,5.9401715957912655,337.0,gpcc2025
1954-06-01,lit_camerica,9.344641232437457,341.0,gpcc2025
1954-07-01,lit_camerica,6.751150346185328,346.0,gpcc2025
1954-08-01,lit_camerica,6.808868243006879,345.0,gpcc2025
1954-09-01,lit_camerica,9.779619173598041,349.0,gpcc2025
1954-10-01,lit_camerica,10.741229271600254,350.0,gpcc2025
1954-11-01,lit_camerica,3.93683773091684,345.0,gpcc2025
1954-12-01,lit_camerica,2.7618474451339172,346.0,gpcc2025
1955-01-01,lit_camerica,1.9204277226107371,396.0,gpcc2025
1955-02-01,lit_camerica,2.8027714709617904,399.0,gpcc2025
1955-03-01,lit_camerica,1.2943750375539491,402.0,gpcc2025
1955-04-01,lit_camerica,1.1655841478258704,405.0,gpcc2025
1955-05-01,lit_camerica,2.4686980366547426,404.0,gpcc2025
1955-06-01,lit_camerica,5.752048429183601,405.0,gpcc2025
1955-07-01,lit_camerica,9.037908374339084,407.0,gpcc2025
1955-08-01,lit_camerica,7.013366695112622,406.0,gpcc2025
1955-09-01,lit_camerica,8.234363440894143,402.0,gpcc2025
1955-10-01,lit_camerica,11.35647162909621,402.0,gpcc2025
1955-11-01,lit_camerica,5.9151756542641465,398.0,gpcc2025
1955-12-01,lit_camerica,4.003168771946521,404.0,gpcc2025
1951-01-01,lit_wpacific,7.849428333663582,49.0,gpcc2025
1951-02-01,lit_wpacific,11.337136793114889,48.0,gpcc2025
1951-03-01,lit_wpacific,14.350977243085707,48.0,gpcc2025
1951-04-01,lit_wpacific,8.656754296005515,45.0,gpcc2025
1951-05-01,lit_wpacific,9.881500495750734,43.0,gpcc2025
1951-06-01,lit_wpacific,7.15348885155366,42.0,gpcc2025
1951-07-01,lit_wpacific,8.166301232720187,46.0,gpcc2025
1951-08-01,lit_wpacific,8.767987808905396,47.0,gpcc2025
1951-09-01,lit_wpacific,8.866890158036314,49.0,gpcc2025
1951-10-01,lit_wpacific,5.896002015804402,50.0,gpcc2025
1951-11-01,lit_wpacific,7.809131711094085,47.0,gpcc2025
1951-12-01,lit_wpacific,8.434737858221084,49.0,gpcc2025
1952-01-01,lit_wpacific,12.007017848925548,50.0,gpcc2025
1952-02-01,lit_wpacific,9.230623881262945,49.0,gpcc2025
1952-03-01,lit_wpacific,10.327482741652588,50.0,gpcc2025
1952-04-01,lit_wpacific,10.2827114208927,52.0,gpcc2025
1952-05-01,lit_wpacific,9.211067361365737,53.0,gpcc2025
1952-06-01,lit_wpacific,9.643276678334542,53.0,gpcc2025
1952-07-01,lit_wpacific,10.819475784632013,55.0,gpcc2025
1952-08-01,lit_wpacific,8.64084815679166,53.0,gpcc2025
1952-09-01,lit_wpacific,8.247772693696847,55.0,gpcc2025
1952-10-01,lit_wpacific,9.474957837668365,57.0,gpcc2025
1952-11-01,lit_wpacific,9.442872696504809,54.0,gpcc2025
1952-12-01,lit_wpacific,7.486229320015535,53.0,gpcc2025
1953-01-01,lit_wpacific,9.580540520844973,54.0,gpcc2025
1953-02-01,lit_wpacific,11.970465608282677,54.0,gpcc2025
1953-03-01,lit_wpacific,11.62606900126195,54.0,gpcc2025
1953-04-01,lit_wpacific,10.70441839502842,56.0,gpcc2025
1953-05-01,lit_wpacific,6.512878724629483,56.0,gpcc2025
1953-06-01,lit_wpacific,8.928040412819932,55.0,gpcc2025
1953-07-01,lit_wpacific,10.47650124657086,56.0,gpcc2025
1953-08-01,lit_wpacific,7.842578717703781,55.0,gpcc2025
1953-09-01,lit_wpacific,8.00630144138064,58.0,gpcc2025
1953-10-01,lit_wpacific,7.749936464851179,59.0,gpcc2025
1953-11-01,lit_wpacific,9.333152836925164,59.0,gpcc2025
1953-12-01,lit_wpacific,7.52848073993881,55.0,gpcc2025
1954-01-01,lit_wpacific,9.80955884277109,56.0,gpcc2025
1954-02-01,lit_wpacific,12.14850772476279,55.0,gpcc2025
1954-03-01,lit_wpacific,11.134055720263358,56.0,gpcc2025
1954-04-01,lit_wpacific,8.73450718858977,59.0,gpcc2025
1954-05-01,lit_wpacific,9.327893376255398,57.0,gpcc2025
1954-06-01,lit_wpacific,8.109502520688135,57.0,gpcc2025
1954-07-01,lit_wpacific,8.782600322371112,56.0,gpcc2025
1954-08-01,lit_wpacific,9.167162239166567,57.0,gpcc2025
1954-09-01,lit_wpacific,9.175628989119145,58.0,gpcc2025
1954-10-01,lit_wpacific,7.904044115501073,58.0,gpcc2025
1954-11-01,lit_wpacific,7.738241203095641,60.0,gpcc2025
1954-12-01,lit_wpacific,11.078897286480872,59.0,gpcc2025
1955-01-01,lit_wpacific,8.880711564055357,62.0,gpcc2025
1955-02-01,lit_wpacific,9.446895666130406,62.0,gpcc2025
1955-03-01,lit_wpacific,14.811741882388096,61.0,gpcc2025
1955-04-01,lit_wpacific,9.720573819426905,61.0,gpcc2025
1955-05-01,lit_wpacific,9.03640773463134,65.0,gpcc2025
1955-06-01,lit_wpacific,8.167616325832194,66.0,gpcc2025
1955-07-01,lit_wpacific,9.022544314756482,66.0,gpcc2025
1955-08-01,lit_wpacific,8.002338115603653,65.0,gpcc2025
1955-09-01,lit_wpacific,9.197527543993665,66.0,gpcc2025
1955-10-01,lit_wpacific,8.491586963871244,66.0,gpcc2025
1955-11-01,lit_wpacific,10.063447911667422,66.0,gpcc2025
1955-12-01,lit_wpacific,11.769381437439447,65.0,gpcc2025
1951-01-01,lit_sindia,2.0833870991139536,580.0,gpcc2025
1951-02-01,lit_sindia,0.897820932870124,577.0,gpcc2025
1951-03-01,lit_sindia,1.3380525642105665,579.0,gpcc2025
1951-04-01,lit_sindia,3.792941366269621,580.0,gpcc2025
1951-05-01,lit_sindia,3.684576513478728,579.0,gpcc2025
1951-06-01,lit_sindia,7.9998948784476065,577.0,gpcc2025
1951-07-01,lit_sindia,7.969597005954654,580.0,gpcc2025
1951-08-01,lit_sindia,3.5391129520600955,580.0,gpcc2025
1951-09-01,lit_sindia,5.772874227851318,579.0,gpcc2025
1951-10-01,lit_sindia,4.078965143428021,580.0,gpcc2025
1951-11-01,lit_sindia,6.200494632028182,579.0,gpcc2025
1951-12-01,lit_sindia,1.2083256777754072,581.0,gpcc2025
1952-01-01,lit_sindia,1.7058856170912167,583.0,gpcc2025
1952-02-01,lit_sindia,1.3645860350302357,578.0,gpcc2025
1952-03-01,lit_sindia,0.5848870405448269,585.0,gpcc2025
1952-04-01,lit_sindia,2.166102867191235,689.0,gpcc2025
1952-05-01,lit_sindia,4.662228344377346,687.0,gpcc2025
1952-06-01,lit_sindia,6.150929829558191,689.0,gpcc2025
1952-07-01,lit_sindia,5.426631754869315,689.0,gpcc2025
1952-08-01,lit_sindia,4.931227768419711,685.0,gpcc2025
1952-09-01,lit_sindia,1.5665367640972798,690.0,gpcc2025
1952-10-01,lit_sindia,6.2604101004245605,691.0,gpcc2025
1952-11-01,lit_sindia,2.237453609332176,690.0,gpcc2025
1952-12-01,lit_sindia,3.6467335481548044,685.0,gpcc2025
1953-01-01,lit_sindia,1.195961499965426,693.0,gpcc2025
1953-02-01,lit_sindia,1.154402836168325,693.0,gpcc2025
1953-03-01,lit_sindia,0.8558600155034143,686.0,gpcc2025
1953-04-01,lit_sindia,3.388650556118178,692.0,gpcc2025
1953-05-01,lit_sindia,0.8038968093477493,696.0,gpcc2025
1953-06-01,lit_sindia,5.076438639810416,689.0,gpcc2025
1953-07-01,lit_sindia,12.831498627714614,685.0,gpcc2025
1953-08-01,lit_sindia,4.8558472733202995,687.0,gpcc2025
1953-09-01,lit_sindia,3.654338948864491,693.0,gpcc2025
1953-10-01,lit_sindia,10.830397903850887,692.0,gpcc2025
1953-11-01,lit_sindia,3.0594485115979735,693.0,gpcc2025
1953-12-01,lit_sindia,1.4512676837995828,691.0,gpcc2025
1954-01-01,lit_sindia,2.0186970732973686,686.0,gpcc2025
1954-02-01,lit_sindia,0.7271762696625058,688.0,gpcc2025
1954-03-01,lit_sindia,2.339237809463444,683.0,gpcc2025
1954-04-01,lit_sindia,3.064217926142576,688.0,gpcc2025
1954-05-01,lit_sindia,3.366329741167183,675.0,gpcc2025
1954-06-01,lit_sindia,7.22830506604554,676.0,gpcc2025
1954-07-01,lit_sindia,8.989160452378561,677.0,gpcc2025
1954-08-01,lit_sindia,6.842806646912274,679.0,gpcc2025
1954-09-01,lit_sindia,3.1467064123871338,680.0,gpcc2025
1954-10-01,lit_sindia,8.215143540740693,679.0,gpcc2025
1954-11-01,lit_sindia,1.5713352697162686,696.0,gpcc2025
1954-12-01,lit_sindia,4.146397888661063,686.0,gpcc2025
1955-01-01,lit_sindia,1.816059246377957,705.0,gpcc2025
1955-02-01,lit_sindia,1.2010246967427018,707.0,gpcc2025
1955-03-01,lit_sindia,1.0530004510499633,697.0,gpcc2025
1955-04-01,lit_sindia,3.2120778574033255,694.0,gpcc2025
1955-05-01,lit_sindia,6.864635861081532,687.0,gpcc2025
1955-06-01,lit_sindia,7.191388446412238,694.0,gpcc2025
1955-07-01,lit_sindia,4.7974223093065325,701.0,gpcc2025
1955-08-01,lit_sindia,4.874113199084353,703.0,gpcc2025
1955-09-01,lit_sindia,7.017324032860786,708.0,gpcc2025
1955-10-01,lit_sindia,6.445388938034426,710.0,gpcc2025
1955-11-01,lit_sindia,4.098246609996774,704.0,gpcc2025
1955-12-01,lit_sindia,2.3932351687665223,709.0,gpcc2025
1951-01-01,lit_cpacific,3.3869541767606277,24.0,gpcc2025
1951-02-01,lit_cpacific,2.095545831601795,24.0,gpcc2025
1951-03-01,lit_cpacific,4.498332644341905,24.0,gpcc2025
1951-04-01,lit_cpacific,6.268636967997384,24.0,gpcc2025
1951-05-01,lit_cpacific,8.868869864426031,24.0,gpcc2025
1951-06-01,lit_cpacific,8.896412780400526,24.0,gpcc2025
1951-07-01,lit_cpacific,7.199671355457628,24.0,gpcc2025
1951-08-01,lit_cpacific,8.676507629225476,24.0,gpcc2025
1951-09-01,lit_cpacific,5.13929737224775,24.0,gpcc2025
1951-10-01,lit_cpacific,3.28958812078321,24.0,gpcc2025
1951-11-01,lit_cpacific,3.9199287183610214,24.0,gpcc2025
1951-12-01,lit_cpacific,8.282037010456442,24.0,gpcc2025
1952-01-01,lit_cpacific,9.771920870078466,25.0,gpcc2025
1952-02-01,lit_cpacific,4.495430991267634,25.0,gpcc2025
1952-03-01,lit_cpacific,5.872043376705587,25.0,gpcc2025
1952-04-01,lit_cpacific,6.7422055615457905,25.0,gpcc2025
1952-05-01,lit_cpacific,5.002504748308614,25.0,gpcc2025
1952-06-01,lit_cpacific,5.329115132201767,25.0,gpcc2025
1952-07-01,lit_cpacific,3.9020405399698133,25.0,gpcc2025
1952-08-01,lit_cpacific,3.365215305344507,25.0,gpcc2025
1952-09-01,lit_cpacific,2.379120525610774,25.0,gpcc2025
1952-10-01,lit_cpacific,2.6809894821995175,25.0,gpcc2025
1952-11-01,lit_cpacific,4.58898829100134,25.0,gpcc2025
1952-12-01,lit_cpacific,5.784286085278693,25.0,gpcc2025
1953-01-01,lit_cpacific,6.444134136864162,19.0,gpcc2025
1953-02-01,lit_cpacific,9.415187091473708,19.0,gpcc2025
1953-03-01,lit_cpacific,6.47940763163471,19.0,gpcc2025
1953-04-01,lit_cpacific,9.942787183435021,19.0,gpcc2025
1953-05-01,lit_cpacific,8.729408951324803,19.0,gpcc2025
1953-06-01,lit_cpacific,5.427074767267641,19.0,gpcc2025
1953-07-01,lit_cpacific,5.902390995772395,19.0,gpcc2025
1953-08-01,lit_cpacific,7.237285279916387,18.0,gpcc2025
1953-09-01,lit_cpacific,6.404392803787783,19.0,gpcc2025
1953-10-01,lit_cpacific,4.44249634819123,19.0,gpcc2025
1953-11-01,lit_cpacific,4.98780002416926,19.0,gpcc2025
1953-12-01,lit_cpacific,7.7144703541180375,19.0,gpcc2025
1954-01-01,lit_cpacific,5.055601440060288,22.0,gpcc2025
1954-02-01,lit_cpacific,3.775438889378449,21.0,gpcc2025
1954-03-01,lit_cpacific,4.722626321605808,20.0,gpcc2025
1954-04-01,lit_cpacific,4.74522915416343,21.0,gpcc2025
1954-05-01,lit_cpacific,4.25231915190457,21.0,gpcc2025
1954-06-01,lit_cpacific,3.4963573386551863,21.0,gpcc2025
1954-07-01,lit_cpacific,3.5007163474708958,21.0,gpcc2025
1954-08-01,lit_cpacific,2.3834947452486435,23.0,gpcc2025
1954-09-01,lit_cpacific,2.346578509219012,24.0,gpcc2025
1954-10-01,lit_cpacific,1.7714461992259685,23.0,gpcc2025
1954-11-01,lit_cpacific,2.250992205858985,23.0,gpcc2025
1954-12-01,lit_cpacific,2.424837323399731,23.0,gpcc2025
1955-01-01,lit_cpacific,3.2518672201168974,25.0,gpcc2025
1955-02-01,lit_cpacific,2.031677314567753,25.0,gpcc2025
1955-03-01,lit_cpacific,3.667285313647355,25.0,gpcc2025
1955-04-01,lit_cpacific,5.08661949754198,25.0,gpcc2025
1955-05-01,lit_cpacific,3.809362754104144,25.0,gpcc2025
1955-06-01,lit_cpacific,4.464690725704788,25.0,gpcc2025
1955-07-01,lit_cpacific,3.3838730220113566,25.0,gpcc2025
1955-08-01,lit_cpacific,2.134065409387135,25.0,gpcc2025
1955-09-01,lit_cpacific,2.2632127770973605,25.0,gpcc2025
1955-10-01,lit_cpacific,1.7558222081524464,25.0,gpcc2025
1955-11-01,lit_cpacific,1.1166292153839068,25.0,gpcc2025
1955-12-01,lit_cpacific,1.4872038394623288,25.0,gpcc2025
1951-01-01,box_hawaii,4.042700151256421,236.0,gpcc2025
1951-02-01,box_hawaii,7.293602891071234,230.0,gpcc2025
1951-03-01,box_hawaii,12.894830700998321,231.0,gpcc2025
1951-04-01,box_hawaii,1.6926351387540983,225.0,gpcc2025
1951-05-01,box_hawaii,1.5122578067299708,234.0,gpcc2025
1951-06-01,box_hawaii,1.7554778900518897,235.0,gpcc2025
1951-07-01,box_hawaii,1.9447347549905398,233.0,gpcc2025
1951-08-01,box_hawaii,3.07512931311433,226.0,gpcc2025
1951-09-01,box_hawaii,2.258817899620575,231.0,gpcc2025
1951-10-01,box_hawaii,7.014388266704573,228.0,gpcc2025
1951-11-01,box_hawaii,3.6924276342280162,227.0,gpcc2025
1951-12-01,box_hawaii,6.210482682014225,215.0,gpcc2025
1952-01-01,box_hawaii,6.688357441744655,232.0,gpcc2025
1952-02-01,box_hawaii,2.073550521577163,232.0,gpcc2025
1952-03-01,box_hawaii,4.716679410083593,228.0,gpcc2025
1952-04-01,box_hawaii,1.7506262581953984,234.0,gpcc2025
1952-05-01,box_hawaii,1.934541481579588,233.0,gpcc2025
1952-06-01,box_hawaii,2.3767892295358966,233.0,gpcc2025
1952-07-01,box_hawaii,2.105573202668938,234.0,gpcc2025
1952-08-01,box_hawaii,1.2932171488922408,236.0,gpcc2025
1952-09-01,box_hawaii,1.8176155442798316,239.0,gpcc2025
1952-10-01,box_hawaii,3.8188740883703365,234.0,gpcc2025
1952-11-01,box_hawaii,4.093835012046556,226.0,gpcc2025
1952-12-01,box_hawaii,1.7551466996046752,232.0,gpcc2025
1953-01-01,box_hawaii,0.8767885012720635,234.0,gpcc2025
1953-02-01,box_hawaii,3.8630776030894975,236.0,gpcc2025
1953-03-01,box_hawaii,4.793688740386473,236.0,gpcc2025
1953-04-01,box_hawaii,1.414597908613555,238.0,gpcc2025
1953-05-01,box_hawaii,2.548582075609795,234.0,gpcc2025
1953-06-01,box_hawaii,1.6930059457119895,240.0,gpcc2025
1953-07-01,box_hawaii,1.275657990120833,237.0,gpcc2025
1953-08-01,box_hawaii,1.2158260381128652,233.0,gpcc2025
1953-09-01,box_hawaii,0.9248083647150385,239.0,gpcc2025
1953-10-01,box_hawaii,1.1666439401229438,235.0,gpcc2025
1953-11-01,box_hawaii,1.925721102191236,235.0,gpcc2025
1953-12-01,box_hawaii,3.390578336815626,235.0,gpcc2025
1954-01-01,box_hawaii,1.9423807384341183,237.0,gpcc2025
1954-02-01,box_hawaii,3.6119780622552073,238.0,gpcc2025
1954-03-01,box_hawaii,4.541988253862177,238.0,gpcc2025
1954-04-01,box_hawaii,2.2643021915722867,228.0,gpcc2025
1954-05-01,box_hawaii,3.0004385772371025,232.0,gpcc2025
1954-06-01,box_hawaii,2.3704397895424396,238.0,gpcc2025
1954-07-01,box_hawaii,3.8169828223665743,236.0,gpcc2025
1954-08-01,box_hawaii,3.4212762022244396,235.0,gpcc2025
1954-09-01,box_hawaii,2.2495690708307667,239.0,gpcc2025
1954-10-01,box_hawaii,1.9896357125081472,224.0,gpcc2025
1954-11-01,box_hawaii,5.447610920283012,231.0,gpcc2025
1954-12-01,box_hawaii,9.217617745519957,235.0,gpcc2025
1955-01-01,box_hawaii,3.7428275519767844,231.0,gpcc2025
1955-02-01,box_hawaii,9.534471654042813,238.0,gpcc2025
1955-03-01,box_hawaii,4.421336973161254,238.0,gpcc2025
1955-04-01,box_hawaii,2.607245057278391,234.0,gpcc2025
1955-05-01,box_hawaii,2.413821565729904,233.0,gpcc2025
1955-06-01,box_hawaii,1.646160652805068,241.0,gpcc2025
1955-07-01,box_hawaii,2.412186406224771,232.0,gpcc2025
1955-08-01,box_hawaii,2.4390086349475726,241.0,gpcc2025
1955-09-01,box_hawaii,2.4208438196565427,239.0,gpcc2025
1955-10-01,box_hawaii,1.6792769540664836,229.0,gpcc2025
1955-11-01,box_hawaii,6.287765629319226,231.0,gpcc2025
1955-12-01,box_hawaii,6.624963837418019,232.0,gpcc2025
1956-01-01,wpacific,12.376136141752452,57.0,gpcc2025
1956-02-01,wpacific,11.857842821532111,58.0,gpcc2025
1956-03-01,wpacific,12.676613331261965,58.0,gpcc2025
1956-04-01,wpacific,10.35320269282308,58.0,gpcc2025
1956-05-01,wpacific,6.246290556876295,58.0,gpcc2025
1956-06-01,wpacific,5.865591533484376,60.0,gpcc2025
1956-07-01,wpacific,6.893937135638533,60.0,gpcc2025
1956-08-01,wpacific,7.036345046557579,60.0,gpcc2025
1956-09-01,wpacific,7.72428560534024,60.0,gpcc2025
1956-10-01,wpacific,6.586253395668263,60.0,gpcc2025
1956-11-01,wpacific,7.94939397946808,60.0,gpcc2025
1956-12-01,wpacific,7.184240964884109,61.0,gpcc2025
1957-01-01,wpacific,10.913204429448081,63.0,gpcc2025
1957-02-01,wpacific,11.220822429639638,63.0,gpcc2025
1957-03-01,wpacific,9.098770227411478,64.0,gpcc2025
1957-04-01,wpacific,7.438294336377955,64.0,gpcc2025
1957-05-01,wpacific,8.35331681299904,64.0,gpcc2025
1957-06-01,wpacific,6.820107584757427,64.0,gpcc2025
1957-07-01,wpacific,5.537324661761084,64.0,gpcc2025
1957-08-01,wpacific,7.530042849308623,64.0,gpcc2025
1957-09-01,wpacific,7.665538060188109,64.0,gpcc2025
1957-10-01,wpacific,6.336978134847448,63.0,gpcc2025
1957-11-01,wpacific,6.304342070793912,63.0,gpcc2025
1957-12-01,wpacific,6.026721694045983,62.0,gpcc2025
1958-01-01,wpacific,7.831081540617027,63.0,gpcc2025
1958-02-01,wpacific,7.567896557643378,63.0,gpcc2025
1958-03-01,wpacific,8.34134692617823,63.0,gpcc2025
1958-04-01,wpacific,13.120284854389649,63.0,gpcc2025
1958-05-01,wpacific,7.795555871079038,63.0,gpcc2025
1958-06-01,wpacific,7.558317387568362,63.0,gpcc2025
1958-07-01,wpacific,5.365819805928009,63.0,gpcc2025
1958-08-01,wpacific,5.823024993111209,62.0,gpcc2025
1958-09-01,wpacific,6.115608030362335,63.0,gpcc2025
1958-10-01,wpacific,6.395061733569317,64.0,gpcc2025
1958-11-01,wpacific,7.455168742061632,64.0,gpcc2025
1958-12-01,wpacific,6.913127691276425,64.0,gpcc2025
1959-01-01,wpacific,9.249541531355296,65.0,gpcc2025
1959-02-01,wpacific,8.544608254357078,65.0,gpcc2025
1959-03-01,wpacific,9.32932311390265,65.0,gpcc2025
1959-04-01,wpacific,11.147593369285001,66.0,gpcc2025
1959-05-01,wpacific,8.92982258366543,65.0,gpcc2025
1959-06-01,wpacific,7.0402983965111625,65.0,gpcc2025
1959-07-01,wpacific,9.34058550906036,66.0,gpcc2025
1959-08-01,wpacific,9.205298704538754,67.0,gpcc2025
1959-09-01,wpacific,8.830253059458139,67.0,gpcc2025
1959-10-01,wpacific,6.178213985930203,67.0,gpcc2025
1959-11-01,wpacific,7.969693856472304,66.0,gpcc2025
1959-12-01,wpacific,11.829928757012642,66.0,gpcc2025
1960-01-01,wpacific,10.052967879851458,67.0,gpcc2025
1960-02-01,wpacific,9.616167152194015,67.0,gpcc2025
1960-03-01,wpacific,12.359408649500002,67.0,gpcc2025
1960-04-01,wpacific,10.570627983840483,66.0,gpcc2025
1960-05-01,wpacific,8.416370659044162,68.0,gpcc2025
1960-06-01,wpacific,8.372093435057812,67.0,gpcc2025
1960-07-01,wpacific,7.02048689857963,67.0,gpcc2025
1960-08-01,wpacific,6.005450010664807,67.0,gpcc2025
1960-09-01,wpacific,5.9200075533686665,66.0,gpcc2025
1960-10-01,wpacific,7.820354344324354,67.0,gpcc2025
1960-11-01,wpacific,7.6026350708875645,67.0,gpcc2025
1960-12-01,wpacific,8.995350075218658,67.0,gpcc2025
1956-01-01,hawaii,7.42417899398789,227.0,gpcc2025
1956-02-01,hawaii,9.094750369871797,221.0,gpcc2025
1956-03-01,hawaii,2.133098136577189,225.0,gpcc2025
1956-04-01,hawaii,3.519157530264143,229.0,gpcc2025
1956-05-01,hawaii,3.0552767742257005,230.0,gpcc2025
1956-06-01,hawaii,2.5371072159209316,232.0,gpcc2025
1956-07-01,hawaii,2.3870138097272737,228.0,gpcc2025
1956-08-01,hawaii,3.8707746207175746,235.0,gpcc2025
1956-09-01,hawaii,1.55963404018057,225.0,gpcc2025
1956-10-01,hawaii,5.262949032137187,234.0,gpcc2025
1956-11-01,hawaii,6.339061310139105,230.0,gpcc2025
1956-12-01,hawaii,3.7623780172010064,218.0,gpcc2025
1957-01-01,hawaii,7.544879211002053,233.0,gpcc2025
1957-02-01,hawaii,3.4561212795785745,229.0,gpcc2025
1957-03-01,hawaii,0.7061349000807746,230.0,gpcc2025
1957-04-01,hawaii,3.6750153256901275,235.0,gpcc2025
1957-05-01,hawaii,1.831732607327069,234.0,gpcc2025
1957-06-01,hawaii,1.0552394693455598,237.0,gpcc2025
1957-07-01,hawaii,2.5084513675504274,235.0,gpcc2025
1957-08-01,hawaii,5.3970278898330655,235.0,gpcc2025
1957-09-01,hawaii,1.45824834421563,233.0,gpcc2025
1957-10-01,hawaii,2.680885345762229,239.0,gpcc2025
1957-11-01,hawaii,4.743198429606375,232.0,gpcc2025
1957-12-01,hawaii,7.150186889410474,219.0,gpcc2025
1958-01-01,hawaii,1.196685900242502,242.0,gpcc2025
1958-02-01,hawaii,2.479695218491585,233.0,gpcc2025
1958-03-01,hawaii,6.325726701968944,226.0,gpcc2025
1958-04-01,hawaii,1.0932879111720992,229.0,gpcc2025
1958-05-01,hawaii,2.573936111419209,231.0,gpcc2025
1958-06-01,hawaii,2.3459754444206884,238.0,gpcc2025
1958-07-01,hawaii,4.228166010162061,236.0,gpcc2025
1958-08-01,hawaii,5.720686811756935,228.0,gpcc2025
1958-09-01,hawaii,2.05387087418344,233.0,gpcc2025
1958-10-01,hawaii,4.617979951384654,234.0,gpcc2025
1958-11-01,hawaii,2.3650289559404643,231.0,gpcc2025
1958-12-01,hawaii,3.3361273382438994,234.0,gpcc2025
1959-01-01,hawaii,7.896202125019138,235.0,gpcc2025
1959-02-01,hawaii,4.2727989975851175,237.0,gpcc2025
1959-03-01,hawaii,1.0736528845543691,226.0,gpcc2025
1959-04-01,hawaii,2.4882313423117233,237.0,gpcc2025
1959-05-01,hawaii,2.1026589476427877,239.0,gpcc2025
1959-06-01,hawaii,0.8364829574971644,240.0,gpcc2025
1959-07-01,hawaii,2.101992834278882,230.0,gpcc2025
1959-08-01,hawaii,3.9179873067335196,233.0,gpcc2025
1959-09-01,hawaii,2.176739634988442,239.0,gpcc2025
1959-10-01,hawaii,1.5954746916544766,237.0,gpcc2025
1959-11-01,hawaii,5.434281876155028,229.0,gpcc2025
1959-12-01,hawaii,3.1248426827263036,235.0,gpcc2025
1960-01-01,hawaii,2.9182849305301657,231.0,gpcc2025
1960-02-01,hawaii,4.279476274467319,237.0,gpcc2025
1960-03-01,hawaii,4.416036473662449,239.0,gpcc2025
1960-04-01,hawaii,2.792990317651461,226.0,gpcc2025
1960-05-01,hawaii,3.566789856913821,237.0,gpcc2025
1960-06-01,hawaii,1.8831185689214556,238.0,gpcc2025
1960-07-01,hawaii,1.4580038497551555,227.0,gpcc2025
1960-08-01,hawaii,2.348542062700286,234.0,gpcc2025
1960-09-01,hawaii,3.0448615155994374,234.0,gpcc2025
1960-10-01,hawaii,2.665424121741712,220.0,gpcc2025
1960-11-01,hawaii,2.922902618670403,224.0,gpcc2025
1960-12-01,hawaii,3.047443857782996,214.0,gpcc2025
1956-01-01,cpacific,3.6452455502364303,39.0,gpcc2025
1956-02-01,cpacific,3.171616099466249,39.0,gpcc2025
1956-03-01,cpacific,3.804992703584047,39.0,gpcc2025
1956-04-01,cpacific,5.282692349224308,39.0,gpcc2025
1956-05-01,cpacific,4.677420648934772,39.0,gpcc2025
1956-06-01,cpacific,4.378990031919444,39.0,gpcc2025
1956-07-01,cpacific,3.9070832652585903,38.0,gpcc2025
1956-08-01,cpacific,2.3559335373175196,39.0,gpcc2025
1956-09-01,cpacific,2.7939908603126153,39.0,gpcc2025
1956-10-01,cpacific,2.9172209165997858,38.0,gpcc2025
1956-11-01,cpacific,3.392807839204313,38.0,gpcc2025
1956-12-01,cpacific,5.92464158424708,39.0,gpcc2025
1957-01-01,cpacific,3.6749046094777214,39.0,gpcc2025
1957-02-01,cpacific,9.788831337659037,39.0,gpcc2025
1957-03-01,cpacific,5.801411935653011,39.0,gpcc2025
1957-04-01,cpacific,7.220177192450063,39.0,gpcc2025
1957-05-01,cpacific,6.721628118655244,39.0,gpcc2025
1957-06-01,cpacific,7.754625891644705,39.0,gpcc2025
1957-07-01,cpacific,6.94474779258801,39.0,gpcc2025
1957-08-01,cpacific,6.172349412388344,39.0,gpcc2025
1957-09-01,cpacific,5.96653216035616,39.0,gpcc2025
1957-10-01,cpacific,7.683146858571142,39.0,gpcc2025
1957-11-01,cpacific,10.610333083466484,39.0,gpcc2025
1957-12-01,cpacific,9.799970064726468,39.0,gpcc2025
1958-01-01,cpacific,13.186211871622124,40.0,gpcc2025
1958-02-01,cpacific,10.557495114071179,40.0,gpcc2025
1958-03-01,cpacific,11.3493322125363,40.0,gpcc2025
1958-04-01,cpacific,10.83372308596183,40.0,gpcc2025
1958-05-01,cpacific,9.260295262377559,40.0,gpcc2025
1958-06-01,cpacific,7.12099583860078,40.0,gpcc2025
1958-07-01,cpacific,6.800106155715901,40.0,gpcc2025
1958-08-01,cpacific,6.21495405751625,40.0,gpcc2025
1958-09-01,cpacific,4.813978134969832,39.0,gpcc2025
1958-10-01,cpacific,3.6736263791066373,39.0,gpcc2025
1958-11-01,cpacific,6.6842907888543115,39.0,gpcc2025
1958-12-01,cpacific,10.474414179016392,40.0,gpcc2025
1959-01-01,cpacific,9.811106776493864,40.0,gpcc2025
1959-02-01,cpacific,12.199915739428361,40.0,gpcc2025
1959-03-01,cpacific,6.9400997438013245,40.0,gpcc2025
1959-04-01,cpacific,6.021688822277635,40.0,gpcc2025
1959-05-01,cpacific,5.463320741784164,40.0,gpcc2025
1959-06-01,cpacific,4.684587916458718,40.0,gpcc2025
1959-07-01,cpacific,5.2940201660825865,40.0,gpcc2025
1959-08-01,cpacific,4.371209770039492,40.0,gpcc2025
1959-09-01,cpacific,2.8433900783675585,40.0,gpcc2025
1959-10-01,cpacific,4.848029680185379,40.0,gpcc2025
1959-11-01,cpacific,3.457539806071102,40.0,gpcc2025
1959-12-01,cpacific,4.835240883923942,40.0,gpcc2025
1960-01-01,cpacific,10.55153249044761,40.0,gpcc2025
1960-02-01,cpacific,7.2530851428287795,40.0,gpcc2025
1960-03-01,cpacific,5.821493441823629,41.0,gpcc2025
1960-04-01,cpacific,5.601636099712545,41.0,gpcc2025
1960-05-01,cpacific,5.905819798537008,41.0,gpcc2025
1960-06-01,cpacific,4.346045962735591,41.0,gpcc2025
1960-07-01,cpacific,4.332111129066086,41.0,gpcc2025
1960-08-01,cpacific,5.156817189250645,41.0,gpcc2025
1960-09-01,cpacific,3.6958566266553303,41.0,gpcc2025
1960-10-01,cpacific,4.721312943449678,41.0,gpcc2025
1960-11-01,cpacific,3.9644932888919278,41.0,gpcc2025
1960-12-01,cpacific,4.878920145473795,41.0,gpcc2025
1956-01-01,lit_camerica,1.8508836945395055,419.0,gpcc2025
1956-02-01,lit_camerica,2.2282110168832023,420.0,gpcc2025
1956-03-01,lit_camerica,1.7987447549307194,427.0,gpcc2025
1956-04-01,lit_camerica,1.7580640200916484,424.0,gpcc2025
1956-05-01,lit_camerica,7.066102610065217,425.0,gpcc2025
1956-06-01,lit_camerica,8.328860172885426,430.0,gpcc2025
1956-07-01,lit_camerica,6.029892717302624,431.0,gpcc2025
1956-08-01,lit_camerica,6.332757611529221,431.0,gpcc2025
1956-09-01,lit_camerica,7.993476229171915,437.0,gpcc2025
1956-10-01,lit_camerica,7.834707692102156,441.0,gpcc2025
1956-11-01,lit_camerica,5.798445714228123,443.0,gpcc2025
1956-12-01,lit_camerica,4.1146229891102255,439.0,gpcc2025
1957-01-01,lit_camerica,3.260606497945361,452.0,gpcc2025
1957-02-01,lit_camerica,2.1944150018281774,455.0,gpcc2025
1957-03-01,lit_camerica,1.0040544600596442,451.0,gpcc2025
1957-04-01,lit_camerica,1.5874074462370373,451.0,gpcc2025
1957-05-01,lit_camerica,4.227341018177093,451.0,gpcc2025
1957-06-01,lit_camerica,5.578288474684393,452.0,gpcc2025
1957-07-01,lit_camerica,6.4126618138632585,457.0,gpcc2025
1957-08-01,lit_camerica,6.143023266117457,456.0,gpcc2025
1957-09-01,lit_camerica,8.366192509821671,456.0,gpcc2025
1957-10-01,lit_camerica,6.574799212535779,459.0,gpcc2025
1957-11-01,lit_camerica,3.9604638659809557,457.0,gpcc2025
1957-12-01,lit_camerica,3.8225367355997517,455.0,gpcc2025
1958-01-01,lit_camerica,2.0464307655632976,476.0,gpcc2025
1958-02-01,lit_camerica,0.8809066063402946,476.0,gpcc2025
1958-03-01,lit_camerica,1.033119719959973,474.0,gpcc2025
1958-04-01,lit_camerica,1.292229750186509,476.0,gpcc2025
1958-05-01,lit_camerica,7.748141321308517,480.0,gpcc2025
1958-06-01,lit_camerica,8.713419862781196,482.0,gpcc2025
1958-07-01,lit_camerica,9.718321587843556,482.0,gpcc2025
1958-08-01,lit_camerica,5.846954174803908,486.0,gpcc2025
1958-09-01,lit_camerica,6.979553893653689,484.0,gpcc2025
1958-10-01,lit_camerica,7.930917806048398,485.0,gpcc2025
1958-11-01,lit_camerica,4.792380348381185,484.0,gpcc2025
1958-12-01,lit_camerica,4.127465497773889,483.0,gpcc2025
1959-01-01,lit_camerica,3.156095867908504,487.0,gpcc2025
1959-02-01,lit_camerica,1.433019081743755,493.0,gpcc2025
1959-03-01,lit_camerica,1.4856906427976704,494.0,gpcc2025
1959-04-01,lit_camerica,2.9505454305418657,495.0,gpcc2025
1959-05-01,lit_camerica,4.332280379285896,498.0,gpcc2025
1959-06-01,lit_camerica,5.81391423152647,497.0,gpcc2025
1959-07-01,lit_camerica,5.481378071041754,502.0,gpcc2025
1959-08-01,lit_camerica,5.359135278367303,502.0,gpcc2025
1959-09-01,lit_camerica,5.663654408328355,502.0,gpcc2025
1959-10-01,lit_camerica,7.102201540693991,500.0,gpcc2025
1959-11-01,lit_camerica,5.399392398126902,502.0,gpcc2025
1959-12-01,lit_camerica,3.2498009094043674,500.0,gpcc2025
1960-01-01,lit_camerica,2.55572316526785,523.0,gpcc2025
1960-02-01,lit_camerica,1.4665428796332969,525.0,gpcc2025
1960-03-01,lit_camerica,2.005186572160191,528.0,gpcc2025
1960-04-01,lit_camerica,3.465429253637793,527.0,gpcc2025
1960-05-01,lit_camerica,4.495768735836636,530.0,gpcc2025
1960-06-01,lit_camerica,8.594160783470015,526.0,gpcc2025
1960-07-01,lit_camerica,6.958395769193158,525.0,gpcc2025
1960-08-01,lit_camerica,8.0792617566866,522.0,gpcc2025
1960-09-01,lit_camerica,7.6914424109264905,522.0,gpcc2025
1960-10-01,lit_camerica,8.658794519792043,525.0,gpcc2025
1960-11-01,lit_camerica,5.628909427324504,527.0,gpcc2025
1960-12-01,lit_camerica,3.9156476431999647,524.0,gpcc2025
1956-01-01,lit_wpacific,10.231765281745277,65.0,gpcc2025
1956-02-01,lit_wpacific,11.62711264909049,65.0,gpcc2025
1956-03-01,lit_wpacific,11.935090449673407,65.0,gpcc2025
1956-04-01,lit_wpacific,10.39047605805524,65.0,gpcc2025
1956-05-01,lit_wpacific,5.372761571174028,63.0,gpcc2025
1956-06-01,lit_wpacific,6.266623872328087,65.0,gpcc2025
1956-07-01,lit_wpacific,7.766425704505577,68.0,gpcc2025
1956-08-01,lit_wpacific,9.100662912267834,68.0,gpcc2025
1956-09-01,lit_wpacific,7.819274458057587,66.0,gpcc2025
1956-10-01,lit_wpacific,6.832447572992889,64.0,gpcc2025
1956-11-01,lit_wpacific,8.37304668320765,66.0,gpcc2025
1956-12-01,lit_wpacific,7.782578679992005,68.0,gpcc2025
1957-01-01,lit_wpacific,9.649141369124543,73.0,gpcc2025
1957-02-01,lit_wpacific,11.44377837961045,73.0,gpcc2025
1957-03-01,lit_wpacific,9.88940824169764,75.0,gpcc2025
1957-04-01,lit_wpacific,8.09192446015915,74.0,gpcc2025
1957-05-01,lit_wpacific,11.102768798242192,74.0,gpcc2025
1957-06-01,lit_wpacific,9.280737105030765,73.0,gpcc2025
1957-07-01,lit_wpacific,9.265197807858874,76.0,gpcc2025
1957-08-01,lit_wpacific,8.876580464543906,73.0,gpcc2025
1957-09-01,lit_wpacific,8.736998788715862,73.0,gpcc2025
1957-10-01,lit_wpacific,6.985105171976737,73.0,gpcc2025
1957-11-01,lit_wpacific,6.234305155197313,74.0,gpcc2025
1957-12-01,lit_wpacific,8.21551617016328,72.0,gpcc2025
1958-01-01,lit_wpacific,8.324932345687435,73.0,gpcc2025
1958-02-01,lit_wpacific,8.797955331496443,73.0,gpcc2025
1958-03-01,lit_wpacific,8.211562924587199,73.0,gpcc2025
1958-04-01,lit_wpacific,11.799263619270928,76.0,gpcc2025
1958-05-01,lit_wpacific,8.074841665647018,77.0,gpcc2025
1958-06-01,lit_wpacific,8.029434101149041,78.0,gpcc2025
1958-07-01,lit_wpacific,7.592255026607244,77.0,gpcc2025
1958-08-01,lit_wpacific,9.377848042793808,76.0,gpcc2025
1958-09-01,lit_wpacific,6.975082435228782,75.0,gpcc2025
1958-10-01,lit_wpacific,7.880551327621585,76.0,gpcc2025
1958-11-01,lit_wpacific,8.089397266174752,76.0,gpcc2025
1958-12-01,lit_wpacific,7.926371166044152,77.0,gpcc2025
1959-01-01,lit_wpacific,9.244841548296593,80.0,gpcc2025
1959-02-01,lit_wpacific,9.21693613549247,80.0,gpcc2025
1959-03-01,lit_wpacific,8.965579335865991,79.0,gpcc2025
1959-04-01,lit_wpacific,12.30527889880136,80.0,gpcc2025
1959-05-01,lit_wpacific,10.040802321821293,80.0,gpcc2025
1959-06-01,lit_wpacific,9.24461309660863,81.0,gpcc2025
1959-07-01,lit_wpacific,10.882721774030811,81.0,gpcc2025
1959-08-01,lit_wpacific,11.98915035434505,81.0,gpcc2025
1959-09-01,lit_wpacific,10.326770208793015,82.0,gpcc2025
1959-10-01,lit_wpacific,7.050188663783728,83.0,gpcc2025
1959-11-01,lit_wpacific,8.23289689517881,82.0,gpcc2025
1959-12-01,lit_wpacific,11.725857189303019,80.0,gpcc2025
1960-01-01,lit_wpacific,11.680262852570687,81.0,gpcc2025
1960-02-01,lit_wpacific,10.105473260569436,83.0,gpcc2025
1960-03-01,lit_wpacific,12.307844076315623,84.0,gpcc2025
1960-04-01,lit_wpacific,10.724846461247125,84.0,gpcc2025
1960-05-01,lit_wpacific,7.624950787044841,85.0,gpcc2025
1960-06-01,lit_wpacific,10.396145860264829,84.0,gpcc2025
1960-07-01,lit_wpacific,10.969175499421299,87.0,gpcc2025
1960-08-01,lit_wpacific,8.512199810322322,86.0,gpcc2025
1960-09-01,lit_wpacific,7.505853485614173,85.0,gpcc2025
1960-10-01,lit_wpacific,8.817117468269668,89.0,gpcc2025
1960-11-01,lit_wpacific,7.629811311583394,89.0,gpcc2025
1960-12-01,lit_wpacific,10.035979404998121,88.0,gpcc2025
1956-01-01,lit_sindia,0.8386934022397052,714.0,gpcc2025
1956-02-01,lit_sindia,0.3244008321125861,714.0,gpcc2025
1956-03-01,lit_sindia,0.6501875167424894,713.0,gpcc2025
1956-04-01,lit_sindia,2.4414526420082803,712.0,gpcc2025
1956-05-01,lit_sindia,3.679841016291941,710.0,gpcc2025
1956-06-01,lit_sindia,8.56557431702497,713.0,gpcc2025
1956-07-01,lit_sindia,6.401345292486389,714.0,gpcc2025
1956-08-01,lit_sindia,4.923775296450193,712.0,gpcc2025
1956-09-01,lit_sindia,4.49644965107202,712.0,gpcc2025
1956-10-01,lit_sindia,7.9606926315152835,705.0,gpcc2025
1956-11-01,lit_sindia,6.293946036670006,710.0,gpcc2025
1956-12-01,lit_sindia,2.1633625448270712,717.0,gpcc2025
1957-01-01,lit_sindia,0.6398916841464058,718.0,gpcc2025
1957-02-01,lit_sindia,0.9636427709878268,717.0,gpcc2025
1957-03-01,lit_sindia,0.5163383595687467,715.0,gpcc2025
1957-04-01,lit_sindia,1.3832267304992576,715.0,gpcc2025
1957-05-01,lit_sindia,4.784922466870544,713.0,gpcc2025
1957-06-01,lit_sindia,8.13285817546747,704.0,gpcc2025
1957-07-01,lit_sindia,7.975461266436141,707.0,gpcc2025
1957-08-01,lit_sindia,4.587302613695823,706.0,gpcc2025
1957-09-01,lit_sindia,1.9025058586320795,708.0,gpcc2025
1957-10-01,lit_sindia,6.482287417329653,708.0,gpcc2025
1957-11-01,lit_sindia,8.030735763635077,707.0,gpcc2025
1957-12-01,lit_sindia,5.673373885216116,713.0,gpcc2025
1958-01-01,lit_sindia,0.7319671272526177,714.0,gpcc2025
1958-02-01,lit_sindia,0.7101350525367206,712.0,gpcc2025
1958-03-01,lit_sindia,1.318501563729167,711.0,gpcc2025
1958-04-01,lit_sindia,2.6506305948728524,715.0,gpcc2025
1958-05-01,lit_sindia,5.011979034550312,713.0,gpcc2025
1958-06-01,lit_sindia,7.137356939990204,717.0,gpcc2025
1958-07-01,lit_sindia,7.331292852303997,714.0,gpcc2025
1958-08-01,lit_sindia,7.169320060803753,715.0,gpcc2025
1958-09-01,lit_sindia,3.0558801520046264,712.0,gpcc2025
1958-10-01,lit_sindia,5.7762099833395615,714.0,gpcc2025
1958-11-01,lit_sindia,5.0866237707852715,712.0,gpcc2025
1958-12-01,lit_sindia,1.4054358083110368,716.0,gpcc2025
1959-01-01,lit_sindia,0.6537505131497302,718.0,gpcc2025
1959-02-01,lit_sindia,0.7946919004552374,710.0,gpcc2025
1959-03-01,lit_sindia,0.2165387776164728,718.0,gpcc2025
1959-04-01,lit_sindia,3.1916624165408862,713.0,gpcc2025
1959-05-01,lit_sindia,4.693798898570409,713.0,gpcc2025
1959-06-01,lit_sindia,9.293896670401159,710.0,gpcc2025
1959-07-01,lit_sindia,11.215148036581637,710.0,gpcc2025
1959-08-01,lit_sindia,5.498812642133794,709.0,gpcc2025
1959-09-01,lit_sindia,6.176376225025565,707.0,gpcc2025
1959-10-01,lit_sindia,5.000938031955419,706.0,gpcc2025
1959-11-01,lit_sindia,5.034214825906255,714.0,gpcc2025
1959-12-01,lit_sindia,1.858377629117625,717.0,gpcc2025
1960-01-01,lit_sindia,1.1827684082231171,774.0,gpcc2025
1960-02-01,lit_sindia,1.8412219776240633,773.0,gpcc2025
1960-03-01,lit_sindia,0.6846185647061499,771.0,gpcc2025
1960-04-01,lit_sindia,2.9283004670361974,772.0,gpcc2025
1960-05-01,lit_sindia,5.482290030678878,772.0,gpcc2025
1960-06-01,lit_sindia,5.294531001556684,768.0,gpcc2025
1960-07-01,lit_sindia,9.327879230000326,765.0,gpcc2025
1960-08-01,lit_sindia,3.8171575884346614,767.0,gpcc2025
1960-09-01,lit_sindia,6.223621454423025,764.0,gpcc2025
1960-10-01,lit_sindia,4.836401170551674,759.0,gpcc2025
1960-11-01,lit_sindia,9.751918003809624,768.0,gpcc2025
1960-12-01,lit_sindia,0.8709654230538829,768.0,gpcc2025
1956-01-01,lit_cpacific,3.092625179145255,25.0,gpcc2025
1956-02-01,lit_cpacific,1.8590683630095683,25.0,gpcc2025
1956-03-01,lit_cpacific,3.314945708716865,25.0,gpcc2025
1956-04-01,lit_cpacific,7.073089498207071,25.0,gpcc2025
1956-05-01,lit_cpacific,6.052282701751383,25.0,gpcc2025
1956-06-01,lit_cpacific,4.897406099633807,24.0,gpcc2025
1956-07-01,lit_cpacific,4.308013240489874,25.0,gpcc2025
1956-08-01,lit_cpacific,3.1943725804269656,25.0,gpcc2025
1956-09-01,lit_cpacific,3.3973553589291057,25.0,gpcc2025
1956-10-01,lit_cpacific,3.467661107068943,25.0,gpcc2025
1956-11-01,lit_cpacific,2.1562901647000263,25.0,gpcc2025
1956-12-01,lit_cpacific,2.123515617152736,25.0,gpcc2025
1957-01-01,lit_cpacific,2.993606034174714,25.0,gpcc2025
1957-02-01,lit_cpacific,3.9360409385901454,25.0,gpcc2025
1957-03-01,lit_cpacific,4.859862197090248,24.0,gpcc2025
1957-04-01,lit_cpacific,7.132279772259921,24.0,gpcc2025
1957-05-01,lit_cpacific,7.930201690536349,24.0,gpcc2025
1957-06-01,lit_cpacific,8.442164561253326,25.0,gpcc2025
1957-07-01,lit_cpacific,8.02793481499854,25.0,gpcc2025
1957-08-01,lit_cpacific,5.182573369264203,25.0,gpcc2025
1957-09-01,lit_cpacific,5.367806517526335,25.0,gpcc2025
1957-10-01,lit_cpacific,7.4292115427874945,25.0,gpcc2025
1957-11-01,lit_cpacific,11.968168232933673,25.0,gpcc2025
1957-12-01,lit_cpacific,9.576561697677858,24.0,gpcc2025
1958-01-01,lit_cpacific,11.943040629490289,25.0,gpcc2025
1958-02-01,lit_cpacific,10.246241566832927,25.0,gpcc2025
1958-03-01,lit_cpacific,12.024475497590084,25.0,gpcc2025
1958-04-01,lit_cpacific,13.166208580370943,25.0,gpcc2025
1958-05-01,lit_cpacific,9.70208658300418,25.0,gpcc2025
1958-06-01,lit_cpacific,6.846799548898563,25.0,gpcc2025
1958-07-01,lit_cpacific,6.825079087320157,25.0,gpcc2025
1958-08-01,lit_cpacific,4.374782200388201,25.0,gpcc2025
1958-09-01,lit_cpacific,2.8299473978381138,24.0,gpcc2025
1958-10-01,lit_cpacific,2.3673557248610693,24.0,gpcc2025
1958-11-01,lit_cpacific,5.13794193208916,24.0,gpcc2025
1958-12-01,lit_cpacific,9.862899454790297,25.0,gpcc2025
1959-01-01,lit_cpacific,6.833832576951665,25.0,gpcc2025
1959-02-01,lit_cpacific,12.36628097224279,25.0,gpcc2025
1959-03-01,lit_cpacific,8.254036406649355,25.0,gpcc2025
1959-04-01,lit_cpacific,7.504631466836764,25.0,gpcc2025
1959-05-01,lit_cpacific,6.221869906977827,25.0,gpcc2025
1959-06-01,lit_cpacific,4.882766296457253,25.0,gpcc2025
1959-07-01,lit_cpacific,3.9312719029946566,25.0,gpcc2025
1959-08-01,lit_cpacific,2.9700894735808445,25.0,gpcc2025
1959-09-01,lit_cpacific,2.5487208716939076,25.0,gpcc2025
1959-10-01,lit_cpacific,2.713950043847782,25.0,gpcc2025
1959-11-01,lit_cpacific,2.853164641605743,25.0,gpcc2025
1959-12-01,lit_cpacific,3.373400969804316,25.0,gpcc2025
1960-01-01,lit_cpacific,8.562138970962996,25.0,gpcc2025
1960-02-01,lit_cpacific,4.281708355915013,25.0,gpcc2025
1960-03-01,lit_cpacific,5.290362133978303,26.0,gpcc2025
1960-04-01,lit_cpacific,6.5003356208148215,26.0,gpcc2025
1960-05-01,lit_cpacific,5.591986085497728,26.0,gpcc2025
1960-06-01,lit_cpacific,4.824662996033891,26.0,gpcc2025
1960-07-01,lit_cpacific,4.3352695775047945,26.0,gpcc2025
1960-08-01,lit_cpacific,3.751480675231066,26.0,gpcc2025
1960-09-01,lit_cpacific,2.571405362815371,26.0,gpcc2025
1960-10-01,lit_cpacific,2.619154380321774,26.0,gpcc2025
1960-11-01,lit_cpacific,2.5228410512695225,26.0,gpcc2025
1960-12-01,lit_cpacific,4.192111123903272,26.0,gpcc2025
1956-01-01,box_hawaii,7.42417899398789,227.0,gpcc2025
1956-02-01,box_hawaii,9.094750369871797,221.0,gpcc2025
1956-03-01,box_hawaii,2.133098136577189,225.0,gpcc2025
1956-04-01,box_hawaii,3.519157530264143,229.0,gpcc2025
1956-05-01,box_hawaii,3.0552767742257005,230.0,gpcc2025
1956-06-01,box_hawaii,2.5371072159209316,232.0,gpcc2025
1956-07-01,box_hawaii,2.3870138097272737,228.0,gpcc2025
1956-08-01,box_hawaii,3.8707746207175746,235.0,gpcc2025
1956-09-01,box_hawaii,1.55963404018057,225.0,gpcc2025
1956-10-01,box_hawaii,5.262949032137187,234.0,gpcc2025
1956-11-01,box_hawaii,6.339061310139105,230.0,gpcc2025
1956-12-01,box_hawaii,3.7623780172010064,218.0,gpcc2025
1957-01-01,box_hawaii,7.544879211002053,233.0,gpcc2025
1957-02-01,box_hawaii,3.4561212795785745,229.0,gpcc2025
1957-03-01,box_hawaii,0.7061349000807746,230.0,gpcc2025
1957-04-01,box_hawaii,3.6750153256901275,235.0,gpcc2025
1957-05-01,box_hawaii,1.831732607327069,234.0,gpcc2025
1957-06-01,box_hawaii,1.0552394693455598,237.0,gpcc2025
1957-07-01,box_hawaii,2.5084513675504274,235.0,gpcc2025
1957-08-01,box_hawaii,5.3970278898330655,235.0,gpcc2025
1957-09-01,box_hawaii,1.45824834421563,233.0,gpcc2025
1957-10-01,box_hawaii,2.680885345762229,239.0,gpcc2025
1957-11-01,box_hawaii,4.743198429606375,232.0,gpcc2025
1957-12-01,box_hawaii,7.150186889410474,219.0,gpcc2025
1958-01-01,box_hawaii,1.196685900242502,242.0,gpcc2025
1958-02-01,box_hawaii,2.479695218491585,233.0,gpcc2025
1958-03-01,box_hawaii,6.325726701968944,226.0,gpcc2025
1958-04-01,box_hawaii,1.0932879111720992,229.0,gpcc2025
1958-05-01,box_hawaii,2.573936111419209,231.0,gpcc2025
1958-06-01,box_hawaii,2.3459754444206884,238.0,gpcc2025
1958-07-01,box_hawaii,4.228166010162061,236.0,gpcc2025
1958-08-01,box_hawaii,5.720686811756935,228.0,gpcc2025
1958-09-01,box_hawaii,2.05387087418344,233.0,gpcc2025
1958-10-01,box_hawaii,4.617979951384654,234.0,gpcc2025
1958-11-01,box_hawaii,2.3650289559404643,231.0,gpcc2025
1958-12-01,box_hawaii,3.3361273382438994,234.0,gpcc2025
1959-01-01,box_hawaii,7.896202125019138,235.0,gpcc2025
1959-02-01,box_hawaii,4.2727989975851175,237.0,gpcc2025
1959-03-01,box_hawaii,1.0736528845543691,226.0,gpcc2025
1959-04-01,box_hawaii,2.4882313423117233,237.0,gpcc2025
1959-05-01,box_hawaii,2.1026589476427877,239.0,gpcc2025
1959-06-01,box_hawaii,0.8364829574971644,240.0,gpcc2025
1959-07-01,box_hawaii,2.101992834278882,230.0,gpcc2025
1959-08-01,box_hawaii,3.9179873067335196,233.0,gpcc2025
1959-09-01,box_hawaii,2.176739634988442,239.0,gpcc2025
1959-10-01,box_hawaii,1.5954746916544766,237.0,gpcc2025
1959-11-01,box_hawaii,5.434281876155028,229.0,gpcc2025
1959-12-01,box_hawaii,3.1248426827263036,235.0,gpcc2025
1960-01-01,box_hawaii,2.9182849305301657,231.0,gpcc2025
1960-02-01,box_hawaii,4.279476274467319,237.0,gpcc2025
1960-03-01,box_hawaii,4.416036473662449,239.0,gpcc2025
1960-04-01,box_hawaii,2.792990317651461,226.0,gpcc2025
1960-05-01,box_hawaii,3.566789856913821,237.0,gpcc2025
1960-06-01,box_hawaii,1.8831185689214556,238.0,gpcc2025
1960-07-01,box_hawaii,1.4580038497551555,227.0,gpcc2025
1960-08-01,box_hawaii,2.348542062700286,234.0,gpcc2025
1960-09-01,box_hawaii,3.0448615155994374,234.0,gpcc2025
1960-10-01,box_hawaii,2.665424121741712,220.0,gpcc2025
1960-11-01,box_hawaii,2.922902618670403,224.0,gpcc2025
1960-12-01,box_hawaii,3.047443857782996,214.0,gpcc2025
1961-01-01,wpacific,11.981666167553124,67.0,gpcc2025
1961-02-01,wpacific,9.117800377403901,67.0,gpcc2025
1961-03-01,wpacific,10.061618315441287,70.0,gpcc2025
1961-04-01,wpacific,8.988396456902514,70.0,gpcc2025
1961-05-01,wpacific,10.481329196905286,70.0,gpcc2025
1961-06-01,wpacific,7.978106612816475,69.0,gpcc2025
1961-07-01,wpacific,9.49587044478542,70.0,gpcc2025
1961-08-01,wpacific,8.183241554074508,70.0,gpcc2025
1961-09-01,wpacific,10.948667452626049,69.0,gpcc2025
1961-10-01,wpacific,8.063204350539799,70.0,gpcc2025
1961-11-01,wpacific,10.644855921919333,69.0,gpcc2025
1961-12-01,wpacific,8.028619607798296,70.0,gpcc2025
1962-01-01,wpacific,10.95942178555885,74.0,gpcc2025
1962-02-01,wpacific,12.097399285109619,76.0,gpcc2025
1962-03-01,wpacific,9.250176350202379,76.0,gpcc2025
1962-04-01,wpacific,10.719251005724578,77.0,gpcc2025
1962-05-01,wpacific,10.279289158976956,75.0,gpcc2025
1962-06-01,wpacific,8.547842305382206,76.0,gpcc2025
1962-07-01,wpacific,10.122833609357157,75.0,gpcc2025
1962-08-01,wpacific,8.32054157571557,75.0,gpcc2025
1962-09-01,wpacific,6.941992242222467,76.0,gpcc2025
1962-10-01,wpacific,6.3599266478256675,75.0,gpcc2025
1962-11-01,wpacific,10.663189932928862,74.0,gpcc2025
1962-12-01,wpacific,10.653499470690125,75.0,gpcc2025
1963-01-01,wpacific,10.25931376084125,76.0,gpcc2025
1963-02-01,wpacific,8.18091130584691,76.0,gpcc2025
1963-03-01,wpacific,11.233337188393568,75.0,gpcc2025
1963-04-01,wpacific,9.269275441935212,76.0,gpcc2025
1963-05-01,wpacific,7.605840399199599,75.0,gpcc2025
1963-06-01,wpacific,7.402272630035843,74.0,gpcc2025
1963-07-01,wpacific,8.452047864585857,74.0,gpcc2025
1963-08-01,wpacific,11.62228028528975,75.0,gpcc2025
1963-09-01,wpacific,9.342146010163695,74.0,gpcc2025
1963-10-01,wpacific,9.994468363188966,74.0,gpcc2025
1963-11-01,wpacific,6.267529868863751,75.0,gpcc2025
1963-12-01,wpacific,6.840101442983526,75.0,gpcc2025
1964-01-01,wpacific,5.950563537824681,77.0,gpcc2025
1964-02-01,wpacific,9.61496615094895,78.0,gpcc2025
1964-03-01,wpacific,11.576661130826308,79.0,gpcc2025
1964-04-01,wpacific,8.768566797739318,79.0,gpcc2025
1964-05-01,wpacific,7.504166958169297,79.0,gpcc2025
1964-06-01,wpacific,7.476628831668682,79.0,gpcc2025
1964-07-01,wpacific,5.2132047607208385,79.0,gpcc2025
1964-08-01,wpacific,6.780671784402119,78.0,gpcc2025
1964-09-01,wpacific,6.78578670327146,78.0,gpcc2025
1964-10-01,wpacific,6.746149906515443,79.0,gpcc2025
1964-11-01,wpacific,7.26712445481651,80.0,gpcc2025
1964-12-01,wpacific,7.205688420592245,79.0,gpcc2025
1965-01-01,wpacific,10.550194776931468,75.0,gpcc2025
1965-02-01,wpacific,12.989729873129477,73.0,gpcc2025
1965-03-01,wpacific,11.468966267745257,75.0,gpcc2025
1965-04-01,wpacific,8.535343509876784,77.0,gpcc2025
1965-05-01,wpacific,8.859700217146406,77.0,gpcc2025
1965-06-01,wpacific,7.448223089145216,78.0,gpcc2025
1965-07-01,wpacific,10.680178556607768,77.0,gpcc2025
1965-08-01,wpacific,6.32184319016221,78.0,gpcc2025
1965-09-01,wpacific,7.372220979130612,79.0,gpcc2025
1965-10-01,wpacific,5.772225733260641,78.0,gpcc2025
1965-11-01,wpacific,4.751728465128294,77.0,gpcc2025
1965-12-01,wpacific,6.940446813903397,77.0,gpcc2025
1961-01-01,hawaii,3.2699901596197916,229.0,gpcc2025
1961-02-01,hawaii,4.647470445379379,234.0,gpcc2025
1961-03-01,hawaii,1.701748554098908,236.0,gpcc2025
1961-04-01,hawaii,3.2543472236911777,219.0,gpcc2025
1961-05-01,hawaii,2.4981215964152166,232.0,gpcc2025
1961-06-01,hawaii,2.1970024723605266,233.0,gpcc2025
1961-07-01,hawaii,1.554028617921857,220.0,gpcc2025
1961-08-01,hawaii,1.7041082402384784,233.0,gpcc2025
1961-09-01,hawaii,1.7777104127796959,222.0,gpcc2025
1961-10-01,hawaii,6.6117112054769756,231.0,gpcc2025
1961-11-01,hawaii,6.028819823187444,216.0,gpcc2025
1961-12-01,hawaii,4.719480987550942,228.0,gpcc2025
1962-01-01,hawaii,4.214044506812779,231.0,gpcc2025
1962-02-01,hawaii,2.375435205098591,232.0,gpcc2025
1962-03-01,hawaii,6.386051873483284,229.0,gpcc2025
1962-04-01,hawaii,2.6501280759140733,223.0,gpcc2025
1962-05-01,hawaii,3.3036880734521996,232.0,gpcc2025
1962-06-01,hawaii,1.4822807110621703,233.0,gpcc2025
1962-07-01,hawaii,1.6913508799158716,218.0,gpcc2025
1962-08-01,hawaii,1.2537697831234185,231.0,gpcc2025
1962-09-01,hawaii,2.011340367869976,216.0,gpcc2025
1962-10-01,hawaii,1.6960848114266913,231.0,gpcc2025
1962-11-01,hawaii,1.16714499443701,219.0,gpcc2025
1962-12-01,hawaii,2.07268578828843,213.0,gpcc2025
1963-01-01,hawaii,6.409393508628435,234.0,gpcc2025
1963-02-01,hawaii,1.5106202138334432,233.0,gpcc2025
1963-03-01,hawaii,7.862527421629999,224.0,gpcc2025
1963-04-01,hawaii,10.806527354387716,234.0,gpcc2025
1963-05-01,hawaii,4.259130331097261,215.0,gpcc2025
1963-06-01,hawaii,2.912630161802513,209.0,gpcc2025
1963-07-01,hawaii,3.2558728523870846,214.0,gpcc2025
1963-08-01,hawaii,1.6542066247779317,216.0,gpcc2025
1963-09-01,hawaii,3.0895533175438485,209.0,gpcc2025
1963-10-01,hawaii,2.0970257235622523,211.0,gpcc2025
1963-11-01,hawaii,1.2814274035641378,210.0,gpcc2025
1963-12-01,hawaii,1.8146299752736372,210.0,gpcc2025
1964-01-01,hawaii,4.195050034479736,212.0,gpcc2025
1964-02-01,hawaii,3.151005551038204,215.0,gpcc2025
1964-03-01,hawaii,6.25927464636247,202.0,gpcc2025
1964-04-01,hawaii,2.7346624437845133,216.0,gpcc2025
1964-05-01,hawaii,3.6351924251495005,216.0,gpcc2025
1964-06-01,hawaii,1.5597850641957736,214.0,gpcc2025
1964-07-01,hawaii,2.6174720745353586,214.0,gpcc2025
1964-08-01,hawaii,1.7582480290266227,195.0,gpcc2025
1964-09-01,hawaii,2.5995894920376523,213.0,gpcc2025
1964-10-01,hawaii,2.9759037653868328,216.0,gpcc2025
1964-11-01,hawaii,6.542768199634967,193.0,gpcc2025
1964-12-01,hawaii,7.050142442229894,214.0,gpcc2025
1965-01-01,hawaii,5.132544423269611,207.0,gpcc2025
1965-02-01,hawaii,3.4347921752470247,217.0,gpcc2025
1965-03-01,hawaii,2.6282561654613663,219.0,gpcc2025
1965-04-01,hawaii,5.027991384411694,214.0,gpcc2025
1965-05-01,hawaii,7.034227022886978,204.0,gpcc2025
1965-06-01,hawaii,2.075694693485125,218.0,gpcc2025
1965-07-01,hawaii,2.4489250264802433,208.0,gpcc2025
1965-08-01,hawaii,2.4671261731009597,216.0,gpcc2025
1965-09-01,hawaii,2.480401550500593,218.0,gpcc2025
1965-10-01,hawaii,4.3327538752447285,209.0,gpcc2025
1965-11-01,hawaii,11.225883808492092,192.0,gpcc2025
1965-12-01,hawaii,4.470122297167954,198.0,gpcc2025
1961-01-01,cpacific,8.615796992536383,41.0,gpcc2025
1961-02-01,cpacific,8.139595925596696,41.0,gpcc2025
1961-03-01,cpacific,12.545293040289401,41.0,gpcc2025
1961-04-01,cpacific,5.668863568045365,41.0,gpcc2025
1961-05-01,cpacific,5.063995681159597,41.0,gpcc2025
1961-06-01,cpacific,4.674029490196846,41.0,gpcc2025
1961-07-01,cpacific,4.268629095993723,41.0,gpcc2025
1961-08-01,cpacific,3.4056893690778733,40.0,gpcc2025
1961-09-01,cpacific,3.169887705874634,41.0,gpcc2025
1961-10-01,cpacific,3.0996318053584324,41.0,gpcc2025
1961-11-01,cpacific,4.424361985545329,41.0,gpcc2025
1961-12-01,cpacific,3.358254528037849,41.0,gpcc2025
1962-01-01,cpacific,3.8624841131070538,41.0,gpcc2025
1962-02-01,cpacific,3.777756409610838,41.0,gpcc2025
1962-03-01,cpacific,3.445759983520684,41.0,gpcc2025
1962-04-01,cpacific,4.102819096607105,41.0,gpcc2025
1962-05-01,cpacific,3.542881329113326,41.0,gpcc2025
1962-06-01,cpacific,3.5227898637789026,41.0,gpcc2025
1962-07-01,cpacific,4.150347723349684,41.0,gpcc2025
1962-08-01,cpacific,3.1945617881678405,41.0,gpcc2025
1962-09-01,cpacific,2.6933333884091626,41.0,gpcc2025
1962-10-01,cpacific,2.2699773658252487,41.0,gpcc2025
1962-11-01,cpacific,3.2627051239979865,41.0,gpcc2025
1962-12-01,cpacific,4.595260906770561,41.0,gpcc2025
1963-01-01,cpacific,3.499199985949465,41.0,gpcc2025
1963-02-01,cpacific,2.885773362532827,41.0,gpcc2025
1963-03-01,cpacific,3.1036110021604144,41.0,gpcc2025
1963-04-01,cpacific,5.092853503612857,41.0,gpcc2025
1963-05-01,cpacific,3.516877475458144,41.0,gpcc2025
1963-06-01,cpacific,5.400650664318235,41.0,gpcc2025
1963-07-01,cpacific,5.316339995198346,41.0,gpcc2025
1963-08-01,cpacific,5.77553782739132,41.0,gpcc2025
1963-09-01,cpacific,5.192779085164361,41.0,gpcc2025
1963-10-01,cpacific,5.074421750750475,41.0,gpcc2025
1963-11-01,cpacific,7.664997605954034,41.0,gpcc2025
1963-12-01,cpacific,11.331960501911759,41.0,gpcc2025
1964-01-01,cpacific,11.724375742592327,38.0,gpcc2025
1964-02-01,cpacific,11.983761124887021,38.0,gpcc2025
1964-03-01,cpacific,5.693040330644631,38.0,gpcc2025
1964-04-01,cpacific,3.359418413717472,38.0,gpcc2025
1964-05-01,cpacific,2.9757386110215216,38.0,gpcc2025
1964-06-01,cpacific,3.421345940065709,39.0,gpcc2025
1964-07-01,cpacific,3.4406549514884257,39.0,gpcc2025
1964-08-01,cpacific,2.570201600273697,39.0,gpcc2025
1964-09-01,cpacific,1.5714698828822056,39.0,gpcc2025
1964-10-01,cpacific,1.2927991219935409,39.0,gpcc2025
1964-11-01,cpacific,3.8688102526036388,39.0,gpcc2025
1964-12-01,cpacific,5.7220981518405996,38.0,gpcc2025
1965-01-01,cpacific,7.013360539816464,38.0,gpcc2025
1965-02-01,cpacific,7.863573318694831,38.0,gpcc2025
1965-03-01,cpacific,6.393464650240775,37.0,gpcc2025
1965-04-01,cpacific,6.779548500616448,37.0,gpcc2025
1965-05-01,cpacific,4.551100255761331,36.0,gpcc2025
1965-06-01,cpacific,5.737794033954574,37.0,gpcc2025
1965-07-01,cpacific,7.397591657924682,37.0,gpcc2025
1965-08-01,cpacific,7.808554109675752,37.0,gpcc2025
1965-09-01,cpacific,9.04191504338331,38.0,gpcc2025
1965-10-01,cpacific,8.53131878689251,38.0,gpcc2025
1965-11-01,cpacific,9.105289839844819,36.0,gpcc2025
1965-12-01,cpacific,9.066661487120777,36.0,gpcc2025
1961-01-01,lit_camerica,3.5511253906983415,579.0,gpcc2025
1961-02-01,lit_camerica,2.672256020574003,582.0,gpcc2025
1961-03-01,lit_camerica,1.6773521355079961,581.0,gpcc2025
1961-04-01,lit_camerica,2.032729958692062,581.0,gpcc2025
1961-05-01,lit_camerica,3.1528958872679627,577.0,gpcc2025
1961-06-01,lit_camerica,6.626590639108632,579.0,gpcc2025
1961-07-01,lit_camerica,8.281666189726447,585.0,gpcc2025
1961-08-01,lit_camerica,6.539859966639921,585.0,gpcc2025
1961-09-01,lit_camerica,7.209363019523593,587.0,gpcc2025
1961-10-01,lit_camerica,8.857143940497004,589.0,gpcc2025
1961-11-01,lit_camerica,5.384012486501591,589.0,gpcc2025
1961-12-01,lit_camerica,3.8189143304236537,586.0,gpcc2025
1962-01-01,lit_camerica,3.505216097320943,594.0,gpcc2025
1962-02-01,lit_camerica,0.8746893581839066,585.0,gpcc2025
1962-03-01,lit_camerica,1.397349591111978,591.0,gpcc2025
1962-04-01,lit_camerica,3.5278799817772635,593.0,gpcc2025
1962-05-01,lit_camerica,4.277608058131032,598.0,gpcc2025
1962-06-01,lit_camerica,7.8892387094941165,604.0,gpcc2025
1962-07-01,lit_camerica,6.1269738341973685,608.0,gpcc2025
1962-08-01,lit_camerica,6.951347783568084,609.0,gpcc2025
1962-09-01,lit_camerica,7.8521321966944555,608.0,gpcc2025
1962-10-01,lit_camerica,7.5794254192627095,611.0,gpcc2025
1962-11-01,lit_camerica,3.5758499148153997,610.0,gpcc2025
1962-12-01,lit_camerica,2.293806831109248,607.0,gpcc2025
1963-01-01,lit_camerica,2.183177656255987,615.0,gpcc2025
1963-02-01,lit_camerica,2.2221990705744132,614.0,gpcc2025
1963-03-01,lit_camerica,1.9360254049340289,617.0,gpcc2025
1963-04-01,lit_camerica,1.8508210372161544,624.0,gpcc2025
1963-05-01,lit_camerica,5.292574241905832,626.0,gpcc2025
1963-06-01,lit_camerica,6.395246004409561,626.0,gpcc2025
1963-07-01,lit_camerica,7.724159734132592,627.0,gpcc2025
1963-08-01,lit_camerica,6.192355564484971,633.0,gpcc2025
1963-09-01,lit_camerica,8.986996815709064,633.0,gpcc2025
1963-10-01,lit_camerica,8.396666682885899,631.0,gpcc2025
1963-11-01,lit_camerica,5.941711935419938,625.0,gpcc2025
1963-12-01,lit_camerica,3.331560495733143,626.0,gpcc2025
1964-01-01,lit_camerica,1.9144539961446447,636.0,gpcc2025
1964-02-01,lit_camerica,1.6770150713688095,633.0,gpcc2025
1964-03-01,lit_camerica,1.0169488834581992,630.0,gpcc2025
1964-04-01,lit_camerica,2.537051024463364,633.0,gpcc2025
1964-05-01,lit_camerica,3.750424342502147,635.0,gpcc2025
1964-06-01,lit_camerica,8.428029041413113,638.0,gpcc2025
1964-07-01,lit_camerica,8.109591258875868,637.0,gpcc2025
1964-08-01,lit_camerica,6.51024106518954,639.0,gpcc2025
1964-09-01,lit_camerica,6.717721505905319,640.0,gpcc2025
1964-10-01,lit_camerica,6.854105766588229,646.0,gpcc2025
1964-11-01,lit_camerica,5.331172506371108,652.0,gpcc2025
1964-12-01,lit_camerica,3.6047329226562814,649.0,gpcc2025
1965-01-01,lit_camerica,2.366944463271742,655.0,gpcc2025
1965-02-01,lit_camerica,1.6698519720313052,653.0,gpcc2025
1965-03-01,lit_camerica,0.9285616312350962,655.0,gpcc2025
1965-04-01,lit_camerica,1.2883276581055645,663.0,gpcc2025
1965-05-01,lit_camerica,4.578844875203461,663.0,gpcc2025
1965-06-01,lit_camerica,6.638179372998042,665.0,gpcc2025
1965-07-01,lit_camerica,5.355630337178407,667.0,gpcc2025
1965-08-01,lit_camerica,6.148504624859105,668.0,gpcc2025
1965-09-01,lit_camerica,8.042714452132971,672.0,gpcc2025
1965-10-01,lit_camerica,7.062767798161522,653.0,gpcc2025
1965-11-01,lit_camerica,4.7981254266065365,669.0,gpcc2025
1965-12-01,lit_camerica,3.6903914018526285,675.0,gpcc2025
1961-01-01,lit_wpacific,13.298516566063661,90.0,gpcc2025
1961-02-01,lit_wpacific,9.19109983938985,87.0,gpcc2025
1961-03-01,lit_wpacific,11.567059755407222,90.0,gpcc2025
1961-04-01,lit_wpacific,9.395409889187778,92.0,gpcc2025
1961-05-01,lit_wpacific,11.28471931857818,93.0,gpcc2025
1961-06-01,lit_wpacific,10.553909566000105,94.0,gpcc2025
1961-07-01,lit_wpacific,10.962689219942833,98.0,gpcc2025
1961-08-01,lit_wpacific,9.900188419181266,98.0,gpcc2025
1961-09-01,lit_wpacific,12.42646372730528,98.0,gpcc2025
1961-10-01,lit_wpacific,8.562788635798174,97.0,gpcc2025
1961-11-01,lit_wpacific,10.288630648027516,95.0,gpcc2025
1961-12-01,lit_wpacific,7.285172746994,97.0,gpcc2025
1962-01-01,lit_wpacific,8.071818580649412,104.0,gpcc2025
1962-02-01,lit_wpacific,11.390985915731083,104.0,gpcc2025
1962-03-01,lit_wpacific,8.714917656342225,105.0,gpcc2025
1962-04-01,lit_wpacific,10.852973942872316,106.0,gpcc2025
1962-05-01,lit_wpacific,10.350650609552396,107.0,gpcc2025
1962-06-01,lit_wpacific,8.696491922158291,107.0,gpcc2025
1962-07-01,lit_wpacific,11.97030763950025,106.0,gpcc2025
1962-08-01,lit_wpacific,9.928527567813171,106.0,gpcc2025
1962-09-01,lit_wpacific,8.259257823565996,106.0,gpcc2025
1962-10-01,lit_wpacific,6.904195371183791,108.0,gpcc2025
1962-11-01,lit_wpacific,9.990568426174006,107.0,gpcc2025
1962-12-01,lit_wpacific,10.95114447826179,107.0,gpcc2025
1963-01-01,lit_wpacific,7.282930262781058,106.0,gpcc2025
1963-02-01,lit_wpacific,6.296377118455214,105.0,gpcc2025
1963-03-01,lit_wpacific,11.569377837831736,105.0,gpcc2025
1963-04-01,lit_wpacific,9.095795567108668,106.0,gpcc2025
1963-05-01,lit_wpacific,7.152099602788489,108.0,gpcc2025
1963-06-01,lit_wpacific,9.235989142894596,109.0,gpcc2025
1963-07-01,lit_wpacific,10.662184937925923,109.0,gpcc2025
1963-08-01,lit_wpacific,12.281497908834558,109.0,gpcc2025
1963-09-01,lit_wpacific,11.497427461436395,109.0,gpcc2025
1963-10-01,lit_wpacific,11.032310095390486,110.0,gpcc2025
1963-11-01,lit_wpacific,6.628966002144941,109.0,gpcc2025
1963-12-01,lit_wpacific,7.51324286502012,107.0,gpcc2025
1964-01-01,lit_wpacific,8.113566687124122,107.0,gpcc2025
1964-02-01,lit_wpacific,9.989469321885016,106.0,gpcc2025
1964-03-01,lit_wpacific,11.90806645962773,105.0,gpcc2025
1964-04-01,lit_wpacific,8.802689019770282,107.0,gpcc2025
1964-05-01,lit_wpacific,7.91447095954164,106.0,gpcc2025
1964-06-01,lit_wpacific,7.415145092385893,106.0,gpcc2025
1964-07-01,lit_wpacific,6.268601417116432,105.0,gpcc2025
1964-08-01,lit_wpacific,7.8692979460298105,103.0,gpcc2025
1964-09-01,lit_wpacific,7.384013466339889,105.0,gpcc2025
1964-10-01,lit_wpacific,6.688379259118493,106.0,gpcc2025
1964-11-01,lit_wpacific,7.686884815768496,107.0,gpcc2025
1964-12-01,lit_wpacific,7.054491219883504,106.0,gpcc2025
1965-01-01,lit_wpacific,11.357213540791811,103.0,gpcc2025
1965-02-01,lit_wpacific,11.870644530554747,104.0,gpcc2025
1965-03-01,lit_wpacific,11.87668311216961,105.0,gpcc2025
1965-04-01,lit_wpacific,9.08539235553076,106.0,gpcc2025
1965-05-01,lit_wpacific,9.60548160821269,107.0,gpcc2025
1965-06-01,lit_wpacific,10.126769039034295,106.0,gpcc2025
1965-07-01,lit_wpacific,11.572789641673745,106.0,gpcc2025
1965-08-01,lit_wpacific,7.199378257988901,108.0,gpcc2025
1965-09-01,lit_wpacific,8.48043954807165,109.0,gpcc2025
1965-10-01,lit_wpacific,6.470690674099584,108.0,gpcc2025
1965-11-01,lit_wpacific,6.013349190593554,106.0,gpcc2025
1965-12-01,lit_wpacific,8.334811288411187,105.0,gpcc2025
1961-01-01,lit_sindia,2.0527794669793233,771.0,gpcc2025
1961-02-01,lit_sindia,1.1805635291438834,772.0,gpcc2025
1961-03-01,lit_sindia,0.8445693810265403,773.0,gpcc2025
1961-04-01,lit_sindia,2.1447960539979007,776.0,gpcc2025
1961-05-01,lit_sindia,6.670049037138187,774.0,gpcc2025
1961-06-01,lit_sindia,9.792106823295796,770.0,gpcc2025
1961-07-01,lit_sindia,12.207756183137091,775.0,gpcc2025
1961-08-01,lit_sindia,8.03492872484984,771.0,gpcc2025
1961-09-01,lit_sindia,6.305276379729528,768.0,gpcc2025
1961-10-01,lit_sindia,6.4941843504012065,764.0,gpcc2025
1961-11-01,lit_sindia,4.6238598512088895,771.0,gpcc2025
1961-12-01,lit_sindia,2.33328511354493,775.0,gpcc2025
1962-01-01,lit_sindia,1.296719854670872,750.0,gpcc2025
1962-02-01,lit_sindia,0.8822953878846603,740.0,gpcc2025
1962-03-01,lit_sindia,0.7531002519911405,746.0,gpcc2025
1962-04-01,lit_sindia,2.5253541755610556,745.0,gpcc2025
1962-05-01,lit_sindia,6.306913565295235,744.0,gpcc2025
1962-06-01,lit_sindia,3.5637676391914246,744.0,gpcc2025
1962-07-01,lit_sindia,8.237703695306003,734.0,gpcc2025
1962-08-01,lit_sindia,8.354122830058367,738.0,gpcc2025
1962-09-01,lit_sindia,5.4428868310508784,739.0,gpcc2025
1962-10-01,lit_sindia,9.98690602911044,746.0,gpcc2025
1962-11-01,lit_sindia,2.723971534252191,746.0,gpcc2025
1962-12-01,lit_sindia,2.6501748749585925,735.0,gpcc2025
1963-01-01,lit_sindia,2.8530076489854554,749.0,gpcc2025
1963-02-01,lit_sindia,1.2904158453841723,748.0,gpcc2025
1963-03-01,lit_sindia,1.4974341207566237,742.0,gpcc2025
1963-04-01,lit_sindia,2.799317812982382,745.0,gpcc2025
1963-05-01,lit_sindia,3.1936442152385056,749.0,gpcc2025
1963-06-01,lit_sindia,5.084005680012599,749.0,gpcc2025
1963-07-01,lit_sindia,7.846005701828577,748.0,gpcc2025
1963-08-01,lit_sindia,7.390954969900024,744.0,gpcc2025
1963-09-01,lit_sindia,4.486032125099806,745.0,gpcc2025
1963-10-01,lit_sindia,7.248810998421037,740.0,gpcc2025
1963-11-01,lit_sindia,6.0623429354907525,744.0,gpcc2025
1963-12-01,lit_sindia,3.960907007604205,744.0,gpcc2025
1964-01-01,lit_sindia,0.6982753053905586,718.0,gpcc2025
1964-02-01,lit_sindia,0.9170773015579521,714.0,gpcc2025
1964-03-01,lit_sindia,1.195019844943404,712.0,gpcc2025
1964-04-01,lit_sindia,1.372356609040564,716.0,gpcc2025
1964-05-01,lit_sindia,2.0932325732749053,714.0,gpcc2025
1964-06-01,lit_sindia,5.1790865535198725,713.0,gpcc2025
1964-07-01,lit_sindia,9.616100404835347,704.0,gpcc2025
1964-08-01,lit_sindia,7.284525455937566,699.0,gpcc2025
1964-09-01,lit_sindia,6.476509723530038,701.0,gpcc2025
1964-10-01,lit_sindia,5.6086392620882535,711.0,gpcc2025
1964-11-01,lit_sindia,4.899574872039895,699.0,gpcc2025
1964-12-01,lit_sindia,1.729751037927251,714.0,gpcc2025
1965-01-01,lit_sindia,0.2924008664780199,593.0,gpcc2025
1965-02-01,lit_sindia,1.223508711715582,592.0,gpcc2025
1965-03-01,lit_sindia,0.600091170805089,584.0,gpcc2025
1965-04-01,lit_sindia,2.637091401292541,591.0,gpcc2025
1965-05-01,lit_sindia,3.1084050953593283,592.0,gpcc2025
1965-06-01,lit_sindia,5.473854505203207,566.0,gpcc2025
1965-07-01,lit_sindia,5.861805851175498,570.0,gpcc2025
1965-08-01,lit_sindia,6.760603562925096,587.0,gpcc2025
1965-09-01,lit_sindia,3.483463905263333,587.0,gpcc2025
1965-10-01,lit_sindia,4.604696140732404,589.0,gpcc2025
1965-11-01,lit_sindia,4.705258277376715,591.0,gpcc2025
1965-12-01,lit_sindia,5.779134742450411,586.0,gpcc2025
1961-01-01,lit_cpacific,6.237906029369905,26.0,gpcc2025
1961-02-01,lit_cpacific,7.223264513001709,27.0,gpcc2025
1961-03-01,lit_cpacific,5.13061520002669,27.0,gpcc2025
1961-04-01,lit_cpacific,5.975187539173288,27.0,gpcc2025
1961-05-01,lit_cpacific,5.394277069405977,27.0,gpcc2025
1961-06-01,lit_cpacific,4.665302328899641,27.0,gpcc2025
1961-07-01,lit_cpacific,4.491198279472115,27.0,gpcc2025
1961-08-01,lit_cpacific,3.971380385358654,25.0,gpcc2025
1961-09-01,lit_cpacific,2.3449017036921234,26.0,gpcc2025
1961-10-01,lit_cpacific,1.8688055530280587,26.0,gpcc2025
1961-11-01,lit_cpacific,2.817088839609211,27.0,gpcc2025
1961-12-01,lit_cpacific,2.6685248944860533,27.0,gpcc2025
1962-01-01,lit_cpacific,4.40430835821909,27.0,gpcc2025
1962-02-01,lit_cpacific,2.5169096365133186,27.0,gpcc2025
1962-03-01,lit_cpacific,4.66199613660234,27.0,gpcc2025
1962-04-01,lit_cpacific,4.634384263469383,27.0,gpcc2025
1962-05-01,lit_cpacific,3.8139049437402988,27.0,gpcc2025
1962-06-01,lit_cpacific,3.492888483413631,27.0,gpcc2025
1962-07-01,lit_cpacific,5.36947523944472,26.0,gpcc2025
1962-08-01,lit_cpacific,2.913554370220458,26.0,gpcc2025
1962-09-01,lit_cpacific,3.5901084365962834,26.0,gpcc2025
1962-10-01,lit_cpacific,1.4227663158050592,26.0,gpcc2025
1962-11-01,lit_cpacific,2.6419471615437584,26.0,gpcc2025
1962-12-01,lit_cpacific,2.81104268814674,26.0,gpcc2025
1963-01-01,lit_cpacific,3.4578683671861334,26.0,gpcc2025
1963-02-01,lit_cpacific,2.2325407466836387,26.0,gpcc2025
1963-03-01,lit_cpacific,3.1403162615896276,26.0,gpcc2025
1963-04-01,lit_cpacific,4.478355318026677,26.0,gpcc2025
1963-05-01,lit_cpacific,3.670980970569783,26.0,gpcc2025
1963-06-01,lit_cpacific,5.073005159843934,26.0,gpcc2025
1963-07-01,lit_cpacific,5.982283807597265,26.0,gpcc2025
1963-08-01,lit_cpacific,6.539965629203459,26.0,gpcc2025
1963-09-01,lit_cpacific,4.737265180013887,26.0,gpcc2025
1963-10-01,lit_cpacific,5.475622544568901,26.0,gpcc2025
1963-11-01,lit_cpacific,7.268047513464571,26.0,gpcc2025
1963-12-01,lit_cpacific,10.495632956964059,26.0,gpcc2025
1964-01-01,lit_cpacific,10.903251757796053,23.0,gpcc2025
1964-02-01,lit_cpacific,10.95098357352049,23.0,gpcc2025
1964-03-01,lit_cpacific,5.495571389299263,23.0,gpcc2025
1964-04-01,lit_cpacific,3.519513615883584,23.0,gpcc2025
1964-05-01,lit_cpacific,3.2087572066518546,23.0,gpcc2025
1964-06-01,lit_cpacific,2.630906681549496,24.0,gpcc2025
1964-07-01,lit_cpacific,3.1499589224721958,24.0,gpcc2025
1964-08-01,lit_cpacific,3.0164283308138935,24.0,gpcc2025
1964-09-01,lit_cpacific,2.4526446873431147,24.0,gpcc2025
1964-10-01,lit_cpacific,1.7366003366754155,24.0,gpcc2025
1964-11-01,lit_cpacific,2.064734659390791,24.0,gpcc2025
1964-12-01,lit_cpacific,3.412279384239974,23.0,gpcc2025
1965-01-01,lit_cpacific,4.448626644609222,23.0,gpcc2025
1965-02-01,lit_cpacific,7.435363053586277,23.0,gpcc2025
1965-03-01,lit_cpacific,5.8085020016281135,22.0,gpcc2025
1965-04-01,lit_cpacific,6.3363486485142415,22.0,gpcc2025
1965-05-01,lit_cpacific,4.937077663726551,21.0,gpcc2025
1965-06-01,lit_cpacific,6.507493326842761,22.0,gpcc2025
1965-07-01,lit_cpacific,8.390708634367053,22.0,gpcc2025
1965-08-01,lit_cpacific,7.381018963308735,22.0,gpcc2025
1965-09-01,lit_cpacific,9.332045301417958,23.0,gpcc2025
1965-10-01,lit_cpacific,8.476396811805508,23.0,gpcc2025
1965-11-01,lit_cpacific,7.6207693059636465,23.0,gpcc2025
1965-12-01,lit_cpacific,8.476314444546412,22.0,gpcc2025
1961-01-01,box_hawaii,3.2699901596197916,229.0,gpcc2025
1961-02-01,box_hawaii,4.647470445379379,234.0,gpcc2025
1961-03-01,box_hawaii,1.701748554098908,236.0,gpcc2025
1961-04-01,box_hawaii,3.2543472236911777,219.0,gpcc2025
1961-05-01,box_hawaii,2.4981215964152166,232.0,gpcc2025
1961-06-01,box_hawaii,2.1970024723605266,233.0,gpcc2025
1961-07-01,box_hawaii,1.554028617921857,220.0,gpcc2025
1961-08-01,box_hawaii,1.7041082402384784,233.0,gpcc2025
1961-09-01,box_hawaii,1.7777104127796959,222.0,gpcc2025
1961-10-01,box_hawaii,6.6117112054769756,231.0,gpcc2025
1961-11-01,box_hawaii,6.028819823187444,216.0,gpcc2025
1961-12-01,box_hawaii,4.719480987550942,228.0,gpcc2025
1962-01-01,box_hawaii,4.214044506812779,231.0,gpcc2025
1962-02-01,box_hawaii,2.375435205098591,232.0,gpcc2025
1962-03-01,box_hawaii,6.386051873483284,229.0,gpcc2025
1962-04-01,box_hawaii,2.6501280759140733,223.0,gpcc2025
1962-05-01,box_hawaii,3.3036880734521996,232.0,gpcc2025
1962-06-01,box_hawaii,1.4822807110621703,233.0,gpcc2025
1962-07-01,box_hawaii,1.6913508799158716,218.0,gpcc2025
1962-08-01,box_hawaii,1.2537697831234185,231.0,gpcc2025
1962-09-01,box_hawaii,2.011340367869976,216.0,gpcc2025
1962-10-01,box_hawaii,1.6960848114266913,231.0,gpcc2025
1962-11-01,box_hawaii,1.16714499443701,219.0,gpcc2025
1962-12-01,box_hawaii,2.07268578828843,213.0,gpcc2025
1963-01-01,box_hawaii,6.409393508628435,234.0,gpcc2025
1963-02-01,box_hawaii,1.5106202138334432,233.0,gpcc2025
1963-03-01,box_hawaii,7.862527421629999,224.0,gpcc2025
1963-04-01,box_hawaii,10.806527354387716,234.0,gpcc2025
1963-05-01,box_hawaii,4.259130331097261,215.0,gpcc2025
1963-06-01,box_hawaii,2.912630161802513,209.0,gpcc2025
1963-07-01,box_hawaii,3.2558728523870846,214.0,gpcc2025
1963-08-01,box_hawaii,1.6542066247779317,216.0,gpcc2025
1963-09-01,box_hawaii,3.0895533175438485,209.0,gpcc2025
1963-10-01,box_hawaii,2.0970257235622523,211.0,gpcc2025
1963-11-01,box_hawaii,1.2814274035641378,210.0,gpcc2025
1963-12-01,box_hawaii,1.8146299752736372,210.0,gpcc2025
1964-01-01,box_hawaii,4.195050034479736,212.0,gpcc2025
1964-02-01,box_hawaii,3.151005551038204,215.0,gpcc2025
1964-03-01,box_hawaii,6.25927464636247,202.0,gpcc2025
1964-04-01,box_hawaii,2.7346624437845133,216.0,gpcc2025
1964-05-01,box_hawaii,3.6351924251495005,216.0,gpcc2025
1964-06-01,box_hawaii,1.5597850641957736,214.0,gpcc2025
1964-07-01,box_hawaii,2.6174720745353586,214.0,gpcc2025
1964-08-01,box_hawaii,1.7582480290266227,195.0,gpcc2025
1964-09-01,box_hawaii,2.5995894920376523,213.0,gpcc2025
1964-10-01,box_hawaii,2.9759037653868328,216.0,gpcc2025
1964-11-01,box_hawaii,6.542768199634967,193.0,gpcc2025
1964-12-01,box_hawaii,7.050142442229894,214.0,gpcc2025
1965-01-01,box_hawaii,5.132544423269611,207.0,gpcc2025
1965-02-01,box_hawaii,3.4347921752470247,217.0,gpcc2025
1965-03-01,box_hawaii,2.6282561654613663,219.0,gpcc2025
1965-04-01,box_hawaii,5.027991384411694,214.0,gpcc2025
1965-05-01,box_hawaii,7.034227022886978,204.0,gpcc2025
1965-06-01,box_hawaii,2.075694693485125,218.0,gpcc2025
1965-07-01,box_hawaii,2.4489250264802433,208.0,gpcc2025
1965-08-01,box_hawaii,2.4671261731009597,216.0,gpcc2025
1965-09-01,box_hawaii,2.480401550500593,218.0,gpcc2025
1965-10-01,box_hawaii,4.3327538752447285,209.0,gpcc2025
1965-11-01,box_hawaii,11.225883808492092,192.0,gpcc2025
1965-12-01,box_hawaii,4.470122297167954,198.0,gpcc2025
1966-01-01,wpacific,7.222985982323233,80.0,gpcc2025
1966-02-01,wpacific,9.064114994479436,81.0,gpcc2025
1966-03-01,wpacific,9.314922733711628,81.0,gpcc2025
1966-04-01,wpacific,7.5020262153045785,80.0,gpcc2025
1966-05-01,wpacific,6.544232071688062,76.0,gpcc2025
1966-06-01,wpacific,6.748627018068427,79.0,gpcc2025
1966-07-01,wpacific,6.833326182564348,80.0,gpcc2025
1966-08-01,wpacific,4.794131433389876,78.0,gpcc2025
1966-09-01,wpacific,4.819770176270755,79.0,gpcc2025
1966-10-01,wpacific,5.5948745034732,78.0,gpcc2025
1966-11-01,wpacific,6.95331142704635,77.0,gpcc2025
1966-12-01,wpacific,9.4290174006391,77.0,gpcc2025
1967-01-01,wpacific,13.164054142702597,78.0,gpcc2025
1967-02-01,wpacific,11.91316951372497,78.0,gpcc2025
1967-03-01,wpacific,13.504159960838093,78.0,gpcc2025
1967-04-01,wpacific,8.473655112053104,78.0,gpcc2025
1967-05-01,wpacific,8.058895538679321,78.0,gpcc2025
1967-06-01,wpacific,6.885843228530517,78.0,gpcc2025
1967-07-01,wpacific,7.388678291646425,79.0,gpcc2025
1967-08-01,wpacific,9.1964929329531,79.0,gpcc2025
1967-09-01,wpacific,7.213320342958122,80.0,gpcc2025
1967-10-01,wpacific,10.725801668022843,80.0,gpcc2025
1967-11-01,wpacific,7.23063602263318,80.0,gpcc2025
1967-12-01,wpacific,6.620307221775229,79.0,gpcc2025
1968-01-01,wpacific,11.421868236944483,81.0,gpcc2025
1968-02-01,wpacific,11.121644150487604,81.0,gpcc2025
1968-03-01,wpacific,8.54480479313996,82.0,gpcc2025
1968-04-01,wpacific,8.246102402701782,84.0,gpcc2025
1968-05-01,wpacific,6.275992103124597,84.0,gpcc2025
1968-06-01,wpacific,7.154911848264891,84.0,gpcc2025
1968-07-01,wpacific,7.596849871601115,83.0,gpcc2025
1968-08-01,wpacific,5.520575700387209,82.0,gpcc2025
1968-09-01,wpacific,6.247762794009177,82.0,gpcc2025
1968-10-01,wpacific,7.7827418904406285,83.0,gpcc2025
1968-11-01,wpacific,5.804908182908101,81.0,gpcc2025
1968-12-01,wpacific,8.5214591341037,80.0,gpcc2025
1969-01-01,wpacific,8.253635052489523,83.0,gpcc2025
1969-02-01,wpacific,9.77656618640947,84.0,gpcc2025
1969-03-01,wpacific,8.663494074444767,83.0,gpcc2025
1969-04-01,wpacific,10.798179537401312,83.0,gpcc2025
1969-05-01,wpacific,7.27623080288135,83.0,gpcc2025
1969-06-01,wpacific,7.17567176033992,83.0,gpcc2025
1969-07-01,wpacific,10.744090736039535,84.0,gpcc2025
1969-08-01,wpacific,7.6105710031373555,84.0,gpcc2025
1969-09-01,wpacific,7.102111447525844,83.0,gpcc2025
1969-10-01,wpacific,6.249445251230237,83.0,gpcc2025
1969-11-01,wpacific,7.955789284542352,84.0,gpcc2025
1969-12-01,wpacific,6.9975996920667916,80.0,gpcc2025
1970-01-01,wpacific,8.091142930505958,82.0,gpcc2025
1970-02-01,wpacific,12.131256226058358,82.0,gpcc2025
1970-03-01,wpacific,8.766389326521606,82.0,gpcc2025
1970-04-01,wpacific,9.418420005924581,83.0,gpcc2025
1970-05-01,wpacific,7.302479747101191,82.0,gpcc2025
1970-06-01,wpacific,7.66859540371568,83.0,gpcc2025
1970-07-01,wpacific,5.964092205521167,83.0,gpcc2025
1970-08-01,wpacific,7.27975254634407,84.0,gpcc2025
1970-09-01,wpacific,7.408264173923233,86.0,gpcc2025
1970-10-01,wpacific,9.697316063424088,85.0,gpcc2025
1970-11-01,wpacific,8.860832272599783,88.0,gpcc2025
1970-12-01,wpacific,9.696528748827523,87.0,gpcc2025
1966-01-01,hawaii,2.7045784095110266,211.0,gpcc2025
1966-02-01,hawaii,5.565537693499743,216.0,gpcc2025
1966-03-01,hawaii,1.0342493953267606,215.0,gpcc2025
1966-04-01,hawaii,1.0745372184541677,213.0,gpcc2025
1966-05-01,hawaii,1.5198602517768054,210.0,gpcc2025
1966-06-01,hawaii,1.5330695021423735,216.0,gpcc2025
1966-07-01,hawaii,2.895481795274465,198.0,gpcc2025
1966-08-01,hawaii,2.2952996636137253,212.0,gpcc2025
1966-09-01,hawaii,3.0829320296071825,216.0,gpcc2025
1966-10-01,hawaii,4.061421595204336,210.0,gpcc2025
1966-11-01,hawaii,7.312842989653394,192.0,gpcc2025
1966-12-01,hawaii,4.13904674491947,208.0,gpcc2025
1967-01-01,hawaii,3.717749487360719,200.0,gpcc2025
1967-02-01,hawaii,4.050887490968408,215.0,gpcc2025
1967-03-01,hawaii,7.245611417792226,205.0,gpcc2025
1967-04-01,hawaii,4.822237331878925,204.0,gpcc2025
1967-05-01,hawaii,4.098887274952821,215.0,gpcc2025
1967-06-01,hawaii,2.4834763019929142,213.0,gpcc2025
1967-07-01,hawaii,3.7864473970103867,187.0,gpcc2025
1967-08-01,hawaii,4.536646910614188,217.0,gpcc2025
1967-09-01,hawaii,1.9766541888251075,201.0,gpcc2025
1967-10-01,hawaii,2.4395350872696993,216.0,gpcc2025
1967-11-01,hawaii,6.170879529901613,189.0,gpcc2025
1967-12-01,hawaii,8.451003346956153,184.0,gpcc2025
1968-01-01,hawaii,6.628583123683743,207.0,gpcc2025
1968-02-01,hawaii,4.98107110782267,213.0,gpcc2025
1968-03-01,hawaii,5.776702913016458,198.0,gpcc2025
1968-04-01,hawaii,7.769069747280147,212.0,gpcc2025
1968-05-01,hawaii,1.5679950655793413,213.0,gpcc2025
1968-06-01,hawaii,2.0130087008513065,213.0,gpcc2025
1968-07-01,hawaii,2.608726252452756,196.0,gpcc2025
1968-08-01,hawaii,1.7930487689232337,215.0,gpcc2025
1968-09-01,hawaii,3.4035521908023285,201.0,gpcc2025
1968-10-01,hawaii,4.219953166991894,209.0,gpcc2025
1968-11-01,hawaii,3.7129046006701674,189.0,gpcc2025
1968-12-01,hawaii,11.850755391157215,193.0,gpcc2025
1969-01-01,hawaii,8.748098249728265,210.0,gpcc2025
1969-02-01,hawaii,8.70166539105166,206.0,gpcc2025
1969-03-01,hawaii,4.727697448029566,186.0,gpcc2025
1969-04-01,hawaii,3.5906655596409114,207.0,gpcc2025
1969-05-01,hawaii,2.224409531458877,211.0,gpcc2025
1969-06-01,hawaii,1.3396720231734913,209.0,gpcc2025
1969-07-01,hawaii,3.085993317815745,212.0,gpcc2025
1969-08-01,hawaii,3.7002359463985073,187.0,gpcc2025
1969-09-01,hawaii,2.5736770708151586,212.0,gpcc2025
1969-10-01,hawaii,1.4033790597016185,214.0,gpcc2025
1969-11-01,hawaii,2.66287727313146,196.0,gpcc2025
1969-12-01,hawaii,3.1752616917990952,199.0,gpcc2025
1970-01-01,hawaii,4.284671408675736,191.0,gpcc2025
1970-02-01,hawaii,1.26089961443542,213.0,gpcc2025
1970-03-01,hawaii,0.874848921683221,206.0,gpcc2025
1970-04-01,hawaii,4.745543758778313,212.0,gpcc2025
1970-05-01,hawaii,3.7890498899674703,188.0,gpcc2025
1970-06-01,hawaii,1.661749294544132,213.0,gpcc2025
1970-07-01,hawaii,3.2537647509130343,211.0,gpcc2025
1970-08-01,hawaii,4.065129892883751,192.0,gpcc2025
1970-09-01,hawaii,2.403023580897875,210.0,gpcc2025
1970-10-01,hawaii,2.5398967283383036,211.0,gpcc2025
1970-11-01,hawaii,6.645262186216876,182.0,gpcc2025
1970-12-01,hawaii,6.633787424677526,191.0,gpcc2025
1966-01-01,cpacific,14.707425501074251,37.0,gpcc2025
1966-02-01,cpacific,8.563255482014492,37.0,gpcc2025
1966-03-01,cpacific,10.236065852362934,39.0,gpcc2025
1966-04-01,cpacific,8.921613819038646,39.0,gpcc2025
1966-05-01,cpacific,4.855931672356774,38.0,gpcc2025
1966-06-01,cpacific,5.954197024352807,36.0,gpcc2025
1966-07-01,cpacific,6.472681567203486,38.0,gpcc2025
1966-08-01,cpacific,4.405959520322329,39.0,gpcc2025
1966-09-01,cpacific,4.012819109485923,38.0,gpcc2025
1966-10-01,cpacific,3.884184813528528,36.0,gpcc2025
1966-11-01,cpacific,4.148296971747339,34.0,gpcc2025
1966-12-01,cpacific,6.293009853943808,37.0,gpcc2025
1967-01-01,cpacific,4.121237565802544,37.0,gpcc2025
1967-02-01,cpacific,5.403785586739889,39.0,gpcc2025
1967-03-01,cpacific,4.225401987201542,39.0,gpcc2025
1967-04-01,cpacific,6.378615758277648,39.0,gpcc2025
1967-05-01,cpacific,4.204710446802877,38.0,gpcc2025
1967-06-01,cpacific,4.3528358854782,39.0,gpcc2025
1967-07-01,cpacific,3.9767280481892606,38.0,gpcc2025
1967-08-01,cpacific,3.4432232177712363,38.0,gpcc2025
1967-09-01,cpacific,3.3277405909487734,37.0,gpcc2025
1967-10-01,cpacific,2.1359226437066954,38.0,gpcc2025
1967-11-01,cpacific,5.371036532732867,37.0,gpcc2025
1967-12-01,cpacific,9.424982482601239,36.0,gpcc2025
1968-01-01,cpacific,6.436767466113462,37.0,gpcc2025
1968-02-01,cpacific,5.588547835372288,38.0,gpcc2025
1968-03-01,cpacific,3.101819476259648,37.0,gpcc2025
1968-04-01,cpacific,4.222517369847611,37.0,gpcc2025
1968-05-01,cpacific,3.363499566768403,38.0,gpcc2025
1968-06-01,cpacific,3.4035257629002382,37.0,gpcc2025
1968-07-01,cpacific,4.3077318993929525,37.0,gpcc2025
1968-08-01,cpacific,2.3778373485586157,37.0,gpcc2025
1968-09-01,cpacific,3.2161300456996402,36.0,gpcc2025
1968-10-01,cpacific,3.9335823910838332,36.0,gpcc2025
1968-11-01,cpacific,6.259361141931428,37.0,gpcc2025
1968-12-01,cpacific,4.2300168695012035,37.0,gpcc2025
1969-01-01,cpacific,7.794460058741631,37.0,gpcc2025
1969-02-01,cpacific,9.896299181898575,36.0,gpcc2025
1969-03-01,cpacific,8.260982267449029,36.0,gpcc2025
1969-04-01,cpacific,8.670630213017526,36.0,gpcc2025
1969-05-01,cpacific,7.762406215712032,36.0,gpcc2025
1969-06-01,cpacific,6.73665174097979,36.0,gpcc2025
1969-07-01,cpacific,4.656867701505222,35.0,gpcc2025
1969-08-01,cpacific,5.083370813319095,35.0,gpcc2025
1969-09-01,cpacific,4.735545243621519,36.0,gpcc2025
1969-10-01,cpacific,3.135917991685849,37.0,gpcc2025
1969-11-01,cpacific,4.4280332858299065,36.0,gpcc2025
1969-12-01,cpacific,7.499207417782334,33.0,gpcc2025
1970-01-01,cpacific,8.772977212797056,25.0,gpcc2025
1970-02-01,cpacific,9.196950450715947,26.0,gpcc2025
1970-03-01,cpacific,8.492975707398331,26.0,gpcc2025
1970-04-01,cpacific,8.224320733178157,26.0,gpcc2025
1970-05-01,cpacific,5.459145562827011,26.0,gpcc2025
1970-06-01,cpacific,4.82660238863377,26.0,gpcc2025
1970-07-01,cpacific,5.2919745103446125,26.0,gpcc2025
1970-08-01,cpacific,4.042578186907079,26.0,gpcc2025
1970-09-01,cpacific,4.165775835283478,27.0,gpcc2025
1970-10-01,cpacific,3.5980955677430093,27.0,gpcc2025
1970-11-01,cpacific,2.7321872691061926,26.0,gpcc2025
1970-12-01,cpacific,5.090512041208366,26.0,gpcc2025
1966-01-01,lit_camerica,2.9571916026279776,678.0,gpcc2025
1966-02-01,lit_camerica,1.9814862929991042,671.0,gpcc2025
1966-03-01,lit_camerica,2.353605578516021,675.0,gpcc2025
1966-04-01,lit_camerica,2.266030193499834,673.0,gpcc2025
1966-05-01,lit_camerica,6.023990887329637,673.0,gpcc2025
1966-06-01,lit_camerica,11.025803656016526,678.0,gpcc2025
1966-07-01,lit_camerica,7.042065224401904,674.0,gpcc2025
1966-08-01,lit_camerica,6.0918588016275335,678.0,gpcc2025
1966-09-01,lit_camerica,8.262857566302927,679.0,gpcc2025
1966-10-01,lit_camerica,7.956464252769509,676.0,gpcc2025
1966-11-01,lit_camerica,4.786453703267404,672.0,gpcc2025
1966-12-01,lit_camerica,3.129200661170273,673.0,gpcc2025
1967-01-01,lit_camerica,3.488288906921847,672.0,gpcc2025
1967-02-01,lit_camerica,2.475982665678036,674.0,gpcc2025
1967-03-01,lit_camerica,1.7602688538110727,672.0,gpcc2025
1967-04-01,lit_camerica,2.280959987230025,674.0,gpcc2025
1967-05-01,lit_camerica,2.5917233327758407,675.0,gpcc2025
1967-06-01,lit_camerica,6.931835340703674,671.0,gpcc2025
1967-07-01,lit_camerica,5.687726334974422,674.0,gpcc2025
1967-08-01,lit_camerica,5.503234686346663,676.0,gpcc2025
1967-09-01,lit_camerica,7.170179502071017,678.0,gpcc2025
1967-10-01,lit_camerica,7.166691249922227,678.0,gpcc2025
1967-11-01,lit_camerica,5.747111556286916,678.0,gpcc2025
1967-12-01,lit_camerica,2.5319275119483673,679.0,gpcc2025
1968-01-01,lit_camerica,2.7256779909225743,650.0,gpcc2025
1968-02-01,lit_camerica,1.4027000368258655,649.0,gpcc2025
1968-03-01,lit_camerica,1.5528712725144787,672.0,gpcc2025
1968-04-01,lit_camerica,1.2073046474647162,671.0,gpcc2025
1968-05-01,lit_camerica,5.409494138675289,677.0,gpcc2025
1968-06-01,lit_camerica,8.065192513359525,683.0,gpcc2025
1968-07-01,lit_camerica,5.7217989492401795,682.0,gpcc2025
1968-08-01,lit_camerica,6.860931419890159,682.0,gpcc2025
1968-09-01,lit_camerica,7.829521853715176,677.0,gpcc2025
1968-10-01,lit_camerica,7.727812696770752,680.0,gpcc2025
1968-11-01,lit_camerica,4.915039009430146,682.0,gpcc2025
1968-12-01,lit_camerica,3.9661063458057733,682.0,gpcc2025
1969-01-01,lit_camerica,2.6353024221619648,692.0,gpcc2025
1969-02-01,lit_camerica,1.052642149800827,667.0,gpcc2025
1969-03-01,lit_camerica,1.5593476501555135,687.0,gpcc2025
1969-04-01,lit_camerica,2.2858004141572894,681.0,gpcc2025
1969-05-01,lit_camerica,6.438225979767927,679.0,gpcc2025
1969-06-01,lit_camerica,7.914278858633713,687.0,gpcc2025
1969-07-01,lit_camerica,7.025191714757608,673.0,gpcc2025
1969-08-01,lit_camerica,8.512416578274697,673.0,gpcc2025
1969-09-01,lit_camerica,9.528103287329703,682.0,gpcc2025
1969-10-01,lit_camerica,7.738307586798606,687.0,gpcc2025
1969-11-01,lit_camerica,7.057939347765921,690.0,gpcc2025
1969-12-01,lit_camerica,2.7198426475822095,678.0,gpcc2025
1970-01-01,lit_camerica,2.90860763139214,693.0,gpcc2025
1970-02-01,lit_camerica,1.7756785209427834,695.0,gpcc2025
1970-03-01,lit_camerica,0.8675675933066669,699.0,gpcc2025
1970-04-01,lit_camerica,1.4262662809948983,700.0,gpcc2025
1970-05-01,lit_camerica,4.964647566942258,699.0,gpcc2025
1970-06-01,lit_camerica,7.467418542560779,701.0,gpcc2025
1970-07-01,lit_camerica,9.34558803599864,707.0,gpcc2025
1970-08-01,lit_camerica,7.876617958226131,708.0,gpcc2025
1970-09-01,lit_camerica,8.466791312145244,707.0,gpcc2025
1970-10-01,lit_camerica,7.235295294688761,708.0,gpcc2025
1970-11-01,lit_camerica,5.6617405519401585,709.0,gpcc2025
1970-12-01,lit_camerica,4.241570930079891,712.0,gpcc2025
1966-01-01,lit_wpacific,9.74893199821529,108.0,gpcc2025
1966-02-01,lit_wpacific,10.963312164147936,108.0,gpcc2025
1966-03-01,lit_wpacific,10.904373465193,109.0,gpcc2025
1966-04-01,lit_wpacific,8.226810421956968,109.0,gpcc2025
1966-05-01,lit_wpacific,9.481893123485236,109.0,gpcc2025
1966-06-01,lit_wpacific,9.960080926616842,108.0,gpcc2025
1966-07-01,lit_wpacific,8.994447076224189,104.0,gpcc2025
1966-08-01,lit_wpacific,8.70435073968053,106.0,gpcc2025
1966-09-01,lit_wpacific,5.879584044006632,105.0,gpcc2025
1966-10-01,lit_wpacific,8.21433856884859,105.0,gpcc2025
1966-11-01,lit_wpacific,7.671862528387014,102.0,gpcc2025
1966-12-01,lit_wpacific,10.228447419142375,99.0,gpcc2025
1967-01-01,lit_wpacific,13.612924794919655,96.0,gpcc2025
1967-02-01,lit_wpacific,11.309865607401916,99.0,gpcc2025
1967-03-01,lit_wpacific,12.853634048187542,98.0,gpcc2025
1967-04-01,lit_wpacific,7.548490454232871,97.0,gpcc2025
1967-05-01,lit_wpacific,8.790775102161842,99.0,gpcc2025
1967-06-01,lit_wpacific,7.114133265359124,98.0,gpcc2025
1967-07-01,lit_wpacific,9.351248941698472,100.0,gpcc2025
1967-08-01,lit_wpacific,10.868026685383999,102.0,gpcc2025
1967-09-01,lit_wpacific,7.5659790307898325,98.0,gpcc2025
1967-10-01,lit_wpacific,11.725892125910521,101.0,gpcc2025
1967-11-01,lit_wpacific,7.459988709238093,100.0,gpcc2025
1967-12-01,lit_wpacific,8.112073903404792,100.0,gpcc2025
1968-01-01,lit_wpacific,12.60294879776754,104.0,gpcc2025
1968-02-01,lit_wpacific,12.118951632353548,99.0,gpcc2025
1968-03-01,lit_wpacific,7.69866684107048,103.0,gpcc2025
1968-04-01,lit_wpacific,9.222458516226132,103.0,gpcc2025
1968-05-01,lit_wpacific,7.4234872878709774,101.0,gpcc2025
1968-06-01,lit_wpacific,8.044309743417758,103.0,gpcc2025
1968-07-01,lit_wpacific,10.251721845592256,106.0,gpcc2025
1968-08-01,lit_wpacific,7.2899170907452175,100.0,gpcc2025
1968-09-01,lit_wpacific,7.0050073537020845,101.0,gpcc2025
1968-10-01,lit_wpacific,8.883356963295384,98.0,gpcc2025
1968-11-01,lit_wpacific,7.802408276941986,100.0,gpcc2025
1968-12-01,lit_wpacific,9.488158185223948,99.0,gpcc2025
1969-01-01,lit_wpacific,10.719659918144211,101.0,gpcc2025
1969-02-01,lit_wpacific,11.880678993905454,103.0,gpcc2025
1969-03-01,lit_wpacific,9.63117709545735,103.0,gpcc2025
1969-04-01,lit_wpacific,12.65244370792068,103.0,gpcc2025
1969-05-01,lit_wpacific,7.817798751807872,100.0,gpcc2025
1969-06-01,lit_wpacific,7.8621520383265215,102.0,gpcc2025
1969-07-01,lit_wpacific,12.195745804819703,103.0,gpcc2025
1969-08-01,lit_wpacific,11.490474265424501,101.0,gpcc2025
1969-09-01,lit_wpacific,9.980893239031385,97.0,gpcc2025
1969-10-01,lit_wpacific,7.769850149032154,92.0,gpcc2025
1969-11-01,lit_wpacific,8.52668076040433,98.0,gpcc2025
1969-12-01,lit_wpacific,8.52497663779406,97.0,gpcc2025
1970-01-01,lit_wpacific,8.882447060733165,90.0,gpcc2025
1970-02-01,lit_wpacific,14.038463253240645,91.0,gpcc2025
1970-03-01,lit_wpacific,10.986795436874914,90.0,gpcc2025
1970-04-01,lit_wpacific,10.513736036166913,90.0,gpcc2025
1970-05-01,lit_wpacific,8.679685078360079,93.0,gpcc2025
1970-06-01,lit_wpacific,8.82752622072063,91.0,gpcc2025
1970-07-01,lit_wpacific,7.57873992240569,91.0,gpcc2025
1970-08-01,lit_wpacific,7.900410717242186,90.0,gpcc2025
1970-09-01,lit_wpacific,8.527195799036493,91.0,gpcc2025
1970-10-01,lit_wpacific,10.182246714192429,91.0,gpcc2025
1970-11-01,lit_wpacific,7.754125158266091,91.0,gpcc2025
1970-12-01,lit_wpacific,10.953328096271091,88.0,gpcc2025
1966-01-01,lit_sindia,1.075543787536695,696.0,gpcc2025
1966-02-01,lit_sindia,0.4266537279173014,700.0,gpcc2025
1966-03-01,lit_sindia,1.2391839445281403,697.0,gpcc2025
1966-04-01,lit_sindia,2.254870870357602,695.0,gpcc2025
1966-05-01,lit_sindia,2.130280545769014,672.0,gpcc2025
1966-06-01,lit_sindia,5.21472575812735,689.0,gpcc2025
1966-07-01,lit_sindia,7.287651044657421,690.0,gpcc2025
1966-08-01,lit_sindia,4.248034229917823,682.0,gpcc2025
1966-09-01,lit_sindia,6.628685656877758,693.0,gpcc2025
1966-10-01,lit_sindia,8.219276544820495,688.0,gpcc2025
1966-11-01,lit_sindia,7.532587071397197,694.0,gpcc2025
1966-12-01,lit_sindia,2.7895550845470725,689.0,gpcc2025
1967-01-01,lit_sindia,0.8638944432237554,694.0,gpcc2025
1967-02-01,lit_sindia,0.7883424924985106,699.0,gpcc2025
1967-03-01,lit_sindia,1.1731718532196906,696.0,gpcc2025
1967-04-01,lit_sindia,1.2957660805537445,700.0,gpcc2025
1967-05-01,lit_sindia,3.4455030494749774,697.0,gpcc2025
1967-06-01,lit_sindia,6.101807215361327,691.0,gpcc2025
1967-07-01,lit_sindia,9.219578901074488,695.0,gpcc2025
1967-08-01,lit_sindia,5.902542562097377,695.0,gpcc2025
1967-09-01,lit_sindia,3.515783010534761,695.0,gpcc2025
1967-10-01,lit_sindia,6.2922178225528,687.0,gpcc2025
1967-11-01,lit_sindia,4.364949609593562,694.0,gpcc2025
1967-12-01,lit_sindia,4.413060732626605,694.0,gpcc2025
1968-01-01,lit_sindia,0.5437067683726293,716.0,gpcc2025
1968-02-01,lit_sindia,0.3565078084710154,712.0,gpcc2025
1968-03-01,lit_sindia,1.540189298482612,715.0,gpcc2025
1968-04-01,lit_sindia,2.66427013797594,707.0,gpcc2025
1968-05-01,lit_sindia,1.634140050367079,706.0,gpcc2025
1968-06-01,lit_sindia,6.892846491137873,716.0,gpcc2025
1968-07-01,lit_sindia,11.169575803362298,713.0,gpcc2025
1968-08-01,lit_sindia,3.8896096327459655,696.0,gpcc2025
1968-09-01,lit_sindia,5.868421781785928,711.0,gpcc2025
1968-10-01,lit_sindia,4.498648002991829,706.0,gpcc2025
1968-11-01,lit_sindia,4.048659880779719,707.0,gpcc2025
1968-12-01,lit_sindia,2.1671549989529044,707.0,gpcc2025
1969-01-01,lit_sindia,0.6333278442124654,719.0,gpcc2025
1969-02-01,lit_sindia,0.6038677366596245,717.0,gpcc2025
1969-03-01,lit_sindia,0.32675433584891034,720.0,gpcc2025
1969-04-01,lit_sindia,2.322786515683548,722.0,gpcc2025
1969-05-01,lit_sindia,4.167652249886431,714.0,gpcc2025
1969-06-01,lit_sindia,4.994640960560762,711.0,gpcc2025
1969-07-01,lit_sindia,8.09985612272982,715.0,gpcc2025
1969-08-01,lit_sindia,6.129449256384721,709.0,gpcc2025
1969-09-01,lit_sindia,3.476789091715501,712.0,gpcc2025
1969-10-01,lit_sindia,8.97201271481795,714.0,gpcc2025
1969-11-01,lit_sindia,5.002468937635702,705.0,gpcc2025
1969-12-01,lit_sindia,5.662316450434879,700.0,gpcc2025
1970-01-01,lit_sindia,1.0076828508467517,717.0,gpcc2025
1970-02-01,lit_sindia,1.4576135915569615,712.0,gpcc2025
1970-03-01,lit_sindia,0.9565861809692017,719.0,gpcc2025
1970-04-01,lit_sindia,2.9695609839617645,718.0,gpcc2025
1970-05-01,lit_sindia,4.70689650466212,708.0,gpcc2025
1970-06-01,lit_sindia,5.637411565144391,714.0,gpcc2025
1970-07-01,lit_sindia,7.956729413106925,714.0,gpcc2025
1970-08-01,lit_sindia,7.832349528105157,714.0,gpcc2025
1970-09-01,lit_sindia,4.548603447036489,714.0,gpcc2025
1970-10-01,lit_sindia,6.312052901148569,711.0,gpcc2025
1970-11-01,lit_sindia,5.8169322433823805,717.0,gpcc2025
1970-12-01,lit_sindia,1.438199035344418,716.0,gpcc2025
1966-01-01,lit_cpacific,14.210255894283943,22.0,gpcc2025
1966-02-01,lit_cpacific,8.112203070908249,23.0,gpcc2025
1966-03-01,lit_cpacific,10.466709548012036,24.0,gpcc2025
1966-04-01,lit_cpacific,10.384915469310071,24.0,gpcc2025
1966-05-01,lit_cpacific,5.608653004830162,23.0,gpcc2025
1966-06-01,lit_cpacific,4.267229233485101,21.0,gpcc2025
1966-07-01,lit_cpacific,7.6453830782769066,23.0,gpcc2025
1966-08-01,lit_cpacific,2.4568196123673096,24.0,gpcc2025
1966-09-01,lit_cpacific,3.328156010831208,23.0,gpcc2025
1966-10-01,lit_cpacific,2.7335893399288738,22.0,gpcc2025
1966-11-01,lit_cpacific,2.4235276646129686,20.0,gpcc2025
1966-12-01,lit_cpacific,4.745581048955748,23.0,gpcc2025
1967-01-01,lit_cpacific,3.849660784294076,22.0,gpcc2025
1967-02-01,lit_cpacific,3.5312471280228843,24.0,gpcc2025
1967-03-01,lit_cpacific,3.7900028130495564,24.0,gpcc2025
1967-04-01,lit_cpacific,4.393947705266034,24.0,gpcc2025
1967-05-01,lit_cpacific,3.238567913616923,23.0,gpcc2025
1967-06-01,lit_cpacific,4.685448216421951,24.0,gpcc2025
1967-07-01,lit_cpacific,4.276396173165494,23.0,gpcc2025
1967-08-01,lit_cpacific,2.7337178782951534,23.0,gpcc2025
1967-09-01,lit_cpacific,3.0634853573259946,22.0,gpcc2025
1967-10-01,lit_cpacific,2.051845486928841,23.0,gpcc2025
1967-11-01,lit_cpacific,3.2186208522476534,22.0,gpcc2025
1967-12-01,lit_cpacific,7.504150800491564,21.0,gpcc2025
1968-01-01,lit_cpacific,4.420026372031793,22.0,gpcc2025
1968-02-01,lit_cpacific,3.278752046639778,23.0,gpcc2025
1968-03-01,lit_cpacific,2.012737680332786,22.0,gpcc2025
1968-04-01,lit_cpacific,3.3025997774914715,22.0,gpcc2025
1968-05-01,lit_cpacific,2.879989521263928,23.0,gpcc2025
1968-06-01,lit_cpacific,3.5048680866281154,22.0,gpcc2025
1968-07-01,lit_cpacific,4.23767335958844,22.0,gpcc2025
1968-08-01,lit_cpacific,2.0541134056178665,22.0,gpcc2025
1968-09-01,lit_cpacific,2.8752132348078874,23.0,gpcc2025
1968-10-01,lit_cpacific,3.0031269064307784,23.0,gpcc2025
1968-11-01,lit_cpacific,4.963038701068744,24.0,gpcc2025
1968-12-01,lit_cpacific,4.360174520539194,24.0,gpcc2025
1969-01-01,lit_cpacific,7.915903381665225,23.0,gpcc2025
1969-02-01,lit_cpacific,8.015375128808936,22.0,gpcc2025
1969-03-01,lit_cpacific,9.799716071699411,22.0,gpcc2025
1969-04-01,lit_cpacific,10.406209959978147,22.0,gpcc2025
1969-05-01,lit_cpacific,6.857861317908644,22.0,gpcc2025
1969-06-01,lit_cpacific,7.702493483786233,22.0,gpcc2025
1969-07-01,lit_cpacific,4.726364672313287,22.0,gpcc2025
1969-08-01,lit_cpacific,3.9115324437836296,22.0,gpcc2025
1969-09-01,lit_cpacific,4.492642039502289,22.0,gpcc2025
1969-10-01,lit_cpacific,2.074270762126047,23.0,gpcc2025
1969-11-01,lit_cpacific,3.2411157163135726,23.0,gpcc2025
1969-12-01,lit_cpacific,6.647080980139984,20.0,gpcc2025
1970-01-01,lit_cpacific,7.047168982693995,14.0,gpcc2025
1970-02-01,lit_cpacific,6.035904844293689,15.0,gpcc2025
1970-03-01,lit_cpacific,6.8102749888541805,15.0,gpcc2025
1970-04-01,lit_cpacific,7.4107537730556095,15.0,gpcc2025
1970-05-01,lit_cpacific,5.283067814150482,15.0,gpcc2025
1970-06-01,lit_cpacific,4.233748723732914,15.0,gpcc2025
1970-07-01,lit_cpacific,4.146031324575542,15.0,gpcc2025
1970-08-01,lit_cpacific,3.028058174015143,15.0,gpcc2025
1970-09-01,lit_cpacific,2.4990058191146054,15.0,gpcc2025
1970-10-01,lit_cpacific,1.7038125500810042,15.0,gpcc2025
1970-11-01,lit_cpacific,1.0705586122642197,15.0,gpcc2025
1970-12-01,lit_cpacific,1.2774540993770604,15.0,gpcc2025
1966-01-01,box_hawaii,2.7045784095110266,211.0,gpcc2025
1966-02-01,box_hawaii,5.565537693499743,216.0,gpcc2025
1966-03-01,box_hawaii,1.0342493953267606,215.0,gpcc2025
1966-04-01,box_hawaii,1.0745372184541677,213.0,gpcc2025
1966-05-01,box_hawaii,1.5198602517768054,210.0,gpcc2025
1966-06-01,box_hawaii,1.5330695021423735,216.0,gpcc2025
1966-07-01,box_hawaii,2.895481795274465,198.0,gpcc2025
1966-08-01,box_hawaii,2.2952996636137253,212.0,gpcc2025
1966-09-01,box_hawaii,3.0829320296071825,216.0,gpcc2025
1966-10-01,box_hawaii,4.061421595204336,210.0,gpcc2025
1966-11-01,box_hawaii,7.312842989653394,192.0,gpcc2025
1966-12-01,box_hawaii,4.13904674491947,208.0,gpcc2025
1967-01-01,box_hawaii,3.717749487360719,200.0,gpcc2025
1967-02-01,box_hawaii,4.050887490968408,215.0,gpcc2025
1967-03-01,box_hawaii,7.245611417792226,205.0,gpcc2025
1967-04-01,box_hawaii,4.822237331878925,204.0,gpcc2025
1967-05-01,box_hawaii,4.098887274952821,215.0,gpcc2025
1967-06-01,box_hawaii,2.4834763019929142,213.0,gpcc2025
1967-07-01,box_hawaii,3.7864473970103867,187.0,gpcc2025
1967-08-01,box_hawaii,4.536646910614188,217.0,gpcc2025
1967-09-01,box_hawaii,1.9766541888251075,201.0,gpcc2025
1967-10-01,box_hawaii,2.4395350872696993,216.0,gpcc2025
1967-11-01,box_hawaii,6.170879529901613,189.0,gpcc2025
1967-12-01,box_hawaii,8.451003346956153,184.0,gpcc2025
1968-01-01,box_hawaii,6.628583123683743,207.0,gpcc2025
1968-02-01,box_hawaii,4.98107110782267,213.0,gpcc2025
1968-03-01,box_hawaii,5.776702913016458,198.0,gpcc2025
1968-04-01,box_hawaii,7.769069747280147,212.0,gpcc2025
1968-05-01,box_hawaii,1.5679950655793413,213.0,gpcc2025
1968-06-01,box_hawaii,2.0130087008513065,213.0,gpcc2025
1968-07-01,box_hawaii,2.608726252452756,196.0,gpcc2025
1968-08-01,box_hawaii,1.7930487689232337,215.0,gpcc2025
1968-09-01,box_hawaii,3.4035521908023285,201.0,gpcc2025
1968-10-01,box_hawaii,4.219953166991894,209.0,gpcc2025
1968-11-01,box_hawaii,3.7129046006701674,189.0,gpcc2025
1968-12-01,box_hawaii,11.850755391157215,193.0,gpcc2025
1969-01-01,box_hawaii,8.748098249728265,210.0,gpcc2025
1969-02-01,box_hawaii,8.70166539105166,206.0,gpcc2025
1969-03-01,box_hawaii,4.727697448029566,186.0,gpcc2025
1969-04-01,box_hawaii,3.5906655596409114,207.0,gpcc2025
1969-05-01,box_hawaii,2.224409531458877,211.0,gpcc2025
1969-06-01,box_hawaii,1.3396720231734913,209.0,gpcc2025
1969-07-01,box_hawaii,3.085993317815745,212.0,gpcc2025
1969-08-01,box_hawaii,3.7002359463985073,187.0,gpcc2025
1969-09-01,box_hawaii,2.5736770708151586,212.0,gpcc2025
1969-10-01,box_hawaii,1.4033790597016185,214.0,gpcc2025
1969-11-01,box_hawaii,2.66287727313146,196.0,gpcc2025
1969-12-01,box_hawaii,3.1752616917990952,199.0,gpcc2025
1970-01-01,box_hawaii,4.284671408675736,191.0,gpcc2025
1970-02-01,box_hawaii,1.26089961443542,213.0,gpcc2025
1970-03-01,box_hawaii,0.874848921683221,206.0,gpcc2025
1970-04-01,box_hawaii,4.745543758778313,212.0,gpcc2025
1970-05-01,box_hawaii,3.7890498899674703,188.0,gpcc2025
1970-06-01,box_hawaii,1.661749294544132,213.0,gpcc2025
1970-07-01,box_hawaii,3.2537647509130343,211.0,gpcc2025
1970-08-01,box_hawaii,4.065129892883751,192.0,gpcc2025
1970-09-01,box_hawaii,2.403023580897875,210.0,gpcc2025
1970-10-01,box_hawaii,2.5398967283383036,211.0,gpcc2025
1970-11-01,box_hawaii,6.645262186216876,182.0,gpcc2025
1970-12-01,box_hawaii,6.633787424677526,191.0,gpcc2025
1971-01-01,wpacific,10.096815852223388,88.0,gpcc2025
1971-02-01,wpacific,9.609156127939764,88.0,gpcc2025
1971-03-01,wpacific,12.671590623892204,87.0,gpcc2025
1971-04-01,wpacific,10.685733494376704,86.0,gpcc2025
1971-05-01,wpacific,8.471949426090378,88.0,gpcc2025
1971-06-01,wpacific,9.32731788339635,88.0,gpcc2025
1971-07-01,wpacific,8.566575701702183,84.0,gpcc2025
1971-08-01,wpacific,6.866605996749007,87.0,gpcc2025
1971-09-01,wpacific,7.401401660735551,90.0,gpcc2025
1971-10-01,wpacific,8.215841882445224,89.0,gpcc2025
1971-11-01,wpacific,7.168326401588783,89.0,gpcc2025
1971-12-01,wpacific,10.050036191375211,88.0,gpcc2025
1972-01-01,wpacific,13.242816292744585,87.0,gpcc2025
1972-02-01,wpacific,10.031700321686985,91.0,gpcc2025
1972-03-01,wpacific,11.539598768236633,90.0,gpcc2025
1972-04-01,wpacific,9.368151938707289,90.0,gpcc2025
1972-05-01,wpacific,10.85894390698627,91.0,gpcc2025
1972-06-01,wpacific,8.370618221256313,93.0,gpcc2025
1972-07-01,wpacific,6.854697473709706,92.0,gpcc2025
1972-08-01,wpacific,5.489903558350294,93.0,gpcc2025
1972-09-01,wpacific,7.495783442415253,91.0,gpcc2025
1972-10-01,wpacific,5.0880106353145695,90.0,gpcc2025
1972-11-01,wpacific,5.379045371859549,89.0,gpcc2025
1972-12-01,wpacific,7.08873181823531,90.0,gpcc2025
1973-01-01,wpacific,5.615576315644936,91.0,gpcc2025
1973-02-01,wpacific,8.041318834858217,93.0,gpcc2025
1973-03-01,wpacific,12.457195403033376,91.0,gpcc2025
1973-04-01,wpacific,10.497808550856162,88.0,gpcc2025
1973-05-01,wpacific,6.459499974281689,89.0,gpcc2025
1973-06-01,wpacific,6.048682619023988,89.0,gpcc2025
1973-07-01,wpacific,7.481498974979948,92.0,gpcc2025
1973-08-01,wpacific,7.450873843632425,93.0,gpcc2025
1973-09-01,wpacific,6.990530676138416,88.0,gpcc2025
1973-10-01,wpacific,8.25953366811605,91.0,gpcc2025
1973-11-01,wpacific,8.155590117058672,93.0,gpcc2025
1973-12-01,wpacific,7.891127857610364,89.0,gpcc2025
1974-01-01,wpacific,9.082187913208898,90.0,gpcc2025
1974-02-01,wpacific,12.253351364244411,92.0,gpcc2025
1974-03-01,wpacific,11.163502361717743,93.0,gpcc2025
1974-04-01,wpacific,9.390890414830844,91.0,gpcc2025
1974-05-01,wpacific,7.419126041125843,89.0,gpcc2025
1974-06-01,wpacific,8.418776093470731,91.0,gpcc2025
1974-07-01,wpacific,6.973712143066713,91.0,gpcc2025
1974-08-01,wpacific,6.33982818953353,91.0,gpcc2025
1974-09-01,wpacific,6.042621074966369,88.0,gpcc2025
1974-10-01,wpacific,10.281413954579145,88.0,gpcc2025
1974-11-01,wpacific,9.413920755237063,88.0,gpcc2025
1974-12-01,wpacific,7.031391103245813,91.0,gpcc2025
1975-01-01,wpacific,10.68844063687841,89.0,gpcc2025
1975-02-01,wpacific,8.914836172391938,89.0,gpcc2025
1975-03-01,wpacific,12.014747256516989,88.0,gpcc2025
1975-04-01,wpacific,9.208793363476907,92.0,gpcc2025
1975-05-01,wpacific,8.590741742075974,90.0,gpcc2025
1975-06-01,wpacific,8.161804034380024,89.0,gpcc2025
1975-07-01,wpacific,7.098039160760818,90.0,gpcc2025
1975-08-01,wpacific,7.002603585524742,90.0,gpcc2025
1975-09-01,wpacific,7.525767957157182,90.0,gpcc2025
1975-10-01,wpacific,8.430814032702793,89.0,gpcc2025
1975-11-01,wpacific,10.924565704338388,90.0,gpcc2025
1975-12-01,wpacific,10.216760408306804,90.0,gpcc2025
1971-01-01,hawaii,13.552550063032648,187.0,gpcc2025
1971-02-01,hawaii,2.1732626865541973,207.0,gpcc2025
1971-03-01,hawaii,4.465682797058333,205.0,gpcc2025
1971-04-01,hawaii,6.348980804650326,204.0,gpcc2025
1971-05-01,hawaii,1.4338253647145822,198.0,gpcc2025
1971-06-01,hawaii,1.152927332465716,204.0,gpcc2025
1971-07-01,hawaii,1.554140590621983,204.0,gpcc2025
1971-08-01,hawaii,1.019355030507989,207.0,gpcc2025
1971-09-01,hawaii,2.4268344198298966,205.0,gpcc2025
1971-10-01,hawaii,1.8645689524562554,198.0,gpcc2025
1971-11-01,hawaii,3.958488494013246,183.0,gpcc2025
1971-12-01,hawaii,5.733895545671148,183.0,gpcc2025
1972-01-01,hawaii,5.425472883751341,186.0,gpcc2025
1972-02-01,hawaii,5.861775333377045,204.0,gpcc2025
1972-03-01,hawaii,2.946386787740059,206.0,gpcc2025
1972-04-01,hawaii,4.809979392690175,181.0,gpcc2025
1972-05-01,hawaii,1.138835569376695,207.0,gpcc2025
1972-06-01,hawaii,1.8781025715563595,206.0,gpcc2025
1972-07-01,hawaii,1.9444428377029375,189.0,gpcc2025
1972-08-01,hawaii,2.4154045549895384,206.0,gpcc2025
1972-09-01,hawaii,1.8936817127600678,198.0,gpcc2025
1972-10-01,hawaii,3.3390838728113,207.0,gpcc2025
1972-11-01,hawaii,2.548230899385315,187.0,gpcc2025
1972-12-01,hawaii,2.749672208420975,182.0,gpcc2025
1973-01-01,hawaii,1.547413959837896,195.0,gpcc2025
1973-02-01,hawaii,1.6143286085880189,201.0,gpcc2025
1973-03-01,hawaii,4.1261505441495165,193.0,gpcc2025
1973-04-01,hawaii,1.472937206760327,183.0,gpcc2025
1973-05-01,hawaii,2.416998827541142,196.0,gpcc2025
1973-06-01,hawaii,1.0091036148290555,195.0,gpcc2025
1973-07-01,hawaii,1.1812163847473054,193.0,gpcc2025
1973-08-01,hawaii,0.9131069437083339,201.0,gpcc2025
1973-09-01,hawaii,2.282827205469665,184.0,gpcc2025
1973-10-01,hawaii,2.551796145705708,194.0,gpcc2025
1973-11-01,hawaii,7.62491130055382,187.0,gpcc2025
1973-12-01,hawaii,5.521704883647694,181.0,gpcc2025
1974-01-01,hawaii,6.484100125426532,184.0,gpcc2025
1974-02-01,hawaii,2.5661408520753493,195.0,gpcc2025
1974-03-01,hawaii,5.880659988680486,179.0,gpcc2025
1974-04-01,hawaii,5.709003583354116,189.0,gpcc2025
1974-05-01,hawaii,2.9574579310253815,191.0,gpcc2025
1974-06-01,hawaii,2.3197640995565374,178.0,gpcc2025
1974-07-01,hawaii,2.4261050635679515,192.0,gpcc2025
1974-08-01,hawaii,1.1588835240533448,198.0,gpcc2025
1974-09-01,hawaii,3.0349651274418985,190.0,gpcc2025
1974-10-01,hawaii,3.718324427896674,186.0,gpcc2025
1974-11-01,hawaii,5.042787017828813,181.0,gpcc2025
1974-12-01,hawaii,4.2402680249496605,178.0,gpcc2025
1975-01-01,hawaii,8.440018258289127,182.0,gpcc2025
1975-02-01,hawaii,7.227046647833715,196.0,gpcc2025
1975-03-01,hawaii,3.345360570690352,176.0,gpcc2025
1975-04-01,hawaii,2.130322652202797,196.0,gpcc2025
1975-05-01,hawaii,1.2339181677645987,198.0,gpcc2025
1975-06-01,hawaii,1.1396235089468676,194.0,gpcc2025
1975-07-01,hawaii,1.54057816003036,194.0,gpcc2025
1975-08-01,hawaii,1.5853102840429623,184.0,gpcc2025
1975-09-01,hawaii,1.0267787418777607,202.0,gpcc2025
1975-10-01,hawaii,1.986264906409226,196.0,gpcc2025
1975-11-01,hawaii,5.0621163366559045,175.0,gpcc2025
1975-12-01,hawaii,2.154413370997733,198.0,gpcc2025
1971-01-01,cpacific,2.9769038114188393,37.0,gpcc2025
1971-02-01,cpacific,2.738813239462747,37.0,gpcc2025
1971-03-01,cpacific,2.7196869215227664,37.0,gpcc2025
1971-04-01,cpacific,2.319279870808796,37.0,gpcc2025
1971-05-01,cpacific,2.627781718504384,37.0,gpcc2025
1971-06-01,cpacific,2.631355715271217,37.0,gpcc2025
1971-07-01,cpacific,2.6222072284579556,36.0,gpcc2025
1971-08-01,cpacific,3.6706875820158804,36.0,gpcc2025
1971-09-01,cpacific,2.663464926704282,37.0,gpcc2025
1971-10-01,cpacific,2.0408771345356707,38.0,gpcc2025
1971-11-01,cpacific,3.1450216879717527,38.0,gpcc2025
1971-12-01,cpacific,6.5668890277427785,38.0,gpcc2025
1972-01-01,cpacific,6.317466322002156,38.0,gpcc2025
1972-02-01,cpacific,3.5813274269131656,37.0,gpcc2025
1972-03-01,cpacific,4.229588112762263,37.0,gpcc2025
1972-04-01,cpacific,4.570841263425078,38.0,gpcc2025
1972-05-01,cpacific,5.991894564652807,38.0,gpcc2025
1972-06-01,cpacific,5.666695952923986,39.0,gpcc2025
1972-07-01,cpacific,7.07597845277299,39.0,gpcc2025
1972-08-01,cpacific,6.3221569584503285,39.0,gpcc2025
1972-09-01,cpacific,9.385624170122332,39.0,gpcc2025
1972-10-01,cpacific,9.702944397654313,38.0,gpcc2025
1972-11-01,cpacific,9.36855725033175,39.0,gpcc2025
1972-12-01,cpacific,13.128793641141174,38.0,gpcc2025
1973-01-01,cpacific,13.839734879393115,37.0,gpcc2025
1973-02-01,cpacific,13.341561827355502,35.0,gpcc2025
1973-03-01,cpacific,7.265639853372797,35.0,gpcc2025
1973-04-01,cpacific,6.129816764639307,36.0,gpcc2025
1973-05-01,cpacific,6.050976421158796,36.0,gpcc2025
1973-06-01,cpacific,5.701682266893927,37.0,gpcc2025
1973-07-01,cpacific,2.229201029724367,36.0,gpcc2025
1973-08-01,cpacific,3.2494457024033534,36.0,gpcc2025
1973-09-01,cpacific,1.2179712777896086,36.0,gpcc2025
1973-10-01,cpacific,2.3404350805851153,34.0,gpcc2025
1973-11-01,cpacific,2.9007669655179025,34.0,gpcc2025
1973-12-01,cpacific,4.790925366379943,35.0,gpcc2025
1974-01-01,cpacific,5.330473184810367,34.0,gpcc2025
1974-02-01,cpacific,2.8835722493275355,36.0,gpcc2025
1974-03-01,cpacific,2.9313365796330157,33.0,gpcc2025
1974-04-01,cpacific,3.5582459311573285,33.0,gpcc2025
1974-05-01,cpacific,4.407020995590977,34.0,gpcc2025
1974-06-01,cpacific,3.5822706153093367,32.0,gpcc2025
1974-07-01,cpacific,4.39837091535903,33.0,gpcc2025
1974-08-01,cpacific,1.9932524852621496,31.0,gpcc2025
1974-09-01,cpacific,1.9588096154282104,31.0,gpcc2025
1974-10-01,cpacific,1.9957632913087997,31.0,gpcc2025
1974-11-01,cpacific,2.819031217703539,30.0,gpcc2025
1974-12-01,cpacific,7.779321926221718,32.0,gpcc2025
1975-01-01,cpacific,8.840337887227411,32.0,gpcc2025
1975-02-01,cpacific,4.593050506367033,31.0,gpcc2025
1975-03-01,cpacific,6.084272108677009,32.0,gpcc2025
1975-04-01,cpacific,5.372027526270452,32.0,gpcc2025
1975-05-01,cpacific,4.295330018319545,31.0,gpcc2025
1975-06-01,cpacific,3.7731180562943702,30.0,gpcc2025
1975-07-01,cpacific,2.4654536018247097,30.0,gpcc2025
1975-08-01,cpacific,2.269449700645777,27.0,gpcc2025
1975-09-01,cpacific,1.8244459785262803,28.0,gpcc2025
1975-10-01,cpacific,1.4483191123090995,28.0,gpcc2025
1975-11-01,cpacific,1.8360857954550902,26.0,gpcc2025
1975-12-01,cpacific,3.6350555558179405,28.0,gpcc2025
1971-01-01,lit_camerica,2.3041289652852885,663.0,gpcc2025
1971-02-01,lit_camerica,1.9207445296746977,668.0,gpcc2025
1971-03-01,lit_camerica,1.345756258138295,664.0,gpcc2025
1971-04-01,lit_camerica,1.8623584217034692,661.0,gpcc2025
1971-05-01,lit_camerica,3.905866082372962,667.0,gpcc2025
1971-06-01,lit_camerica,5.209086898283771,672.0,gpcc2025
1971-07-01,lit_camerica,6.274427091779157,683.0,gpcc2025
1971-08-01,lit_camerica,6.714861180515971,689.0,gpcc2025
1971-09-01,lit_camerica,6.900001633025728,696.0,gpcc2025
1971-10-01,lit_camerica,6.787557616241126,692.0,gpcc2025
1971-11-01,lit_camerica,4.984302646012503,688.0,gpcc2025
1971-12-01,lit_camerica,3.1018337979133763,685.0,gpcc2025
1972-01-01,lit_camerica,3.272069497651148,644.0,gpcc2025
1972-02-01,lit_camerica,2.043824716990112,642.0,gpcc2025
1972-03-01,lit_camerica,1.528893066205833,648.0,gpcc2025
1972-04-01,lit_camerica,2.19331435802679,641.0,gpcc2025
1972-05-01,lit_camerica,4.409529188988997,642.0,gpcc2025
1972-06-01,lit_camerica,6.214316893202396,645.0,gpcc2025
1972-07-01,lit_camerica,6.605762704100662,648.0,gpcc2025
1972-08-01,lit_camerica,6.325812841872109,639.0,gpcc2025
1972-09-01,lit_camerica,6.715033138731102,645.0,gpcc2025
1972-10-01,lit_camerica,5.989844599034888,643.0,gpcc2025
1972-11-01,lit_camerica,4.8741407998583295,636.0,gpcc2025
1972-12-01,lit_camerica,4.074092448875096,633.0,gpcc2025
1973-01-01,lit_camerica,1.7253993542455845,635.0,gpcc2025
1973-02-01,lit_camerica,1.3280577203176702,642.0,gpcc2025
1973-03-01,lit_camerica,0.8888677650766456,639.0,gpcc2025
1973-04-01,lit_camerica,1.6736690966877992,638.0,gpcc2025
1973-05-01,lit_camerica,4.084171245339133,637.0,gpcc2025
1973-06-01,lit_camerica,6.6257553791314185,639.0,gpcc2025
1973-07-01,lit_camerica,6.340950401824181,640.0,gpcc2025
1973-08-01,lit_camerica,8.582510968739676,641.0,gpcc2025
1973-09-01,lit_camerica,7.046912154106533,641.0,gpcc2025
1973-10-01,lit_camerica,9.106984694967666,638.0,gpcc2025
1973-11-01,lit_camerica,4.621449734223305,642.0,gpcc2025
1973-12-01,lit_camerica,2.789956668305166,642.0,gpcc2025
1974-01-01,lit_camerica,3.1034228451768144,644.0,gpcc2025
1974-02-01,lit_camerica,2.160248597469835,644.0,gpcc2025
1974-03-01,lit_camerica,1.7546294545435472,636.0,gpcc2025
1974-04-01,lit_camerica,1.895520681458574,644.0,gpcc2025
1974-05-01,lit_camerica,4.380880479027468,639.0,gpcc2025
1974-06-01,lit_camerica,6.576852569718469,645.0,gpcc2025
1974-07-01,lit_camerica,5.009052663672566,645.0,gpcc2025
1974-08-01,lit_camerica,5.846220522854362,640.0,gpcc2025
1974-09-01,lit_camerica,9.705412502456081,635.0,gpcc2025
1974-10-01,lit_camerica,8.309827608798482,626.0,gpcc2025
1974-11-01,lit_camerica,4.587240054769385,622.0,gpcc2025
1974-12-01,lit_camerica,2.1627709085486257,622.0,gpcc2025
1975-01-01,lit_camerica,2.9382555901699017,632.0,gpcc2025
1975-02-01,lit_camerica,1.2489292985456284,636.0,gpcc2025
1975-03-01,lit_camerica,0.9482406853969252,629.0,gpcc2025
1975-04-01,lit_camerica,0.895340406954302,628.0,gpcc2025
1975-05-01,lit_camerica,2.6510018303790535,626.0,gpcc2025
1975-06-01,lit_camerica,4.073186890662329,634.0,gpcc2025
1975-07-01,lit_camerica,4.88413336901018,641.0,gpcc2025
1975-08-01,lit_camerica,6.480125831853008,634.0,gpcc2025
1975-09-01,lit_camerica,9.73701321961513,634.0,gpcc2025
1975-10-01,lit_camerica,9.427712464683394,635.0,gpcc2025
1975-11-01,lit_camerica,7.022461335383094,633.0,gpcc2025
1975-12-01,lit_camerica,3.2868037550468903,629.0,gpcc2025
1971-01-01,lit_wpacific,9.393421292888847,97.0,gpcc2025
1971-02-01,lit_wpacific,8.24144767755732,98.0,gpcc2025
1971-03-01,lit_wpacific,12.544096344272294,99.0,gpcc2025
1971-04-01,lit_wpacific,10.825751630220967,98.0,gpcc2025
1971-05-01,lit_wpacific,9.544212320119762,102.0,gpcc2025
1971-06-01,lit_wpacific,9.007630668810522,102.0,gpcc2025
1971-07-01,lit_wpacific,9.622234103106795,97.0,gpcc2025
1971-08-01,lit_wpacific,8.667944391342738,95.0,gpcc2025
1971-09-01,lit_wpacific,7.677698249898104,101.0,gpcc2025
1971-10-01,lit_wpacific,8.453084049742925,99.0,gpcc2025
1971-11-01,lit_wpacific,7.387109269278979,100.0,gpcc2025
1971-12-01,lit_wpacific,11.012439868553335,95.0,gpcc2025
1972-01-01,lit_wpacific,13.361100117016633,97.0,gpcc2025
1972-02-01,lit_wpacific,9.226387392485993,99.0,gpcc2025
1972-03-01,lit_wpacific,10.673587240586368,96.0,gpcc2025
1972-04-01,lit_wpacific,10.266740677179204,95.0,gpcc2025
1972-05-01,lit_wpacific,13.173998706389408,102.0,gpcc2025
1972-06-01,lit_wpacific,9.283292433895317,104.0,gpcc2025
1972-07-01,lit_wpacific,10.103258015905052,104.0,gpcc2025
1972-08-01,lit_wpacific,6.488369637069792,104.0,gpcc2025
1972-09-01,lit_wpacific,7.17372190446923,103.0,gpcc2025
1972-10-01,lit_wpacific,5.308239056067957,98.0,gpcc2025
1972-11-01,lit_wpacific,6.407612713039813,98.0,gpcc2025
1972-12-01,lit_wpacific,8.96422647705793,95.0,gpcc2025
1973-01-01,lit_wpacific,8.760137124333175,97.0,gpcc2025
1973-02-01,lit_wpacific,9.917682864070523,95.0,gpcc2025
1973-03-01,lit_wpacific,13.848654433958087,90.0,gpcc2025
1973-04-01,lit_wpacific,11.227106453977003,89.0,gpcc2025
1973-05-01,lit_wpacific,7.777333407975732,89.0,gpcc2025
1973-06-01,lit_wpacific,7.918047688529528,94.0,gpcc2025
1973-07-01,lit_wpacific,8.664157183284178,90.0,gpcc2025
1973-08-01,lit_wpacific,9.748488546986586,89.0,gpcc2025
1973-09-01,lit_wpacific,7.922373747762481,92.0,gpcc2025
1973-10-01,lit_wpacific,8.335743060526912,91.0,gpcc2025
1973-11-01,lit_wpacific,8.845446402315657,88.0,gpcc2025
1973-12-01,lit_wpacific,7.862029291551656,77.0,gpcc2025
1974-01-01,lit_wpacific,7.081420047302711,99.0,gpcc2025
1974-02-01,lit_wpacific,11.790077044170697,98.0,gpcc2025
1974-03-01,lit_wpacific,9.892140466372693,97.0,gpcc2025
1974-04-01,lit_wpacific,9.350499931763645,97.0,gpcc2025
1974-05-01,lit_wpacific,7.399983479322099,95.0,gpcc2025
1974-06-01,lit_wpacific,9.529314828921084,95.0,gpcc2025
1974-07-01,lit_wpacific,7.809585464996119,88.0,gpcc2025
1974-08-01,lit_wpacific,7.300008335783069,86.0,gpcc2025
1974-09-01,lit_wpacific,6.950145209896633,82.0,gpcc2025
1974-10-01,lit_wpacific,9.428447882491616,85.0,gpcc2025
1974-11-01,lit_wpacific,9.116268313866671,81.0,gpcc2025
1974-12-01,lit_wpacific,7.752834866958848,86.0,gpcc2025
1975-01-01,lit_wpacific,11.39967340427008,85.0,gpcc2025
1975-02-01,lit_wpacific,10.204197354071775,87.0,gpcc2025
1975-03-01,lit_wpacific,11.787298859174333,88.0,gpcc2025
1975-04-01,lit_wpacific,8.173276587218572,90.0,gpcc2025
1975-05-01,lit_wpacific,7.915636576807147,88.0,gpcc2025
1975-06-01,lit_wpacific,8.944163445516796,86.0,gpcc2025
1975-07-01,lit_wpacific,8.599304122983249,87.0,gpcc2025
1975-08-01,lit_wpacific,8.952855277483238,83.0,gpcc2025
1975-09-01,lit_wpacific,8.347302358431852,83.0,gpcc2025
1975-10-01,lit_wpacific,8.071593480056487,83.0,gpcc2025
1975-11-01,lit_wpacific,10.510883664907105,82.0,gpcc2025
1975-12-01,lit_wpacific,8.335736477272354,79.0,gpcc2025
1971-01-01,lit_sindia,1.4933567831314598,290.0,gpcc2025
1971-02-01,lit_sindia,0.8475920672451019,294.0,gpcc2025
1971-03-01,lit_sindia,1.0176387231240487,290.0,gpcc2025
1971-04-01,lit_sindia,2.5095400429608348,291.0,gpcc2025
1971-05-01,lit_sindia,4.528737324134197,291.0,gpcc2025
1971-06-01,lit_sindia,7.82769031181814,293.0,gpcc2025
1971-07-01,lit_sindia,7.164868501947194,258.0,gpcc2025
1971-08-01,lit_sindia,5.927738704685856,289.0,gpcc2025
1971-09-01,lit_sindia,5.545028342507323,220.0,gpcc2025
1971-10-01,lit_sindia,6.123041993230357,290.0,gpcc2025
1971-11-01,lit_sindia,2.284001854383196,293.0,gpcc2025
1971-12-01,lit_sindia,4.9395934982014635,289.0,gpcc2025
1972-01-01,lit_sindia,0.31912993017898195,293.0,gpcc2025
1972-02-01,lit_sindia,0.1503996044652492,274.0,gpcc2025
1972-03-01,lit_sindia,0.27174545584761367,291.0,gpcc2025
1972-04-01,lit_sindia,1.630703783664974,288.0,gpcc2025
1972-05-01,lit_sindia,6.454166044489162,285.0,gpcc2025
1972-06-01,lit_sindia,5.709348783229999,285.0,gpcc2025
1972-07-01,lit_sindia,7.275715832690562,290.0,gpcc2025
1972-08-01,lit_sindia,3.5851923711721527,288.0,gpcc2025
1972-09-01,lit_sindia,5.033900267587816,282.0,gpcc2025
1972-10-01,lit_sindia,9.735522639114802,279.0,gpcc2025
1972-11-01,lit_sindia,4.688794173280333,290.0,gpcc2025
1972-12-01,lit_sindia,4.264694748499923,286.0,gpcc2025
1973-01-01,lit_sindia,0.18948177282591894,290.0,gpcc2025
1973-02-01,lit_sindia,0.28553358430122533,292.0,gpcc2025
1973-03-01,lit_sindia,0.7553708019898514,291.0,gpcc2025
1973-04-01,lit_sindia,1.815638747210977,289.0,gpcc2025
1973-05-01,lit_sindia,2.8672534099683933,289.0,gpcc2025
1973-06-01,lit_sindia,7.230982293324098,293.0,gpcc2025
1973-07-01,lit_sindia,7.484376124760271,293.0,gpcc2025
1973-08-01,lit_sindia,7.363432441079795,292.0,gpcc2025
1973-09-01,lit_sindia,3.403970758683388,289.0,gpcc2025
1973-10-01,lit_sindia,6.899626498580489,293.0,gpcc2025
1973-11-01,lit_sindia,3.1391938751076456,291.0,gpcc2025
1973-12-01,lit_sindia,4.206660353807574,291.0,gpcc2025
1974-01-01,lit_sindia,0.09292588207125946,295.0,gpcc2025
1974-02-01,lit_sindia,0.7755650606797551,295.0,gpcc2025
1974-03-01,lit_sindia,0.4588774449367124,293.0,gpcc2025
1974-04-01,lit_sindia,2.8391508454375596,293.0,gpcc2025
1974-05-01,lit_sindia,4.246344765032021,294.0,gpcc2025
1974-06-01,lit_sindia,4.216167300683317,295.0,gpcc2025
1974-07-01,lit_sindia,10.733540719994911,293.0,gpcc2025
1974-08-01,lit_sindia,5.463891968514148,295.0,gpcc2025
1974-09-01,lit_sindia,7.45604224307964,292.0,gpcc2025
1974-10-01,lit_sindia,4.0744425256909045,293.0,gpcc2025
1974-11-01,lit_sindia,2.0355811610911525,294.0,gpcc2025
1974-12-01,lit_sindia,1.8698025006685592,291.0,gpcc2025
1975-01-01,lit_sindia,0.6446398754213154,295.0,gpcc2025
1975-02-01,lit_sindia,0.7012347977771387,296.0,gpcc2025
1975-03-01,lit_sindia,1.5988151006845257,295.0,gpcc2025
1975-04-01,lit_sindia,2.5603762495231153,296.0,gpcc2025
1975-05-01,lit_sindia,3.9587073586944816,295.0,gpcc2025
1975-06-01,lit_sindia,8.652347254259798,293.0,gpcc2025
1975-07-01,lit_sindia,8.297726073332951,295.0,gpcc2025
1975-08-01,lit_sindia,8.294182472764865,292.0,gpcc2025
1975-09-01,lit_sindia,6.917734839376645,294.0,gpcc2025
1975-10-01,lit_sindia,6.8679934405870755,293.0,gpcc2025
1975-11-01,lit_sindia,5.619574281629947,292.0,gpcc2025
1975-12-01,lit_sindia,1.7247045148398181,289.0,gpcc2025
1971-01-01,lit_cpacific,1.520381208905051,22.0,gpcc2025
1971-02-01,lit_cpacific,2.1626246939125084,22.0,gpcc2025
1971-03-01,lit_cpacific,2.5982106680810766,22.0,gpcc2025
1971-04-01,lit_cpacific,4.483109811889379,22.0,gpcc2025
1971-05-01,lit_cpacific,4.305488672068813,22.0,gpcc2025
1971-06-01,lit_cpacific,3.6925867262747,22.0,gpcc2025
1971-07-01,lit_cpacific,3.5913101062117314,22.0,gpcc2025
1971-08-01,lit_cpacific,3.1683357414008033,22.0,gpcc2025
1971-09-01,lit_cpacific,1.9287372272366339,22.0,gpcc2025
1971-10-01,lit_cpacific,2.055979706614101,23.0,gpcc2025
1971-11-01,lit_cpacific,2.23945426423168,23.0,gpcc2025
1971-12-01,lit_cpacific,5.202846500906381,23.0,gpcc2025
1972-01-01,lit_cpacific,4.905657191586724,23.0,gpcc2025
1972-02-01,lit_cpacific,2.8032669491645454,23.0,gpcc2025
1972-03-01,lit_cpacific,3.518716852403181,23.0,gpcc2025
1972-04-01,lit_cpacific,5.22089874048773,23.0,gpcc2025
1972-05-01,lit_cpacific,7.725821666327594,23.0,gpcc2025
1972-06-01,lit_cpacific,7.439745827162654,24.0,gpcc2025
1972-07-01,lit_cpacific,8.949727617953966,24.0,gpcc2025
1972-08-01,lit_cpacific,7.4597742034015955,24.0,gpcc2025
1972-09-01,lit_cpacific,9.933510803527774,24.0,gpcc2025
1972-10-01,lit_cpacific,8.917357992765668,24.0,gpcc2025
1972-11-01,lit_cpacific,8.484161846411066,24.0,gpcc2025
1972-12-01,lit_cpacific,13.633543231031389,23.0,gpcc2025
1973-01-01,lit_cpacific,12.805905855338306,22.0,gpcc2025
1973-02-01,lit_cpacific,11.920538825219861,23.0,gpcc2025
1973-03-01,lit_cpacific,7.408007611967265,21.0,gpcc2025
1973-04-01,lit_cpacific,6.832576998238859,22.0,gpcc2025
1973-05-01,lit_cpacific,6.327516625049188,21.0,gpcc2025
1973-06-01,lit_cpacific,3.998724299594831,22.0,gpcc2025
1973-07-01,lit_cpacific,1.5446656277793396,22.0,gpcc2025
1973-08-01,lit_cpacific,2.2691057848820293,21.0,gpcc2025
1973-09-01,lit_cpacific,1.2982863449557238,21.0,gpcc2025
1973-10-01,lit_cpacific,1.0345276149927827,19.0,gpcc2025
1973-11-01,lit_cpacific,1.0466922441699709,19.0,gpcc2025
1973-12-01,lit_cpacific,1.2744242303639766,20.0,gpcc2025
1974-01-01,lit_cpacific,1.8213079608926457,20.0,gpcc2025
1974-02-01,lit_cpacific,2.893103572749335,21.0,gpcc2025
1974-03-01,lit_cpacific,2.472809039192445,19.0,gpcc2025
1974-04-01,lit_cpacific,3.859969055377942,20.0,gpcc2025
1974-05-01,lit_cpacific,5.678287014760839,21.0,gpcc2025
1974-06-01,lit_cpacific,4.746360869301648,20.0,gpcc2025
1974-07-01,lit_cpacific,5.766841540682787,20.0,gpcc2025
1974-08-01,lit_cpacific,2.441710636359296,19.0,gpcc2025
1974-09-01,lit_cpacific,2.1327065605041953,19.0,gpcc2025
1974-10-01,lit_cpacific,2.090199470716808,19.0,gpcc2025
1974-11-01,lit_cpacific,1.163476207758786,17.0,gpcc2025
1974-12-01,lit_cpacific,5.8082933906636915,19.0,gpcc2025
1975-01-01,lit_cpacific,5.598056364650562,19.0,gpcc2025
1975-02-01,lit_cpacific,4.325885309160305,19.0,gpcc2025
1975-03-01,lit_cpacific,6.759284891871169,19.0,gpcc2025
1975-04-01,lit_cpacific,6.4131169977502696,19.0,gpcc2025
1975-05-01,lit_cpacific,3.842725201346395,18.0,gpcc2025
1975-06-01,lit_cpacific,5.497238263400336,18.0,gpcc2025
1975-07-01,lit_cpacific,2.9197769920159495,19.0,gpcc2025
1975-08-01,lit_cpacific,1.6872867059858598,16.0,gpcc2025
1975-09-01,lit_cpacific,2.3879816960599984,17.0,gpcc2025
1975-10-01,lit_cpacific,1.3624685151487104,16.0,gpcc2025
1975-11-01,lit_cpacific,1.3007850090879838,15.0,gpcc2025
1975-12-01,lit_cpacific,3.581697045748849,16.0,gpcc2025
1971-01-01,box_hawaii,13.552550063032648,187.0,gpcc2025
1971-02-01,box_hawaii,2.1732626865541973,207.0,gpcc2025
1971-03-01,box_hawaii,4.465682797058333,205.0,gpcc2025
1971-04-01,box_hawaii,6.348980804650326,204.0,gpcc2025
1971-05-01,box_hawaii,1.4338253647145822,198.0,gpcc2025
1971-06-01,box_hawaii,1.152927332465716,204.0,gpcc2025
1971-07-01,box_hawaii,1.554140590621983,204.0,gpcc2025
1971-08-01,box_hawaii,1.019355030507989,207.0,gpcc2025
1971-09-01,box_hawaii,2.4268344198298966,205.0,gpcc2025
1971-10-01,box_hawaii,1.8645689524562554,198.0,gpcc2025
1971-11-01,box_hawaii,3.958488494013246,183.0,gpcc2025
1971-12-01,box_hawaii,5.733895545671148,183.0,gpcc2025
1972-01-01,box_hawaii,5.425472883751341,186.0,gpcc2025
1972-02-01,box_hawaii,5.861775333377045,204.0,gpcc2025
1972-03-01,box_hawaii,2.946386787740059,206.0,gpcc2025
1972-04-01,box_hawaii,4.809979392690175,181.0,gpcc2025
1972-05-01,box_hawaii,1.138835569376695,207.0,gpcc2025
1972-06-01,box_hawaii,1.8781025715563595,206.0,gpcc2025
1972-07-01,box_hawaii,1.9444428377029375,189.0,gpcc2025
1972-08-01,box_hawaii,2.4154045549895384,206.0,gpcc2025
1972-09-01,box_hawaii,1.8936817127600678,198.0,gpcc2025
1972-10-01,box_hawaii,3.3390838728113,207.0,gpcc2025
1972-11-01,box_hawaii,2.548230899385315,187.0,gpcc2025
1972-12-01,box_hawaii,2.749672208420975,182.0,gpcc2025
1973-01-01,box_hawaii,1.547413959837896,195.0,gpcc2025
1973-02-01,box_hawaii,1.6143286085880189,201.0,gpcc2025
1973-03-01,box_hawaii,4.1261505441495165,193.0,gpcc2025
1973-04-01,box_hawaii,1.472937206760327,183.0,gpcc2025
1973-05-01,box_hawaii,2.416998827541142,196.0,gpcc2025
1973-06-01,box_hawaii,1.0091036148290555,195.0,gpcc2025
1973-07-01,box_hawaii,1.1812163847473054,193.0,gpcc2025
1973-08-01,box_hawaii,0.9131069437083339,201.0,gpcc2025
1973-09-01,box_hawaii,2.282827205469665,184.0,gpcc2025
1973-10-01,box_hawaii,2.551796145705708,194.0,gpcc2025
1973-11-01,box_hawaii,7.62491130055382,187.0,gpcc2025
1973-12-01,box_hawaii,5.521704883647694,181.0,gpcc2025
1974-01-01,box_hawaii,6.484100125426532,184.0,gpcc2025
1974-02-01,box_hawaii,2.5661408520753493,195.0,gpcc2025
1974-03-01,box_hawaii,5.880659988680486,179.0,gpcc2025
1974-04-01,box_hawaii,5.709003583354116,189.0,gpcc2025
1974-05-01,box_hawaii,2.9574579310253815,191.0,gpcc2025
1974-06-01,box_hawaii,2.3197640995565374,178.0,gpcc2025
1974-07-01,box_hawaii,2.4261050635679515,192.0,gpcc2025
1974-08-01,box_hawaii,1.1588835240533448,198.0,gpcc2025
1974-09-01,box_hawaii,3.0349651274418985,190.0,gpcc2025
1974-10-01,box_hawaii,3.718324427896674,186.0,gpcc2025
1974-11-01,box_hawaii,5.042787017828813,181.0,gpcc2025
1974-12-01,box_hawaii,4.2402680249496605,178.0,gpcc2025
1975-01-01,box_hawaii,8.440018258289127,182.0,gpcc2025
1975-02-01,box_hawaii,7.227046647833715,196.0,gpcc2025
1975-03-01,box_hawaii,3.345360570690352,176.0,gpcc2025
1975-04-01,box_hawaii,2.130322652202797,196.0,gpcc2025
1975-05-01,box_hawaii,1.2339181677645987,198.0,gpcc2025
1975-06-01,box_hawaii,1.1396235089468676,194.0,gpcc2025
1975-07-01,box_hawaii,1.54057816003036,194.0,gpcc2025
1975-08-01,box_hawaii,1.5853102840429623,184.0,gpcc2025
1975-09-01,box_hawaii,1.0267787418777607,202.0,gpcc2025
1975-10-01,box_hawaii,1.986264906409226,196.0,gpcc2025
1975-11-01,box_hawaii,5.0621163366559045,175.0,gpcc2025
1975-12-01,box_hawaii,2.154413370997733,198.0,gpcc2025
1976-01-01,wpacific,14.641995238741947,92.0,gpcc2025
1976-02-01,wpacific,11.149497802634675,92.0,gpcc2025
1976-03-01,wpacific,10.780009061047767,92.0,gpcc2025
1976-04-01,wpacific,10.829672657903476,91.0,gpcc2025
1976-05-01,wpacific,9.646435516952424,88.0,gpcc2025
1976-06-01,wpacific,7.5201246968779,91.0,gpcc2025
1976-07-01,wpacific,7.944212822932332,90.0,gpcc2025
1976-08-01,wpacific,8.161122157549146,88.0,gpcc2025
1976-09-01,wpacific,7.1642532850428235,91.0,gpcc2025
1976-10-01,wpacific,6.429848400148445,90.0,gpcc2025
1976-11-01,wpacific,7.092438003983186,90.0,gpcc2025
1976-12-01,wpacific,6.870531191269799,88.0,gpcc2025
1977-01-01,wpacific,11.303518599836881,94.0,gpcc2025
1977-02-01,wpacific,8.682149934084325,93.0,gpcc2025
1977-03-01,wpacific,11.033485700853243,93.0,gpcc2025
1977-04-01,wpacific,8.778927844815579,93.0,gpcc2025
1977-05-01,wpacific,6.188694138862694,94.0,gpcc2025
1977-06-01,wpacific,6.311321018203344,92.0,gpcc2025
1977-07-01,wpacific,8.50110441194798,93.0,gpcc2025
1977-08-01,wpacific,8.682125957802137,94.0,gpcc2025
1977-09-01,wpacific,6.290201066273296,93.0,gpcc2025
1977-10-01,wpacific,6.414256920263225,92.0,gpcc2025
1977-11-01,wpacific,6.982312301471542,90.0,gpcc2025
1977-12-01,wpacific,4.3528978482983804,92.0,gpcc2025
1978-01-01,wpacific,7.623582020715086,90.0,gpcc2025
1978-02-01,wpacific,8.235829206297847,89.0,gpcc2025
1978-03-01,wpacific,7.5767659493408,89.0,gpcc2025
1978-04-01,wpacific,7.814569778308711,90.0,gpcc2025
1978-05-01,wpacific,7.636291380132491,91.0,gpcc2025
1978-06-01,wpacific,5.082660300548386,89.0,gpcc2025
1978-07-01,wpacific,5.3128234014379085,89.0,gpcc2025
1978-08-01,wpacific,7.197722610631363,89.0,gpcc2025
1978-09-01,wpacific,5.875789290454834,88.0,gpcc2025
1978-10-01,wpacific,7.128129128605885,89.0,gpcc2025
1978-11-01,wpacific,8.001437975171223,90.0,gpcc2025
1978-12-01,wpacific,6.733196083996045,90.0,gpcc2025
1979-01-01,wpacific,11.528329991168775,99.0,gpcc2025
1979-02-01,wpacific,9.041260763199505,98.0,gpcc2025
1979-03-01,wpacific,8.223587114696496,97.0,gpcc2025
1979-04-01,wpacific,8.945202366390594,97.0,gpcc2025
1979-05-01,wpacific,7.710297589256961,97.0,gpcc2025
1979-06-01,wpacific,9.372533795025673,97.0,gpcc2025
1979-07-01,wpacific,6.515438481729858,95.0,gpcc2025
1979-08-01,wpacific,6.284276203505363,97.0,gpcc2025
1979-09-01,wpacific,5.456579577806792,95.0,gpcc2025
1979-10-01,wpacific,7.249608380984317,95.0,gpcc2025
1979-11-01,wpacific,8.584139267822966,94.0,gpcc2025
1979-12-01,wpacific,6.715382461500986,93.0,gpcc2025
1980-01-01,wpacific,8.362453396751595,99.0,gpcc2025
1980-02-01,wpacific,11.752418130952167,98.0,gpcc2025
1980-03-01,wpacific,10.167042597396994,98.0,gpcc2025
1980-04-01,wpacific,7.675609187837333,98.0,gpcc2025
1980-05-01,wpacific,8.259509749254962,100.0,gpcc2025
1980-06-01,wpacific,8.679494685093845,99.0,gpcc2025
1980-07-01,wpacific,7.354769699418823,100.0,gpcc2025
1980-08-01,wpacific,7.1016724187596605,100.0,gpcc2025
1980-09-01,wpacific,8.444985369676257,99.0,gpcc2025
1980-10-01,wpacific,8.140578046117286,98.0,gpcc2025
1980-11-01,wpacific,6.727583324552367,99.0,gpcc2025
1980-12-01,wpacific,6.9392552151924995,98.0,gpcc2025
1976-01-01,hawaii,4.285254322642025,182.0,gpcc2025
1976-02-01,hawaii,6.972614495517678,188.0,gpcc2025
1976-03-01,hawaii,6.711247838947016,190.0,gpcc2025
1976-04-01,hawaii,4.138171072329581,185.0,gpcc2025
1976-05-01,hawaii,1.5625509894778464,170.0,gpcc2025
1976-06-01,hawaii,1.381829579887521,186.0,gpcc2025
1976-07-01,hawaii,1.8935450690384792,165.0,gpcc2025
1976-08-01,hawaii,1.7373598500539147,191.0,gpcc2025
1976-09-01,hawaii,1.4745789812066816,189.0,gpcc2025
1976-10-01,hawaii,2.18964915495396,177.0,gpcc2025
1976-11-01,hawaii,2.0955643010131006,173.0,gpcc2025
1976-12-01,hawaii,1.5793434973140414,178.0,gpcc2025
1977-01-01,hawaii,0.9909296599715919,182.0,gpcc2025
1977-02-01,hawaii,2.3260476084695942,196.0,gpcc2025
1977-03-01,hawaii,4.939570982684622,191.0,gpcc2025
1977-04-01,hawaii,5.6179101430682925,190.0,gpcc2025
1977-05-01,hawaii,3.6024204349969127,190.0,gpcc2025
1977-06-01,hawaii,1.4260989722874915,193.0,gpcc2025
1977-07-01,hawaii,1.9021553420382882,183.0,gpcc2025
1977-08-01,hawaii,2.4015675977134747,196.0,gpcc2025
1977-09-01,hawaii,1.0349100760213854,195.0,gpcc2025
1977-10-01,hawaii,2.0570442108311924,186.0,gpcc2025
1977-11-01,hawaii,1.377270862824879,181.0,gpcc2025
1977-12-01,hawaii,2.697603261138038,183.0,gpcc2025
1978-01-01,hawaii,1.647162726521901,186.0,gpcc2025
1978-02-01,hawaii,0.6862164368824349,192.0,gpcc2025
1978-03-01,hawaii,3.213157459727636,191.0,gpcc2025
1978-04-01,hawaii,2.935174875616028,184.0,gpcc2025
1978-05-01,hawaii,4.451005539994091,182.0,gpcc2025
1978-06-01,hawaii,3.990202667224285,183.0,gpcc2025
1978-07-01,hawaii,2.6169420703427964,173.0,gpcc2025
1978-08-01,hawaii,3.6590216262734883,179.0,gpcc2025
1978-09-01,hawaii,1.8918648963923235,167.0,gpcc2025
1978-10-01,hawaii,4.932267730370955,179.0,gpcc2025
1978-11-01,hawaii,7.010204226333214,171.0,gpcc2025
1978-12-01,hawaii,3.8916023825560577,178.0,gpcc2025
1979-01-01,hawaii,7.798588872721714,172.0,gpcc2025
1979-02-01,hawaii,13.759630242744276,177.0,gpcc2025
1979-03-01,hawaii,1.5530139466451616,186.0,gpcc2025
1979-04-01,hawaii,3.994348141384617,175.0,gpcc2025
1979-05-01,hawaii,2.2914789002631086,186.0,gpcc2025
1979-06-01,hawaii,2.9387879873806506,182.0,gpcc2025
1979-07-01,hawaii,1.5810906323179013,172.0,gpcc2025
1979-08-01,hawaii,1.9889361433605097,182.0,gpcc2025
1979-09-01,hawaii,1.5956812145010344,174.0,gpcc2025
1979-10-01,hawaii,3.085446008777953,177.0,gpcc2025
1979-11-01,hawaii,4.805104777633958,165.0,gpcc2025
1979-12-01,hawaii,3.5763735382154906,175.0,gpcc2025
1980-01-01,hawaii,7.6723701672513265,178.0,gpcc2025
1980-02-01,hawaii,2.9684853488771936,183.0,gpcc2025
1980-03-01,hawaii,11.044138715605676,162.0,gpcc2025
1980-04-01,hawaii,4.424607112023143,176.0,gpcc2025
1980-05-01,hawaii,4.074077883273509,173.0,gpcc2025
1980-06-01,hawaii,3.7793601995947395,178.0,gpcc2025
1980-07-01,hawaii,3.3901085398749244,179.0,gpcc2025
1980-08-01,hawaii,2.695714347965928,171.0,gpcc2025
1980-09-01,hawaii,3.2248469868418326,179.0,gpcc2025
1980-10-01,hawaii,2.5531350004228797,179.0,gpcc2025
1980-11-01,hawaii,1.4167242648859362,171.0,gpcc2025
1980-12-01,hawaii,3.582308141880802,178.0,gpcc2025
1976-01-01,cpacific,4.4391505463011764,34.0,gpcc2025
1976-02-01,cpacific,4.172903478254513,34.0,gpcc2025
1976-03-01,cpacific,5.571644465570589,33.0,gpcc2025
1976-04-01,cpacific,5.062644108809455,35.0,gpcc2025
1976-05-01,cpacific,5.060873740141259,34.0,gpcc2025
1976-06-01,cpacific,6.758864924754148,32.0,gpcc2025
1976-07-01,cpacific,6.007932375149723,32.0,gpcc2025
1976-08-01,cpacific,5.787297667693578,33.0,gpcc2025
1976-09-01,cpacific,4.548810289060239,33.0,gpcc2025
1976-10-01,cpacific,4.851652881459847,33.0,gpcc2025
1976-11-01,cpacific,4.5425673868860015,32.0,gpcc2025
1976-12-01,cpacific,10.924232818922535,35.0,gpcc2025
1977-01-01,cpacific,10.380182243885576,32.0,gpcc2025
1977-02-01,cpacific,7.080510405281783,28.0,gpcc2025
1977-03-01,cpacific,11.837564096134805,30.0,gpcc2025
1977-04-01,cpacific,8.168113112499892,32.0,gpcc2025
1977-05-01,cpacific,6.266874905063615,36.0,gpcc2025
1977-06-01,cpacific,7.2616890995656,35.0,gpcc2025
1977-07-01,cpacific,6.596838638477222,33.0,gpcc2025
1977-08-01,cpacific,5.267550468873427,34.0,gpcc2025
1977-09-01,cpacific,4.911194445404285,34.0,gpcc2025
1977-10-01,cpacific,4.793168266013449,34.0,gpcc2025
1977-11-01,cpacific,9.829741236667338,32.0,gpcc2025
1977-12-01,cpacific,10.066461394848838,30.0,gpcc2025
1978-01-01,cpacific,10.183341032134713,32.0,gpcc2025
1978-02-01,cpacific,11.417275851411661,33.0,gpcc2025
1978-03-01,cpacific,9.049570044285973,32.0,gpcc2025
1978-04-01,cpacific,6.7959133574998685,32.0,gpcc2025
1978-05-01,cpacific,4.387772070405149,31.0,gpcc2025
1978-06-01,cpacific,3.8879555984058687,32.0,gpcc2025
1978-07-01,cpacific,2.892213598347521,33.0,gpcc2025
1978-08-01,cpacific,4.216684832374108,32.0,gpcc2025
1978-09-01,cpacific,3.0958422663212835,36.0,gpcc2025
1978-10-01,cpacific,2.279285573349352,36.0,gpcc2025
1978-11-01,cpacific,3.82341253442136,36.0,gpcc2025
1978-12-01,cpacific,8.39736572265239,35.0,gpcc2025
1979-01-01,cpacific,10.735607223097382,34.0,gpcc2025
1979-02-01,cpacific,7.696730582890546,35.0,gpcc2025
1979-03-01,cpacific,8.470742291651318,34.0,gpcc2025
1979-04-01,cpacific,4.760441627113707,32.0,gpcc2025
1979-05-01,cpacific,5.687506255961198,32.0,gpcc2025
1979-06-01,cpacific,5.48937620781033,33.0,gpcc2025
1979-07-01,cpacific,3.6848169801593125,32.0,gpcc2025
1979-08-01,cpacific,3.455648472143201,31.0,gpcc2025
1979-09-01,cpacific,3.634189120446465,32.0,gpcc2025
1979-10-01,cpacific,6.839161886631951,32.0,gpcc2025
1979-11-01,cpacific,5.11217885128249,32.0,gpcc2025
1979-12-01,cpacific,10.924796391709926,32.0,gpcc2025
1980-01-01,cpacific,8.174843606212741,33.0,gpcc2025
1980-02-01,cpacific,7.2694286832550015,33.0,gpcc2025
1980-03-01,cpacific,10.594454237709272,34.0,gpcc2025
1980-04-01,cpacific,7.066966488203894,34.0,gpcc2025
1980-05-01,cpacific,6.71577343086255,34.0,gpcc2025
1980-06-01,cpacific,5.97297769772593,33.0,gpcc2025
1980-07-01,cpacific,5.7720240946690025,34.0,gpcc2025
1980-08-01,cpacific,7.099141179208929,34.0,gpcc2025
1980-09-01,cpacific,3.7597083727886016,33.0,gpcc2025
1980-10-01,cpacific,3.227159891807441,33.0,gpcc2025
1980-11-01,cpacific,6.795268733730483,32.0,gpcc2025
1980-12-01,cpacific,5.637278198410647,32.0,gpcc2025
1976-01-01,lit_camerica,2.9179196222982,628.0,gpcc2025
1976-02-01,lit_camerica,2.4121068989274503,627.0,gpcc2025
1976-03-01,lit_camerica,1.1486658722855052,623.0,gpcc2025
1976-04-01,lit_camerica,2.062372941542162,629.0,gpcc2025
1976-05-01,lit_camerica,3.389135944834561,626.0,gpcc2025
1976-06-01,lit_camerica,8.92603493375023,629.0,gpcc2025
1976-07-01,lit_camerica,4.835298861220532,630.0,gpcc2025
1976-08-01,lit_camerica,5.031459102814364,631.0,gpcc2025
1976-09-01,lit_camerica,5.153418589889643,631.0,gpcc2025
1976-10-01,lit_camerica,6.545449734390921,628.0,gpcc2025
1976-11-01,lit_camerica,5.473093801398689,628.0,gpcc2025
1976-12-01,lit_camerica,3.9973752361009254,624.0,gpcc2025
1977-01-01,lit_camerica,1.0947794800500381,626.0,gpcc2025
1977-02-01,lit_camerica,1.51809206234701,626.0,gpcc2025
1977-03-01,lit_camerica,0.6864957937283116,628.0,gpcc2025
1977-04-01,lit_camerica,2.577754486631646,627.0,gpcc2025
1977-05-01,lit_camerica,5.34613259734168,627.0,gpcc2025
1977-06-01,lit_camerica,7.434465351412856,627.0,gpcc2025
1977-07-01,lit_camerica,4.371379177326996,626.0,gpcc2025
1977-08-01,lit_camerica,6.222006616792631,636.0,gpcc2025
1977-09-01,lit_camerica,6.283357200196316,633.0,gpcc2025
1977-10-01,lit_camerica,6.149683584258671,634.0,gpcc2025
1977-11-01,lit_camerica,5.738184102811917,636.0,gpcc2025
1977-12-01,lit_camerica,3.6397756840274815,612.0,gpcc2025
1978-01-01,lit_camerica,2.2586661201457114,613.0,gpcc2025
1978-02-01,lit_camerica,1.6986030190619927,615.0,gpcc2025
1978-03-01,lit_camerica,2.30856952049203,617.0,gpcc2025
1978-04-01,lit_camerica,2.340282447721476,608.0,gpcc2025
1978-05-01,lit_camerica,5.414882259624092,626.0,gpcc2025
1978-06-01,lit_camerica,6.717576007658066,623.0,gpcc2025
1978-07-01,lit_camerica,7.971929685033276,629.0,gpcc2025
1978-08-01,lit_camerica,7.1246653912627345,624.0,gpcc2025
1978-09-01,lit_camerica,7.737272933774378,604.0,gpcc2025
1978-10-01,lit_camerica,7.54649832862276,607.0,gpcc2025
1978-11-01,lit_camerica,4.944012901959469,602.0,gpcc2025
1978-12-01,lit_camerica,3.514078998524523,604.0,gpcc2025
1979-01-01,lit_camerica,1.7808776559473183,610.0,gpcc2025
1979-02-01,lit_camerica,2.1797951683550028,613.0,gpcc2025
1979-03-01,lit_camerica,1.9437258621992755,606.0,gpcc2025
1979-04-01,lit_camerica,3.6767887889297604,570.0,gpcc2025
1979-05-01,lit_camerica,4.501522967922388,602.0,gpcc2025
1979-06-01,lit_camerica,10.478340588880924,587.0,gpcc2025
1979-07-01,lit_camerica,7.0637782619582685,583.0,gpcc2025
1979-08-01,lit_camerica,8.919356423221284,590.0,gpcc2025
1979-09-01,lit_camerica,10.957690876146971,594.0,gpcc2025
1979-10-01,lit_camerica,8.01356399151658,594.0,gpcc2025
1979-11-01,lit_camerica,6.822537100318218,567.0,gpcc2025
1979-12-01,lit_camerica,4.522294260061596,591.0,gpcc2025
1980-01-01,lit_camerica,2.1728159056061846,599.0,gpcc2025
1980-02-01,lit_camerica,1.6603365685416889,606.0,gpcc2025
1980-03-01,lit_camerica,1.0247230599752282,604.0,gpcc2025
1980-04-01,lit_camerica,2.4219225749904325,615.0,gpcc2025
1980-05-01,lit_camerica,4.77429858545673,619.0,gpcc2025
1980-06-01,lit_camerica,7.457566517051277,623.0,gpcc2025
1980-07-01,lit_camerica,7.236029280972286,618.0,gpcc2025
1980-08-01,lit_camerica,7.136589914783633,626.0,gpcc2025
1980-09-01,lit_camerica,8.56530995203582,621.0,gpcc2025
1980-10-01,lit_camerica,7.977312603890323,611.0,gpcc2025
1980-11-01,lit_camerica,6.917467181561088,628.0,gpcc2025
1980-12-01,lit_camerica,4.667860214992175,625.0,gpcc2025
1976-01-01,lit_wpacific,15.053199294445092,87.0,gpcc2025
1976-02-01,lit_wpacific,11.42903074942484,84.0,gpcc2025
1976-03-01,lit_wpacific,11.168822294547132,86.0,gpcc2025
1976-04-01,lit_wpacific,11.457348182280612,82.0,gpcc2025
1976-05-01,lit_wpacific,9.46359352933258,82.0,gpcc2025
1976-06-01,lit_wpacific,7.717368469167831,83.0,gpcc2025
1976-07-01,lit_wpacific,10.095508660631097,83.0,gpcc2025
1976-08-01,lit_wpacific,9.820427845601971,82.0,gpcc2025
1976-09-01,lit_wpacific,6.844048727928312,83.0,gpcc2025
1976-10-01,lit_wpacific,8.209873584256515,81.0,gpcc2025
1976-11-01,lit_wpacific,6.580488869115579,80.0,gpcc2025
1976-12-01,lit_wpacific,8.832373683417709,81.0,gpcc2025
1977-01-01,lit_wpacific,12.483734672934501,84.0,gpcc2025
1977-02-01,lit_wpacific,9.246969565740999,83.0,gpcc2025
1977-03-01,lit_wpacific,12.514595878021986,82.0,gpcc2025
1977-04-01,lit_wpacific,10.139156441898875,81.0,gpcc2025
1977-05-01,lit_wpacific,7.806748362790376,84.0,gpcc2025
1977-06-01,lit_wpacific,8.14173466845876,84.0,gpcc2025
1977-07-01,lit_wpacific,10.951200887608856,81.0,gpcc2025
1977-08-01,lit_wpacific,12.35199137689582,84.0,gpcc2025
1977-09-01,lit_wpacific,8.266548077280673,80.0,gpcc2025
1977-10-01,lit_wpacific,8.745221328250759,81.0,gpcc2025
1977-11-01,lit_wpacific,7.693024712378059,80.0,gpcc2025
1977-12-01,lit_wpacific,5.587707497100049,74.0,gpcc2025
1978-01-01,lit_wpacific,8.728687714877562,83.0,gpcc2025
1978-02-01,lit_wpacific,9.967140136991814,80.0,gpcc2025
1978-03-01,lit_wpacific,7.899951267329711,77.0,gpcc2025
1978-04-01,lit_wpacific,8.01133487566904,77.0,gpcc2025
1978-05-01,lit_wpacific,8.59028103287856,78.0,gpcc2025
1978-06-01,lit_wpacific,5.546141814313563,78.0,gpcc2025
1978-07-01,lit_wpacific,6.9362584356314505,79.0,gpcc2025
1978-08-01,lit_wpacific,9.456972646952941,78.0,gpcc2025
1978-09-01,lit_wpacific,7.019470659071811,78.0,gpcc2025
1978-10-01,lit_wpacific,7.787194720058318,78.0,gpcc2025
1978-11-01,lit_wpacific,9.95571286262521,75.0,gpcc2025
1978-12-01,lit_wpacific,6.654732359886521,73.0,gpcc2025
1979-01-01,lit_wpacific,11.255593986256011,77.0,gpcc2025
1979-02-01,lit_wpacific,10.379531432839618,77.0,gpcc2025
1979-03-01,lit_wpacific,9.031353564402732,75.0,gpcc2025
1979-04-01,lit_wpacific,9.417353890384055,70.0,gpcc2025
1979-05-01,lit_wpacific,9.09801084518259,70.0,gpcc2025
1979-06-01,lit_wpacific,10.12702948618724,70.0,gpcc2025
1979-07-01,lit_wpacific,8.382750315947284,68.0,gpcc2025
1979-08-01,lit_wpacific,7.461803855344176,69.0,gpcc2025
1979-09-01,lit_wpacific,7.659671525500268,66.0,gpcc2025
1979-10-01,lit_wpacific,7.984941697687073,67.0,gpcc2025
1979-11-01,lit_wpacific,8.606079315315785,63.0,gpcc2025
1979-12-01,lit_wpacific,7.725733990938953,64.0,gpcc2025
1980-01-01,lit_wpacific,9.441943279320077,71.0,gpcc2025
1980-02-01,lit_wpacific,12.197470520644693,72.0,gpcc2025
1980-03-01,lit_wpacific,11.520135985824629,70.0,gpcc2025
1980-04-01,lit_wpacific,7.392875691527787,71.0,gpcc2025
1980-05-01,lit_wpacific,8.654773069876411,69.0,gpcc2025
1980-06-01,lit_wpacific,9.201787416864041,71.0,gpcc2025
1980-07-01,lit_wpacific,9.418978028175712,69.0,gpcc2025
1980-08-01,lit_wpacific,10.351048425234875,70.0,gpcc2025
1980-09-01,lit_wpacific,9.027096947196679,65.0,gpcc2025
1980-10-01,lit_wpacific,8.398464690807721,70.0,gpcc2025
1980-11-01,lit_wpacific,8.182055473220222,65.0,gpcc2025
1980-12-01,lit_wpacific,7.612405726751275,66.0,gpcc2025
1976-01-01,lit_sindia,0.6847986154778124,295.0,gpcc2025
1976-02-01,lit_sindia,0.12391415062108002,297.0,gpcc2025
1976-03-01,lit_sindia,0.6019697787244996,296.0,gpcc2025
1976-04-01,lit_sindia,2.8050617398794198,292.0,gpcc2025
1976-05-01,lit_sindia,1.798442851863995,296.0,gpcc2025
1976-06-01,lit_sindia,3.6264778317068416,295.0,gpcc2025
1976-07-01,lit_sindia,7.715614479211611,290.0,gpcc2025
1976-08-01,lit_sindia,5.991135600138303,295.0,gpcc2025
1976-09-01,lit_sindia,2.6082577877597988,295.0,gpcc2025
1976-10-01,lit_sindia,5.5271359864019916,296.0,gpcc2025
1976-11-01,lit_sindia,8.457493302967581,292.0,gpcc2025
1976-12-01,lit_sindia,2.321971482159974,291.0,gpcc2025
1977-01-01,lit_sindia,0.19769350195684826,293.0,gpcc2025
1977-02-01,lit_sindia,1.1726106074595466,295.0,gpcc2025
1977-03-01,lit_sindia,1.0997676978801678,294.0,gpcc2025
1977-04-01,lit_sindia,2.1868029294584868,289.0,gpcc2025
1977-05-01,lit_sindia,6.104670945564864,293.0,gpcc2025
1977-06-01,lit_sindia,6.729254535915251,290.0,gpcc2025
1977-07-01,lit_sindia,8.429201995363954,287.0,gpcc2025
1977-08-01,lit_sindia,4.404631470208853,289.0,gpcc2025
1977-09-01,lit_sindia,3.9251083224706345,292.0,gpcc2025
1977-10-01,lit_sindia,11.049134767948305,289.0,gpcc2025
1977-11-01,lit_sindia,8.724018238148037,285.0,gpcc2025
1977-12-01,lit_sindia,1.2784033324212525,291.0,gpcc2025
1978-01-01,lit_sindia,0.39360045519234726,295.0,gpcc2025
1978-02-01,lit_sindia,0.622494716262622,293.0,gpcc2025
1978-03-01,lit_sindia,0.9165718511968296,289.0,gpcc2025
1978-04-01,lit_sindia,1.8539269217371777,290.0,gpcc2025
1978-05-01,lit_sindia,5.368593264919123,286.0,gpcc2025
1978-06-01,lit_sindia,8.155366060242613,294.0,gpcc2025
1978-07-01,lit_sindia,8.836327257553894,290.0,gpcc2025
1978-08-01,lit_sindia,6.252158901892002,287.0,gpcc2025
1978-09-01,lit_sindia,4.677720369523025,288.0,gpcc2025
1978-10-01,lit_sindia,4.708149909846999,289.0,gpcc2025
1978-11-01,lit_sindia,8.473873613412879,290.0,gpcc2025
1978-12-01,lit_sindia,4.3785842148373835,288.0,gpcc2025
1979-01-01,lit_sindia,0.34874565347038344,286.0,gpcc2025
1979-02-01,lit_sindia,1.3628325409156228,291.0,gpcc2025
1979-03-01,lit_sindia,0.5281869999577502,292.0,gpcc2025
1979-04-01,lit_sindia,1.4493979073799734,288.0,gpcc2025
1979-05-01,lit_sindia,2.4784723125293087,291.0,gpcc2025
1979-06-01,lit_sindia,6.55674093343123,270.0,gpcc2025
1979-07-01,lit_sindia,7.845910844561201,288.0,gpcc2025
1979-08-01,lit_sindia,4.5618933651168625,282.0,gpcc2025
1979-09-01,lit_sindia,6.96831887419415,288.0,gpcc2025
1979-10-01,lit_sindia,4.975241011378578,288.0,gpcc2025
1979-11-01,lit_sindia,10.680672972619778,278.0,gpcc2025
1979-12-01,lit_sindia,2.2707021070252296,281.0,gpcc2025
1980-01-01,lit_sindia,0.18401027245542265,284.0,gpcc2025
1980-02-01,lit_sindia,0.08577052674943011,281.0,gpcc2025
1980-03-01,lit_sindia,0.591464792008374,285.0,gpcc2025
1980-04-01,lit_sindia,3.0648151340636463,277.0,gpcc2025
1980-05-01,lit_sindia,2.5158311016910497,278.0,gpcc2025
1980-06-01,lit_sindia,7.745618222384268,273.0,gpcc2025
1980-07-01,lit_sindia,8.131342199576451,286.0,gpcc2025
1980-08-01,lit_sindia,6.040705715927355,277.0,gpcc2025
1980-09-01,lit_sindia,3.6908218601619063,290.0,gpcc2025
1980-10-01,lit_sindia,4.959287020629581,289.0,gpcc2025
1980-11-01,lit_sindia,5.813184777039129,292.0,gpcc2025
1980-12-01,lit_sindia,1.9297581346928274,290.0,gpcc2025
1976-01-01,lit_cpacific,2.6020082301435,21.0,gpcc2025
1976-02-01,lit_cpacific,2.588891141571555,21.0,gpcc2025
1976-03-01,lit_cpacific,5.71391110779039,20.0,gpcc2025
1976-04-01,lit_cpacific,6.615937931815315,22.0,gpcc2025
1976-05-01,lit_cpacific,7.001376373193973,21.0,gpcc2025
1976-06-01,lit_cpacific,9.246809308258912,19.0,gpcc2025
1976-07-01,lit_cpacific,8.45875976246106,19.0,gpcc2025
1976-08-01,lit_cpacific,7.191031331494195,20.0,gpcc2025
1976-09-01,lit_cpacific,6.443909838606346,20.0,gpcc2025
1976-10-01,lit_cpacific,5.201898035230641,20.0,gpcc2025
1976-11-01,lit_cpacific,5.034820143326726,20.0,gpcc2025
1976-12-01,lit_cpacific,8.586755310336686,22.0,gpcc2025
1977-01-01,lit_cpacific,9.924771184348934,21.0,gpcc2025
1977-02-01,lit_cpacific,6.204697460154151,18.0,gpcc2025
1977-03-01,lit_cpacific,9.357543811779768,19.0,gpcc2025
1977-04-01,lit_cpacific,8.6928858273371,21.0,gpcc2025
1977-05-01,lit_cpacific,5.894860631410196,23.0,gpcc2025
1977-06-01,lit_cpacific,5.2904475027176066,24.0,gpcc2025
1977-07-01,lit_cpacific,6.113647373051134,22.0,gpcc2025
1977-08-01,lit_cpacific,4.237773040936563,22.0,gpcc2025
1977-09-01,lit_cpacific,4.983281398277932,21.0,gpcc2025
1977-10-01,lit_cpacific,4.379802634950266,22.0,gpcc2025
1977-11-01,lit_cpacific,8.360222218579676,20.0,gpcc2025
1977-12-01,lit_cpacific,10.383004072604438,17.0,gpcc2025
1978-01-01,lit_cpacific,9.161276188668587,19.0,gpcc2025
1978-02-01,lit_cpacific,8.09109329254621,20.0,gpcc2025
1978-03-01,lit_cpacific,7.931916265351479,19.0,gpcc2025
1978-04-01,lit_cpacific,7.095927989976287,19.0,gpcc2025
1978-05-01,lit_cpacific,4.490668067823692,18.0,gpcc2025
1978-06-01,lit_cpacific,3.290083676631298,19.0,gpcc2025
1978-07-01,lit_cpacific,2.906509881885383,20.0,gpcc2025
1978-08-01,lit_cpacific,2.7092431226438065,19.0,gpcc2025
1978-09-01,lit_cpacific,1.811153837630543,23.0,gpcc2025
1978-10-01,lit_cpacific,2.0116032591342443,23.0,gpcc2025
1978-11-01,lit_cpacific,3.1164428648816638,23.0,gpcc2025
1978-12-01,lit_cpacific,6.450920067422369,22.0,gpcc2025
1979-01-01,lit_cpacific,8.82010638934637,21.0,gpcc2025
1979-02-01,lit_cpacific,7.899980968970178,22.0,gpcc2025
1979-03-01,lit_cpacific,9.678204374700476,22.0,gpcc2025
1979-04-01,lit_cpacific,5.255864578560941,21.0,gpcc2025
1979-05-01,lit_cpacific,6.739337574482054,21.0,gpcc2025
1979-06-01,lit_cpacific,6.021130959351466,21.0,gpcc2025
1979-07-01,lit_cpacific,3.0531820900121347,21.0,gpcc2025
1979-08-01,lit_cpacific,3.8171750389759405,20.0,gpcc2025
1979-09-01,lit_cpacific,3.1042544524784508,21.0,gpcc2025
1979-10-01,lit_cpacific,6.263615953639983,21.0,gpcc2025
1979-11-01,lit_cpacific,4.068069702954356,21.0,gpcc2025
1979-12-01,lit_cpacific,8.728330204606133,19.0,gpcc2025
1980-01-01,lit_cpacific,7.596985614661423,20.0,gpcc2025
1980-02-01,lit_cpacific,5.72405767210555,20.0,gpcc2025
1980-03-01,lit_cpacific,10.03060773723241,22.0,gpcc2025
1980-04-01,lit_cpacific,7.262201960535541,21.0,gpcc2025
1980-05-01,lit_cpacific,6.235522122541873,20.0,gpcc2025
1980-06-01,lit_cpacific,6.062640584002645,19.0,gpcc2025
1980-07-01,lit_cpacific,6.236837872658182,21.0,gpcc2025
1980-08-01,lit_cpacific,6.8706658914766106,20.0,gpcc2025
1980-09-01,lit_cpacific,2.7663172556236995,19.0,gpcc2025
1980-10-01,lit_cpacific,2.2839626167075164,19.0,gpcc2025
1980-11-01,lit_cpacific,4.369474554469161,18.0,gpcc2025
1980-12-01,lit_cpacific,5.690648247798722,19.0,gpcc2025
1976-01-01,box_hawaii,4.285254322642025,182.0,gpcc2025
1976-02-01,box_hawaii,6.972614495517678,188.0,gpcc2025
1976-03-01,box_hawaii,6.711247838947016,190.0,gpcc2025
1976-04-01,box_hawaii,4.138171072329581,185.0,gpcc2025
1976-05-01,box_hawaii,1.5625509894778464,170.0,gpcc2025
1976-06-01,box_hawaii,1.381829579887521,186.0,gpcc2025
1976-07-01,box_hawaii,1.8935450690384792,165.0,gpcc2025
1976-08-01,box_hawaii,1.7373598500539147,191.0,gpcc2025
1976-09-01,box_hawaii,1.4745789812066816,189.0,gpcc2025
1976-10-01,box_hawaii,2.18964915495396,177.0,gpcc2025
1976-11-01,box_hawaii,2.0955643010131006,173.0,gpcc2025
1976-12-01,box_hawaii,1.5793434973140414,178.0,gpcc2025
1977-01-01,box_hawaii,0.9909296599715919,182.0,gpcc2025
1977-02-01,box_hawaii,2.3260476084695942,196.0,gpcc2025
1977-03-01,box_hawaii,4.939570982684622,191.0,gpcc2025
1977-04-01,box_hawaii,5.6179101430682925,190.0,gpcc2025
1977-05-01,box_hawaii,3.6024204349969127,190.0,gpcc2025
1977-06-01,box_hawaii,1.4260989722874915,193.0,gpcc2025
1977-07-01,box_hawaii,1.9021553420382882,183.0,gpcc2025
1977-08-01,box_hawaii,2.4015675977134747,196.0,gpcc2025
1977-09-01,box_hawaii,1.0349100760213854,195.0,gpcc2025
1977-10-01,box_hawaii,2.0570442108311924,186.0,gpcc2025
1977-11-01,box_hawaii,1.377270862824879,181.0,gpcc2025
1977-12-01,box_hawaii,2.697603261138038,183.0,gpcc2025
1978-01-01,box_hawaii,1.647162726521901,186.0,gpcc2025
1978-02-01,box_hawaii,0.6862164368824349,192.0,gpcc2025
1978-03-01,box_hawaii,3.213157459727636,191.0,gpcc2025
1978-04-01,box_hawaii,2.935174875616028,184.0,gpcc2025
1978-05-01,box_hawaii,4.451005539994091,182.0,gpcc2025
1978-06-01,box_hawaii,3.990202667224285,183.0,gpcc2025
1978-07-01,box_hawaii,2.6169420703427964,173.0,gpcc2025
1978-08-01,box_hawaii,3.6590216262734883,179.0,gpcc2025
1978-09-01,box_hawaii,1.8918648963923235,167.0,gpcc2025
1978-10-01,box_hawaii,4.932267730370955,179.0,gpcc2025
1978-11-01,box_hawaii,7.010204226333214,171.0,gpcc2025
1978-12-01,box_hawaii,3.8916023825560577,178.0,gpcc2025
1979-01-01,box_hawaii,7.798588872721714,172.0,gpcc2025
1979-02-01,box_hawaii,13.759630242744276,177.0,gpcc2025
1979-03-01,box_hawaii,1.5530139466451616,186.0,gpcc2025
1979-04-01,box_hawaii,3.994348141384617,175.0,gpcc2025
1979-05-01,box_hawaii,2.2914789002631086,186.0,gpcc2025
1979-06-01,box_hawaii,2.9387879873806506,182.0,gpcc2025
1979-07-01,box_hawaii,1.5810906323179013,172.0,gpcc2025
1979-08-01,box_hawaii,1.9889361433605097,182.0,gpcc2025
1979-09-01,box_hawaii,1.5956812145010344,174.0,gpcc2025
1979-10-01,box_hawaii,3.085446008777953,177.0,gpcc2025
1979-11-01,box_hawaii,4.805104777633958,165.0,gpcc2025
1979-12-01,box_hawaii,3.5763735382154906,175.0,gpcc2025
1980-01-01,box_hawaii,7.6723701672513265,178.0,gpcc2025
1980-02-01,box_hawaii,2.9684853488771936,183.0,gpcc2025
1980-03-01,box_hawaii,11.044138715605676,162.0,gpcc2025
1980-04-01,box_hawaii,4.424607112023143,176.0,gpcc2025
1980-05-01,box_hawaii,4.074077883273509,173.0,gpcc2025
1980-06-01,box_hawaii,3.7793601995947395,178.0,gpcc2025
1980-07-01,box_hawaii,3.3901085398749244,179.0,gpcc2025
1980-08-01,box_hawaii,2.695714347965928,171.0,gpcc2025
1980-09-01,box_hawaii,3.2248469868418326,179.0,gpcc2025
1980-10-01,box_hawaii,2.5531350004228797,179.0,gpcc2025
1980-11-01,box_hawaii,1.4167242648859362,171.0,gpcc2025
1980-12-01,box_hawaii,3.582308141880802,178.0,gpcc2025
1981-01-01,wpacific,10.678194677568895,99.0,gpcc2025
1981-02-01,wpacific,11.31661997431284,100.0,gpcc2025
1981-03-01,wpacific,6.267224990691183,98.0,gpcc2025
1981-04-01,wpacific,8.293258998251194,101.0,gpcc2025
1981-05-01,wpacific,5.452382116804307,99.0,gpcc2025
1981-06-01,wpacific,5.635470643941362,100.0,gpcc2025
1981-07-01,wpacific,7.369940795262525,101.0,gpcc2025
1981-08-01,wpacific,5.968431375588318,101.0,gpcc2025
1981-09-01,wpacific,7.206001866504602,101.0,gpcc2025
1981-10-01,wpacific,7.406932618443266,99.0,gpcc2025
1981-11-01,wpacific,7.489388945597797,102.0,gpcc2025
1981-12-01,wpacific,10.219364292238582,103.0,gpcc2025
1982-01-01,wpacific,9.39037015937669,101.0,gpcc2025
1982-02-01,wpacific,9.090958724643098,101.0,gpcc2025
1982-03-01,wpacific,11.107401655944168,98.0,gpcc2025
1982-04-01,wpacific,9.44339138127855,104.0,gpcc2025
1982-05-01,wpacific,8.253558766566599,102.0,gpcc2025
1982-06-01,wpacific,8.05337098381349,103.0,gpcc2025
1982-07-01,wpacific,8.316501325929476,102.0,gpcc2025
1982-08-01,wpacific,8.771728506175196,106.0,gpcc2025
1982-09-01,wpacific,5.046240423464149,105.0,gpcc2025
1982-10-01,wpacific,5.4149389015879965,105.0,gpcc2025
1982-11-01,wpacific,5.353535641672576,107.0,gpcc2025
1982-12-01,wpacific,5.4824788572188,105.0,gpcc2025
1983-01-01,wpacific,6.048321957774763,108.0,gpcc2025
1983-02-01,wpacific,7.6375603075976,107.0,gpcc2025
1983-03-01,wpacific,7.025882640469631,107.0,gpcc2025
1983-04-01,wpacific,5.0044534910310094,107.0,gpcc2025
1983-05-01,wpacific,5.228397753522762,107.0,gpcc2025
1983-06-01,wpacific,5.760397055853841,107.0,gpcc2025
1983-07-01,wpacific,7.428803662106869,106.0,gpcc2025
1983-08-01,wpacific,5.7499673071717385,107.0,gpcc2025
1983-09-01,wpacific,6.831235275262199,105.0,gpcc2025
1983-10-01,wpacific,6.770915568491571,105.0,gpcc2025
1983-11-01,wpacific,8.889141025973421,106.0,gpcc2025
1983-12-01,wpacific,7.646401460860854,105.0,gpcc2025
1984-01-01,wpacific,7.700195696873897,103.0,gpcc2025
1984-02-01,wpacific,8.599716943550735,103.0,gpcc2025
1984-03-01,wpacific,9.021069549543201,103.0,gpcc2025
1984-04-01,wpacific,8.451629027240871,103.0,gpcc2025
1984-05-01,wpacific,8.413484075636042,106.0,gpcc2025
1984-06-01,wpacific,8.044170537468279,105.0,gpcc2025
1984-07-01,wpacific,5.87022838168642,105.0,gpcc2025
1984-08-01,wpacific,5.6158392172764655,105.0,gpcc2025
1984-09-01,wpacific,4.832184512212246,102.0,gpcc2025
1984-10-01,wpacific,8.833133726869058,99.0,gpcc2025
1984-11-01,wpacific,8.716023343521442,100.0,gpcc2025
1984-12-01,wpacific,7.104069322946682,96.0,gpcc2025
1985-01-01,wpacific,9.403554674532566,103.0,gpcc2025
1985-02-01,wpacific,9.06116396940608,106.0,gpcc2025
1985-03-01,wpacific,11.420108977654271,104.0,gpcc2025
1985-04-01,wpacific,7.778164039667335,106.0,gpcc2025
1985-05-01,wpacific,8.590697537402376,109.0,gpcc2025
1985-06-01,wpacific,7.484210335954418,106.0,gpcc2025
1985-07-01,wpacific,7.665481899458577,104.0,gpcc2025
1985-08-01,wpacific,8.652976153978319,107.0,gpcc2025
1985-09-01,wpacific,7.581733288816369,106.0,gpcc2025
1985-10-01,wpacific,7.353556322359984,107.0,gpcc2025
1985-11-01,wpacific,7.742814752945551,107.0,gpcc2025
1985-12-01,wpacific,7.06765312463728,107.0,gpcc2025
1981-01-01,hawaii,1.1686860205333416,179.0,gpcc2025
1981-02-01,hawaii,2.7353617101145127,183.0,gpcc2025
1981-03-01,hawaii,2.0385618847758074,172.0,gpcc2025
1981-04-01,hawaii,2.8534901119581293,171.0,gpcc2025
1981-05-01,hawaii,2.046307721095054,170.0,gpcc2025
1981-06-01,hawaii,1.1043787817802757,176.0,gpcc2025
1981-07-01,hawaii,2.107598183223419,180.0,gpcc2025
1981-08-01,hawaii,3.4006159827314812,166.0,gpcc2025
1981-09-01,hawaii,2.461333070891767,177.0,gpcc2025
1981-10-01,hawaii,3.2010567472028133,172.0,gpcc2025
1981-11-01,hawaii,4.605006883346393,160.0,gpcc2025
1981-12-01,hawaii,7.292771054916914,164.0,gpcc2025
1982-01-01,hawaii,10.195399369372305,156.0,gpcc2025
1982-02-01,hawaii,5.653650842252395,180.0,gpcc2025
1982-03-01,hawaii,10.921186188166292,157.0,gpcc2025
1982-04-01,hawaii,5.518958935007735,167.0,gpcc2025
1982-05-01,hawaii,2.00192920217481,167.0,gpcc2025
1982-06-01,hawaii,3.1413577087628344,180.0,gpcc2025
1982-07-01,hawaii,5.441460155192724,168.0,gpcc2025
1982-08-01,hawaii,6.122240215411401,175.0,gpcc2025
1982-09-01,hawaii,3.021636660022628,183.0,gpcc2025
1982-10-01,hawaii,5.757457868298554,169.0,gpcc2025
1982-11-01,hawaii,4.012129152274945,158.0,gpcc2025
1982-12-01,hawaii,4.631460188986942,155.0,gpcc2025
1983-01-01,hawaii,1.0933373735364358,168.0,gpcc2025
1983-02-01,hawaii,0.5955338978668422,184.0,gpcc2025
1983-03-01,hawaii,1.0015675302362466,182.0,gpcc2025
1983-04-01,hawaii,2.5713053943284683,173.0,gpcc2025
1983-05-01,hawaii,2.8037135425741186,175.0,gpcc2025
1983-06-01,hawaii,2.227755106748175,182.0,gpcc2025
1983-07-01,hawaii,2.759313855407825,165.0,gpcc2025
1983-08-01,hawaii,2.733878059259743,174.0,gpcc2025
1983-09-01,hawaii,3.657062971940705,177.0,gpcc2025
1983-10-01,hawaii,2.608183864156927,163.0,gpcc2025
1983-11-01,hawaii,1.0832066768658448,164.0,gpcc2025
1983-12-01,hawaii,3.6899572903280764,161.0,gpcc2025
1984-01-01,hawaii,3.1595482219430595,161.0,gpcc2025
1984-02-01,hawaii,2.6544354076964574,178.0,gpcc2025
1984-03-01,hawaii,1.7720396962262341,181.0,gpcc2025
1984-04-01,hawaii,3.229365081914411,162.0,gpcc2025
1984-05-01,hawaii,1.8887208456805458,178.0,gpcc2025
1984-06-01,hawaii,1.2700448767383785,180.0,gpcc2025
1984-07-01,hawaii,1.931507799917164,169.0,gpcc2025
1984-08-01,hawaii,1.990475913040201,179.0,gpcc2025
1984-09-01,hawaii,1.6697194392561088,175.0,gpcc2025
1984-10-01,hawaii,1.606081212364024,181.0,gpcc2025
1984-11-01,hawaii,4.983934961893417,162.0,gpcc2025
1984-12-01,hawaii,4.855300242973003,148.0,gpcc2025
1985-01-01,hawaii,3.1253829656916787,165.0,gpcc2025
1985-02-01,hawaii,5.376282893769856,171.0,gpcc2025
1985-03-01,hawaii,5.863582632234954,159.0,gpcc2025
1985-04-01,hawaii,2.1518928797834023,177.0,gpcc2025
1985-05-01,hawaii,3.404534750907202,174.0,gpcc2025
1985-06-01,hawaii,0.9594863632524728,178.0,gpcc2025
1985-07-01,hawaii,2.0151882043019986,175.0,gpcc2025
1985-08-01,hawaii,2.28273955930959,177.0,gpcc2025
1985-09-01,hawaii,3.0160328422723226,170.0,gpcc2025
1985-10-01,hawaii,4.2700304705695205,174.0,gpcc2025
1985-11-01,hawaii,4.3729437994543785,160.0,gpcc2025
1985-12-01,hawaii,1.4438717403221502,173.0,gpcc2025
1981-01-01,cpacific,6.4893421067238455,30.0,gpcc2025
1981-02-01,cpacific,11.425099981843307,29.0,gpcc2025
1981-03-01,cpacific,9.851139933480622,32.0,gpcc2025
1981-04-01,cpacific,10.063307606334536,32.0,gpcc2025
1981-05-01,cpacific,5.260399547880306,30.0,gpcc2025
1981-06-01,cpacific,5.5872825911238975,30.0,gpcc2025
1981-07-01,cpacific,4.970753063289979,29.0,gpcc2025
1981-08-01,cpacific,3.6054060191388824,30.0,gpcc2025
1981-09-01,cpacific,3.197082684261463,31.0,gpcc2025
1981-10-01,cpacific,2.2851297565033963,29.0,gpcc2025
1981-11-01,cpacific,2.919100674377187,29.0,gpcc2025
1981-12-01,cpacific,8.439088237596408,28.0,gpcc2025
1982-01-01,cpacific,3.6969773601719633,29.0,gpcc2025
1982-02-01,cpacific,6.216355687703371,29.0,gpcc2025
1982-03-01,cpacific,4.571285761195848,31.0,gpcc2025
1982-04-01,cpacific,5.221259115757703,32.0,gpcc2025
1982-05-01,cpacific,4.4009415739359845,32.0,gpcc2025
1982-06-01,cpacific,4.773110847914153,31.0,gpcc2025
1982-07-01,cpacific,6.380714362804204,31.0,gpcc2025
1982-08-01,cpacific,7.982680410494441,32.0,gpcc2025
1982-09-01,cpacific,6.897791327205813,32.0,gpcc2025
1982-10-01,cpacific,7.691924039777141,32.0,gpcc2025
1982-11-01,cpacific,7.6562152031801505,30.0,gpcc2025
1982-12-01,cpacific,7.894184950197196,31.0,gpcc2025
1983-01-01,cpacific,14.159156659077698,32.0,gpcc2025
1983-02-01,cpacific,10.367137670725825,31.0,gpcc2025
1983-03-01,cpacific,6.991025565073864,31.0,gpcc2025
1983-04-01,cpacific,6.386590657572356,31.0,gpcc2025
1983-05-01,cpacific,7.69782532482562,32.0,gpcc2025
1983-06-01,cpacific,8.037815542026483,30.0,gpcc2025
1983-07-01,cpacific,6.912970125415919,32.0,gpcc2025
1983-08-01,cpacific,5.35138531781672,31.0,gpcc2025
1983-09-01,cpacific,4.256216959034032,34.0,gpcc2025
1983-10-01,cpacific,2.8707344805033173,34.0,gpcc2025
1983-11-01,cpacific,4.732581863221423,34.0,gpcc2025
1983-12-01,cpacific,3.7223960000205847,30.0,gpcc2025
1984-01-01,cpacific,3.899184208800802,32.0,gpcc2025
1984-02-01,cpacific,3.8380841279858475,31.0,gpcc2025
1984-03-01,cpacific,6.451701377787818,33.0,gpcc2025
1984-04-01,cpacific,5.052421377704208,33.0,gpcc2025
1984-05-01,cpacific,5.0522138838703325,34.0,gpcc2025
1984-06-01,cpacific,5.3142966445716295,34.0,gpcc2025
1984-07-01,cpacific,5.661102552252126,33.0,gpcc2025
1984-08-01,cpacific,5.076050812038698,34.0,gpcc2025
1984-09-01,cpacific,3.3171108757859615,33.0,gpcc2025
1984-10-01,cpacific,3.6094257037745914,33.0,gpcc2025
1984-11-01,cpacific,4.276885594331265,33.0,gpcc2025
1984-12-01,cpacific,6.651230874182496,32.0,gpcc2025
1985-01-01,cpacific,6.981823097039342,34.0,gpcc2025
1985-02-01,cpacific,3.8114308248839146,33.0,gpcc2025
1985-03-01,cpacific,7.040419581358432,31.0,gpcc2025
1985-04-01,cpacific,3.028620197795513,32.0,gpcc2025
1985-05-01,cpacific,3.677671579725697,32.0,gpcc2025
1985-06-01,cpacific,4.631642447231341,32.0,gpcc2025
1985-07-01,cpacific,4.184098737826819,31.0,gpcc2025
1985-08-01,cpacific,4.0341848838023004,30.0,gpcc2025
1985-09-01,cpacific,2.158911346662431,27.0,gpcc2025
1985-10-01,cpacific,2.532134278803064,31.0,gpcc2025
1985-11-01,cpacific,5.081043894435331,30.0,gpcc2025
1985-12-01,cpacific,5.842552040319906,29.0,gpcc2025
1981-01-01,lit_camerica,1.4515303818011478,625.0,gpcc2025
1981-02-01,lit_camerica,3.2957364760244907,620.0,gpcc2025
1981-03-01,lit_camerica,1.5005407551021828,624.0,gpcc2025
1981-04-01,lit_camerica,3.822510869781394,616.0,gpcc2025
1981-05-01,lit_camerica,6.092822732136666,622.0,gpcc2025
1981-06-01,lit_camerica,9.874859928708924,627.0,gpcc2025
1981-07-01,lit_camerica,7.6935701293038,616.0,gpcc2025
1981-08-01,lit_camerica,8.81733131371716,609.0,gpcc2025
1981-09-01,lit_camerica,7.716593176364021,617.0,gpcc2025
1981-10-01,lit_camerica,8.134906352837287,609.0,gpcc2025
1981-11-01,lit_camerica,4.654099079436847,603.0,gpcc2025
1981-12-01,lit_camerica,4.109017620144036,608.0,gpcc2025
1982-01-01,lit_camerica,2.68562721025528,592.0,gpcc2025
1982-02-01,lit_camerica,2.742499033741331,594.0,gpcc2025
1982-03-01,lit_camerica,1.3256863259629852,605.0,gpcc2025
1982-04-01,lit_camerica,1.8596242962258607,604.0,gpcc2025
1982-05-01,lit_camerica,7.7252223425243285,613.0,gpcc2025
1982-06-01,lit_camerica,7.231466824210206,611.0,gpcc2025
1982-07-01,lit_camerica,7.233727273151341,610.0,gpcc2025
1982-08-01,lit_camerica,6.092080093021957,610.0,gpcc2025
1982-09-01,lit_camerica,9.005947551588658,614.0,gpcc2025
1982-10-01,lit_camerica,6.577951280958818,612.0,gpcc2025
1982-11-01,lit_camerica,4.772266155211269,613.0,gpcc2025
1982-12-01,lit_camerica,3.2703721021777583,618.0,gpcc2025
1983-01-01,lit_camerica,2.370572087532985,616.0,gpcc2025
1983-02-01,lit_camerica,1.5815047910736248,615.0,gpcc2025
1983-03-01,lit_camerica,1.187914500409845,622.0,gpcc2025
1983-04-01,lit_camerica,1.6430425971259717,619.0,gpcc2025
1983-05-01,lit_camerica,3.083780585396552,618.0,gpcc2025
1983-06-01,lit_camerica,6.497634814878867,608.0,gpcc2025
1983-07-01,lit_camerica,8.665945568087022,618.0,gpcc2025
1983-08-01,lit_camerica,6.933040097535221,621.0,gpcc2025
1983-09-01,lit_camerica,7.420844726069723,585.0,gpcc2025
1983-10-01,lit_camerica,7.818256379320338,604.0,gpcc2025
1983-11-01,lit_camerica,3.7308642732595683,581.0,gpcc2025
1983-12-01,lit_camerica,3.536066965726969,604.0,gpcc2025
1984-01-01,lit_camerica,3.004294570948075,580.0,gpcc2025
1984-02-01,lit_camerica,3.168394648595881,584.0,gpcc2025
1984-03-01,lit_camerica,1.5604756689966208,588.0,gpcc2025
1984-04-01,lit_camerica,1.3022310141487112,581.0,gpcc2025
1984-05-01,lit_camerica,5.31285834324338,575.0,gpcc2025
1984-06-01,lit_camerica,7.017571854843195,577.0,gpcc2025
1984-07-01,lit_camerica,8.393165274221127,589.0,gpcc2025
1984-08-01,lit_camerica,6.96028914222118,592.0,gpcc2025
1984-09-01,lit_camerica,8.995950465718476,588.0,gpcc2025
1984-10-01,lit_camerica,7.17577958154816,590.0,gpcc2025
1984-11-01,lit_camerica,5.46149416352065,576.0,gpcc2025
1984-12-01,lit_camerica,2.9185894357456954,573.0,gpcc2025
1985-01-01,lit_camerica,2.192839692672138,572.0,gpcc2025
1985-02-01,lit_camerica,2.2630889406742467,577.0,gpcc2025
1985-03-01,lit_camerica,1.7305182346738668,584.0,gpcc2025
1985-04-01,lit_camerica,2.4872820914723275,588.0,gpcc2025
1985-05-01,lit_camerica,3.578591461528196,582.0,gpcc2025
1985-06-01,lit_camerica,6.08453947417589,580.0,gpcc2025
1985-07-01,lit_camerica,6.437767209177354,573.0,gpcc2025
1985-08-01,lit_camerica,6.556684091264251,577.0,gpcc2025
1985-09-01,lit_camerica,6.382702894001137,558.0,gpcc2025
1985-10-01,lit_camerica,8.322145286474925,566.0,gpcc2025
1985-11-01,lit_camerica,4.812377584867132,564.0,gpcc2025
1985-12-01,lit_camerica,3.290824948327237,563.0,gpcc2025
1981-01-01,lit_wpacific,10.650906206190104,66.0,gpcc2025
1981-02-01,lit_wpacific,11.270560251506174,67.0,gpcc2025
1981-03-01,lit_wpacific,7.056297278149274,62.0,gpcc2025
1981-04-01,lit_wpacific,9.041587725795758,65.0,gpcc2025
1981-05-01,lit_wpacific,6.415103941809735,65.0,gpcc2025
1981-06-01,lit_wpacific,7.917478669464514,69.0,gpcc2025
1981-07-01,lit_wpacific,10.700976111294082,69.0,gpcc2025
1981-08-01,lit_wpacific,7.802811146505461,67.0,gpcc2025
1981-09-01,lit_wpacific,9.249302128504102,66.0,gpcc2025
1981-10-01,lit_wpacific,9.003738373485156,64.0,gpcc2025
1981-11-01,lit_wpacific,8.069096030962383,64.0,gpcc2025
1981-12-01,lit_wpacific,10.317071684535515,63.0,gpcc2025
1982-01-01,lit_wpacific,9.641464343436793,66.0,gpcc2025
1982-02-01,lit_wpacific,9.376742725475312,67.0,gpcc2025
1982-03-01,lit_wpacific,10.86006833910883,68.0,gpcc2025
1982-04-01,lit_wpacific,9.727629553155774,71.0,gpcc2025
1982-05-01,lit_wpacific,8.791483074093323,69.0,gpcc2025
1982-06-01,lit_wpacific,8.690181450978722,72.0,gpcc2025
1982-07-01,lit_wpacific,9.207048728392431,67.0,gpcc2025
1982-08-01,lit_wpacific,9.475469030437237,66.0,gpcc2025
1982-09-01,lit_wpacific,5.196032997442194,63.0,gpcc2025
1982-10-01,lit_wpacific,6.229732988719183,64.0,gpcc2025
1982-11-01,lit_wpacific,5.007239276972377,68.0,gpcc2025
1982-12-01,lit_wpacific,6.164646537065043,64.0,gpcc2025
1983-01-01,lit_wpacific,8.457239383874441,73.0,gpcc2025
1983-02-01,lit_wpacific,10.443612453030967,71.0,gpcc2025
1983-03-01,lit_wpacific,8.92608454063299,73.0,gpcc2025
1983-04-01,lit_wpacific,7.406419992683074,72.0,gpcc2025
1983-05-01,lit_wpacific,8.017994676681694,71.0,gpcc2025
1983-06-01,lit_wpacific,8.598851866303914,70.0,gpcc2025
1983-07-01,lit_wpacific,9.252085018163191,71.0,gpcc2025
1983-08-01,lit_wpacific,7.566488874019834,68.0,gpcc2025
1983-09-01,lit_wpacific,8.99863499237787,68.0,gpcc2025
1983-10-01,lit_wpacific,8.432651019871004,67.0,gpcc2025
1983-11-01,lit_wpacific,9.589065177301242,68.0,gpcc2025
1983-12-01,lit_wpacific,7.266942825189903,68.0,gpcc2025
1984-01-01,lit_wpacific,6.282410885260185,69.0,gpcc2025
1984-02-01,lit_wpacific,7.57094970839139,72.0,gpcc2025
1984-03-01,lit_wpacific,10.469276169871314,73.0,gpcc2025
1984-04-01,lit_wpacific,9.525606649857515,70.0,gpcc2025
1984-05-01,lit_wpacific,9.596870558436265,72.0,gpcc2025
1984-06-01,lit_wpacific,9.40433655525294,68.0,gpcc2025
1984-07-01,lit_wpacific,8.621706976006928,67.0,gpcc2025
1984-08-01,lit_wpacific,7.682512865591495,69.0,gpcc2025
1984-09-01,lit_wpacific,6.351769596919389,64.0,gpcc2025
1984-10-01,lit_wpacific,9.060060015432715,63.0,gpcc2025
1984-11-01,lit_wpacific,8.615093150363908,64.0,gpcc2025
1984-12-01,lit_wpacific,8.958307114331886,60.0,gpcc2025
1985-01-01,lit_wpacific,10.126053686217636,64.0,gpcc2025
1985-02-01,lit_wpacific,9.588345993025078,67.0,gpcc2025
1985-03-01,lit_wpacific,12.153383056599703,68.0,gpcc2025
1985-04-01,lit_wpacific,8.142009332958846,65.0,gpcc2025
1985-05-01,lit_wpacific,8.96970157029018,65.0,gpcc2025
1985-06-01,lit_wpacific,8.446985889907054,61.0,gpcc2025
1985-07-01,lit_wpacific,9.270703843635774,64.0,gpcc2025
1985-08-01,lit_wpacific,11.466988673946808,63.0,gpcc2025
1985-09-01,lit_wpacific,8.097689988426938,57.0,gpcc2025
1985-10-01,lit_wpacific,8.047152291663135,66.0,gpcc2025
1985-11-01,lit_wpacific,8.917480297791172,60.0,gpcc2025
1985-12-01,lit_wpacific,8.082402361981389,63.0,gpcc2025
1981-01-01,lit_sindia,0.6712398843474385,262.0,gpcc2025
1981-02-01,lit_sindia,0.7196195678230335,255.0,gpcc2025
1981-03-01,lit_sindia,0.804528616798054,267.0,gpcc2025
1981-04-01,lit_sindia,2.076589622731377,274.0,gpcc2025
1981-05-01,lit_sindia,4.2083757104334465,277.0,gpcc2025
1981-06-01,lit_sindia,8.127342170537231,287.0,gpcc2025
1981-07-01,lit_sindia,6.986063080588596,285.0,gpcc2025
1981-08-01,lit_sindia,7.05684779052956,286.0,gpcc2025
1981-09-01,lit_sindia,7.267219774312378,284.0,gpcc2025
1981-10-01,lit_sindia,6.727355694503928,284.0,gpcc2025
1981-11-01,lit_sindia,3.9763825149289667,283.0,gpcc2025
1981-12-01,lit_sindia,1.9279666481664857,281.0,gpcc2025
1982-01-01,lit_sindia,0.11595092348721338,275.0,gpcc2025
1982-02-01,lit_sindia,0.1226699447202403,275.0,gpcc2025
1982-03-01,lit_sindia,1.1128189303505553,274.0,gpcc2025
1982-04-01,lit_sindia,1.5437754107094563,271.0,gpcc2025
1982-05-01,lit_sindia,3.3125027265828657,271.0,gpcc2025
1982-06-01,lit_sindia,6.61647117618505,269.0,gpcc2025
1982-07-01,lit_sindia,6.817421252780732,275.0,gpcc2025
1982-08-01,lit_sindia,7.167424236766806,272.0,gpcc2025
1982-09-01,lit_sindia,2.840536414150604,273.0,gpcc2025
1982-10-01,lit_sindia,4.033135374470759,269.0,gpcc2025
1982-11-01,lit_sindia,6.091225216580607,277.0,gpcc2025
1982-12-01,lit_sindia,1.8179996238228513,274.0,gpcc2025
1983-01-01,lit_sindia,0.1469187528735058,276.0,gpcc2025
1983-02-01,lit_sindia,0.13166829110809253,279.0,gpcc2025
1983-03-01,lit_sindia,0.2209777094385707,283.0,gpcc2025
1983-04-01,lit_sindia,0.7568315311969409,283.0,gpcc2025
1983-05-01,lit_sindia,2.878993688440595,280.0,gpcc2025
1983-06-01,lit_sindia,4.559303483858405,276.0,gpcc2025
1983-07-01,lit_sindia,7.768377345396918,267.0,gpcc2025
1983-08-01,lit_sindia,8.592126119130857,270.0,gpcc2025
1983-09-01,lit_sindia,7.839404681837559,272.0,gpcc2025
1983-10-01,lit_sindia,4.1944739857906175,277.0,gpcc2025
1983-11-01,lit_sindia,3.274600175611101,277.0,gpcc2025
1983-12-01,lit_sindia,5.900164124944438,277.0,gpcc2025
1984-01-01,lit_sindia,2.435183693003884,284.0,gpcc2025
1984-02-01,lit_sindia,4.270178371495712,280.0,gpcc2025
1984-03-01,lit_sindia,3.016130859460047,284.0,gpcc2025
1984-04-01,lit_sindia,3.3528259910119695,281.0,gpcc2025
1984-05-01,lit_sindia,2.1299562000624737,276.0,gpcc2025
1984-06-01,lit_sindia,7.263684646301898,276.0,gpcc2025
1984-07-01,lit_sindia,8.688828285859708,278.0,gpcc2025
1984-08-01,lit_sindia,3.488374813803896,278.0,gpcc2025
1984-09-01,lit_sindia,4.779985850177308,276.0,gpcc2025
1984-10-01,lit_sindia,4.938595987508814,284.0,gpcc2025
1984-11-01,lit_sindia,5.104196754266927,281.0,gpcc2025
1984-12-01,lit_sindia,1.3604797688977845,284.0,gpcc2025
1985-01-01,lit_sindia,1.7133750622152846,262.0,gpcc2025
1985-02-01,lit_sindia,1.247049953985695,259.0,gpcc2025
1985-03-01,lit_sindia,0.9586697635343667,262.0,gpcc2025
1985-04-01,lit_sindia,1.6206697305550442,258.0,gpcc2025
1985-05-01,lit_sindia,2.8692347928418327,257.0,gpcc2025
1985-06-01,lit_sindia,8.318904468385467,261.0,gpcc2025
1985-07-01,lit_sindia,5.341149465986837,261.0,gpcc2025
1985-08-01,lit_sindia,5.6272114574356324,253.0,gpcc2025
1985-09-01,lit_sindia,4.150875159833353,260.0,gpcc2025
1985-10-01,lit_sindia,4.703724352070989,260.0,gpcc2025
1985-11-01,lit_sindia,5.575083504212426,248.0,gpcc2025
1985-12-01,lit_sindia,2.4349138033734112,250.0,gpcc2025
1981-01-01,lit_cpacific,5.168040548375104,17.0,gpcc2025
1981-02-01,lit_cpacific,7.640328020720958,16.0,gpcc2025
1981-03-01,lit_cpacific,8.745567793181388,18.0,gpcc2025
1981-04-01,lit_cpacific,10.634327535367634,19.0,gpcc2025
1981-05-01,lit_cpacific,5.966008826183674,18.0,gpcc2025
1981-06-01,lit_cpacific,5.644342805809631,17.0,gpcc2025
1981-07-01,lit_cpacific,4.400273034458785,16.0,gpcc2025
1981-08-01,lit_cpacific,2.70092272768173,16.0,gpcc2025
1981-09-01,lit_cpacific,2.3256269359400994,17.0,gpcc2025
1981-10-01,lit_cpacific,1.906277393091764,15.0,gpcc2025
1981-11-01,lit_cpacific,2.2769662501643606,15.0,gpcc2025
1981-12-01,lit_cpacific,6.704749466369086,14.0,gpcc2025
1982-01-01,lit_cpacific,2.6508589536842497,16.0,gpcc2025
1982-02-01,lit_cpacific,3.2236917837523755,17.0,gpcc2025
1982-03-01,lit_cpacific,3.5728957647198807,17.0,gpcc2025
1982-04-01,lit_cpacific,5.478390479820363,18.0,gpcc2025
1982-05-01,lit_cpacific,4.868765982899669,18.0,gpcc2025
1982-06-01,lit_cpacific,5.35021796281097,18.0,gpcc2025
1982-07-01,lit_cpacific,7.70393163302348,17.0,gpcc2025
1982-08-01,lit_cpacific,8.554724796385228,18.0,gpcc2025
1982-09-01,lit_cpacific,6.657743000812206,18.0,gpcc2025
1982-10-01,lit_cpacific,7.135838844194672,18.0,gpcc2025
1982-11-01,lit_cpacific,7.523139434989298,18.0,gpcc2025
1982-12-01,lit_cpacific,6.796692519635883,19.0,gpcc2025
1983-01-01,lit_cpacific,8.478300425719103,18.0,gpcc2025
1983-02-01,lit_cpacific,5.346554476202594,17.0,gpcc2025
1983-03-01,lit_cpacific,3.353165427977665,18.0,gpcc2025
1983-04-01,lit_cpacific,5.564711900104454,19.0,gpcc2025
1983-05-01,lit_cpacific,7.935927787663018,19.0,gpcc2025
1983-06-01,lit_cpacific,8.960125741091066,18.0,gpcc2025
1983-07-01,lit_cpacific,6.882101150425329,20.0,gpcc2025
1983-08-01,lit_cpacific,3.381546838901354,18.0,gpcc2025
1983-09-01,lit_cpacific,3.1389429259057016,21.0,gpcc2025
1983-10-01,lit_cpacific,1.642949497226839,20.0,gpcc2025
1983-11-01,lit_cpacific,2.703927427845982,21.0,gpcc2025
1983-12-01,lit_cpacific,2.4669130384827618,18.0,gpcc2025
1984-01-01,lit_cpacific,3.4174394642322783,20.0,gpcc2025
1984-02-01,lit_cpacific,3.424376984467164,18.0,gpcc2025
1984-03-01,lit_cpacific,2.7714143980818573,21.0,gpcc2025
1984-04-01,lit_cpacific,4.895308998576226,20.0,gpcc2025
1984-05-01,lit_cpacific,4.6771272250091345,21.0,gpcc2025
1984-06-01,lit_cpacific,4.068494826777614,21.0,gpcc2025
1984-07-01,lit_cpacific,3.894705318071012,19.0,gpcc2025
1984-08-01,lit_cpacific,3.448179609701161,20.0,gpcc2025
1984-09-01,lit_cpacific,2.084642200710226,19.0,gpcc2025
1984-10-01,lit_cpacific,2.8686133287440945,20.0,gpcc2025
1984-11-01,lit_cpacific,2.6453830071678848,19.0,gpcc2025
1984-12-01,lit_cpacific,2.933416508636385,19.0,gpcc2025
1985-01-01,lit_cpacific,3.958620722080976,21.0,gpcc2025
1985-02-01,lit_cpacific,3.092582208503412,20.0,gpcc2025
1985-03-01,lit_cpacific,3.846698087731169,19.0,gpcc2025
1985-04-01,lit_cpacific,2.773932994739196,19.0,gpcc2025
1985-05-01,lit_cpacific,3.194435005880237,19.0,gpcc2025
1985-06-01,lit_cpacific,5.332749385993555,20.0,gpcc2025
1985-07-01,lit_cpacific,3.6450177689130925,18.0,gpcc2025
1985-08-01,lit_cpacific,3.697891550737514,17.0,gpcc2025
1985-09-01,lit_cpacific,2.15921525485024,14.0,gpcc2025
1985-10-01,lit_cpacific,1.762618021343975,18.0,gpcc2025
1985-11-01,lit_cpacific,4.131642731876654,17.0,gpcc2025
1985-12-01,lit_cpacific,5.147168776504346,16.0,gpcc2025
1981-01-01,box_hawaii,1.1686860205333416,179.0,gpcc2025
1981-02-01,box_hawaii,2.7353617101145127,183.0,gpcc2025
1981-03-01,box_hawaii,2.0385618847758074,172.0,gpcc2025
1981-04-01,box_hawaii,2.8534901119581293,171.0,gpcc2025
1981-05-01,box_hawaii,2.046307721095054,170.0,gpcc2025
1981-06-01,box_hawaii,1.1043787817802757,176.0,gpcc2025
1981-07-01,box_hawaii,2.107598183223419,180.0,gpcc2025
1981-08-01,box_hawaii,3.4006159827314812,166.0,gpcc2025
1981-09-01,box_hawaii,2.461333070891767,177.0,gpcc2025
1981-10-01,box_hawaii,3.2010567472028133,172.0,gpcc2025
1981-11-01,box_hawaii,4.605006883346393,160.0,gpcc2025
1981-12-01,box_hawaii,7.292771054916914,164.0,gpcc2025
1982-01-01,box_hawaii,10.195399369372305,156.0,gpcc2025
1982-02-01,box_hawaii,5.653650842252395,180.0,gpcc2025
1982-03-01,box_hawaii,10.921186188166292,157.0,gpcc2025
1982-04-01,box_hawaii,5.518958935007735,167.0,gpcc2025
1982-05-01,box_hawaii,2.00192920217481,167.0,gpcc2025
1982-06-01,box_hawaii,3.1413577087628344,180.0,gpcc2025
1982-07-01,box_hawaii,5.441460155192724,168.0,gpcc2025
1982-08-01,box_hawaii,6.122240215411401,175.0,gpcc2025
1982-09-01,box_hawaii,3.021636660022628,183.0,gpcc2025
1982-10-01,box_hawaii,5.757457868298554,169.0,gpcc2025
1982-11-01,box_hawaii,4.012129152274945,158.0,gpcc2025
1982-12-01,box_hawaii,4.631460188986942,155.0,gpcc2025
1983-01-01,box_hawaii,1.0933373735364358,168.0,gpcc2025
1983-02-01,box_hawaii,0.5955338978668422,184.0,gpcc2025
1983-03-01,box_hawaii,1.0015675302362466,182.0,gpcc2025
1983-04-01,box_hawaii,2.5713053943284683,173.0,gpcc2025
1983-05-01,box_hawaii,2.8037135425741186,175.0,gpcc2025
1983-06-01,box_hawaii,2.227755106748175,182.0,gpcc2025
1983-07-01,box_hawaii,2.759313855407825,165.0,gpcc2025
1983-08-01,box_hawaii,2.733878059259743,174.0,gpcc2025
1983-09-01,box_hawaii,3.657062971940705,177.0,gpcc2025
1983-10-01,box_hawaii,2.608183864156927,163.0,gpcc2025
1983-11-01,box_hawaii,1.0832066768658448,164.0,gpcc2025
1983-12-01,box_hawaii,3.6899572903280764,161.0,gpcc2025
1984-01-01,box_hawaii,3.1595482219430595,161.0,gpcc2025
1984-02-01,box_hawaii,2.6544354076964574,178.0,gpcc2025
1984-03-01,box_hawaii,1.7720396962262341,181.0,gpcc2025
1984-04-01,box_hawaii,3.229365081914411,162.0,gpcc2025
1984-05-01,box_hawaii,1.8887208456805458,178.0,gpcc2025
1984-06-01,box_hawaii,1.2700448767383785,180.0,gpcc2025
1984-07-01,box_hawaii,1.931507799917164,169.0,gpcc2025
1984-08-01,box_hawaii,1.990475913040201,179.0,gpcc2025
1984-09-01,box_hawaii,1.6697194392561088,175.0,gpcc2025
1984-10-01,box_hawaii,1.606081212364024,181.0,gpcc2025
1984-11-01,box_hawaii,4.983934961893417,162.0,gpcc2025
1984-12-01,box_hawaii,4.855300242973003,148.0,gpcc2025
1985-01-01,box_hawaii,3.1253829656916787,165.0,gpcc2025
1985-02-01,box_hawaii,5.376282893769856,171.0,gpcc2025
1985-03-01,box_hawaii,5.863582632234954,159.0,gpcc2025
1985-04-01,box_hawaii,2.1518928797834023,177.0,gpcc2025
1985-05-01,box_hawaii,3.404534750907202,174.0,gpcc2025
1985-06-01,box_hawaii,0.9594863632524728,178.0,gpcc2025
1985-07-01,box_hawaii,2.0151882043019986,175.0,gpcc2025
1985-08-01,box_hawaii,2.28273955930959,177.0,gpcc2025
1985-09-01,box_hawaii,3.0160328422723226,170.0,gpcc2025
1985-10-01,box_hawaii,4.2700304705695205,174.0,gpcc2025
1985-11-01,box_hawaii,4.3729437994543785,160.0,gpcc2025
1985-12-01,box_hawaii,1.4438717403221502,173.0,gpcc2025
1986-01-01,wpacific,8.976182139759814,114.0,gpcc2025
1986-02-01,wpacific,10.26329410325114,113.0,gpcc2025
1986-03-01,wpacific,10.401127680864173,114.0,gpcc2025
1986-04-01,wpacific,12.099360146051025,113.0,gpcc2025
1986-05-01,wpacific,8.380288215948367,114.0,gpcc2025
1986-06-01,wpacific,6.522926163159999,114.0,gpcc2025
1986-07-01,wpacific,5.300798687014581,113.0,gpcc2025
1986-08-01,wpacific,4.992509428646326,112.0,gpcc2025
1986-09-01,wpacific,7.259456612712101,114.0,gpcc2025
1986-10-01,wpacific,4.457649174514876,112.0,gpcc2025
1986-11-01,wpacific,7.57238636039159,109.0,gpcc2025
1986-12-01,wpacific,8.964699515768132,109.0,gpcc2025
1987-01-01,wpacific,5.4910166108372245,115.0,gpcc2025
1987-02-01,wpacific,11.411638110554438,113.0,gpcc2025
1987-03-01,wpacific,7.713555395367563,112.0,gpcc2025
1987-04-01,wpacific,7.473377058896821,115.0,gpcc2025
1987-05-01,wpacific,6.097511372152677,115.0,gpcc2025
1987-06-01,wpacific,4.83371346320483,115.0,gpcc2025
1987-07-01,wpacific,6.232788778096038,116.0,gpcc2025
1987-08-01,wpacific,5.783565236869542,114.0,gpcc2025
1987-09-01,wpacific,4.913312729034156,116.0,gpcc2025
1987-10-01,wpacific,5.157929717709648,116.0,gpcc2025
1987-11-01,wpacific,6.533727531826002,109.0,gpcc2025
1987-12-01,wpacific,8.447656781066241,109.0,gpcc2025
1988-01-01,wpacific,10.921683077388412,108.0,gpcc2025
1988-02-01,wpacific,10.602283022883505,112.0,gpcc2025
1988-03-01,wpacific,8.409170463721361,110.0,gpcc2025
1988-04-01,wpacific,8.083069437125008,109.0,gpcc2025
1988-05-01,wpacific,8.134677344485066,110.0,gpcc2025
1988-06-01,wpacific,8.176158160677765,109.0,gpcc2025
1988-07-01,wpacific,7.332045558457543,109.0,gpcc2025
1988-08-01,wpacific,7.176634395144113,108.0,gpcc2025
1988-09-01,wpacific,7.563561876165566,110.0,gpcc2025
1988-10-01,wpacific,10.139305919973108,111.0,gpcc2025
1988-11-01,wpacific,9.042914105400788,112.0,gpcc2025
1988-12-01,wpacific,12.641430696989385,108.0,gpcc2025
1989-01-01,wpacific,10.547198047663366,117.0,gpcc2025
1989-02-01,wpacific,12.933909915136999,116.0,gpcc2025
1989-03-01,wpacific,8.489080541642648,117.0,gpcc2025
1989-04-01,wpacific,14.449374880716716,117.0,gpcc2025
1989-05-01,wpacific,10.180544243148063,118.0,gpcc2025
1989-06-01,wpacific,7.230178670578949,118.0,gpcc2025
1989-07-01,wpacific,5.890177826733435,118.0,gpcc2025
1989-08-01,wpacific,7.412364807785424,120.0,gpcc2025
1989-09-01,wpacific,6.418144477994605,115.0,gpcc2025
1989-10-01,wpacific,7.851968249100809,117.0,gpcc2025
1989-11-01,wpacific,7.161565941614408,118.0,gpcc2025
1989-12-01,wpacific,8.717435140452165,119.0,gpcc2025
1990-01-01,wpacific,11.156346006097102,118.0,gpcc2025
1990-02-01,wpacific,7.063265944705897,119.0,gpcc2025
1990-03-01,wpacific,11.335516618094557,119.0,gpcc2025
1990-04-01,wpacific,7.737265580879614,114.0,gpcc2025
1990-05-01,wpacific,7.56465836749725,116.0,gpcc2025
1990-06-01,wpacific,7.736859216636323,119.0,gpcc2025
1990-07-01,wpacific,7.592326622774347,115.0,gpcc2025
1990-08-01,wpacific,7.1756233194154655,117.0,gpcc2025
1990-09-01,wpacific,7.75178212494143,114.0,gpcc2025
1990-10-01,wpacific,6.861622086364239,119.0,gpcc2025
1990-11-01,wpacific,8.76719209413403,119.0,gpcc2025
1990-12-01,wpacific,8.5260118807076,119.0,gpcc2025
1986-01-01,hawaii,1.3337075057163537,175.0,gpcc2025
1986-02-01,hawaii,2.348856998631283,178.0,gpcc2025
1986-03-01,hawaii,4.060871569695627,175.0,gpcc2025
1986-04-01,hawaii,7.519331786531981,175.0,gpcc2025
1986-05-01,hawaii,2.877194804657537,172.0,gpcc2025
1986-06-01,hawaii,2.6414782430781503,173.0,gpcc2025
1986-07-01,hawaii,4.08621511979219,172.0,gpcc2025
1986-08-01,hawaii,2.4540700444246983,170.0,gpcc2025
1986-09-01,hawaii,4.28166171702115,175.0,gpcc2025
1986-10-01,hawaii,2.7044592844417514,172.0,gpcc2025
1986-11-01,hawaii,6.767741552432363,152.0,gpcc2025
1986-12-01,hawaii,2.5318876255259513,161.0,gpcc2025
1987-01-01,hawaii,2.8928364425897626,129.0,gpcc2025
1987-02-01,hawaii,2.9940883555675284,146.0,gpcc2025
1987-03-01,hawaii,1.7194755552215013,144.0,gpcc2025
1987-04-01,hawaii,3.8301278353852317,143.0,gpcc2025
1987-05-01,hawaii,3.763405933454662,138.0,gpcc2025
1987-06-01,hawaii,2.789747858959482,143.0,gpcc2025
1987-07-01,hawaii,3.5471114208965626,143.0,gpcc2025
1987-08-01,hawaii,1.7310929516548543,135.0,gpcc2025
1987-09-01,hawaii,3.8982357568200148,141.0,gpcc2025
1987-10-01,hawaii,3.673343517560713,139.0,gpcc2025
1987-11-01,hawaii,4.532211206623713,121.0,gpcc2025
1987-12-01,hawaii,11.627961003835084,129.0,gpcc2025
1988-01-01,hawaii,5.61426322454196,112.0,gpcc2025
1988-02-01,hawaii,2.727862649030483,139.0,gpcc2025
1988-03-01,hawaii,3.2819286304803694,143.0,gpcc2025
1988-04-01,hawaii,2.9163225154739556,123.0,gpcc2025
1988-05-01,hawaii,3.0385891705123758,134.0,gpcc2025
1988-06-01,hawaii,1.3325923462979536,148.0,gpcc2025
1988-07-01,hawaii,1.6966672210850458,137.0,gpcc2025
1988-08-01,hawaii,3.2267289061773194,148.0,gpcc2025
1988-09-01,hawaii,2.653670934282118,146.0,gpcc2025
1988-10-01,hawaii,2.6890240934530265,145.0,gpcc2025
1988-11-01,hawaii,6.32921879689657,122.0,gpcc2025
1988-12-01,hawaii,6.787242104123224,140.0,gpcc2025
1989-01-01,hawaii,7.047580968964455,125.0,gpcc2025
1989-02-01,hawaii,8.605090912834772,148.0,gpcc2025
1989-03-01,hawaii,5.380431629942019,146.0,gpcc2025
1989-04-01,hawaii,9.304855496865668,133.0,gpcc2025
1989-05-01,hawaii,3.477621747386435,145.0,gpcc2025
1989-06-01,hawaii,2.6059117036730157,149.0,gpcc2025
1989-07-01,hawaii,6.206092933704107,128.0,gpcc2025
1989-08-01,hawaii,2.4850469528823704,145.0,gpcc2025
1989-09-01,hawaii,2.224980146505777,134.0,gpcc2025
1989-10-01,hawaii,6.9658903749993994,137.0,gpcc2025
1989-11-01,hawaii,1.9282587544065832,141.0,gpcc2025
1989-12-01,hawaii,2.941983775371785,141.0,gpcc2025
1990-01-01,hawaii,10.39197701223691,129.0,gpcc2025
1990-02-01,hawaii,6.374103235451067,143.0,gpcc2025
1990-03-01,hawaii,4.9480481671605,139.0,gpcc2025
1990-04-01,hawaii,1.7790089134768763,139.0,gpcc2025
1990-05-01,hawaii,2.6371757260251165,143.0,gpcc2025
1990-06-01,hawaii,1.908796037403917,138.0,gpcc2025
1990-07-01,hawaii,2.6403516970596796,127.0,gpcc2025
1990-08-01,hawaii,1.742995555380683,145.0,gpcc2025
1990-09-01,hawaii,3.5998227373551415,131.0,gpcc2025
1990-10-01,hawaii,3.8143049985235535,136.0,gpcc2025
1990-11-01,hawaii,12.278350535427295,122.0,gpcc2025
1990-12-01,hawaii,7.8639607964958556,121.0,gpcc2025
1986-01-01,cpacific,7.632705142652358,32.0,gpcc2025
1986-02-01,cpacific,5.287322017052452,31.0,gpcc2025
1986-03-01,cpacific,4.381539913311915,32.0,gpcc2025
1986-04-01,cpacific,5.831650624366791,33.0,gpcc2025
1986-05-01,cpacific,5.238373302932904,33.0,gpcc2025
1986-06-01,cpacific,4.626207569333915,32.0,gpcc2025
1986-07-01,cpacific,7.052318505349199,33.0,gpcc2025
1986-08-01,cpacific,4.6749980008319705,33.0,gpcc2025
1986-09-01,cpacific,6.78594131525296,34.0,gpcc2025
1986-10-01,cpacific,5.51695813129464,34.0,gpcc2025
1986-11-01,cpacific,7.636913938689898,34.0,gpcc2025
1986-12-01,cpacific,12.692029175131204,34.0,gpcc2025
1987-01-01,cpacific,12.160305188990447,34.0,gpcc2025
1987-02-01,cpacific,14.92981702207169,33.0,gpcc2025
1987-03-01,cpacific,11.35811939115125,33.0,gpcc2025
1987-04-01,cpacific,12.922814448967246,36.0,gpcc2025
1987-05-01,cpacific,10.239465171996585,34.0,gpcc2025
1987-06-01,cpacific,9.316030318608176,35.0,gpcc2025
1987-07-01,cpacific,12.75814230725627,35.0,gpcc2025
1987-08-01,cpacific,9.154069796583869,34.0,gpcc2025
1987-09-01,cpacific,7.176827278658185,34.0,gpcc2025
1987-10-01,cpacific,9.366214073195302,32.0,gpcc2025
1987-11-01,cpacific,5.89169978701082,34.0,gpcc2025
1987-12-01,cpacific,11.509475836730164,36.0,gpcc2025
1988-01-01,cpacific,11.773540365429605,35.0,gpcc2025
1988-02-01,cpacific,11.034946491873496,32.0,gpcc2025
1988-03-01,cpacific,8.548793248192789,33.0,gpcc2025
1988-04-01,cpacific,7.7347674776856135,33.0,gpcc2025
1988-05-01,cpacific,7.5503518687980735,31.0,gpcc2025
1988-06-01,cpacific,4.307539089275482,31.0,gpcc2025
1988-07-01,cpacific,5.269621614604177,32.0,gpcc2025
1988-08-01,cpacific,3.394219215084874,30.0,gpcc2025
1988-09-01,cpacific,1.9200981033961562,30.0,gpcc2025
1988-10-01,cpacific,2.269393853091722,28.0,gpcc2025
1988-11-01,cpacific,1.4809476236815255,29.0,gpcc2025
1988-12-01,cpacific,2.4528777886104693,27.0,gpcc2025
1989-01-01,cpacific,3.1548358383762642,23.0,gpcc2025
1989-02-01,cpacific,1.6900590774167825,24.0,gpcc2025
1989-03-01,cpacific,4.042749936628144,26.0,gpcc2025
1989-04-01,cpacific,3.9499683094149005,27.0,gpcc2025
1989-05-01,cpacific,3.7655879668394476,30.0,gpcc2025
1989-06-01,cpacific,3.238808532887134,29.0,gpcc2025
1989-07-01,cpacific,2.7638923171960688,31.0,gpcc2025
1989-08-01,cpacific,3.022322130295275,28.0,gpcc2025
1989-09-01,cpacific,3.2022938057255548,27.0,gpcc2025
1989-10-01,cpacific,2.2977065025483245,29.0,gpcc2025
1989-11-01,cpacific,5.575797402104253,26.0,gpcc2025
1989-12-01,cpacific,7.365238327603586,29.0,gpcc2025
1990-01-01,cpacific,10.207984727475992,28.0,gpcc2025
1990-02-01,cpacific,9.572899011723566,25.0,gpcc2025
1990-03-01,cpacific,12.407886803037844,27.0,gpcc2025
1990-04-01,cpacific,7.437520288055753,25.0,gpcc2025
1990-05-01,cpacific,4.825126073769604,27.0,gpcc2025
1990-06-01,cpacific,5.413273400372862,27.0,gpcc2025
1990-07-01,cpacific,4.985251878366772,28.0,gpcc2025
1990-08-01,cpacific,6.057349790009763,29.0,gpcc2025
1990-09-01,cpacific,4.707791907041624,27.0,gpcc2025
1990-10-01,cpacific,3.634071252593662,26.0,gpcc2025
1990-11-01,cpacific,6.759761710724337,25.0,gpcc2025
1990-12-01,cpacific,8.070119540284658,23.0,gpcc2025
1986-01-01,lit_camerica,2.681308292329474,575.0,gpcc2025
1986-02-01,lit_camerica,1.0689635534324327,569.0,gpcc2025
1986-03-01,lit_camerica,2.0053444914033682,569.0,gpcc2025
1986-04-01,lit_camerica,1.743334825615098,570.0,gpcc2025
1986-05-01,lit_camerica,6.622478248039099,571.0,gpcc2025
1986-06-01,lit_camerica,7.390651172407006,566.0,gpcc2025
1986-07-01,lit_camerica,5.867661030601315,562.0,gpcc2025
1986-08-01,lit_camerica,6.481624518732946,567.0,gpcc2025
1986-09-01,lit_camerica,7.350697563727113,560.0,gpcc2025
1986-10-01,lit_camerica,6.332566151740616,564.0,gpcc2025
1986-11-01,lit_camerica,5.31014687643922,564.0,gpcc2025
1986-12-01,lit_camerica,2.9604527955752253,556.0,gpcc2025
1987-01-01,lit_camerica,1.7433697794234762,552.0,gpcc2025
1987-02-01,lit_camerica,0.7530097867179333,561.0,gpcc2025
1987-03-01,lit_camerica,1.623109220618118,570.0,gpcc2025
1987-04-01,lit_camerica,1.6915628928124806,565.0,gpcc2025
1987-05-01,lit_camerica,4.41768928385224,556.0,gpcc2025
1987-06-01,lit_camerica,7.944361586596265,552.0,gpcc2025
1987-07-01,lit_camerica,9.045832453345199,563.0,gpcc2025
1987-08-01,lit_camerica,6.920487375614112,556.0,gpcc2025
1987-09-01,lit_camerica,6.39840230079572,556.0,gpcc2025
1987-10-01,lit_camerica,6.75669086940126,554.0,gpcc2025
1987-11-01,lit_camerica,4.800759572195864,561.0,gpcc2025
1987-12-01,lit_camerica,3.304118241032639,555.0,gpcc2025
1988-01-01,lit_camerica,3.597022191286077,569.0,gpcc2025
1988-02-01,lit_camerica,2.274623130843414,576.0,gpcc2025
1988-03-01,lit_camerica,1.469922512124891,574.0,gpcc2025
1988-04-01,lit_camerica,1.2951928928373453,567.0,gpcc2025
1988-05-01,lit_camerica,3.608155956002723,581.0,gpcc2025
1988-06-01,lit_camerica,8.03239421364116,566.0,gpcc2025
1988-07-01,lit_camerica,7.189824079164513,561.0,gpcc2025
1988-08-01,lit_camerica,10.400694210065565,572.0,gpcc2025
1988-09-01,lit_camerica,9.340441466580918,584.0,gpcc2025
1988-10-01,lit_camerica,9.338040002632763,579.0,gpcc2025
1988-11-01,lit_camerica,4.5276651250814535,576.0,gpcc2025
1988-12-01,lit_camerica,4.01528469489673,571.0,gpcc2025
1989-01-01,lit_camerica,2.8874093285953477,579.0,gpcc2025
1989-02-01,lit_camerica,2.34757669600253,573.0,gpcc2025
1989-03-01,lit_camerica,1.8414125841088744,577.0,gpcc2025
1989-04-01,lit_camerica,1.7984332306510253,582.0,gpcc2025
1989-05-01,lit_camerica,4.01363402062598,580.0,gpcc2025
1989-06-01,lit_camerica,5.420645315960608,578.0,gpcc2025
1989-07-01,lit_camerica,6.851958773898079,566.0,gpcc2025
1989-08-01,lit_camerica,6.142396099358918,585.0,gpcc2025
1989-09-01,lit_camerica,10.062816090901004,576.0,gpcc2025
1989-10-01,lit_camerica,6.406106295358621,574.0,gpcc2025
1989-11-01,lit_camerica,4.755631862873877,564.0,gpcc2025
1989-12-01,lit_camerica,3.5052952009332077,550.0,gpcc2025
1990-01-01,lit_camerica,3.7959137932996154,592.0,gpcc2025
1990-02-01,lit_camerica,2.094760297023745,589.0,gpcc2025
1990-03-01,lit_camerica,2.1915209476000266,589.0,gpcc2025
1990-04-01,lit_camerica,2.65973508427074,591.0,gpcc2025
1990-05-01,lit_camerica,4.906729652157721,581.0,gpcc2025
1990-06-01,lit_camerica,7.12187310214481,590.0,gpcc2025
1990-07-01,lit_camerica,5.623440938880234,582.0,gpcc2025
1990-08-01,lit_camerica,6.661715273766245,586.0,gpcc2025
1990-09-01,lit_camerica,6.881292532627429,585.0,gpcc2025
1990-10-01,lit_camerica,7.714962624261238,581.0,gpcc2025
1990-11-01,lit_camerica,7.7943079957203905,573.0,gpcc2025
1990-12-01,lit_camerica,3.693938260676606,576.0,gpcc2025
1986-01-01,lit_wpacific,9.898498657779752,68.0,gpcc2025
1986-02-01,lit_wpacific,9.829319887571303,70.0,gpcc2025
1986-03-01,lit_wpacific,8.606913814919594,71.0,gpcc2025
1986-04-01,lit_wpacific,12.876884855887004,69.0,gpcc2025
1986-05-01,lit_wpacific,8.76383581067963,67.0,gpcc2025
1986-06-01,lit_wpacific,7.734475064748924,68.0,gpcc2025
1986-07-01,lit_wpacific,8.159300339041227,54.0,gpcc2025
1986-08-01,lit_wpacific,6.304207202669373,60.0,gpcc2025
1986-09-01,lit_wpacific,9.051694694958424,55.0,gpcc2025
1986-10-01,lit_wpacific,6.682554781561026,53.0,gpcc2025
1986-11-01,lit_wpacific,7.845724477158026,52.0,gpcc2025
1986-12-01,lit_wpacific,8.290927423240307,51.0,gpcc2025
1987-01-01,lit_wpacific,6.997467617577404,58.0,gpcc2025
1987-02-01,lit_wpacific,13.12690975074791,55.0,gpcc2025
1987-03-01,lit_wpacific,8.759492846225005,53.0,gpcc2025
1987-04-01,lit_wpacific,8.594247855621656,53.0,gpcc2025
1987-05-01,lit_wpacific,7.6984144460937145,57.0,gpcc2025
1987-06-01,lit_wpacific,5.27221491792105,58.0,gpcc2025
1987-07-01,lit_wpacific,7.512329422327766,55.0,gpcc2025
1987-08-01,lit_wpacific,6.779580928693297,55.0,gpcc2025
1987-09-01,lit_wpacific,6.463401229352525,55.0,gpcc2025
1987-10-01,lit_wpacific,5.454743934933465,55.0,gpcc2025
1987-11-01,lit_wpacific,6.416855187971955,49.0,gpcc2025
1987-12-01,lit_wpacific,9.556930939551114,49.0,gpcc2025
1988-01-01,lit_wpacific,10.947982273464897,48.0,gpcc2025
1988-02-01,lit_wpacific,11.366124134192232,51.0,gpcc2025
1988-03-01,lit_wpacific,8.517924886458541,51.0,gpcc2025
1988-04-01,lit_wpacific,8.754337991697732,51.0,gpcc2025
1988-05-01,lit_wpacific,8.205991933019257,51.0,gpcc2025
1988-06-01,lit_wpacific,9.210008040402492,50.0,gpcc2025
1988-07-01,lit_wpacific,9.825065135205813,47.0,gpcc2025
1988-08-01,lit_wpacific,10.95209207479385,49.0,gpcc2025
1988-09-01,lit_wpacific,9.639316708534682,50.0,gpcc2025
1988-10-01,lit_wpacific,11.731730554947776,48.0,gpcc2025
1988-11-01,lit_wpacific,10.146251832240248,50.0,gpcc2025
1988-12-01,lit_wpacific,13.731522674856981,46.0,gpcc2025
1989-01-01,lit_wpacific,9.174882084642896,63.0,gpcc2025
1989-02-01,lit_wpacific,11.255198310192283,63.0,gpcc2025
1989-03-01,lit_wpacific,8.564330199235902,63.0,gpcc2025
1989-04-01,lit_wpacific,14.001235132636387,63.0,gpcc2025
1989-05-01,lit_wpacific,10.599188850120244,61.0,gpcc2025
1989-06-01,lit_wpacific,8.222414141026889,63.0,gpcc2025
1989-07-01,lit_wpacific,7.88712185460753,63.0,gpcc2025
1989-08-01,lit_wpacific,9.032845432218792,63.0,gpcc2025
1989-09-01,lit_wpacific,7.299136541629805,60.0,gpcc2025
1989-10-01,lit_wpacific,8.69735239150367,60.0,gpcc2025
1989-11-01,lit_wpacific,7.3101723616190615,59.0,gpcc2025
1989-12-01,lit_wpacific,9.117640911890424,59.0,gpcc2025
1990-01-01,lit_wpacific,12.144783569225616,66.0,gpcc2025
1990-02-01,lit_wpacific,6.843442893238118,63.0,gpcc2025
1990-03-01,lit_wpacific,11.585086078166182,61.0,gpcc2025
1990-04-01,lit_wpacific,9.27569361239269,60.0,gpcc2025
1990-05-01,lit_wpacific,8.777289718498844,62.0,gpcc2025
1990-06-01,lit_wpacific,9.104019396339986,63.0,gpcc2025
1990-07-01,lit_wpacific,10.443873775775527,62.0,gpcc2025
1990-08-01,lit_wpacific,8.058228145818804,65.0,gpcc2025
1990-09-01,lit_wpacific,9.385464868234548,61.0,gpcc2025
1990-10-01,lit_wpacific,9.957302176483067,61.0,gpcc2025
1990-11-01,lit_wpacific,9.177902946780796,59.0,gpcc2025
1990-12-01,lit_wpacific,10.647445537074388,63.0,gpcc2025
1986-01-01,lit_sindia,2.6087493567118494,252.0,gpcc2025
1986-02-01,lit_sindia,1.2774897292588008,252.0,gpcc2025
1986-03-01,lit_sindia,1.2953736605991295,247.0,gpcc2025
1986-04-01,lit_sindia,1.4971607044163748,251.0,gpcc2025
1986-05-01,lit_sindia,2.3897169488723997,239.0,gpcc2025
1986-06-01,lit_sindia,6.584863420708373,250.0,gpcc2025
1986-07-01,lit_sindia,5.047803901212187,230.0,gpcc2025
1986-08-01,lit_sindia,5.965637528723482,233.0,gpcc2025
1986-09-01,lit_sindia,4.4436256663769695,238.0,gpcc2025
1986-10-01,lit_sindia,5.240635007721496,235.0,gpcc2025
1986-11-01,lit_sindia,4.526310853024644,247.0,gpcc2025
1986-12-01,lit_sindia,1.8165689228258015,230.0,gpcc2025
1987-01-01,lit_sindia,0.9032258308398309,257.0,gpcc2025
1987-02-01,lit_sindia,0.1984143065829215,257.0,gpcc2025
1987-03-01,lit_sindia,0.8002154378097397,257.0,gpcc2025
1987-04-01,lit_sindia,2.0045022801876953,257.0,gpcc2025
1987-05-01,lit_sindia,2.370712852561558,175.0,gpcc2025
1987-06-01,lit_sindia,6.747010215629472,263.0,gpcc2025
1987-07-01,lit_sindia,3.6312843937166415,259.0,gpcc2025
1987-08-01,lit_sindia,6.57584450660356,261.0,gpcc2025
1987-09-01,lit_sindia,4.570264221709106,222.0,gpcc2025
1987-10-01,lit_sindia,8.536866531953967,79.0,gpcc2025
1987-11-01,lit_sindia,4.7192469074426135,79.0,gpcc2025
1987-12-01,lit_sindia,3.4756948020762435,229.0,gpcc2025
1988-01-01,lit_sindia,0.19511288014563705,282.0,gpcc2025
1988-02-01,lit_sindia,0.7865905546203854,282.0,gpcc2025
1988-03-01,lit_sindia,1.216226923869963,282.0,gpcc2025
1988-04-01,lit_sindia,3.824407088626457,278.0,gpcc2025
1988-05-01,lit_sindia,2.616657622723578,279.0,gpcc2025
1988-06-01,lit_sindia,6.15031612746068,272.0,gpcc2025
1988-07-01,lit_sindia,8.438406483131947,269.0,gpcc2025
1988-08-01,lit_sindia,7.899028349308784,277.0,gpcc2025
1988-09-01,lit_sindia,7.048855899057608,276.0,gpcc2025
1988-10-01,lit_sindia,2.349239080505866,280.0,gpcc2025
1988-11-01,lit_sindia,3.754741306962093,280.0,gpcc2025
1988-12-01,lit_sindia,1.6405515549519782,278.0,gpcc2025
1989-01-01,lit_sindia,0.7051498312064554,275.0,gpcc2025
1989-02-01,lit_sindia,0.14607349641490733,280.0,gpcc2025
1989-03-01,lit_sindia,1.0265203649874473,278.0,gpcc2025
1989-04-01,lit_sindia,2.1463507921326457,279.0,gpcc2025
1989-05-01,lit_sindia,2.585006545104196,278.0,gpcc2025
1989-06-01,lit_sindia,7.383580367380305,279.0,gpcc2025
1989-07-01,lit_sindia,10.050853198233815,279.0,gpcc2025
1989-08-01,lit_sindia,4.969782825930774,276.0,gpcc2025
1989-09-01,lit_sindia,5.421738392733577,277.0,gpcc2025
1989-10-01,lit_sindia,5.1384178138888466,275.0,gpcc2025
1989-11-01,lit_sindia,4.621000047480364,275.0,gpcc2025
1989-12-01,lit_sindia,1.1723599100409197,276.0,gpcc2025
1990-01-01,lit_sindia,2.1888169146933274,273.0,gpcc2025
1990-02-01,lit_sindia,0.5561571489216376,269.0,gpcc2025
1990-03-01,lit_sindia,1.2354238693583828,271.0,gpcc2025
1990-04-01,lit_sindia,1.373869725461366,270.0,gpcc2025
1990-05-01,lit_sindia,6.978542725178837,273.0,gpcc2025
1990-06-01,lit_sindia,5.366065546026807,252.0,gpcc2025
1990-07-01,lit_sindia,6.902931530625266,244.0,gpcc2025
1990-08-01,lit_sindia,5.691767539050323,254.0,gpcc2025
1990-09-01,lit_sindia,3.377198423843831,278.0,gpcc2025
1990-10-01,lit_sindia,7.334624114701766,279.0,gpcc2025
1990-11-01,lit_sindia,5.316607692295957,277.0,gpcc2025
1990-12-01,lit_sindia,2.2426834299434883,280.0,gpcc2025
1986-01-01,lit_cpacific,5.247278771459664,18.0,gpcc2025
1986-02-01,lit_cpacific,3.2205683523374637,18.0,gpcc2025
1986-03-01,lit_cpacific,4.215593284274241,19.0,gpcc2025
1986-04-01,lit_cpacific,4.0020889212956545,20.0,gpcc2025
1986-05-01,lit_cpacific,4.179561992719111,21.0,gpcc2025
1986-06-01,lit_cpacific,5.325793571212192,20.0,gpcc2025
1986-07-01,lit_cpacific,6.97911739111869,21.0,gpcc2025
1986-08-01,lit_cpacific,3.791218510269482,21.0,gpcc2025
1986-09-01,lit_cpacific,8.744338181480266,22.0,gpcc2025
1986-10-01,lit_cpacific,5.185004123986324,23.0,gpcc2025
1986-11-01,lit_cpacific,7.2677958898299675,23.0,gpcc2025
1986-12-01,lit_cpacific,12.907669387333268,22.0,gpcc2025
1987-01-01,lit_cpacific,12.226251256366771,22.0,gpcc2025
1987-02-01,lit_cpacific,14.438319935264133,23.0,gpcc2025
1987-03-01,lit_cpacific,12.147557437508352,23.0,gpcc2025
1987-04-01,lit_cpacific,13.456789204069544,24.0,gpcc2025
1987-05-01,lit_cpacific,9.764019724949339,23.0,gpcc2025
1987-06-01,lit_cpacific,9.217237872436003,23.0,gpcc2025
1987-07-01,lit_cpacific,12.726296238742181,23.0,gpcc2025
1987-08-01,lit_cpacific,9.030819968133573,22.0,gpcc2025
1987-09-01,lit_cpacific,5.572180317814742,22.0,gpcc2025
1987-10-01,lit_cpacific,7.1460490142140225,19.0,gpcc2025
1987-11-01,lit_cpacific,5.066098535199697,21.0,gpcc2025
1987-12-01,lit_cpacific,9.503915474282737,23.0,gpcc2025
1988-01-01,lit_cpacific,10.48186026511247,23.0,gpcc2025
1988-02-01,lit_cpacific,8.285738162757985,21.0,gpcc2025
1988-03-01,lit_cpacific,8.329436510817214,22.0,gpcc2025
1988-04-01,lit_cpacific,6.729678658412456,22.0,gpcc2025
1988-05-01,lit_cpacific,7.21976906487579,19.0,gpcc2025
1988-06-01,lit_cpacific,3.409986185262617,19.0,gpcc2025
1988-07-01,lit_cpacific,3.8391999268874257,20.0,gpcc2025
1988-08-01,lit_cpacific,2.53628743950509,18.0,gpcc2025
1988-09-01,lit_cpacific,1.3213123262793858,18.0,gpcc2025
1988-10-01,lit_cpacific,1.352117262046917,17.0,gpcc2025
1988-11-01,lit_cpacific,0.6240535687031898,17.0,gpcc2025
1988-12-01,lit_cpacific,1.5566466714827558,15.0,gpcc2025
1989-01-01,lit_cpacific,1.0259562786075793,12.0,gpcc2025
1989-02-01,lit_cpacific,0.9673636367026962,13.0,gpcc2025
1989-03-01,lit_cpacific,2.229951426835565,15.0,gpcc2025
1989-04-01,lit_cpacific,3.2504506866808915,16.0,gpcc2025
1989-05-01,lit_cpacific,3.984970685741092,19.0,gpcc2025
1989-06-01,lit_cpacific,3.7059106202948087,17.0,gpcc2025
1989-07-01,lit_cpacific,3.3471132122553717,19.0,gpcc2025
1989-08-01,lit_cpacific,3.178186747992606,17.0,gpcc2025
1989-09-01,lit_cpacific,2.2877277646300174,15.0,gpcc2025
1989-10-01,lit_cpacific,1.3155268234798871,17.0,gpcc2025
1989-11-01,lit_cpacific,5.113273498530003,17.0,gpcc2025
1989-12-01,lit_cpacific,4.945074317160435,18.0,gpcc2025
1990-01-01,lit_cpacific,9.362450075381611,17.0,gpcc2025
1990-02-01,lit_cpacific,6.94861274939237,17.0,gpcc2025
1990-03-01,lit_cpacific,11.314601564301086,17.0,gpcc2025
1990-04-01,lit_cpacific,8.840389620988315,14.0,gpcc2025
1990-05-01,lit_cpacific,6.096894504081448,17.0,gpcc2025
1990-06-01,lit_cpacific,6.208766777955024,17.0,gpcc2025
1990-07-01,lit_cpacific,5.453697856633063,18.0,gpcc2025
1990-08-01,lit_cpacific,6.326341508235049,18.0,gpcc2025
1990-09-01,lit_cpacific,6.305903995778204,17.0,gpcc2025
1990-10-01,lit_cpacific,2.8173043635375374,16.0,gpcc2025
1990-11-01,lit_cpacific,4.463699256872787,15.0,gpcc2025
1990-12-01,lit_cpacific,6.855712140641947,14.0,gpcc2025
1986-01-01,box_hawaii,1.3337075057163537,175.0,gpcc2025
1986-02-01,box_hawaii,2.348856998631283,178.0,gpcc2025
1986-03-01,box_hawaii,4.060871569695627,175.0,gpcc2025
1986-04-01,box_hawaii,7.519331786531981,175.0,gpcc2025
1986-05-01,box_hawaii,2.877194804657537,172.0,gpcc2025
1986-06-01,box_hawaii,2.6414782430781503,173.0,gpcc2025
1986-07-01,box_hawaii,4.08621511979219,172.0,gpcc2025
1986-08-01,box_hawaii,2.4540700444246983,170.0,gpcc2025
1986-09-01,box_hawaii,4.28166171702115,175.0,gpcc2025
1986-10-01,box_hawaii,2.7044592844417514,172.0,gpcc2025
1986-11-01,box_hawaii,6.767741552432363,152.0,gpcc2025
1986-12-01,box_hawaii,2.5318876255259513,161.0,gpcc2025
1987-01-01,box_hawaii,2.8928364425897626,129.0,gpcc2025
1987-02-01,box_hawaii,2.9940883555675284,146.0,gpcc2025
1987-03-01,box_hawaii,1.7194755552215013,144.0,gpcc2025
1987-04-01,box_hawaii,3.8301278353852317,143.0,gpcc2025
1987-05-01,box_hawaii,3.763405933454662,138.0,gpcc2025
1987-06-01,box_hawaii,2.789747858959482,143.0,gpcc2025
1987-07-01,box_hawaii,3.5471114208965626,143.0,gpcc2025
1987-08-01,box_hawaii,1.7310929516548543,135.0,gpcc2025
1987-09-01,box_hawaii,3.8982357568200148,141.0,gpcc2025
1987-10-01,box_hawaii,3.673343517560713,139.0,gpcc2025
1987-11-01,box_hawaii,4.532211206623713,121.0,gpcc2025
1987-12-01,box_hawaii,11.627961003835084,129.0,gpcc2025
1988-01-01,box_hawaii,5.61426322454196,112.0,gpcc2025
1988-02-01,box_hawaii,2.727862649030483,139.0,gpcc2025
1988-03-01,box_hawaii,3.2819286304803694,143.0,gpcc2025
1988-04-01,box_hawaii,2.9163225154739556,123.0,gpcc2025
1988-05-01,box_hawaii,3.0385891705123758,134.0,gpcc2025
1988-06-01,box_hawaii,1.3325923462979536,148.0,gpcc2025
1988-07-01,box_hawaii,1.6966672210850458,137.0,gpcc2025
1988-08-01,box_hawaii,3.2267289061773194,148.0,gpcc2025
1988-09-01,box_hawaii,2.653670934282118,146.0,gpcc2025
1988-10-01,box_hawaii,2.6890240934530265,145.0,gpcc2025
1988-11-01,box_hawaii,6.32921879689657,122.0,gpcc2025
1988-12-01,box_hawaii,6.787242104123224,140.0,gpcc2025
1989-01-01,box_hawaii,7.047580968964455,125.0,gpcc2025
1989-02-01,box_hawaii,8.605090912834772,148.0,gpcc2025
1989-03-01,box_hawaii,5.380431629942019,146.0,gpcc2025
1989-04-01,box_hawaii,9.304855496865668,133.0,gpcc2025
1989-05-01,box_hawaii,3.477621747386435,145.0,gpcc2025
1989-06-01,box_hawaii,2.6059117036730157,149.0,gpcc2025
1989-07-01,box_hawaii,6.206092933704107,128.0,gpcc2025
1989-08-01,box_hawaii,2.4850469528823704,145.0,gpcc2025
1989-09-01,box_hawaii,2.224980146505777,134.0,gpcc2025
1989-10-01,box_hawaii,6.9658903749993994,137.0,gpcc2025
1989-11-01,box_hawaii,1.9282587544065832,141.0,gpcc2025
1989-12-01,box_hawaii,2.941983775371785,141.0,gpcc2025
1990-01-01,box_hawaii,10.39197701223691,129.0,gpcc2025
1990-02-01,box_hawaii,6.374103235451067,143.0,gpcc2025
1990-03-01,box_hawaii,4.9480481671605,139.0,gpcc2025
1990-04-01,box_hawaii,1.7790089134768763,139.0,gpcc2025
1990-05-01,box_hawaii,2.6371757260251165,143.0,gpcc2025
1990-06-01,box_hawaii,1.908796037403917,138.0,gpcc2025
1990-07-01,box_hawaii,2.6403516970596796,127.0,gpcc2025
1990-08-01,box_hawaii,1.742995555380683,145.0,gpcc2025
1990-09-01,box_hawaii,3.5998227373551415,131.0,gpcc2025
1990-10-01,box_hawaii,3.8143049985235535,136.0,gpcc2025
1990-11-01,box_hawaii,12.278350535427295,122.0,gpcc2025
1990-12-01,box_hawaii,7.8639607964958556,121.0,gpcc2025
1991-01-01,wpacific,9.262728394009532,123.0,gpcc2025
1991-02-01,wpacific,11.768056609492442,123.0,gpcc2025
1991-03-01,wpacific,10.262928962289378,125.0,gpcc2025
1991-04-01,wpacific,7.58403821041328,121.0,gpcc2025
1991-05-01,wpacific,8.100475004168485,123.0,gpcc2025
1991-06-01,wpacific,7.9118566382453945,126.0,gpcc2025
1991-07-01,wpacific,7.0383918793275,124.0,gpcc2025
1991-08-01,wpacific,9.619492397899647,123.0,gpcc2025
1991-09-01,wpacific,8.899580228328684,126.0,gpcc2025
1991-10-01,wpacific,7.134887141582562,129.0,gpcc2025
1991-11-01,wpacific,5.5439401721477966,128.0,gpcc2025
1991-12-01,wpacific,3.822425468702541,128.0,gpcc2025
1992-01-01,wpacific,6.757096322638819,135.0,gpcc2025
1992-02-01,wpacific,9.965588658570077,133.0,gpcc2025
1992-03-01,wpacific,6.63040056948435,132.0,gpcc2025
1992-04-01,wpacific,7.292052234688319,131.0,gpcc2025
1992-05-01,wpacific,5.180959951233752,129.0,gpcc2025
1992-06-01,wpacific,5.963769681561695,128.0,gpcc2025
1992-07-01,wpacific,6.621280867208823,127.0,gpcc2025
1992-08-01,wpacific,5.965409647792198,126.0,gpcc2025
1992-09-01,wpacific,4.762477568768747,129.0,gpcc2025
1992-10-01,wpacific,5.793392147621069,129.0,gpcc2025
1992-11-01,wpacific,4.574093639295692,131.0,gpcc2025
1992-12-01,wpacific,6.925420315579276,129.0,gpcc2025
1993-01-01,wpacific,6.608336933162255,138.0,gpcc2025
1993-02-01,wpacific,9.346220585755729,138.0,gpcc2025
1993-03-01,wpacific,9.396710886524284,139.0,gpcc2025
1993-04-01,wpacific,7.665641712595557,139.0,gpcc2025
1993-05-01,wpacific,9.062786464496906,135.0,gpcc2025
1993-06-01,wpacific,7.432979715068281,137.0,gpcc2025
1993-07-01,wpacific,5.779042223272465,135.0,gpcc2025
1993-08-01,wpacific,6.502663994398301,134.0,gpcc2025
1993-09-01,wpacific,5.425626064617547,132.0,gpcc2025
1993-10-01,wpacific,4.691273188561336,133.0,gpcc2025
1993-11-01,wpacific,5.280680642332617,134.0,gpcc2025
1993-12-01,wpacific,8.25321556374319,134.0,gpcc2025
1994-01-01,wpacific,9.582017215333357,130.0,gpcc2025
1994-02-01,wpacific,10.060223082410584,132.0,gpcc2025
1994-03-01,wpacific,9.272903835294217,133.0,gpcc2025
1994-04-01,wpacific,8.121020526163884,134.0,gpcc2025
1994-05-01,wpacific,8.741093723346312,131.0,gpcc2025
1994-06-01,wpacific,7.249350761907457,133.0,gpcc2025
1994-07-01,wpacific,7.3784783403494885,135.0,gpcc2025
1994-08-01,wpacific,6.43595648799013,134.0,gpcc2025
1994-09-01,wpacific,5.331275159509173,130.0,gpcc2025
1994-10-01,wpacific,3.8454368737767237,134.0,gpcc2025
1994-11-01,wpacific,4.670259471480997,133.0,gpcc2025
1994-12-01,wpacific,6.0130683852168865,133.0,gpcc2025
1995-01-01,wpacific,7.6372800035577715,135.0,gpcc2025
1995-02-01,wpacific,6.32988282422834,134.0,gpcc2025
1995-03-01,wpacific,9.949132390547366,135.0,gpcc2025
1995-04-01,wpacific,8.7003150065579,131.0,gpcc2025
1995-05-01,wpacific,6.135337849981545,132.0,gpcc2025
1995-06-01,wpacific,6.038744395680306,135.0,gpcc2025
1995-07-01,wpacific,5.903894990896925,136.0,gpcc2025
1995-08-01,wpacific,7.884411883406481,136.0,gpcc2025
1995-09-01,wpacific,7.3725603707579435,134.0,gpcc2025
1995-10-01,wpacific,7.491169534771882,133.0,gpcc2025
1995-11-01,wpacific,5.933253842536325,136.0,gpcc2025
1995-12-01,wpacific,7.05577549558282,138.0,gpcc2025
1991-01-01,hawaii,3.0732149828353594,129.0,gpcc2025
1991-02-01,hawaii,3.2588939218010777,139.0,gpcc2025
1991-03-01,hawaii,8.877850609246044,126.0,gpcc2025
1991-04-01,hawaii,3.143177219531844,139.0,gpcc2025
1991-05-01,hawaii,2.133056837650801,133.0,gpcc2025
1991-06-01,hawaii,2.130264966135759,125.0,gpcc2025
1991-07-01,hawaii,2.255499134365595,136.0,gpcc2025
1991-08-01,hawaii,4.3175519523866095,137.0,gpcc2025
1991-09-01,hawaii,2.224890358786569,130.0,gpcc2025
1991-10-01,hawaii,3.5595918367447483,142.0,gpcc2025
1991-11-01,hawaii,2.0302336222017825,135.0,gpcc2025
1991-12-01,hawaii,4.759969871748935,120.0,gpcc2025
1992-01-01,hawaii,1.8814209982034884,137.0,gpcc2025
1992-02-01,hawaii,1.9140907572210135,144.0,gpcc2025
1992-03-01,hawaii,1.6613885840302343,144.0,gpcc2025
1992-04-01,hawaii,1.5551077562903581,141.0,gpcc2025
1992-05-01,hawaii,3.1496557414925714,129.0,gpcc2025
1992-06-01,hawaii,2.2984073208563767,142.0,gpcc2025
1992-07-01,hawaii,3.9640895849362505,142.0,gpcc2025
1992-08-01,hawaii,2.8785767782578424,113.0,gpcc2025
1992-09-01,hawaii,5.60045653755597,118.0,gpcc2025
1992-10-01,hawaii,3.1052816936006313,126.0,gpcc2025
1992-11-01,hawaii,6.691383259357066,124.0,gpcc2025
1992-12-01,hawaii,7.35326717954488,114.0,gpcc2025
1993-01-01,hawaii,4.145002262034496,134.0,gpcc2025
1993-02-01,hawaii,1.3331010776915317,143.0,gpcc2025
1993-03-01,hawaii,2.6067710269086213,147.0,gpcc2025
1993-04-01,hawaii,2.420865066472778,134.0,gpcc2025
1993-05-01,hawaii,2.3035261402112344,126.0,gpcc2025
1993-06-01,hawaii,1.6482132451898992,134.0,gpcc2025
1993-07-01,hawaii,4.673480422072066,125.0,gpcc2025
1993-08-01,hawaii,2.8770272040470872,143.0,gpcc2025
1993-09-01,hawaii,2.457422175678272,140.0,gpcc2025
1993-10-01,hawaii,4.987271944358141,129.0,gpcc2025
1993-11-01,hawaii,3.0174603912043003,128.0,gpcc2025
1993-12-01,hawaii,3.06873238732578,121.0,gpcc2025
1994-01-01,hawaii,3.654289423217233,137.0,gpcc2025
1994-02-01,hawaii,8.051181134448175,142.0,gpcc2025
1994-03-01,hawaii,5.954744285351271,141.0,gpcc2025
1994-04-01,hawaii,2.5547217035367926,125.0,gpcc2025
1994-05-01,hawaii,1.9341654378306572,140.0,gpcc2025
1994-06-01,hawaii,2.9431692936144396,144.0,gpcc2025
1994-07-01,hawaii,2.7695854912920397,129.0,gpcc2025
1994-08-01,hawaii,3.6170910963585112,145.0,gpcc2025
1994-09-01,hawaii,5.29963992669545,141.0,gpcc2025
1994-10-01,hawaii,2.7166971568199934,135.0,gpcc2025
1994-11-01,hawaii,4.784743795432586,128.0,gpcc2025
1994-12-01,hawaii,2.131304718993472,135.0,gpcc2025
1995-01-01,hawaii,2.2309462099586903,144.0,gpcc2025
1995-02-01,hawaii,2.906526710819633,137.0,gpcc2025
1995-03-01,hawaii,2.467643099083426,142.0,gpcc2025
1995-04-01,hawaii,3.3704771182357494,125.0,gpcc2025
1995-05-01,hawaii,1.8249845796956121,140.0,gpcc2025
1995-06-01,hawaii,1.631569839183291,142.0,gpcc2025
1995-07-01,hawaii,2.8280545230364837,127.0,gpcc2025
1995-08-01,hawaii,3.1224250814883745,140.0,gpcc2025
1995-09-01,hawaii,1.3186007982645167,137.0,gpcc2025
1995-10-01,hawaii,2.4878641300391235,139.0,gpcc2025
1995-11-01,hawaii,4.402079463270236,136.0,gpcc2025
1995-12-01,hawaii,2.700972760101267,129.0,gpcc2025
1991-01-01,cpacific,8.589934743949991,24.0,gpcc2025
1991-02-01,cpacific,8.655586614276732,24.0,gpcc2025
1991-03-01,cpacific,5.2738079982304775,25.0,gpcc2025
1991-04-01,cpacific,5.795886667419764,25.0,gpcc2025
1991-05-01,cpacific,5.4764551804463775,25.0,gpcc2025
1991-06-01,cpacific,6.749362486005519,22.0,gpcc2025
1991-07-01,cpacific,4.850685747744344,23.0,gpcc2025
1991-08-01,cpacific,6.632834517093462,24.0,gpcc2025
1991-09-01,cpacific,5.64405188718642,24.0,gpcc2025
1991-10-01,cpacific,5.989897230901605,22.0,gpcc2025
1991-11-01,cpacific,10.06050827794699,23.0,gpcc2025
1991-12-01,cpacific,9.932157971336197,22.0,gpcc2025
1992-01-01,cpacific,13.24276604887173,22.0,gpcc2025
1992-02-01,cpacific,10.221337967295105,21.0,gpcc2025
1992-03-01,cpacific,14.182674939169456,18.0,gpcc2025
1992-04-01,cpacific,12.060238044128477,19.0,gpcc2025
1992-05-01,cpacific,8.358868618974855,20.0,gpcc2025
1992-06-01,cpacific,6.696310758108543,22.0,gpcc2025
1992-07-01,cpacific,4.906634302716799,21.0,gpcc2025
1992-08-01,cpacific,4.117578383735467,18.0,gpcc2025
1992-09-01,cpacific,5.193146476424305,16.0,gpcc2025
1992-10-01,cpacific,4.191608785966672,20.0,gpcc2025
1992-11-01,cpacific,5.77158075905333,22.0,gpcc2025
1992-12-01,cpacific,12.619393310528787,21.0,gpcc2025
1993-01-01,cpacific,6.416385720153429,17.0,gpcc2025
1993-02-01,cpacific,9.580654823107947,17.0,gpcc2025
1993-03-01,cpacific,11.26474472136243,18.0,gpcc2025
1993-04-01,cpacific,12.017776662778829,19.0,gpcc2025
1993-05-01,cpacific,9.912748463162469,19.0,gpcc2025
1993-06-01,cpacific,7.9278309615997,19.0,gpcc2025
1993-07-01,cpacific,8.310925059419626,18.0,gpcc2025
1993-08-01,cpacific,5.48167098205761,20.0,gpcc2025
1993-09-01,cpacific,6.305450883883336,19.0,gpcc2025
1993-10-01,cpacific,8.839575610929845,19.0,gpcc2025
1993-11-01,cpacific,6.605320731112998,19.0,gpcc2025
1993-12-01,cpacific,7.512198238948713,21.0,gpcc2025
1994-01-01,cpacific,6.569449043837226,21.0,gpcc2025
1994-02-01,cpacific,5.509352310145975,20.0,gpcc2025
1994-03-01,cpacific,5.959555215763784,21.0,gpcc2025
1994-04-01,cpacific,6.945427919476786,22.0,gpcc2025
1994-05-01,cpacific,4.624000619959358,18.0,gpcc2025
1994-06-01,cpacific,4.9169156178335705,16.0,gpcc2025
1994-07-01,cpacific,4.916297634508504,16.0,gpcc2025
1994-08-01,cpacific,6.656891290662664,15.0,gpcc2025
1994-09-01,cpacific,5.970502022638269,18.0,gpcc2025
1994-10-01,cpacific,5.699769426829355,17.0,gpcc2025
1994-11-01,cpacific,8.153005456790927,19.0,gpcc2025
1994-12-01,cpacific,12.924187870408407,15.0,gpcc2025
1995-01-01,cpacific,10.608921363483613,20.0,gpcc2025
1995-02-01,cpacific,8.83046210780584,19.0,gpcc2025
1995-03-01,cpacific,6.331886494462313,19.0,gpcc2025
1995-04-01,cpacific,5.9537225463133705,18.0,gpcc2025
1995-05-01,cpacific,4.161464725037765,20.0,gpcc2025
1995-06-01,cpacific,4.065259359433736,20.0,gpcc2025
1995-07-01,cpacific,3.2890931776602232,21.0,gpcc2025
1995-08-01,cpacific,3.4125985001614807,20.0,gpcc2025
1995-09-01,cpacific,2.699082644710414,17.0,gpcc2025
1995-10-01,cpacific,4.146277181492566,17.0,gpcc2025
1995-11-01,cpacific,3.78106112346831,17.0,gpcc2025
1995-12-01,cpacific,6.223294402865674,16.0,gpcc2025
1991-01-01,lit_camerica,2.332399733560546,556.0,gpcc2025
1991-02-01,lit_camerica,1.586275766221225,566.0,gpcc2025
1991-03-01,lit_camerica,1.0514907663781,563.0,gpcc2025
1991-04-01,lit_camerica,1.4304168802436483,563.0,gpcc2025
1991-05-01,lit_camerica,4.55040490418197,561.0,gpcc2025
1991-06-01,lit_camerica,5.772739185688734,562.0,gpcc2025
1991-07-01,lit_camerica,4.6538045081238915,559.0,gpcc2025
1991-08-01,lit_camerica,4.982731610625498,555.0,gpcc2025
1991-09-01,lit_camerica,6.911540378204932,554.0,gpcc2025
1991-10-01,lit_camerica,6.289058581036994,558.0,gpcc2025
1991-11-01,lit_camerica,5.998041237689871,575.0,gpcc2025
1991-12-01,lit_camerica,3.6160596148375905,560.0,gpcc2025
1992-01-01,lit_camerica,2.1603928756488973,560.0,gpcc2025
1992-02-01,lit_camerica,1.5432999883927836,555.0,gpcc2025
1992-03-01,lit_camerica,1.3594880982389417,565.0,gpcc2025
1992-04-01,lit_camerica,2.134126908908132,569.0,gpcc2025
1992-05-01,lit_camerica,4.267508479271009,566.0,gpcc2025
1992-06-01,lit_camerica,7.411752309620835,563.0,gpcc2025
1992-07-01,lit_camerica,7.103438539430708,550.0,gpcc2025
1992-08-01,lit_camerica,6.364822822746894,543.0,gpcc2025
1992-09-01,lit_camerica,8.159566902199982,546.0,gpcc2025
1992-10-01,lit_camerica,5.584450067285605,542.0,gpcc2025
1992-11-01,lit_camerica,5.438334410928544,536.0,gpcc2025
1992-12-01,lit_camerica,3.256535335321004,523.0,gpcc2025
1993-01-01,lit_camerica,2.7038222269714822,552.0,gpcc2025
1993-02-01,lit_camerica,1.3962206989049615,556.0,gpcc2025
1993-03-01,lit_camerica,1.6291438681998667,564.0,gpcc2025
1993-04-01,lit_camerica,2.5075166420137918,566.0,gpcc2025
1993-05-01,lit_camerica,7.279612088841892,563.0,gpcc2025
1993-06-01,lit_camerica,8.47041082252202,559.0,gpcc2025
1993-07-01,lit_camerica,5.834228673232652,555.0,gpcc2025
1993-08-01,lit_camerica,7.823824315767444,562.0,gpcc2025
1993-09-01,lit_camerica,8.474627102535159,563.0,gpcc2025
1993-10-01,lit_camerica,6.408998701277529,561.0,gpcc2025
1993-11-01,lit_camerica,5.228701505082637,560.0,gpcc2025
1993-12-01,lit_camerica,2.641127998592048,552.0,gpcc2025
1994-01-01,lit_camerica,2.7775123498143195,540.0,gpcc2025
1994-02-01,lit_camerica,1.716595114667184,535.0,gpcc2025
1994-03-01,lit_camerica,1.2998191067845783,543.0,gpcc2025
1994-04-01,lit_camerica,1.6590145073754385,538.0,gpcc2025
1994-05-01,lit_camerica,4.314404308903787,537.0,gpcc2025
1994-06-01,lit_camerica,4.589412904364852,531.0,gpcc2025
1994-07-01,lit_camerica,4.560846892911434,532.0,gpcc2025
1994-08-01,lit_camerica,5.861944431204375,534.0,gpcc2025
1994-09-01,lit_camerica,7.61586183991679,528.0,gpcc2025
1994-10-01,lit_camerica,5.534905859586884,520.0,gpcc2025
1994-11-01,lit_camerica,5.659335201727841,523.0,gpcc2025
1994-12-01,lit_camerica,2.3649277046579145,517.0,gpcc2025
1995-01-01,lit_camerica,1.810121681506732,545.0,gpcc2025
1995-02-01,lit_camerica,1.7019625421553006,559.0,gpcc2025
1995-03-01,lit_camerica,1.656904845420491,554.0,gpcc2025
1995-04-01,lit_camerica,2.5228374549129953,539.0,gpcc2025
1995-05-01,lit_camerica,2.8670100900098014,539.0,gpcc2025
1995-06-01,lit_camerica,7.177288769356054,535.0,gpcc2025
1995-07-01,lit_camerica,7.732343152527923,540.0,gpcc2025
1995-08-01,lit_camerica,8.811811318522944,540.0,gpcc2025
1995-09-01,lit_camerica,9.003544895759177,527.0,gpcc2025
1995-10-01,lit_camerica,8.140655194942338,539.0,gpcc2025
1995-11-01,lit_camerica,4.10816714611733,531.0,gpcc2025
1995-12-01,lit_camerica,3.5933322144077984,520.0,gpcc2025
1991-01-01,lit_wpacific,9.780546703509218,62.0,gpcc2025
1991-02-01,lit_wpacific,12.570240408319956,63.0,gpcc2025
1991-03-01,lit_wpacific,10.022448438812969,62.0,gpcc2025
1991-04-01,lit_wpacific,8.048465446417154,61.0,gpcc2025
1991-05-01,lit_wpacific,8.459781584282393,63.0,gpcc2025
1991-06-01,lit_wpacific,8.919197050885384,64.0,gpcc2025
1991-07-01,lit_wpacific,10.02304470948177,66.0,gpcc2025
1991-08-01,lit_wpacific,12.885901541860257,61.0,gpcc2025
1991-09-01,lit_wpacific,7.936877243655886,61.0,gpcc2025
1991-10-01,lit_wpacific,8.439170258433144,60.0,gpcc2025
1991-11-01,lit_wpacific,5.8379922827427455,61.0,gpcc2025
1991-12-01,lit_wpacific,4.576481228048056,62.0,gpcc2025
1992-01-01,lit_wpacific,8.649367995338999,64.0,gpcc2025
1992-02-01,lit_wpacific,11.336803523720423,62.0,gpcc2025
1992-03-01,lit_wpacific,8.151900810544086,62.0,gpcc2025
1992-04-01,lit_wpacific,8.098387739138312,62.0,gpcc2025
1992-05-01,lit_wpacific,5.845583495584447,58.0,gpcc2025
1992-06-01,lit_wpacific,5.803479981382295,56.0,gpcc2025
1992-07-01,lit_wpacific,8.377266371757633,55.0,gpcc2025
1992-08-01,lit_wpacific,7.804409375576831,55.0,gpcc2025
1992-09-01,lit_wpacific,5.479432684042248,60.0,gpcc2025
1992-10-01,lit_wpacific,6.470676577335686,59.0,gpcc2025
1992-11-01,lit_wpacific,5.029652146204933,56.0,gpcc2025
1992-12-01,lit_wpacific,7.989713810709649,52.0,gpcc2025
1993-01-01,lit_wpacific,7.7128361650370705,57.0,gpcc2025
1993-02-01,lit_wpacific,10.160464354863697,60.0,gpcc2025
1993-03-01,lit_wpacific,8.075216859995912,57.0,gpcc2025
1993-04-01,lit_wpacific,8.593589714558407,58.0,gpcc2025
1993-05-01,lit_wpacific,9.68391882654835,55.0,gpcc2025
1993-06-01,lit_wpacific,9.940849917983176,53.0,gpcc2025
1993-07-01,lit_wpacific,7.000141122681712,50.0,gpcc2025
1993-08-01,lit_wpacific,7.023308115201274,44.0,gpcc2025
1993-09-01,lit_wpacific,6.0229267194994245,43.0,gpcc2025
1993-10-01,lit_wpacific,5.284607882293235,43.0,gpcc2025
1993-11-01,lit_wpacific,5.9751011936209855,44.0,gpcc2025
1993-12-01,lit_wpacific,9.386209429697809,44.0,gpcc2025
1994-01-01,lit_wpacific,9.623182663901906,44.0,gpcc2025
1994-02-01,lit_wpacific,12.051809834926885,45.0,gpcc2025
1994-03-01,lit_wpacific,9.447100342836679,46.0,gpcc2025
1994-04-01,lit_wpacific,9.049792659408626,46.0,gpcc2025
1994-05-01,lit_wpacific,10.463418141228374,46.0,gpcc2025
1994-06-01,lit_wpacific,7.954286357396726,46.0,gpcc2025
1994-07-01,lit_wpacific,10.030223512678857,46.0,gpcc2025
1994-08-01,lit_wpacific,9.582152452942845,45.0,gpcc2025
1994-09-01,lit_wpacific,6.836464526635283,44.0,gpcc2025
1994-10-01,lit_wpacific,5.0575131638731365,43.0,gpcc2025
1994-11-01,lit_wpacific,4.729015796698377,45.0,gpcc2025
1994-12-01,lit_wpacific,6.809018578378844,44.0,gpcc2025
1995-01-01,lit_wpacific,8.839538757321701,41.0,gpcc2025
1995-02-01,lit_wpacific,7.507897182715074,40.0,gpcc2025
1995-03-01,lit_wpacific,10.379357962599487,41.0,gpcc2025
1995-04-01,lit_wpacific,8.748595585271435,38.0,gpcc2025
1995-05-01,lit_wpacific,7.3967949149982735,40.0,gpcc2025
1995-06-01,lit_wpacific,7.3605833134440255,40.0,gpcc2025
1995-07-01,lit_wpacific,7.799578494767398,40.0,gpcc2025
1995-08-01,lit_wpacific,9.800211884654031,41.0,gpcc2025
1995-09-01,lit_wpacific,8.744083779935494,41.0,gpcc2025
1995-10-01,lit_wpacific,9.401595629760235,40.0,gpcc2025
1995-11-01,lit_wpacific,7.417544224433536,40.0,gpcc2025
1995-12-01,lit_wpacific,7.413214989267999,40.0,gpcc2025
1991-01-01,lit_sindia,1.554402682416709,248.0,gpcc2025
1991-02-01,lit_sindia,0.34986609050051154,232.0,gpcc2025
1991-03-01,lit_sindia,1.019057240278206,228.0,gpcc2025
1991-04-01,lit_sindia,1.9153014190946362,239.0,gpcc2025
1991-05-01,lit_sindia,2.9033152464304868,242.0,gpcc2025
1991-06-01,lit_sindia,11.043383329356594,250.0,gpcc2025
1991-07-01,lit_sindia,8.834614664140663,228.0,gpcc2025
1991-08-01,lit_sindia,5.9000632225559455,245.0,gpcc2025
1991-09-01,lit_sindia,2.919308268258967,249.0,gpcc2025
1991-10-01,lit_sindia,7.439733023597075,256.0,gpcc2025
1991-11-01,lit_sindia,6.213321877218833,252.0,gpcc2025
1991-12-01,lit_sindia,1.754143605661208,215.0,gpcc2025
1992-01-01,lit_sindia,0.3230231275905222,176.0,gpcc2025
1992-02-01,lit_sindia,0.06296128310294166,163.0,gpcc2025
1992-03-01,lit_sindia,0.06159307037390339,167.0,gpcc2025
1992-04-01,lit_sindia,1.3830611721402728,251.0,gpcc2025
1992-05-01,lit_sindia,3.9552364328060774,248.0,gpcc2025
1992-06-01,lit_sindia,8.25365685246157,253.0,gpcc2025
1992-07-01,lit_sindia,8.561311493273779,247.0,gpcc2025
1992-08-01,lit_sindia,6.951408811770496,251.0,gpcc2025
1992-09-01,lit_sindia,5.186188425915037,249.0,gpcc2025
1992-10-01,lit_sindia,4.643627967147653,251.0,gpcc2025
1992-11-01,lit_sindia,8.731546629995993,269.0,gpcc2025
1992-12-01,lit_sindia,1.7798981755616758,266.0,gpcc2025
1993-01-01,lit_sindia,0.12860482234811282,202.0,gpcc2025
1993-02-01,lit_sindia,0.2992507444869954,206.0,gpcc2025
1993-03-01,lit_sindia,0.5684112104375958,223.0,gpcc2025
1993-04-01,lit_sindia,1.4163352587658244,242.0,gpcc2025
1993-05-01,lit_sindia,3.472608499729725,226.0,gpcc2025
1993-06-01,lit_sindia,6.230585843246218,244.0,gpcc2025
1993-07-01,lit_sindia,9.039617977118645,221.0,gpcc2025
1993-08-01,lit_sindia,4.964028691899041,255.0,gpcc2025
1993-09-01,lit_sindia,3.4667509635592713,244.0,gpcc2025
1993-10-01,lit_sindia,8.44359562115294,256.0,gpcc2025
1993-11-01,lit_sindia,7.5671032728707335,260.0,gpcc2025
1993-12-01,lit_sindia,5.058955622263505,252.0,gpcc2025
1994-01-01,lit_sindia,1.2564708672960891,276.0,gpcc2025
1994-02-01,lit_sindia,1.7635915576805066,270.0,gpcc2025
1994-03-01,lit_sindia,0.5756162956339101,276.0,gpcc2025
1994-04-01,lit_sindia,2.474440602966783,278.0,gpcc2025
1994-05-01,lit_sindia,2.8695391157261207,276.0,gpcc2025
1994-06-01,lit_sindia,8.44772624981433,275.0,gpcc2025
1994-07-01,lit_sindia,10.164342137312977,277.0,gpcc2025
1994-08-01,lit_sindia,5.735715264202734,277.0,gpcc2025
1994-09-01,lit_sindia,3.9301699720591157,279.0,gpcc2025
1994-10-01,lit_sindia,9.44529078318029,282.0,gpcc2025
1994-11-01,lit_sindia,6.681337033663035,278.0,gpcc2025
1994-12-01,lit_sindia,1.4195767414793847,274.0,gpcc2025
1995-01-01,lit_sindia,1.7867940107785099,278.0,gpcc2025
1995-02-01,lit_sindia,0.6174412737334468,278.0,gpcc2025
1995-03-01,lit_sindia,0.6623283767503201,272.0,gpcc2025
1995-04-01,lit_sindia,3.019350117847613,269.0,gpcc2025
1995-05-01,lit_sindia,6.191851823384524,275.0,gpcc2025
1995-06-01,lit_sindia,5.771913084006908,274.0,gpcc2025
1995-07-01,lit_sindia,9.697953666134833,274.0,gpcc2025
1995-08-01,lit_sindia,7.073198933214606,275.0,gpcc2025
1995-09-01,lit_sindia,4.129581783132766,271.0,gpcc2025
1995-10-01,lit_sindia,5.061172647465387,276.0,gpcc2025
1995-11-01,lit_sindia,3.893865970706315,276.0,gpcc2025
1995-12-01,lit_sindia,0.6203450268950851,215.0,gpcc2025
1991-01-01,lit_cpacific,8.809820038375971,15.0,gpcc2025
1991-02-01,lit_cpacific,5.245596628835794,15.0,gpcc2025
1991-03-01,lit_cpacific,5.805494814946115,16.0,gpcc2025
1991-04-01,lit_cpacific,4.906842845394896,17.0,gpcc2025
1991-05-01,lit_cpacific,6.52224609238679,16.0,gpcc2025
1991-06-01,lit_cpacific,7.998250764626563,13.0,gpcc2025
1991-07-01,lit_cpacific,5.381031532797344,14.0,gpcc2025
1991-08-01,lit_cpacific,6.28434017776704,13.0,gpcc2025
1991-09-01,lit_cpacific,5.758513135708474,13.0,gpcc2025
1991-10-01,lit_cpacific,5.854483131419659,12.0,gpcc2025
1991-11-01,lit_cpacific,10.460269934277994,13.0,gpcc2025
1991-12-01,lit_cpacific,9.75400859365744,12.0,gpcc2025
1992-01-01,lit_cpacific,13.249931686520084,12.0,gpcc2025
1992-02-01,lit_cpacific,9.727472551954312,11.0,gpcc2025
1992-03-01,lit_cpacific,14.656380255733966,11.0,gpcc2025
1992-04-01,lit_cpacific,12.914841635959426,11.0,gpcc2025
1992-05-01,lit_cpacific,9.244930770324103,12.0,gpcc2025
1992-06-01,lit_cpacific,7.126757057703853,12.0,gpcc2025
1992-07-01,lit_cpacific,4.050690031138474,12.0,gpcc2025
1992-08-01,lit_cpacific,3.4199462368457967,12.0,gpcc2025
1992-09-01,lit_cpacific,4.485039658070897,9.0,gpcc2025
1992-10-01,lit_cpacific,2.8606438410248556,10.0,gpcc2025
1992-11-01,lit_cpacific,4.75285576668258,11.0,gpcc2025
1992-12-01,lit_cpacific,11.409791662253479,10.0,gpcc2025
1993-01-01,lit_cpacific,7.100645182341831,9.0,gpcc2025
1993-02-01,lit_cpacific,7.4158963819713986,9.0,gpcc2025
1993-03-01,lit_cpacific,11.190327917146336,8.0,gpcc2025
1993-04-01,lit_cpacific,13.035335170734633,8.0,gpcc2025
1993-05-01,lit_cpacific,10.129878087545809,8.0,gpcc2025
1993-06-01,lit_cpacific,8.41237084936649,8.0,gpcc2025
1993-07-01,lit_cpacific,7.4385970065610705,8.0,gpcc2025
1993-08-01,lit_cpacific,5.14976677655834,9.0,gpcc2025
1993-09-01,lit_cpacific,5.128282435162139,9.0,gpcc2025
1993-10-01,lit_cpacific,8.037102265087444,9.0,gpcc2025
1993-11-01,lit_cpacific,4.498266207459769,9.0,gpcc2025
1993-12-01,lit_cpacific,6.5212002093419095,12.0,gpcc2025
1994-01-01,lit_cpacific,4.370010096566258,11.0,gpcc2025
1994-02-01,lit_cpacific,4.479751693236104,11.0,gpcc2025
1994-03-01,lit_cpacific,5.101026615907703,12.0,gpcc2025
1994-04-01,lit_cpacific,7.964468144849252,13.0,gpcc2025
1994-05-01,lit_cpacific,3.909550919946471,10.0,gpcc2025
1994-06-01,lit_cpacific,4.41614334301897,8.0,gpcc2025
1994-07-01,lit_cpacific,4.5374052547966315,8.0,gpcc2025
1994-08-01,lit_cpacific,6.11247088413864,7.0,gpcc2025
1994-09-01,lit_cpacific,6.515737374004851,9.0,gpcc2025
1994-10-01,lit_cpacific,5.488873616910992,8.0,gpcc2025
1994-11-01,lit_cpacific,8.106279068397779,11.0,gpcc2025
1994-12-01,lit_cpacific,13.651092919585416,8.0,gpcc2025
1995-01-01,lit_cpacific,8.624846656284914,11.0,gpcc2025
1995-02-01,lit_cpacific,8.021666353743191,9.0,gpcc2025
1995-03-01,lit_cpacific,5.457470193655566,10.0,gpcc2025
1995-04-01,lit_cpacific,5.7824549332973385,10.0,gpcc2025
1995-05-01,lit_cpacific,3.080009993011674,11.0,gpcc2025
1995-06-01,lit_cpacific,3.6675859958846795,11.0,gpcc2025
1995-07-01,lit_cpacific,2.7710568282760772,13.0,gpcc2025
1995-08-01,lit_cpacific,3.0821881267680644,11.0,gpcc2025
1995-09-01,lit_cpacific,2.0692815561102473,9.0,gpcc2025
1995-10-01,lit_cpacific,2.981369535018929,8.0,gpcc2025
1995-11-01,lit_cpacific,2.696225975212128,9.0,gpcc2025
1995-12-01,lit_cpacific,3.0105124870652276,8.0,gpcc2025
1991-01-01,box_hawaii,3.0732149828353594,129.0,gpcc2025
1991-02-01,box_hawaii,3.2588939218010777,139.0,gpcc2025
1991-03-01,box_hawaii,8.877850609246044,126.0,gpcc2025
1991-04-01,box_hawaii,3.143177219531844,139.0,gpcc2025
1991-05-01,box_hawaii,2.133056837650801,133.0,gpcc2025
1991-06-01,box_hawaii,2.130264966135759,125.0,gpcc2025
1991-07-01,box_hawaii,2.255499134365595,136.0,gpcc2025
1991-08-01,box_hawaii,4.3175519523866095,137.0,gpcc2025
1991-09-01,box_hawaii,2.224890358786569,130.0,gpcc2025
1991-10-01,box_hawaii,3.5595918367447483,142.0,gpcc2025
1991-11-01,box_hawaii,2.0302336222017825,135.0,gpcc2025
1991-12-01,box_hawaii,4.759969871748935,120.0,gpcc2025
1992-01-01,box_hawaii,1.8814209982034884,137.0,gpcc2025
1992-02-01,box_hawaii,1.9140907572210135,144.0,gpcc2025
1992-03-01,box_hawaii,1.6613885840302343,144.0,gpcc2025
1992-04-01,box_hawaii,1.5551077562903581,141.0,gpcc2025
1992-05-01,box_hawaii,3.1496557414925714,129.0,gpcc2025
1992-06-01,box_hawaii,2.2984073208563767,142.0,gpcc2025
1992-07-01,box_hawaii,3.9640895849362505,142.0,gpcc2025
1992-08-01,box_hawaii,2.8785767782578424,113.0,gpcc2025
1992-09-01,box_hawaii,5.60045653755597,118.0,gpcc2025
1992-10-01,box_hawaii,3.1052816936006313,126.0,gpcc2025
1992-11-01,box_hawaii,6.691383259357066,124.0,gpcc2025
1992-12-01,box_hawaii,7.35326717954488,114.0,gpcc2025
1993-01-01,box_hawaii,4.145002262034496,134.0,gpcc2025
1993-02-01,box_hawaii,1.3331010776915317,143.0,gpcc2025
1993-03-01,box_hawaii,2.6067710269086213,147.0,gpcc2025
1993-04-01,box_hawaii,2.420865066472778,134.0,gpcc2025
1993-05-01,box_hawaii,2.3035261402112344,126.0,gpcc2025
1993-06-01,box_hawaii,1.6482132451898992,134.0,gpcc2025
1993-07-01,box_hawaii,4.673480422072066,125.0,gpcc2025
1993-08-01,box_hawaii,2.8770272040470872,143.0,gpcc2025
1993-09-01,box_hawaii,2.457422175678272,140.0,gpcc2025
1993-10-01,box_hawaii,4.987271944358141,129.0,gpcc2025
1993-11-01,box_hawaii,3.0174603912043003,128.0,gpcc2025
1993-12-01,box_hawaii,3.06873238732578,121.0,gpcc2025
1994-01-01,box_hawaii,3.654289423217233,137.0,gpcc2025
1994-02-01,box_hawaii,8.051181134448175,142.0,gpcc2025
1994-03-01,box_hawaii,5.954744285351271,141.0,gpcc2025
1994-04-01,box_hawaii,2.5547217035367926,125.0,gpcc2025
1994-05-01,box_hawaii,1.9341654378306572,140.0,gpcc2025
1994-06-01,box_hawaii,2.9431692936144396,144.0,gpcc2025
1994-07-01,box_hawaii,2.7695854912920397,129.0,gpcc2025
1994-08-01,box_hawaii,3.6170910963585112,145.0,gpcc2025
1994-09-01,box_hawaii,5.29963992669545,141.0,gpcc2025
1994-10-01,box_hawaii,2.7166971568199934,135.0,gpcc2025
1994-11-01,box_hawaii,4.784743795432586,128.0,gpcc2025
1994-12-01,box_hawaii,2.131304718993472,135.0,gpcc2025
1995-01-01,box_hawaii,2.2309462099586903,144.0,gpcc2025
1995-02-01,box_hawaii,2.906526710819633,137.0,gpcc2025
1995-03-01,box_hawaii,2.467643099083426,142.0,gpcc2025
1995-04-01,box_hawaii,3.3704771182357494,125.0,gpcc2025
1995-05-01,box_hawaii,1.8249845796956121,140.0,gpcc2025
1995-06-01,box_hawaii,1.631569839183291,142.0,gpcc2025
1995-07-01,box_hawaii,2.8280545230364837,127.0,gpcc2025
1995-08-01,box_hawaii,3.1224250814883745,140.0,gpcc2025
1995-09-01,box_hawaii,1.3186007982645167,137.0,gpcc2025
1995-10-01,box_hawaii,2.4878641300391235,139.0,gpcc2025
1995-11-01,box_hawaii,4.402079463270236,136.0,gpcc2025
1995-12-01,box_hawaii,2.700972760101267,129.0,gpcc2025
1996-01-01,wpacific,10.399370057076805,136.0,gpcc2025
1996-02-01,wpacific,8.054458214075115,137.0,gpcc2025
1996-03-01,wpacific,12.753112115700889,133.0,gpcc2025
1996-04-01,wpacific,8.689665140010058,132.0,gpcc2025
1996-05-01,wpacific,9.80584095441208,132.0,gpcc2025
1996-06-01,wpacific,7.960135020469449,133.0,gpcc2025
1996-07-01,wpacific,7.514511115192647,133.0,gpcc2025
1996-08-01,wpacific,6.344347975409765,130.0,gpcc2025
1996-09-01,wpacific,7.917277627114447,134.0,gpcc2025
1996-10-01,wpacific,7.147852043464218,135.0,gpcc2025
1996-11-01,wpacific,8.461077848681409,132.0,gpcc2025
1996-12-01,wpacific,8.890246273040184,127.0,gpcc2025
1997-01-01,wpacific,9.53026399210314,132.0,gpcc2025
1997-02-01,wpacific,10.313692205434993,132.0,gpcc2025
1997-03-01,wpacific,8.990142060906155,132.0,gpcc2025
1997-04-01,wpacific,8.706064574272641,137.0,gpcc2025
1997-05-01,wpacific,7.398128931198327,134.0,gpcc2025
1997-06-01,wpacific,5.55842744788379,134.0,gpcc2025
1997-07-01,wpacific,6.96829781495405,132.0,gpcc2025
1997-08-01,wpacific,5.441584313014028,130.0,gpcc2025
1997-09-01,wpacific,5.479708223045591,128.0,gpcc2025
1997-10-01,wpacific,3.9562442151565143,133.0,gpcc2025
1997-11-01,wpacific,3.9490308635725295,132.0,gpcc2025
1997-12-01,wpacific,4.324140756841864,128.0,gpcc2025
1998-01-01,wpacific,7.775991608517448,137.0,gpcc2025
1998-02-01,wpacific,7.0232936515416595,137.0,gpcc2025
1998-03-01,wpacific,9.049110934005352,140.0,gpcc2025
1998-04-01,wpacific,5.113119935710751,136.0,gpcc2025
1998-05-01,wpacific,6.610209388540411,140.0,gpcc2025
1998-06-01,wpacific,6.3563933399754955,140.0,gpcc2025
1998-07-01,wpacific,3.703279576730836,139.0,gpcc2025
1998-08-01,wpacific,7.320136425774594,139.0,gpcc2025
1998-09-01,wpacific,7.856037035407208,138.0,gpcc2025
1998-10-01,wpacific,5.746078096431071,138.0,gpcc2025
1998-11-01,wpacific,8.271947791924319,138.0,gpcc2025
1998-12-01,wpacific,9.689182763252004,137.0,gpcc2025
1999-01-01,wpacific,12.657484635758543,136.0,gpcc2025
1999-02-01,wpacific,14.28921058314067,136.0,gpcc2025
1999-03-01,wpacific,8.399611910244598,133.0,gpcc2025
1999-04-01,wpacific,10.063349748668882,137.0,gpcc2025
1999-05-01,wpacific,9.207956355981041,137.0,gpcc2025
1999-06-01,wpacific,6.350095359021268,135.0,gpcc2025
1999-07-01,wpacific,8.475250060176423,134.0,gpcc2025
1999-08-01,wpacific,8.082586383882779,131.0,gpcc2025
1999-09-01,wpacific,8.577636387957492,134.0,gpcc2025
1999-10-01,wpacific,5.74995879748671,136.0,gpcc2025
1999-11-01,wpacific,8.712736721419786,136.0,gpcc2025
1999-12-01,wpacific,9.69275599418806,132.0,gpcc2025
2000-01-01,wpacific,9.305145821802817,133.0,gpcc2025
2000-02-01,wpacific,10.36425706446657,133.0,gpcc2025
2000-03-01,wpacific,11.38529889834844,136.0,gpcc2025
2000-04-01,wpacific,10.80898698393622,133.0,gpcc2025
2000-05-01,wpacific,9.518754120180795,135.0,gpcc2025
2000-06-01,wpacific,8.956666546286215,135.0,gpcc2025
2000-07-01,wpacific,7.438811553527681,136.0,gpcc2025
2000-08-01,wpacific,7.818753427223231,139.0,gpcc2025
2000-09-01,wpacific,6.17843000194197,129.0,gpcc2025
2000-10-01,wpacific,7.879383840770702,136.0,gpcc2025
2000-11-01,wpacific,9.387239912632252,133.0,gpcc2025
2000-12-01,wpacific,9.838627612031678,140.0,gpcc2025
1996-01-01,hawaii,6.289554912857868,135.0,gpcc2025
1996-02-01,hawaii,5.004960786676941,144.0,gpcc2025
1996-03-01,hawaii,5.565500183653687,137.0,gpcc2025
1996-04-01,hawaii,2.77974013563995,140.0,gpcc2025
1996-05-01,hawaii,1.7210975223876337,142.0,gpcc2025
1996-06-01,hawaii,3.0835702285470625,135.0,gpcc2025
1996-07-01,hawaii,2.9410516070336112,133.0,gpcc2025
1996-08-01,hawaii,1.8604392050294203,146.0,gpcc2025
1996-09-01,hawaii,2.929732817340784,135.0,gpcc2025
1996-10-01,hawaii,2.5165891140684686,142.0,gpcc2025
1996-11-01,hawaii,9.533005629816506,117.0,gpcc2025
1996-12-01,hawaii,5.787246029131398,112.0,gpcc2025
1997-01-01,hawaii,6.915653554908227,132.0,gpcc2025
1997-02-01,hawaii,2.6740462288761035,132.0,gpcc2025
1997-03-01,hawaii,7.101278253030615,110.0,gpcc2025
1997-04-01,hawaii,2.8475896944874592,133.0,gpcc2025
1997-05-01,hawaii,3.362657701740411,125.0,gpcc2025
1997-06-01,hawaii,4.6318099688024335,132.0,gpcc2025
1997-07-01,hawaii,4.292184646694558,129.0,gpcc2025
1997-08-01,hawaii,1.9706923075796825,122.0,gpcc2025
1997-09-01,hawaii,2.4548407115002533,131.0,gpcc2025
1997-10-01,hawaii,2.911688348427897,131.0,gpcc2025
1997-11-01,hawaii,3.8218644416624983,124.0,gpcc2025
1997-12-01,hawaii,2.857760134785392,128.0,gpcc2025
1998-01-01,hawaii,1.7380728454267664,138.0,gpcc2025
1998-02-01,hawaii,1.0544687367049161,146.0,gpcc2025
1998-03-01,hawaii,1.796167063486015,142.0,gpcc2025
1998-04-01,hawaii,3.4682573540576502,133.0,gpcc2025
1998-05-01,hawaii,3.051240644278603,115.0,gpcc2025
1998-06-01,hawaii,2.9730349029437986,135.0,gpcc2025
1998-07-01,hawaii,1.5413124685876236,144.0,gpcc2025
1998-08-01,hawaii,2.3963581374759277,124.0,gpcc2025
1998-09-01,hawaii,2.39093779610441,140.0,gpcc2025
1998-10-01,hawaii,2.4191749992580065,133.0,gpcc2025
1998-11-01,hawaii,3.636426336102699,120.0,gpcc2025
1998-12-01,hawaii,2.8658496657613477,120.0,gpcc2025
1999-01-01,hawaii,4.32739746945536,116.0,gpcc2025
1999-02-01,hawaii,4.672886764516053,137.0,gpcc2025
1999-03-01,hawaii,3.289913872751742,137.0,gpcc2025
1999-04-01,hawaii,2.90447734876007,133.0,gpcc2025
1999-05-01,hawaii,1.9848082866397079,136.0,gpcc2025
1999-06-01,hawaii,1.2568477887243104,139.0,gpcc2025
1999-07-01,hawaii,1.655681008693162,121.0,gpcc2025
1999-08-01,hawaii,2.024266779404971,137.0,gpcc2025
1999-09-01,hawaii,1.6578130937993523,131.0,gpcc2025
1999-10-01,hawaii,3.1276752335949407,109.0,gpcc2025
1999-11-01,hawaii,2.2346982754461875,123.0,gpcc2025
1999-12-01,hawaii,5.954030487350179,119.0,gpcc2025
2000-01-01,hawaii,3.790065896522159,125.0,gpcc2025
2000-02-01,hawaii,0.6426090380839133,137.0,gpcc2025
2000-03-01,hawaii,1.7965558716366004,130.0,gpcc2025
2000-04-01,hawaii,3.155917384454371,126.0,gpcc2025
2000-05-01,hawaii,1.1110333115832285,132.0,gpcc2025
2000-06-01,hawaii,1.8394490996692334,131.0,gpcc2025
2000-07-01,hawaii,2.4790768296379198,118.0,gpcc2025
2000-08-01,hawaii,2.71430683771082,133.0,gpcc2025
2000-09-01,hawaii,2.585769235308452,130.0,gpcc2025
2000-10-01,hawaii,3.2320465651399815,135.0,gpcc2025
2000-11-01,hawaii,6.323100254014265,118.0,gpcc2025
2000-12-01,hawaii,1.2607692713818086,133.0,gpcc2025
1996-01-01,cpacific,2.0394358704807796,19.0,gpcc2025
1996-02-01,cpacific,3.9550749631120854,17.0,gpcc2025
1996-03-01,cpacific,5.7020515381507115,18.0,gpcc2025
1996-04-01,cpacific,5.0513916271662875,17.0,gpcc2025
1996-05-01,cpacific,4.028985878995141,18.0,gpcc2025
1996-06-01,cpacific,2.8288187344757882,17.0,gpcc2025
1996-07-01,cpacific,3.4800917743568522,17.0,gpcc2025
1996-08-01,cpacific,2.494343202788512,18.0,gpcc2025
1996-09-01,cpacific,4.0263130104164295,13.0,gpcc2025
1996-10-01,cpacific,3.4871207928996433,14.0,gpcc2025
1996-11-01,cpacific,3.2103719251021943,13.0,gpcc2025
1996-12-01,cpacific,5.503800815314265,14.0,gpcc2025
1997-01-01,cpacific,6.019805434350141,10.0,gpcc2025
1997-02-01,cpacific,6.684996861240073,12.0,gpcc2025
1997-03-01,cpacific,11.71675294646415,10.0,gpcc2025
1997-04-01,cpacific,5.417616292164016,9.0,gpcc2025
1997-05-01,cpacific,6.316841204424913,8.0,gpcc2025
1997-06-01,cpacific,6.751368476732296,11.0,gpcc2025
1997-07-01,cpacific,5.547767198615669,8.0,gpcc2025
1997-08-01,cpacific,6.425615629389858,4.0,gpcc2025
1997-09-01,cpacific,4.483870436389731,9.0,gpcc2025
1997-10-01,cpacific,6.529078768138128,8.0,gpcc2025
1997-11-01,cpacific,3.636169839140975,14.0,gpcc2025
1997-12-01,cpacific,8.759679404019458,9.0,gpcc2025
1998-01-01,cpacific,9.522164833628938,9.0,gpcc2025
1998-02-01,cpacific,9.032857915261886,8.0,gpcc2025
1998-03-01,cpacific,5.872164803871138,9.0,gpcc2025
1998-04-01,cpacific,3.6646286100578047,9.0,gpcc2025
1998-05-01,cpacific,8.872121345022489,11.0,gpcc2025
1998-06-01,cpacific,4.789611372521975,11.0,gpcc2025
1998-07-01,cpacific,3.8940939110573516,10.0,gpcc2025
1998-08-01,cpacific,2.7396020055456165,11.0,gpcc2025
1998-09-01,cpacific,3.0526386478726213,12.0,gpcc2025
1998-10-01,cpacific,2.904705024145527,12.0,gpcc2025
1998-11-01,cpacific,2.515256178243979,10.0,gpcc2025
1998-12-01,cpacific,4.124342406559941,10.0,gpcc2025
1999-01-01,cpacific,2.2694628694229264,11.0,gpcc2025
1999-02-01,cpacific,2.920161780198885,12.0,gpcc2025
1999-03-01,cpacific,4.355197248524341,14.0,gpcc2025
1999-04-01,cpacific,3.1453677819928223,11.0,gpcc2025
1999-05-01,cpacific,4.1068480652687525,11.0,gpcc2025
1999-06-01,cpacific,3.91337624715684,10.0,gpcc2025
1999-07-01,cpacific,2.7712860496189333,12.0,gpcc2025
1999-08-01,cpacific,1.7353857850918146,11.0,gpcc2025
1999-09-01,cpacific,2.328301563637926,11.0,gpcc2025
1999-10-01,cpacific,1.2964141482111275,10.0,gpcc2025
1999-11-01,cpacific,1.952692409460991,11.0,gpcc2025
1999-12-01,cpacific,2.8293147584529654,9.0,gpcc2025
2000-01-01,cpacific,2.1190887370621345,12.0,gpcc2025
2000-02-01,cpacific,3.0869396476908415,10.0,gpcc2025
2000-03-01,cpacific,4.137573438296244,9.0,gpcc2025
2000-04-01,cpacific,4.731711817748268,12.0,gpcc2025
2000-05-01,cpacific,3.093783664640542,12.0,gpcc2025
2000-06-01,cpacific,3.6850042306994917,9.0,gpcc2025
2000-07-01,cpacific,3.6697167396487815,8.0,gpcc2025
2000-08-01,cpacific,3.8797127446204667,5.0,gpcc2025
2000-09-01,cpacific,2.9529816163815537,9.0,gpcc2025
2000-10-01,cpacific,2.9869251250781526,10.0,gpcc2025
2000-11-01,cpacific,2.1001913998172124,11.0,gpcc2025
2000-12-01,cpacific,4.110440590744009,10.0,gpcc2025
1996-01-01,lit_camerica,2.6013719766820707,528.0,gpcc2025
1996-02-01,lit_camerica,2.07386658001552,534.0,gpcc2025
1996-03-01,lit_camerica,1.892198647122059,537.0,gpcc2025
1996-04-01,lit_camerica,2.5600606767974683,542.0,gpcc2025
1996-05-01,lit_camerica,5.999526556482194,548.0,gpcc2025
1996-06-01,lit_camerica,5.8866203364945955,536.0,gpcc2025
1996-07-01,lit_camerica,7.8483591476098695,541.0,gpcc2025
1996-08-01,lit_camerica,6.757360137936186,539.0,gpcc2025
1996-09-01,lit_camerica,7.246117832708038,540.0,gpcc2025
1996-10-01,lit_camerica,7.330987062426358,540.0,gpcc2025
1996-11-01,lit_camerica,7.303893796249307,527.0,gpcc2025
1996-12-01,lit_camerica,2.7819540472367112,521.0,gpcc2025
1997-01-01,lit_camerica,2.8968243701911556,532.0,gpcc2025
1997-02-01,lit_camerica,2.2075536833401452,530.0,gpcc2025
1997-03-01,lit_camerica,1.282506818590329,533.0,gpcc2025
1997-04-01,lit_camerica,1.2964775454593658,532.0,gpcc2025
1997-05-01,lit_camerica,2.5925429585891324,523.0,gpcc2025
1997-06-01,lit_camerica,8.02892786935713,527.0,gpcc2025
1997-07-01,lit_camerica,5.795247957335597,526.0,gpcc2025
1997-08-01,lit_camerica,5.371762349987153,517.0,gpcc2025
1997-09-01,lit_camerica,6.90102449648703,527.0,gpcc2025
1997-10-01,lit_camerica,6.4507380663106275,525.0,gpcc2025
1997-11-01,lit_camerica,7.298759525168538,530.0,gpcc2025
1997-12-01,lit_camerica,1.5940684851446696,521.0,gpcc2025
1998-01-01,lit_camerica,2.004326975944833,477.0,gpcc2025
1998-02-01,lit_camerica,0.9518589546223252,482.0,gpcc2025
1998-03-01,lit_camerica,1.512938989410058,497.0,gpcc2025
1998-04-01,lit_camerica,1.2906646180058055,494.0,gpcc2025
1998-05-01,lit_camerica,3.542243057858403,491.0,gpcc2025
1998-06-01,lit_camerica,6.477746987984905,497.0,gpcc2025
1998-07-01,lit_camerica,6.954054607695713,489.0,gpcc2025
1998-08-01,lit_camerica,6.307884868207923,494.0,gpcc2025
1998-09-01,lit_camerica,7.6461931806177805,479.0,gpcc2025
1998-10-01,lit_camerica,12.074357712451349,475.0,gpcc2025
1998-11-01,lit_camerica,6.848271216767504,481.0,gpcc2025
1998-12-01,lit_camerica,4.689604025401604,474.0,gpcc2025
1999-01-01,lit_camerica,2.782942890222226,487.0,gpcc2025
1999-02-01,lit_camerica,2.211970318816241,490.0,gpcc2025
1999-03-01,lit_camerica,1.4769203540140545,481.0,gpcc2025
1999-04-01,lit_camerica,1.8833463825369792,487.0,gpcc2025
1999-05-01,lit_camerica,3.5041978766661033,486.0,gpcc2025
1999-06-01,lit_camerica,7.325234335588588,481.0,gpcc2025
1999-07-01,lit_camerica,6.9075326292722306,487.0,gpcc2025
1999-08-01,lit_camerica,6.655961935159383,480.0,gpcc2025
1999-09-01,lit_camerica,9.474740063808232,484.0,gpcc2025
1999-10-01,lit_camerica,8.4001849476414,467.0,gpcc2025
1999-11-01,lit_camerica,5.313636668613932,472.0,gpcc2025
1999-12-01,lit_camerica,3.0005774196544386,457.0,gpcc2025
2000-01-01,lit_camerica,2.2651937190810494,451.0,gpcc2025
2000-02-01,lit_camerica,1.7105560513999618,455.0,gpcc2025
2000-03-01,lit_camerica,1.071809478629858,458.0,gpcc2025
2000-04-01,lit_camerica,1.5009991588752087,445.0,gpcc2025
2000-05-01,lit_camerica,6.317945726798472,443.0,gpcc2025
2000-06-01,lit_camerica,6.3770314891709114,444.0,gpcc2025
2000-07-01,lit_camerica,5.272219794819276,442.0,gpcc2025
2000-08-01,lit_camerica,6.815572511245246,432.0,gpcc2025
2000-09-01,lit_camerica,8.294010425610663,444.0,gpcc2025
2000-10-01,lit_camerica,6.821803363166078,444.0,gpcc2025
2000-11-01,lit_camerica,3.8202953134137094,443.0,gpcc2025
2000-12-01,lit_camerica,3.3728208184380617,425.0,gpcc2025
1996-01-01,lit_wpacific,9.43642850384909,42.0,gpcc2025
1996-02-01,lit_wpacific,8.227820660139052,42.0,gpcc2025
1996-03-01,lit_wpacific,12.073327176599097,42.0,gpcc2025
1996-04-01,lit_wpacific,8.71809791443401,42.0,gpcc2025
1996-05-01,lit_wpacific,10.36266995930926,41.0,gpcc2025
1996-06-01,lit_wpacific,9.34822189082755,40.0,gpcc2025
1996-07-01,lit_wpacific,9.186593137219914,39.0,gpcc2025
1996-08-01,lit_wpacific,8.841543345730267,39.0,gpcc2025
1996-09-01,lit_wpacific,9.066781548569127,40.0,gpcc2025
1996-10-01,lit_wpacific,8.027588660004334,39.0,gpcc2025
1996-11-01,lit_wpacific,8.120631292989584,39.0,gpcc2025
1996-12-01,lit_wpacific,9.668168767020871,40.0,gpcc2025
1997-01-01,lit_wpacific,9.092335239054195,39.0,gpcc2025
1997-02-01,lit_wpacific,11.060290376290904,35.0,gpcc2025
1997-03-01,lit_wpacific,9.281290376645767,38.0,gpcc2025
1997-04-01,lit_wpacific,9.021978835589595,39.0,gpcc2025
1997-05-01,lit_wpacific,7.40477644329937,38.0,gpcc2025
1997-06-01,lit_wpacific,6.315953498302055,38.0,gpcc2025
1997-07-01,lit_wpacific,8.670693333132046,38.0,gpcc2025
1997-08-01,lit_wpacific,6.150305710848913,37.0,gpcc2025
1997-09-01,lit_wpacific,5.539741669072324,34.0,gpcc2025
1997-10-01,lit_wpacific,3.82447156007635,38.0,gpcc2025
1997-11-01,lit_wpacific,4.1112204527892455,37.0,gpcc2025
1997-12-01,lit_wpacific,4.918423273491076,37.0,gpcc2025
1998-01-01,lit_wpacific,8.683684993203936,39.0,gpcc2025
1998-02-01,lit_wpacific,10.664358968294687,39.0,gpcc2025
1998-03-01,lit_wpacific,10.19813527796732,41.0,gpcc2025
1998-04-01,lit_wpacific,7.015036229904225,39.0,gpcc2025
1998-05-01,lit_wpacific,7.417784931054172,40.0,gpcc2025
1998-06-01,lit_wpacific,8.642714660787957,40.0,gpcc2025
1998-07-01,lit_wpacific,6.068234841183403,40.0,gpcc2025
1998-08-01,lit_wpacific,10.118132667677848,39.0,gpcc2025
1998-09-01,lit_wpacific,9.330217849401413,39.0,gpcc2025
1998-10-01,lit_wpacific,6.850566417433025,39.0,gpcc2025
1998-11-01,lit_wpacific,8.671167912488166,38.0,gpcc2025
1998-12-01,lit_wpacific,9.135897237144118,39.0,gpcc2025
1999-01-01,lit_wpacific,10.19308918327325,39.0,gpcc2025
1999-02-01,lit_wpacific,13.23673109266723,38.0,gpcc2025
1999-03-01,lit_wpacific,7.760619081843766,37.0,gpcc2025
1999-04-01,lit_wpacific,8.711414514321996,38.0,gpcc2025
1999-05-01,lit_wpacific,9.440629943658344,37.0,gpcc2025
1999-06-01,lit_wpacific,8.557783090845101,36.0,gpcc2025
1999-07-01,lit_wpacific,10.158631681818035,35.0,gpcc2025
1999-08-01,lit_wpacific,10.094599837878308,34.0,gpcc2025
1999-09-01,lit_wpacific,8.5411268370345,36.0,gpcc2025
1999-10-01,lit_wpacific,5.836179629337842,37.0,gpcc2025
1999-11-01,lit_wpacific,8.751751489524947,35.0,gpcc2025
1999-12-01,lit_wpacific,7.913916220781677,33.0,gpcc2025
2000-01-01,lit_wpacific,8.275175635904937,36.0,gpcc2025
2000-02-01,lit_wpacific,7.28813334834086,38.0,gpcc2025
2000-03-01,lit_wpacific,10.646645648947658,38.0,gpcc2025
2000-04-01,lit_wpacific,9.154416151398616,38.0,gpcc2025
2000-05-01,lit_wpacific,10.602772334863955,36.0,gpcc2025
2000-06-01,lit_wpacific,10.391832732472846,37.0,gpcc2025
2000-07-01,lit_wpacific,10.73773213627376,37.0,gpcc2025
2000-08-01,lit_wpacific,10.324799915978902,37.0,gpcc2025
2000-09-01,lit_wpacific,7.389588545366544,34.0,gpcc2025
2000-10-01,lit_wpacific,7.458543776649729,37.0,gpcc2025
2000-11-01,lit_wpacific,10.68912938538147,32.0,gpcc2025
2000-12-01,lit_wpacific,10.84303792425061,38.0,gpcc2025
1996-01-01,lit_sindia,1.0922056690981559,225.0,gpcc2025
1996-02-01,lit_sindia,0.7462348595165678,225.0,gpcc2025
1996-03-01,lit_sindia,0.2504473317689681,119.0,gpcc2025
1996-04-01,lit_sindia,3.042769857863401,264.0,gpcc2025
1996-05-01,lit_sindia,1.5956964096224338,263.0,gpcc2025
1996-06-01,lit_sindia,9.152291127753093,270.0,gpcc2025
1996-07-01,lit_sindia,7.385011006496954,267.0,gpcc2025
1996-08-01,lit_sindia,5.723382248045087,269.0,gpcc2025
1996-09-01,lit_sindia,6.216467880145111,268.0,gpcc2025
1996-10-01,lit_sindia,6.825636017569459,275.0,gpcc2025
1996-11-01,lit_sindia,3.606511125561478,266.0,gpcc2025
1996-12-01,lit_sindia,4.387605066280241,270.0,gpcc2025
1997-01-01,lit_sindia,0.2934706432166569,249.0,gpcc2025
1997-02-01,lit_sindia,0.27345895163326067,241.0,gpcc2025
1997-03-01,lit_sindia,0.622438081267579,258.0,gpcc2025
1997-04-01,lit_sindia,1.9282513763284321,254.0,gpcc2025
1997-05-01,lit_sindia,2.680464717756189,254.0,gpcc2025
1997-06-01,lit_sindia,5.880031003065126,259.0,gpcc2025
1997-07-01,lit_sindia,9.929278692828962,262.0,gpcc2025
1997-08-01,lit_sindia,6.368274111437791,252.0,gpcc2025
1997-09-01,lit_sindia,5.677579146883763,257.0,gpcc2025
1997-10-01,lit_sindia,6.750719069259788,234.0,gpcc2025
1997-11-01,lit_sindia,9.012332855416961,258.0,gpcc2025
1997-12-01,lit_sindia,4.5663755182355406,256.0,gpcc2025
1998-01-01,lit_sindia,0.6748370497040882,132.0,gpcc2025
1998-02-01,lit_sindia,0.17878040180654925,108.0,gpcc2025
1998-03-01,lit_sindia,0.3528564364695101,93.0,gpcc2025
1998-04-01,lit_sindia,1.4804534976473163,166.0,gpcc2025
1998-05-01,lit_sindia,3.197224493336834,244.0,gpcc2025
1998-06-01,lit_sindia,7.449641107719608,217.0,gpcc2025
1998-07-01,lit_sindia,8.640613109495304,255.0,gpcc2025
1998-08-01,lit_sindia,6.1809510941393375,258.0,gpcc2025
1998-09-01,lit_sindia,7.29805970224825,248.0,gpcc2025
1998-10-01,lit_sindia,6.200314705307563,270.0,gpcc2025
1998-11-01,lit_sindia,6.09319719105545,269.0,gpcc2025
1998-12-01,lit_sindia,5.272089273039463,267.0,gpcc2025
1999-01-01,lit_sindia,1.251243744247325,140.0,gpcc2025
1999-02-01,lit_sindia,1.4038798674193471,181.0,gpcc2025
1999-03-01,lit_sindia,0.43944904149364206,113.0,gpcc2025
1999-04-01,lit_sindia,2.6010870117370337,257.0,gpcc2025
1999-05-01,lit_sindia,6.133417000788041,262.0,gpcc2025
1999-06-01,lit_sindia,5.880345763265927,230.0,gpcc2025
1999-07-01,lit_sindia,8.684532357509053,224.0,gpcc2025
1999-08-01,lit_sindia,4.005114333796625,236.0,gpcc2025
1999-09-01,lit_sindia,2.844558129887934,250.0,gpcc2025
1999-10-01,lit_sindia,8.852679664942555,255.0,gpcc2025
1999-11-01,lit_sindia,4.196074193946607,254.0,gpcc2025
1999-12-01,lit_sindia,1.8022100498088012,248.0,gpcc2025
2000-01-01,lit_sindia,1.7930467587575583,205.0,gpcc2025
2000-02-01,lit_sindia,2.6562657131128726,253.0,gpcc2025
2000-03-01,lit_sindia,0.7660051094166744,146.0,gpcc2025
2000-04-01,lit_sindia,1.8697424421382525,243.0,gpcc2025
2000-05-01,lit_sindia,2.9623243320917254,239.0,gpcc2025
2000-06-01,lit_sindia,7.26903050369066,226.0,gpcc2025
2000-07-01,lit_sindia,5.4932713045895385,243.0,gpcc2025
2000-08-01,lit_sindia,8.743016432273919,262.0,gpcc2025
2000-09-01,lit_sindia,5.052490301923107,261.0,gpcc2025
2000-10-01,lit_sindia,4.845623743545413,267.0,gpcc2025
2000-11-01,lit_sindia,3.983339917945272,265.0,gpcc2025
2000-12-01,lit_sindia,2.519359195322453,270.0,gpcc2025
1996-01-01,lit_cpacific,2.1869818128823817,9.0,gpcc2025
1996-02-01,lit_cpacific,2.809284988506546,8.0,gpcc2025
1996-03-01,lit_cpacific,4.292162597444651,8.0,gpcc2025
1996-04-01,lit_cpacific,5.433028919179644,8.0,gpcc2025
1996-05-01,lit_cpacific,4.137278017229023,10.0,gpcc2025
1996-06-01,lit_cpacific,2.9115745345326234,9.0,gpcc2025
1996-07-01,lit_cpacific,3.432967649738348,8.0,gpcc2025
1996-08-01,lit_cpacific,2.3474293085977487,10.0,gpcc2025
1996-09-01,lit_cpacific,2.777899207964821,7.0,gpcc2025
1996-10-01,lit_cpacific,2.4367808277317407,8.0,gpcc2025
1996-11-01,lit_cpacific,2.3831547786944314,9.0,gpcc2025
1996-12-01,lit_cpacific,3.515122302641204,7.0,gpcc2025
1997-01-01,lit_cpacific,4.488616917956663,6.0,gpcc2025
1997-02-01,lit_cpacific,5.6742851604295685,7.0,gpcc2025
1997-03-01,lit_cpacific,7.59952232377223,6.0,gpcc2025
1997-04-01,lit_cpacific,6.146534199784663,6.0,gpcc2025
1997-05-01,lit_cpacific,6.900766277862514,5.0,gpcc2025
1997-06-01,lit_cpacific,6.558641943932794,6.0,gpcc2025
1997-07-01,lit_cpacific,5.800923362612897,6.0,gpcc2025
1997-08-01,lit_cpacific,8.02813876766782,3.0,gpcc2025
1997-09-01,lit_cpacific,4.309590450864187,8.0,gpcc2025
1997-10-01,lit_cpacific,6.4274607157162995,7.0,gpcc2025
1997-11-01,lit_cpacific,3.734788505714703,8.0,gpcc2025
1997-12-01,lit_cpacific,6.693078623104775,8.0,gpcc2025
1998-01-01,lit_cpacific,6.728127695888118,9.0,gpcc2025
1998-02-01,lit_cpacific,6.075225771159006,8.0,gpcc2025
1998-03-01,lit_cpacific,4.202905608209203,9.0,gpcc2025
1998-04-01,lit_cpacific,2.5680505402971274,8.0,gpcc2025
1998-05-01,lit_cpacific,11.045603728136097,9.0,gpcc2025
1998-06-01,lit_cpacific,5.217680698769145,9.0,gpcc2025
1998-07-01,lit_cpacific,3.3240047392615213,8.0,gpcc2025
1998-08-01,lit_cpacific,1.741091661212506,9.0,gpcc2025
1998-09-01,lit_cpacific,1.828471345507776,10.0,gpcc2025
1998-10-01,lit_cpacific,1.8776170209916,10.0,gpcc2025
1998-11-01,lit_cpacific,1.7145615783381432,8.0,gpcc2025
1998-12-01,lit_cpacific,2.672313110752324,7.0,gpcc2025
1999-01-01,lit_cpacific,1.7375494196262735,8.0,gpcc2025
1999-02-01,lit_cpacific,1.9066153620851634,8.0,gpcc2025
1999-03-01,lit_cpacific,3.824382960915702,10.0,gpcc2025
1999-04-01,lit_cpacific,2.769576749118059,8.0,gpcc2025
1999-05-01,lit_cpacific,3.6641678100508197,8.0,gpcc2025
1999-06-01,lit_cpacific,3.5292358624042586,6.0,gpcc2025
1999-07-01,lit_cpacific,3.6429674238542535,8.0,gpcc2025
1999-08-01,lit_cpacific,2.0172844305638895,7.0,gpcc2025
1999-09-01,lit_cpacific,2.2397806443750667,7.0,gpcc2025
1999-10-01,lit_cpacific,1.6859680298616462,7.0,gpcc2025
1999-11-01,lit_cpacific,1.511478292059518,7.0,gpcc2025
1999-12-01,lit_cpacific,2.1499723715516192,6.0,gpcc2025
2000-01-01,lit_cpacific,1.9257239228093928,9.0,gpcc2025
2000-02-01,lit_cpacific,2.878893667484124,7.0,gpcc2025
2000-03-01,lit_cpacific,2.970560229038014,7.0,gpcc2025
2000-04-01,lit_cpacific,4.59408256382065,8.0,gpcc2025
2000-05-01,lit_cpacific,2.885732903661312,8.0,gpcc2025
2000-06-01,lit_cpacific,2.8246249031552226,7.0,gpcc2025
2000-07-01,lit_cpacific,3.693395611154356,6.0,gpcc2025
2000-08-01,lit_cpacific,3.801999706433685,3.0,gpcc2025
2000-09-01,lit_cpacific,3.54354339194667,8.0,gpcc2025
2000-10-01,lit_cpacific,2.5336075892344123,7.0,gpcc2025
2000-11-01,lit_cpacific,1.9252472659937687,8.0,gpcc2025
2000-12-01,lit_cpacific,2.550828663359125,8.0,gpcc2025
1996-01-01,box_hawaii,6.289554912857868,135.0,gpcc2025
1996-02-01,box_hawaii,5.004960786676941,144.0,gpcc2025
1996-03-01,box_hawaii,5.565500183653687,137.0,gpcc2025
1996-04-01,box_hawaii,2.77974013563995,140.0,gpcc2025
1996-05-01,box_hawaii,1.7210975223876337,142.0,gpcc2025
1996-06-01,box_hawaii,3.0835702285470625,135.0,gpcc2025
1996-07-01,box_hawaii,2.9410516070336112,133.0,gpcc2025
1996-08-01,box_hawaii,1.8604392050294203,146.0,gpcc2025
1996-09-01,box_hawaii,2.929732817340784,135.0,gpcc2025
1996-10-01,box_hawaii,2.5165891140684686,142.0,gpcc2025
1996-11-01,box_hawaii,9.533005629816506,117.0,gpcc2025
1996-12-01,box_hawaii,5.787246029131398,112.0,gpcc2025
1997-01-01,box_hawaii,6.915653554908227,132.0,gpcc2025
1997-02-01,box_hawaii,2.6740462288761035,132.0,gpcc2025
1997-03-01,box_hawaii,7.101278253030615,110.0,gpcc2025
1997-04-01,box_hawaii,2.8475896944874592,133.0,gpcc2025
1997-05-01,box_hawaii,3.362657701740411,125.0,gpcc2025
1997-06-01,box_hawaii,4.6318099688024335,132.0,gpcc2025
1997-07-01,box_hawaii,4.292184646694558,129.0,gpcc2025
1997-08-01,box_hawaii,1.9706923075796825,122.0,gpcc2025
1997-09-01,box_hawaii,2.4548407115002533,131.0,gpcc2025
1997-10-01,box_hawaii,2.911688348427897,131.0,gpcc2025
1997-11-01,box_hawaii,3.8218644416624983,124.0,gpcc2025
1997-12-01,box_hawaii,2.857760134785392,128.0,gpcc2025
1998-01-01,box_hawaii,1.7380728454267664,138.0,gpcc2025
1998-02-01,box_hawaii,1.0544687367049161,146.0,gpcc2025
1998-03-01,box_hawaii,1.796167063486015,142.0,gpcc2025
1998-04-01,box_hawaii,3.4682573540576502,133.0,gpcc2025
1998-05-01,box_hawaii,3.051240644278603,115.0,gpcc2025
1998-06-01,box_hawaii,2.9730349029437986,135.0,gpcc2025
1998-07-01,box_hawaii,1.5413124685876236,144.0,gpcc2025
1998-08-01,box_hawaii,2.3963581374759277,124.0,gpcc2025
1998-09-01,box_hawaii,2.39093779610441,140.0,gpcc2025
1998-10-01,box_hawaii,2.4191749992580065,133.0,gpcc2025
1998-11-01,box_hawaii,3.636426336102699,120.0,gpcc2025
1998-12-01,box_hawaii,2.8658496657613477,120.0,gpcc2025
1999-01-01,box_hawaii,4.32739746945536,116.0,gpcc2025
1999-02-01,box_hawaii,4.672886764516053,137.0,gpcc2025
1999-03-01,box_hawaii,3.289913872751742,137.0,gpcc2025
1999-04-01,box_hawaii,2.90447734876007,133.0,gpcc2025
1999-05-01,box_hawaii,1.9848082866397079,136.0,gpcc2025
1999-06-01,box_hawaii,1.2568477887243104,139.0,gpcc2025
1999-07-01,box_hawaii,1.655681008693162,121.0,gpcc2025
1999-08-01,box_hawaii,2.024266779404971,137.0,gpcc2025
1999-09-01,box_hawaii,1.6578130937993523,131.0,gpcc2025
1999-10-01,box_hawaii,3.1276752335949407,109.0,gpcc2025
1999-11-01,box_hawaii,2.2346982754461875,123.0,gpcc2025
1999-12-01,box_hawaii,5.954030487350179,119.0,gpcc2025
2000-01-01,box_hawaii,3.790065896522159,125.0,gpcc2025
2000-02-01,box_hawaii,0.6426090380839133,137.0,gpcc2025
2000-03-01,box_hawaii,1.7965558716366004,130.0,gpcc2025
2000-04-01,box_hawaii,3.155917384454371,126.0,gpcc2025
2000-05-01,box_hawaii,1.1110333115832285,132.0,gpcc2025
2000-06-01,box_hawaii,1.8394490996692334,131.0,gpcc2025
2000-07-01,box_hawaii,2.4790768296379198,118.0,gpcc2025
2000-08-01,box_hawaii,2.71430683771082,133.0,gpcc2025
2000-09-01,box_hawaii,2.585769235308452,130.0,gpcc2025
2000-10-01,box_hawaii,3.2320465651399815,135.0,gpcc2025
2000-11-01,box_hawaii,6.323100254014265,118.0,gpcc2025
2000-12-01,box_hawaii,1.2607692713818086,133.0,gpcc2025
2001-01-01,wpacific,8.572277803426678,141.0,gpcc2025
2001-02-01,wpacific,13.320168598441475,131.0,gpcc2025
2001-03-01,wpacific,8.952220355047276,135.0,gpcc2025
2001-04-01,wpacific,8.601593509177357,124.0,gpcc2025
2001-05-01,wpacific,7.502742916381983,139.0,gpcc2025
2001-06-01,wpacific,7.612449053041278,138.0,gpcc2025
2001-07-01,wpacific,6.857070175549935,132.0,gpcc2025
2001-08-01,wpacific,6.514844211730177,137.0,gpcc2025
2001-09-01,wpacific,6.181317378604825,137.0,gpcc2025
2001-10-01,wpacific,6.446837603541881,134.0,gpcc2025
2001-11-01,wpacific,6.032987089212712,139.0,gpcc2025
2001-12-01,wpacific,6.66115104339938,131.0,gpcc2025
2002-01-01,wpacific,8.299672644913633,132.0,gpcc2025
2002-02-01,wpacific,10.65758388777863,134.0,gpcc2025
2002-03-01,wpacific,10.342040070487199,136.0,gpcc2025
2002-04-01,wpacific,9.109154575213157,135.0,gpcc2025
2002-05-01,wpacific,7.679938176434245,138.0,gpcc2025
2002-06-01,wpacific,8.663697255158633,136.0,gpcc2025
2002-07-01,wpacific,8.140616881994763,136.0,gpcc2025
2002-08-01,wpacific,7.285355145232141,133.0,gpcc2025
2002-09-01,wpacific,7.769013214659693,135.0,gpcc2025
2002-10-01,wpacific,7.841471404022933,133.0,gpcc2025
2002-11-01,wpacific,8.42829450716049,135.0,gpcc2025
2002-12-01,wpacific,4.696615733447552,134.0,gpcc2025
2003-01-01,wpacific,7.998223661498446,134.0,gpcc2025
2003-02-01,wpacific,5.219054165259125,131.0,gpcc2025
2003-03-01,wpacific,8.33162565299124,130.0,gpcc2025
2003-04-01,wpacific,8.662228285225687,128.0,gpcc2025
2003-05-01,wpacific,9.160089467819558,126.0,gpcc2025
2003-06-01,wpacific,7.472641623382462,131.0,gpcc2025
2003-07-01,wpacific,8.693705188293793,127.0,gpcc2025
2003-08-01,wpacific,5.630799720413174,129.0,gpcc2025
2003-09-01,wpacific,5.9902219835774195,122.0,gpcc2025
2003-10-01,wpacific,5.839937817355421,127.0,gpcc2025
2003-11-01,wpacific,8.458522711902297,128.0,gpcc2025
2003-12-01,wpacific,8.432338509728297,125.0,gpcc2025
2004-01-01,wpacific,5.421827694169331,127.0,gpcc2025
2004-02-01,wpacific,11.126029381575487,127.0,gpcc2025
2004-03-01,wpacific,9.455297801866905,129.0,gpcc2025
2004-04-01,wpacific,10.04669528111137,127.0,gpcc2025
2004-05-01,wpacific,6.922872074121328,128.0,gpcc2025
2004-06-01,wpacific,9.939228686920096,124.0,gpcc2025
2004-07-01,wpacific,6.475616581662849,126.0,gpcc2025
2004-08-01,wpacific,8.021007603556036,127.0,gpcc2025
2004-09-01,wpacific,6.350749891990622,128.0,gpcc2025
2004-10-01,wpacific,7.582084828105401,129.0,gpcc2025
2004-11-01,wpacific,6.023646860560876,132.0,gpcc2025
2004-12-01,wpacific,6.331121208542832,129.0,gpcc2025
2005-01-01,wpacific,11.414440059505692,131.0,gpcc2025
2005-02-01,wpacific,7.273783570288054,130.0,gpcc2025
2005-03-01,wpacific,7.605244310314108,133.0,gpcc2025
2005-04-01,wpacific,13.600920248284668,127.0,gpcc2025
2005-05-01,wpacific,7.1408969577632915,127.0,gpcc2025
2005-06-01,wpacific,6.957343466968155,132.0,gpcc2025
2005-07-01,wpacific,7.1944736882122085,132.0,gpcc2025
2005-08-01,wpacific,7.496531997133278,133.0,gpcc2025
2005-09-01,wpacific,7.88133992465647,129.0,gpcc2025
2005-10-01,wpacific,5.568527874165861,123.0,gpcc2025
2005-11-01,wpacific,7.804708165239307,132.0,gpcc2025
2005-12-01,wpacific,7.888249576713899,129.0,gpcc2025
2001-01-01,hawaii,1.0883694161166166,125.0,gpcc2025
2001-02-01,hawaii,4.953137875004896,129.0,gpcc2025
2001-03-01,hawaii,2.0459799228725264,124.0,gpcc2025
2001-04-01,hawaii,3.4646070473788577,122.0,gpcc2025
2001-05-01,hawaii,1.7272007147032917,128.0,gpcc2025
2001-06-01,hawaii,1.8046652770621308,126.0,gpcc2025
2001-07-01,hawaii,1.5909179502879873,128.0,gpcc2025
2001-08-01,hawaii,2.2452771530286233,130.0,gpcc2025
2001-09-01,hawaii,1.8578868973870246,118.0,gpcc2025
2001-10-01,hawaii,3.365105870266551,126.0,gpcc2025
2001-11-01,hawaii,6.242375501094874,127.0,gpcc2025
2001-12-01,hawaii,4.12167487312441,112.0,gpcc2025
2002-01-01,hawaii,7.711340898536729,122.0,gpcc2025
2002-02-01,hawaii,3.5482020670585266,129.0,gpcc2025
2002-03-01,hawaii,4.426076137633031,119.0,gpcc2025
2002-04-01,hawaii,2.9779421650910987,131.0,gpcc2025
2002-05-01,hawaii,5.167749687623827,126.0,gpcc2025
2002-06-01,hawaii,1.8288980067327893,119.0,gpcc2025
2002-07-01,hawaii,2.0836330537763126,125.0,gpcc2025
2002-08-01,hawaii,2.639784373040317,126.0,gpcc2025
2002-09-01,hawaii,1.9373422753265284,123.0,gpcc2025
2002-10-01,hawaii,3.432307760323394,130.0,gpcc2025
2002-11-01,hawaii,1.375938390690046,127.0,gpcc2025
2002-12-01,hawaii,1.9304135356387275,126.0,gpcc2025
2003-01-01,hawaii,2.9786108820685593,126.0,gpcc2025
2003-02-01,hawaii,3.5472766149037867,130.0,gpcc2025
2003-03-01,hawaii,2.619293309476138,124.0,gpcc2025
2003-04-01,hawaii,3.3900445636303775,129.0,gpcc2025
2003-05-01,hawaii,1.2847461865762828,124.0,gpcc2025
2003-06-01,hawaii,2.175768629476448,124.0,gpcc2025
2003-07-01,hawaii,2.31116795145141,121.0,gpcc2025
2003-08-01,hawaii,1.8453946881713956,113.0,gpcc2025
2003-09-01,hawaii,2.242353397851514,125.0,gpcc2025
2003-10-01,hawaii,1.9780093191245587,120.0,gpcc2025
2003-11-01,hawaii,3.149205312405583,111.0,gpcc2025
2003-12-01,hawaii,5.42015096396628,120.0,gpcc2025
2004-01-01,hawaii,8.099898542112044,118.0,gpcc2025
2004-02-01,hawaii,5.238915761616869,120.0,gpcc2025
2004-03-01,hawaii,8.717668482708259,119.0,gpcc2025
2004-04-01,hawaii,5.983531428385123,126.0,gpcc2025
2004-05-01,hawaii,4.157344643726147,120.0,gpcc2025
2004-06-01,hawaii,2.3887429615566163,117.0,gpcc2025
2004-07-01,hawaii,1.4601700676263576,114.0,gpcc2025
2004-08-01,hawaii,3.300574841542811,116.0,gpcc2025
2004-09-01,hawaii,2.2942113069024606,126.0,gpcc2025
2004-10-01,hawaii,3.7289286730054867,123.0,gpcc2025
2004-11-01,hawaii,4.965535510686328,128.0,gpcc2025
2004-12-01,hawaii,4.367380761591563,131.0,gpcc2025
2005-01-01,hawaii,6.68334226489773,122.0,gpcc2025
2005-02-01,hawaii,4.478824903990362,136.0,gpcc2025
2005-03-01,hawaii,5.419423262025023,134.0,gpcc2025
2005-04-01,hawaii,2.0757686694234865,136.0,gpcc2025
2005-05-01,hawaii,1.7429346776929406,133.0,gpcc2025
2005-06-01,hawaii,2.8133021179368902,130.0,gpcc2025
2005-07-01,hawaii,2.3663648527200913,122.0,gpcc2025
2005-08-01,hawaii,2.179276205728459,134.0,gpcc2025
2005-09-01,hawaii,4.4309431043195895,129.0,gpcc2025
2005-10-01,hawaii,4.012418398226732,122.0,gpcc2025
2005-11-01,hawaii,2.681623873332489,123.0,gpcc2025
2005-12-01,hawaii,1.3475394430043015,134.0,gpcc2025
2001-01-01,cpacific,4.08712097821386,12.0,gpcc2025
2001-02-01,cpacific,3.593483580500657,9.0,gpcc2025
2001-03-01,cpacific,8.683692613779542,10.0,gpcc2025
2001-04-01,cpacific,6.785906706496328,12.0,gpcc2025
2001-05-01,cpacific,4.794346240033234,11.0,gpcc2025
2001-06-01,cpacific,4.537525060883928,11.0,gpcc2025
2001-07-01,cpacific,4.36622907117562,11.0,gpcc2025
2001-08-01,cpacific,4.639987053178588,12.0,gpcc2025
2001-09-01,cpacific,2.715654182042238,8.0,gpcc2025
2001-10-01,cpacific,5.379218334007207,5.0,gpcc2025
2001-11-01,cpacific,5.838838341024393,4.0,gpcc2025
2001-12-01,cpacific,10.929128577221789,10.0,gpcc2025
2002-01-01,cpacific,5.4936156019676545,9.0,gpcc2025
2002-02-01,cpacific,7.931375126476646,8.0,gpcc2025
2002-03-01,cpacific,7.8285180161353205,9.0,gpcc2025
2002-04-01,cpacific,5.678581309290457,8.0,gpcc2025
2002-05-01,cpacific,4.646993510422859,10.0,gpcc2025
2002-06-01,cpacific,6.9795450763461035,10.0,gpcc2025
2002-07-01,cpacific,4.818617678141692,7.0,gpcc2025
2002-08-01,cpacific,7.3806180347863215,8.0,gpcc2025
2002-09-01,cpacific,6.982561956544211,8.0,gpcc2025
2002-10-01,cpacific,7.0496484212559585,7.0,gpcc2025
2002-11-01,cpacific,7.125964756006288,5.0,gpcc2025
2002-12-01,cpacific,7.223089250848354,4.0,gpcc2025
2003-01-01,cpacific,8.557571256594885,8.0,gpcc2025
2003-02-01,cpacific,7.120139195386064,7.0,gpcc2025
2003-03-01,cpacific,6.495805033090589,8.0,gpcc2025
2003-04-01,cpacific,8.358620528453965,5.0,gpcc2025
2003-05-01,cpacific,5.817486065363204,7.0,gpcc2025
2003-06-01,cpacific,6.0462240880666025,4.0,gpcc2025
2003-07-01,cpacific,4.79866790806569,8.0,gpcc2025
2003-08-01,cpacific,2.7046668023626954,7.0,gpcc2025
2003-09-01,cpacific,3.854044586242092,6.0,gpcc2025
2003-10-01,cpacific,3.614858298436819,6.0,gpcc2025
2003-11-01,cpacific,5.734293145861997,6.0,gpcc2025
2003-12-01,cpacific,4.279905133134675,7.0,gpcc2025
2004-01-01,cpacific,7.358833628059695,7.0,gpcc2025
2004-02-01,cpacific,6.335914476866983,4.0,gpcc2025
2004-03-01,cpacific,7.51732546955694,5.0,gpcc2025
2004-04-01,cpacific,7.1853593552317,6.0,gpcc2025
2004-05-01,cpacific,5.152243199241697,5.0,gpcc2025
2004-06-01,cpacific,5.5889367939454395,5.0,gpcc2025
2004-07-01,cpacific,3.547289168955514,5.0,gpcc2025
2004-08-01,cpacific,3.609386900658647,5.0,gpcc2025
2004-09-01,cpacific,5.048606497147069,3.0,gpcc2025
2004-10-01,cpacific,4.166600183286536,6.0,gpcc2025
2004-11-01,cpacific,5.547446312264291,3.0,gpcc2025
2004-12-01,cpacific,5.910769360775225,5.0,gpcc2025
2005-01-01,cpacific,5.673995063534198,5.0,gpcc2025
2005-02-01,cpacific,10.021650606074171,4.0,gpcc2025
2005-03-01,cpacific,5.8646237318108625,5.0,gpcc2025
2005-04-01,cpacific,7.253610573522248,0.0,gpcc2025
2005-05-01,cpacific,3.6050077144147767,2.0,gpcc2025
2005-06-01,cpacific,3.4899566981030814,6.0,gpcc2025
2005-07-01,cpacific,4.95463900339484,6.0,gpcc2025
2005-08-01,cpacific,4.959837276090529,4.0,gpcc2025
2005-09-01,cpacific,3.281935500574278,5.0,gpcc2025
2005-10-01,cpacific,2.794873015901377,6.0,gpcc2025
2005-11-01,cpacific,4.572295081955806,4.0,gpcc2025
2005-12-01,cpacific,5.75519258700971,4.0,gpcc2025
2001-01-01,lit_camerica,1.8932996170003364,427.0,gpcc2025
2001-02-01,lit_camerica,2.2500881173465626,422.0,gpcc2025
2001-03-01,lit_camerica,0.9608980517088624,433.0,gpcc2025
2001-04-01,lit_camerica,1.5897384149259248,429.0,gpcc2025
2001-05-01,lit_camerica,5.080200521710071,426.0,gpcc2025
2001-06-01,lit_camerica,4.254796343423076,428.0,gpcc2025
2001-07-01,lit_camerica,5.810181049166994,435.0,gpcc2025
2001-08-01,lit_camerica,6.3959195013250865,434.0,gpcc2025
2001-09-01,lit_camerica,6.614289395286483,433.0,gpcc2025
2001-10-01,lit_camerica,8.846387398579346,426.0,gpcc2025
2001-11-01,lit_camerica,4.320402243772766,427.0,gpcc2025
2001-12-01,lit_camerica,4.542873323584404,417.0,gpcc2025
2002-01-01,lit_camerica,2.395679106397241,403.0,gpcc2025
2002-02-01,lit_camerica,1.8816401054633725,399.0,gpcc2025
2002-03-01,lit_camerica,1.413325026348477,399.0,gpcc2025
2002-04-01,lit_camerica,2.268817219673021,399.0,gpcc2025
2002-05-01,lit_camerica,5.636091762754111,393.0,gpcc2025
2002-06-01,lit_camerica,6.44014358567821,392.0,gpcc2025
2002-07-01,lit_camerica,5.480537536092948,385.0,gpcc2025
2002-08-01,lit_camerica,5.942496559730006,384.0,gpcc2025
2002-09-01,lit_camerica,7.8577224272600095,386.0,gpcc2025
2002-10-01,lit_camerica,6.846174925091408,389.0,gpcc2025
2002-11-01,lit_camerica,4.289533945444399,381.0,gpcc2025
2002-12-01,lit_camerica,2.463707789892815,365.0,gpcc2025
2003-01-01,lit_camerica,2.9147946769135546,380.0,gpcc2025
2003-02-01,lit_camerica,1.180293695304142,381.0,gpcc2025
2003-03-01,lit_camerica,1.4436370068588422,385.0,gpcc2025
2003-04-01,lit_camerica,2.1368619093820183,375.0,gpcc2025
2003-05-01,lit_camerica,5.086201759906006,378.0,gpcc2025
2003-06-01,lit_camerica,7.385241709131219,376.0,gpcc2025
2003-07-01,lit_camerica,5.882482423303207,376.0,gpcc2025
2003-08-01,lit_camerica,6.358484975675531,370.0,gpcc2025
2003-09-01,lit_camerica,6.190540293189202,369.0,gpcc2025
2003-10-01,lit_camerica,7.798815229688156,371.0,gpcc2025
2003-11-01,lit_camerica,7.998116932239485,360.0,gpcc2025
2003-12-01,lit_camerica,3.8113671256111763,354.0,gpcc2025
2004-01-01,lit_camerica,2.2919447270996,356.0,gpcc2025
2004-02-01,lit_camerica,2.086434107252336,356.0,gpcc2025
2004-03-01,lit_camerica,2.4570218344011043,354.0,gpcc2025
2004-04-01,lit_camerica,2.3041260531943935,352.0,gpcc2025
2004-05-01,lit_camerica,6.758783474976683,356.0,gpcc2025
2004-06-01,lit_camerica,6.664615319927829,351.0,gpcc2025
2004-07-01,lit_camerica,6.514645327791015,343.0,gpcc2025
2004-08-01,lit_camerica,4.887625149640148,348.0,gpcc2025
2004-09-01,lit_camerica,7.490510766161162,346.0,gpcc2025
2004-10-01,lit_camerica,6.977543707958204,336.0,gpcc2025
2004-11-01,lit_camerica,5.205033201289293,343.0,gpcc2025
2004-12-01,lit_camerica,3.144870058799511,329.0,gpcc2025
2005-01-01,lit_camerica,2.887546865293681,314.0,gpcc2025
2005-02-01,lit_camerica,1.0113062818289407,317.0,gpcc2025
2005-03-01,lit_camerica,0.9973591235518823,318.0,gpcc2025
2005-04-01,lit_camerica,1.9106269364370498,316.0,gpcc2025
2005-05-01,lit_camerica,5.8889906947498885,298.0,gpcc2025
2005-06-01,lit_camerica,9.960656090087463,271.0,gpcc2025
2005-07-01,lit_camerica,7.571319169565732,261.0,gpcc2025
2005-08-01,lit_camerica,7.192053065854492,258.0,gpcc2025
2005-09-01,lit_camerica,7.59496584017186,241.0,gpcc2025
2005-10-01,lit_camerica,11.894522244455406,227.0,gpcc2025
2005-11-01,lit_camerica,6.028326655691026,196.0,gpcc2025
2005-12-01,lit_camerica,2.866490268900869,195.0,gpcc2025
2001-01-01,lit_wpacific,7.203305280712217,36.0,gpcc2025
2001-02-01,lit_wpacific,14.154110954495854,36.0,gpcc2025
2001-03-01,lit_wpacific,9.261890988178866,38.0,gpcc2025
2001-04-01,lit_wpacific,9.910903703257608,25.0,gpcc2025
2001-05-01,lit_wpacific,9.04318756130771,38.0,gpcc2025
2001-06-01,lit_wpacific,10.314282215091053,35.0,gpcc2025
2001-07-01,lit_wpacific,8.881221502242054,31.0,gpcc2025
2001-08-01,lit_wpacific,8.311853998106269,34.0,gpcc2025
2001-09-01,lit_wpacific,7.659548442530999,33.0,gpcc2025
2001-10-01,lit_wpacific,6.4495280169915,33.0,gpcc2025
2001-11-01,lit_wpacific,6.927324896522923,37.0,gpcc2025
2001-12-01,lit_wpacific,7.379409442378005,31.0,gpcc2025
2002-01-01,lit_wpacific,7.714263085437535,33.0,gpcc2025
2002-02-01,lit_wpacific,10.543448311412762,33.0,gpcc2025
2002-03-01,lit_wpacific,11.27970241283049,35.0,gpcc2025
2002-04-01,lit_wpacific,8.572033567330736,33.0,gpcc2025
2002-05-01,lit_wpacific,8.863334161339528,35.0,gpcc2025
2002-06-01,lit_wpacific,10.320440893521305,33.0,gpcc2025
2002-07-01,lit_wpacific,9.78533344047039,35.0,gpcc2025
2002-08-01,lit_wpacific,8.294799826392632,34.0,gpcc2025
2002-09-01,lit_wpacific,8.084441250521376,33.0,gpcc2025
2002-10-01,lit_wpacific,9.339710495370966,34.0,gpcc2025
2002-11-01,lit_wpacific,8.93549430478593,36.0,gpcc2025
2002-12-01,lit_wpacific,6.081831205346959,32.0,gpcc2025
2003-01-01,lit_wpacific,9.942014368047708,35.0,gpcc2025
2003-02-01,lit_wpacific,7.083682301897042,35.0,gpcc2025
2003-03-01,lit_wpacific,8.97384670500777,34.0,gpcc2025
2003-04-01,lit_wpacific,8.90641366389234,34.0,gpcc2025
2003-05-01,lit_wpacific,9.737619036657106,30.0,gpcc2025
2003-06-01,lit_wpacific,9.243947775638695,34.0,gpcc2025
2003-07-01,lit_wpacific,10.192269935236252,34.0,gpcc2025
2003-08-01,lit_wpacific,8.496350936472156,36.0,gpcc2025
2003-09-01,lit_wpacific,8.341794502697194,32.0,gpcc2025
2003-10-01,lit_wpacific,7.223677249238698,35.0,gpcc2025
2003-11-01,lit_wpacific,9.455557352986231,35.0,gpcc2025
2003-12-01,lit_wpacific,8.247304188021879,33.0,gpcc2025
2004-01-01,lit_wpacific,7.12373361750948,34.0,gpcc2025
2004-02-01,lit_wpacific,11.560172444087629,34.0,gpcc2025
2004-03-01,lit_wpacific,9.365288932351644,35.0,gpcc2025
2004-04-01,lit_wpacific,11.038898138944505,33.0,gpcc2025
2004-05-01,lit_wpacific,8.232454848211866,35.0,gpcc2025
2004-06-01,lit_wpacific,10.600973266426564,33.0,gpcc2025
2004-07-01,lit_wpacific,8.798414079304022,33.0,gpcc2025
2004-08-01,lit_wpacific,8.454544929518333,34.0,gpcc2025
2004-09-01,lit_wpacific,7.852003261412119,34.0,gpcc2025
2004-10-01,lit_wpacific,8.474616640243719,34.0,gpcc2025
2004-11-01,lit_wpacific,6.702119841182727,36.0,gpcc2025
2004-12-01,lit_wpacific,6.3971181851995045,34.0,gpcc2025
2005-01-01,lit_wpacific,12.67609460410706,35.0,gpcc2025
2005-02-01,lit_wpacific,8.85814375998326,35.0,gpcc2025
2005-03-01,lit_wpacific,8.263098537655873,35.0,gpcc2025
2005-04-01,lit_wpacific,13.036497931672814,31.0,gpcc2025
2005-05-01,lit_wpacific,8.114960894642257,31.0,gpcc2025
2005-06-01,lit_wpacific,8.115032007517877,35.0,gpcc2025
2005-07-01,lit_wpacific,9.452848057893457,35.0,gpcc2025
2005-08-01,lit_wpacific,9.837105083458233,37.0,gpcc2025
2005-09-01,lit_wpacific,9.68602838003387,36.0,gpcc2025
2005-10-01,lit_wpacific,7.178429323609825,36.0,gpcc2025
2005-11-01,lit_wpacific,8.044368788440071,36.0,gpcc2025
2005-12-01,lit_wpacific,8.40416248897359,32.0,gpcc2025
2001-01-01,lit_sindia,1.4372638870438097,26.0,gpcc2025
2001-02-01,lit_sindia,0.6702601285452073,27.0,gpcc2025
2001-03-01,lit_sindia,0.2541063916964464,26.0,gpcc2025
2001-04-01,lit_sindia,5.266556303004776,25.0,gpcc2025
2001-05-01,lit_sindia,3.2610936867537528,27.0,gpcc2025
2001-06-01,lit_sindia,6.5729758583134394,27.0,gpcc2025
2001-07-01,lit_sindia,7.586867221488603,27.0,gpcc2025
2001-08-01,lit_sindia,4.133617281727171,34.0,gpcc2025
2001-09-01,lit_sindia,5.617981573401221,27.0,gpcc2025
2001-10-01,lit_sindia,6.233229823618761,27.0,gpcc2025
2001-11-01,lit_sindia,4.0628914369676865,27.0,gpcc2025
2001-12-01,lit_sindia,2.5920727270868245,27.0,gpcc2025
2002-01-01,lit_sindia,1.0872271171231036,27.0,gpcc2025
2002-02-01,lit_sindia,1.2462229984712105,26.0,gpcc2025
2002-03-01,lit_sindia,0.7033341866359293,27.0,gpcc2025
2002-04-01,lit_sindia,1.9011518729379353,29.0,gpcc2025
2002-05-01,lit_sindia,4.64142950546488,29.0,gpcc2025
2002-06-01,lit_sindia,5.498496305093612,20.0,gpcc2025
2002-07-01,lit_sindia,3.8968184534158414,25.0,gpcc2025
2002-08-01,lit_sindia,4.574352642119666,29.0,gpcc2025
2002-09-01,lit_sindia,2.4012946169363483,29.0,gpcc2025
2002-10-01,lit_sindia,10.312514244010421,29.0,gpcc2025
2002-11-01,lit_sindia,4.381866195350992,29.0,gpcc2025
2002-12-01,lit_sindia,2.41907399242379,29.0,gpcc2025
2003-01-01,lit_sindia,1.02145183123986,28.0,gpcc2025
2003-02-01,lit_sindia,1.2999189933664532,29.0,gpcc2025
2003-03-01,lit_sindia,1.5493464872025557,29.0,gpcc2025
2003-04-01,lit_sindia,2.5583938740633707,29.0,gpcc2025
2003-05-01,lit_sindia,2.122144764925252,29.0,gpcc2025
2003-06-01,lit_sindia,7.193041976718269,27.0,gpcc2025
2003-07-01,lit_sindia,7.351190722196062,29.0,gpcc2025
2003-08-01,lit_sindia,4.458185053434733,29.0,gpcc2025
2003-09-01,lit_sindia,2.687269597649099,28.0,gpcc2025
2003-10-01,lit_sindia,6.610642607140895,28.0,gpcc2025
2003-11-01,lit_sindia,5.2664580227901885,28.0,gpcc2025
2003-12-01,lit_sindia,0.6666328442261368,29.0,gpcc2025
2004-01-01,lit_sindia,0.42687259306183817,28.0,gpcc2025
2004-02-01,lit_sindia,0.5095897470251455,29.0,gpcc2025
2004-03-01,lit_sindia,0.6423121842761996,29.0,gpcc2025
2004-04-01,lit_sindia,1.977558679135247,30.0,gpcc2025
2004-05-01,lit_sindia,9.198214457153691,29.0,gpcc2025
2004-06-01,lit_sindia,5.481032996421675,29.0,gpcc2025
2004-07-01,lit_sindia,6.3583280742614035,29.0,gpcc2025
2004-08-01,lit_sindia,4.640106364578966,29.0,gpcc2025
2004-09-01,lit_sindia,6.480342498513972,28.0,gpcc2025
2004-10-01,lit_sindia,8.028011397351953,30.0,gpcc2025
2004-11-01,lit_sindia,4.861814861796172,30.0,gpcc2025
2004-12-01,lit_sindia,2.438947695683443,30.0,gpcc2025
2005-01-01,lit_sindia,1.0533063938276213,30.0,gpcc2025
2005-02-01,lit_sindia,0.29161179493496514,30.0,gpcc2025
2005-03-01,lit_sindia,1.0448867752313704,33.0,gpcc2025
2005-04-01,lit_sindia,3.8443787453702245,33.0,gpcc2025
2005-05-01,lit_sindia,2.6534726805232234,33.0,gpcc2025
2005-06-01,lit_sindia,5.593629198015785,33.0,gpcc2025
2005-07-01,lit_sindia,8.049668591559454,33.0,gpcc2025
2005-08-01,lit_sindia,4.405043841451731,33.0,gpcc2025
2005-09-01,lit_sindia,4.873760015671398,33.0,gpcc2025
2005-10-01,lit_sindia,9.701748870072652,33.0,gpcc2025
2005-11-01,lit_sindia,9.131828242353487,33.0,gpcc2025
2005-12-01,lit_sindia,2.8876544668154422,33.0,gpcc2025
2001-01-01,lit_cpacific,3.5343467257000296,7.0,gpcc2025
2001-02-01,lit_cpacific,2.735524707543725,5.0,gpcc2025
2001-03-01,lit_cpacific,8.994046153426757,6.0,gpcc2025
2001-04-01,lit_cpacific,6.3995275657100334,8.0,gpcc2025
2001-05-01,lit_cpacific,4.665601374732694,8.0,gpcc2025
2001-06-01,lit_cpacific,4.510891939928429,7.0,gpcc2025
2001-07-01,lit_cpacific,4.460872868458286,8.0,gpcc2025
2001-08-01,lit_cpacific,5.240484054713378,8.0,gpcc2025
2001-09-01,lit_cpacific,2.1923789966452816,4.0,gpcc2025
2001-10-01,lit_cpacific,5.336949850652424,2.0,gpcc2025
2001-11-01,lit_cpacific,4.648016797278922,2.0,gpcc2025
2001-12-01,lit_cpacific,8.330192026917162,8.0,gpcc2025
2002-01-01,lit_cpacific,4.723488183856239,8.0,gpcc2025
2002-02-01,lit_cpacific,6.303524749324546,6.0,gpcc2025
2002-03-01,lit_cpacific,7.358955735588066,6.0,gpcc2025
2002-04-01,lit_cpacific,4.878620789019343,7.0,gpcc2025
2002-05-01,lit_cpacific,3.163547004816801,8.0,gpcc2025
2002-06-01,lit_cpacific,7.532334887264091,8.0,gpcc2025
2002-07-01,lit_cpacific,4.8276414755424515,6.0,gpcc2025
2002-08-01,lit_cpacific,7.730123478248727,7.0,gpcc2025
2002-09-01,lit_cpacific,6.114824057628808,7.0,gpcc2025
2002-10-01,lit_cpacific,6.572077656415737,6.0,gpcc2025
2002-11-01,lit_cpacific,5.737357266403609,4.0,gpcc2025
2002-12-01,lit_cpacific,6.001600123386422,2.0,gpcc2025
2003-01-01,lit_cpacific,5.844983070603167,7.0,gpcc2025
2003-02-01,lit_cpacific,5.892413661867133,6.0,gpcc2025
2003-03-01,lit_cpacific,5.494860971836374,7.0,gpcc2025
2003-04-01,lit_cpacific,7.800067574279834,4.0,gpcc2025
2003-05-01,lit_cpacific,4.690351516743478,5.0,gpcc2025
2003-06-01,lit_cpacific,5.466440535782232,2.0,gpcc2025
2003-07-01,lit_cpacific,3.5811867155779984,6.0,gpcc2025
2003-08-01,lit_cpacific,1.618482752533055,5.0,gpcc2025
2003-09-01,lit_cpacific,3.6570792586056085,4.0,gpcc2025
2003-10-01,lit_cpacific,2.5829824844468674,4.0,gpcc2025
2003-11-01,lit_cpacific,4.250912389580263,4.0,gpcc2025
2003-12-01,lit_cpacific,3.5802328154908634,5.0,gpcc2025
2004-01-01,lit_cpacific,4.556428673851155,5.0,gpcc2025
2004-02-01,lit_cpacific,5.847279306172329,2.0,gpcc2025
2004-03-01,lit_cpacific,5.210617739314284,3.0,gpcc2025
2004-04-01,lit_cpacific,6.967618772346208,4.0,gpcc2025
2004-05-01,lit_cpacific,5.805705128118917,3.0,gpcc2025
2004-06-01,lit_cpacific,5.4612053778661425,3.0,gpcc2025
2004-07-01,lit_cpacific,3.434215299513631,3.0,gpcc2025
2004-08-01,lit_cpacific,3.961688534217323,3.0,gpcc2025
2004-09-01,lit_cpacific,3.729277155878862,1.0,gpcc2025
2004-10-01,lit_cpacific,2.745704151547036,4.0,gpcc2025
2004-11-01,lit_cpacific,4.4427781690878865,1.0,gpcc2025
2004-12-01,lit_cpacific,5.688686652099297,3.0,gpcc2025
2005-01-01,lit_cpacific,3.838420219820278,3.0,gpcc2025
2005-02-01,lit_cpacific,7.285606367018607,2.0,gpcc2025
2005-03-01,lit_cpacific,6.388205936873748,3.0,gpcc2025
2005-04-01,lit_cpacific,6.3017992859887615,0.0,gpcc2025
2005-05-01,lit_cpacific,2.5549957759983806,1.0,gpcc2025
2005-06-01,lit_cpacific,3.480732265107358,4.0,gpcc2025
2005-07-01,lit_cpacific,4.890109894076077,4.0,gpcc2025
2005-08-01,lit_cpacific,4.481376147952521,4.0,gpcc2025
2005-09-01,lit_cpacific,2.3536767752469525,3.0,gpcc2025
2005-10-01,lit_cpacific,2.784736050702325,4.0,gpcc2025
2005-11-01,lit_cpacific,3.5292844034416353,2.0,gpcc2025
2005-12-01,lit_cpacific,4.68258815455885,3.0,gpcc2025
2001-01-01,box_hawaii,1.0883694161166166,125.0,gpcc2025
2001-02-01,box_hawaii,4.953137875004896,129.0,gpcc2025
2001-03-01,box_hawaii,2.0459799228725264,124.0,gpcc2025
2001-04-01,box_hawaii,3.4646070473788577,122.0,gpcc2025
2001-05-01,box_hawaii,1.7272007147032917,128.0,gpcc2025
2001-06-01,box_hawaii,1.8046652770621308,126.0,gpcc2025
2001-07-01,box_hawaii,1.5909179502879873,128.0,gpcc2025
2001-08-01,box_hawaii,2.2452771530286233,130.0,gpcc2025
2001-09-01,box_hawaii,1.8578868973870246,118.0,gpcc2025
2001-10-01,box_hawaii,3.365105870266551,126.0,gpcc2025
2001-11-01,box_hawaii,6.242375501094874,127.0,gpcc2025
2001-12-01,box_hawaii,4.12167487312441,112.0,gpcc2025
2002-01-01,box_hawaii,7.711340898536729,122.0,gpcc2025
2002-02-01,box_hawaii,3.5482020670585266,129.0,gpcc2025
2002-03-01,box_hawaii,4.426076137633031,119.0,gpcc2025
2002-04-01,box_hawaii,2.9779421650910987,131.0,gpcc2025
2002-05-01,box_hawaii,5.167749687623827,126.0,gpcc2025
2002-06-01,box_hawaii,1.8288980067327893,119.0,gpcc2025
2002-07-01,box_hawaii,2.0836330537763126,125.0,gpcc2025
2002-08-01,box_hawaii,2.639784373040317,126.0,gpcc2025
2002-09-01,box_hawaii,1.9373422753265284,123.0,gpcc2025
2002-10-01,box_hawaii,3.432307760323394,130.0,gpcc2025
2002-11-01,box_hawaii,1.375938390690046,127.0,gpcc2025
2002-12-01,box_hawaii,1.9304135356387275,126.0,gpcc2025
2003-01-01,box_hawaii,2.9786108820685593,126.0,gpcc2025
2003-02-01,box_hawaii,3.5472766149037867,130.0,gpcc2025
2003-03-01,box_hawaii,2.619293309476138,124.0,gpcc2025
2003-04-01,box_hawaii,3.3900445636303775,129.0,gpcc2025
2003-05-01,box_hawaii,1.2847461865762828,124.0,gpcc2025
2003-06-01,box_hawaii,2.175768629476448,124.0,gpcc2025
2003-07-01,box_hawaii,2.31116795145141,121.0,gpcc2025
2003-08-01,box_hawaii,1.8453946881713956,113.0,gpcc2025
2003-09-01,box_hawaii,2.242353397851514,125.0,gpcc2025
2003-10-01,box_hawaii,1.9780093191245587,120.0,gpcc2025
2003-11-01,box_hawaii,3.149205312405583,111.0,gpcc2025
2003-12-01,box_hawaii,5.42015096396628,120.0,gpcc2025
2004-01-01,box_hawaii,8.099898542112044,118.0,gpcc2025
2004-02-01,box_hawaii,5.238915761616869,120.0,gpcc2025
2004-03-01,box_hawaii,8.717668482708259,119.0,gpcc2025
2004-04-01,box_hawaii,5.983531428385123,126.0,gpcc2025
2004-05-01,box_hawaii,4.157344643726147,120.0,gpcc2025
2004-06-01,box_hawaii,2.3887429615566163,117.0,gpcc2025
2004-07-01,box_hawaii,1.4601700676263576,114.0,gpcc2025
2004-08-01,box_hawaii,3.300574841542811,116.0,gpcc2025
2004-09-01,box_hawaii,2.2942113069024606,126.0,gpcc2025
2004-10-01,box_hawaii,3.7289286730054867,123.0,gpcc2025
2004-11-01,box_hawaii,4.965535510686328,128.0,gpcc2025
2004-12-01,box_hawaii,4.367380761591563,131.0,gpcc2025
2005-01-01,box_hawaii,6.68334226489773,122.0,gpcc2025
2005-02-01,box_hawaii,4.478824903990362,136.0,gpcc2025
2005-03-01,box_hawaii,5.419423262025023,134.0,gpcc2025
2005-04-01,box_hawaii,2.0757686694234865,136.0,gpcc2025
2005-05-01,box_hawaii,1.7429346776929406,133.0,gpcc2025
2005-06-01,box_hawaii,2.8133021179368902,130.0,gpcc2025
2005-07-01,box_hawaii,2.3663648527200913,122.0,gpcc2025
2005-08-01,box_hawaii,2.179276205728459,134.0,gpcc2025
2005-09-01,box_hawaii,4.4309431043195895,129.0,gpcc2025
2005-10-01,box_hawaii,4.012418398226732,122.0,gpcc2025
2005-11-01,box_hawaii,2.681623873332489,123.0,gpcc2025
2005-12-01,box_hawaii,1.3475394430043015,134.0,gpcc2025
2006-01-01,wpacific,10.62880547494559,130.0,gpcc2025
2006-02-01,wpacific,9.787644337055218,130.0,gpcc2025
2006-03-01,wpacific,8.896686401146273,131.0,gpcc2025
2006-04-01,wpacific,7.479519342437265,128.0,gpcc2025
2006-05-01,wpacific,8.248309934029981,129.0,gpcc2025
2006-06-01,wpacific,7.428477356885696,129.0,gpcc2025
2006-07-01,wpacific,7.275194556988997,129.0,gpcc2025
2006-08-01,wpacific,8.525600700387114,127.0,gpcc2025
2006-09-01,wpacific,7.919162475810745,128.0,gpcc2025
2006-10-01,wpacific,7.199152155345519,130.0,gpcc2025
2006-11-01,wpacific,6.8023271304815704,123.0,gpcc2025
2006-12-01,wpacific,7.028386328928168,122.0,gpcc2025
2007-01-01,wpacific,7.5319347348315295,127.0,gpcc2025
2007-02-01,wpacific,10.690727070352665,126.0,gpcc2025
2007-03-01,wpacific,10.646302882513648,130.0,gpcc2025
2007-04-01,wpacific,7.258952793672859,128.0,gpcc2025
2007-05-01,wpacific,6.3417060049927345,128.0,gpcc2025
2007-06-01,wpacific,6.48507199192261,128.0,gpcc2025
2007-07-01,wpacific,7.612248496111183,128.0,gpcc2025
2007-08-01,wpacific,6.770568156089815,130.0,gpcc2025
2007-09-01,wpacific,8.125347590372897,130.0,gpcc2025
2007-10-01,wpacific,8.30995267327658,126.0,gpcc2025
2007-11-01,wpacific,10.612898924706334,126.0,gpcc2025
2007-12-01,wpacific,7.594231372414538,122.0,gpcc2025
2008-01-01,wpacific,12.708774747145192,123.0,gpcc2025
2008-02-01,wpacific,8.852547062402984,124.0,gpcc2025
2008-03-01,wpacific,8.183353358732722,123.0,gpcc2025
2008-04-01,wpacific,10.090592234815714,121.0,gpcc2025
2008-05-01,wpacific,8.01611573579778,124.0,gpcc2025
2008-06-01,wpacific,7.155600753663541,123.0,gpcc2025
2008-07-01,wpacific,5.005590075025349,123.0,gpcc2025
2008-08-01,wpacific,4.212938423460014,125.0,gpcc2025
2008-09-01,wpacific,6.186603013559281,123.0,gpcc2025
2008-10-01,wpacific,8.109728206954014,121.0,gpcc2025
2008-11-01,wpacific,6.578863919045683,110.0,gpcc2025
2008-12-01,wpacific,6.024442591755082,114.0,gpcc2025
2009-01-01,wpacific,11.438765804824147,117.0,gpcc2025
2009-02-01,wpacific,11.641701789543333,116.0,gpcc2025
2009-03-01,wpacific,9.824921636973292,114.0,gpcc2025
2009-04-01,wpacific,8.408977858404723,115.0,gpcc2025
2009-05-01,wpacific,9.176102374907293,113.0,gpcc2025
2009-06-01,wpacific,6.7350374481817905,117.0,gpcc2025
2009-07-01,wpacific,8.29522096247492,114.0,gpcc2025
2009-08-01,wpacific,5.8664899271142925,119.0,gpcc2025
2009-09-01,wpacific,7.2192932088459685,118.0,gpcc2025
2009-10-01,wpacific,7.118734857577315,117.0,gpcc2025
2009-11-01,wpacific,6.360334157933389,118.0,gpcc2025
2009-12-01,wpacific,7.006493570195071,119.0,gpcc2025
2010-01-01,wpacific,7.0016108746129735,116.0,gpcc2025
2010-02-01,wpacific,6.544250021925256,112.0,gpcc2025
2010-03-01,wpacific,9.28360272145411,106.0,gpcc2025
2010-04-01,wpacific,7.839495687592443,105.0,gpcc2025
2010-05-01,wpacific,7.315680343208199,112.0,gpcc2025
2010-06-01,wpacific,7.425482994817416,111.0,gpcc2025
2010-07-01,wpacific,6.255563941193958,107.0,gpcc2025
2010-08-01,wpacific,6.425623522343962,112.0,gpcc2025
2010-09-01,wpacific,6.021163773251611,116.0,gpcc2025
2010-10-01,wpacific,8.043764775595479,112.0,gpcc2025
2010-11-01,wpacific,9.6262939556914,109.0,gpcc2025
2010-12-01,wpacific,7.550245706156869,106.0,gpcc2025
2006-01-01,hawaii,3.4410270719113334,119.0,gpcc2025
2006-02-01,hawaii,3.8561807603796967,119.0,gpcc2025
2006-03-01,hawaii,15.087107513257738,117.0,gpcc2025
2006-04-01,hawaii,2.527423545710913,114.0,gpcc2025
2006-05-01,hawaii,4.271575712693631,121.0,gpcc2025
2006-06-01,hawaii,1.193176271841402,126.0,gpcc2025
2006-07-01,hawaii,1.8306366869477215,119.0,gpcc2025
2006-08-01,hawaii,2.358033650277104,122.0,gpcc2025
2006-09-01,hawaii,2.3553132686520573,115.0,gpcc2025
2006-10-01,hawaii,4.989483854345853,126.0,gpcc2025
2006-11-01,hawaii,3.5502271355774755,121.0,gpcc2025
2006-12-01,hawaii,1.938789714956407,111.0,gpcc2025
2007-01-01,hawaii,3.286875007133503,119.0,gpcc2025
2007-02-01,hawaii,3.4733401093270593,118.0,gpcc2025
2007-03-01,hawaii,3.3172819697111344,118.0,gpcc2025
2007-04-01,hawaii,2.048486055065052,115.0,gpcc2025
2007-05-01,hawaii,1.0988847655377574,125.0,gpcc2025
2007-06-01,hawaii,1.5211315775684353,120.0,gpcc2025
2007-07-01,hawaii,2.5269791752405735,112.0,gpcc2025
2007-08-01,hawaii,1.9142315942046573,122.0,gpcc2025
2007-09-01,hawaii,2.13897757567418,111.0,gpcc2025
2007-10-01,hawaii,2.3433205362111895,120.0,gpcc2025
2007-11-01,hawaii,5.038345618669641,111.0,gpcc2025
2007-12-01,hawaii,8.8430341943769,97.0,gpcc2025
2008-01-01,hawaii,2.779229176441193,104.0,gpcc2025
2008-02-01,hawaii,5.540931298656574,111.0,gpcc2025
2008-03-01,hawaii,1.2081066097216504,110.0,gpcc2025
2008-04-01,hawaii,1.6322345650662122,112.0,gpcc2025
2008-05-01,hawaii,1.5794073133581994,108.0,gpcc2025
2008-06-01,hawaii,1.3955884851879132,104.0,gpcc2025
2008-07-01,hawaii,2.3883104994303372,107.0,gpcc2025
2008-08-01,hawaii,1.8603936082119208,102.0,gpcc2025
2008-09-01,hawaii,1.4140104056948575,106.0,gpcc2025
2008-10-01,hawaii,1.672230601581457,110.0,gpcc2025
2008-11-01,hawaii,2.4399827049047134,97.0,gpcc2025
2008-12-01,hawaii,8.218459528862194,101.0,gpcc2025
2009-01-01,hawaii,3.378725245698023,97.0,gpcc2025
2009-02-01,hawaii,2.4248350244592123,105.0,gpcc2025
2009-03-01,hawaii,5.3308093213119845,99.0,gpcc2025
2009-04-01,hawaii,3.125018061256204,106.0,gpcc2025
2009-05-01,hawaii,1.0466953203478382,120.0,gpcc2025
2009-06-01,hawaii,1.390323341754111,115.0,gpcc2025
2009-07-01,hawaii,1.9320849855713653,104.0,gpcc2025
2009-08-01,hawaii,2.558674516789037,102.0,gpcc2025
2009-09-01,hawaii,1.4470654557102596,105.0,gpcc2025
2009-10-01,hawaii,2.2226991613798353,104.0,gpcc2025
2009-11-01,hawaii,5.070744715943931,105.0,gpcc2025
2009-12-01,hawaii,2.141190517641852,111.0,gpcc2025
2010-01-01,hawaii,1.714492924350807,114.0,gpcc2025
2010-02-01,hawaii,1.2273110669610006,100.0,gpcc2025
2010-03-01,hawaii,3.278682245997215,96.0,gpcc2025
2010-04-01,hawaii,2.850021861992741,102.0,gpcc2025
2010-05-01,hawaii,1.3430691178044216,97.0,gpcc2025
2010-06-01,hawaii,1.1493710765909255,100.0,gpcc2025
2010-07-01,hawaii,1.4003141125132759,95.0,gpcc2025
2010-08-01,hawaii,1.439400850665964,101.0,gpcc2025
2010-09-01,hawaii,1.182413134071736,104.0,gpcc2025
2010-10-01,hawaii,1.8515352964797334,98.0,gpcc2025
2010-11-01,hawaii,2.5983020294386274,105.0,gpcc2025
2010-12-01,hawaii,6.093410581515998,94.0,gpcc2025
2006-01-01,cpacific,4.084720506790145,6.0,gpcc2025
2006-02-01,cpacific,8.36832786983493,5.0,gpcc2025
2006-03-01,cpacific,4.695271631200019,5.0,gpcc2025
2006-04-01,cpacific,4.25358139304397,6.0,gpcc2025
2006-05-01,cpacific,3.153056186644281,6.0,gpcc2025
2006-06-01,cpacific,6.727225530673495,6.0,gpcc2025
2006-07-01,cpacific,4.159932078062036,7.0,gpcc2025
2006-08-01,cpacific,5.541872365514016,6.0,gpcc2025
2006-09-01,cpacific,6.347058714975276,7.0,gpcc2025
2006-10-01,cpacific,11.614079004348731,6.0,gpcc2025
2006-11-01,cpacific,7.365408342328652,6.0,gpcc2025
2006-12-01,cpacific,9.181911987810103,5.0,gpcc2025
2007-01-01,cpacific,12.383683584814209,6.0,gpcc2025
2007-02-01,cpacific,7.3256267461407445,6.0,gpcc2025
2007-03-01,cpacific,8.38698859635812,5.0,gpcc2025
2007-04-01,cpacific,5.555368737007951,5.0,gpcc2025
2007-05-01,cpacific,5.4888925732498866,5.0,gpcc2025
2007-06-01,cpacific,5.286994147020565,5.0,gpcc2025
2007-07-01,cpacific,3.9339504990613303,5.0,gpcc2025
2007-08-01,cpacific,4.537057528889038,6.0,gpcc2025
2007-09-01,cpacific,2.7439197074603423,5.0,gpcc2025
2007-10-01,cpacific,2.6409580754238635,6.0,gpcc2025
2007-11-01,cpacific,3.359386048411282,6.0,gpcc2025
2007-12-01,cpacific,3.728216645845558,6.0,gpcc2025
2008-01-01,cpacific,6.491019568016464,5.0,gpcc2025
2008-02-01,cpacific,2.8670923800462154,6.0,gpcc2025
2008-03-01,cpacific,3.420165033725257,5.0,gpcc2025
2008-04-01,cpacific,3.138959671204213,6.0,gpcc2025
2008-05-01,cpacific,4.689862765791561,6.0,gpcc2025
2008-06-01,cpacific,6.3420646195456944,6.0,gpcc2025
2008-07-01,cpacific,3.966813923041278,6.0,gpcc2025
2008-08-01,cpacific,2.8434339180588863,6.0,gpcc2025
2008-09-01,cpacific,2.0444853730563683,6.0,gpcc2025
2008-10-01,cpacific,1.7318357908455728,6.0,gpcc2025
2008-11-01,cpacific,3.7843232004146743,6.0,gpcc2025
2008-12-01,cpacific,5.074873589226746,5.0,gpcc2025
2009-01-01,cpacific,4.124394288944451,6.0,gpcc2025
2009-02-01,cpacific,3.9289374562230326,5.0,gpcc2025
2009-03-01,cpacific,5.290037797634301,6.0,gpcc2025
2009-04-01,cpacific,6.458422581813241,5.0,gpcc2025
2009-05-01,cpacific,4.318565564262868,5.0,gpcc2025
2009-06-01,cpacific,5.287002364943351,6.0,gpcc2025
2009-07-01,cpacific,5.699719772556183,6.0,gpcc2025
2009-08-01,cpacific,6.287414522234255,5.0,gpcc2025
2009-09-01,cpacific,5.788059631044759,5.0,gpcc2025
2009-10-01,cpacific,5.968041387472999,5.0,gpcc2025
2009-11-01,cpacific,5.19368863208961,5.0,gpcc2025
2009-12-01,cpacific,9.65564167277849,5.0,gpcc2025
2010-01-01,cpacific,11.614133578719054,5.0,gpcc2025
2010-02-01,cpacific,9.266969079563362,6.0,gpcc2025
2010-03-01,cpacific,9.204072851950547,6.0,gpcc2025
2010-04-01,cpacific,8.176038594616525,5.0,gpcc2025
2010-05-01,cpacific,3.02971028006619,5.0,gpcc2025
2010-06-01,cpacific,5.125294586460359,5.0,gpcc2025
2010-07-01,cpacific,3.325707216932529,5.0,gpcc2025
2010-08-01,cpacific,2.8073736146268455,5.0,gpcc2025
2010-09-01,cpacific,2.8056477875963965,6.0,gpcc2025
2010-10-01,cpacific,2.4512611265289217,6.0,gpcc2025
2010-11-01,cpacific,2.518447193926249,6.0,gpcc2025
2010-12-01,cpacific,2.7337711756168215,6.0,gpcc2025
2006-01-01,lit_camerica,3.3925558718885394,199.0,gpcc2025
2006-02-01,lit_camerica,1.7316437221453813,198.0,gpcc2025
2006-03-01,lit_camerica,1.2337489001982254,202.0,gpcc2025
2006-04-01,lit_camerica,1.906051419670155,192.0,gpcc2025
2006-05-01,lit_camerica,4.998847783845625,203.0,gpcc2025
2006-06-01,lit_camerica,8.510912197591683,203.0,gpcc2025
2006-07-01,lit_camerica,6.420402690393564,194.0,gpcc2025
2006-08-01,lit_camerica,5.814010132062117,192.0,gpcc2025
2006-09-01,lit_camerica,6.158786745247398,200.0,gpcc2025
2006-10-01,lit_camerica,6.097345769874768,199.0,gpcc2025
2006-11-01,lit_camerica,4.423045186837819,194.0,gpcc2025
2006-12-01,lit_camerica,3.8174322968197827,198.0,gpcc2025
2007-01-01,lit_camerica,1.9331571110862857,196.0,gpcc2025
2007-02-01,lit_camerica,1.285224316074699,202.0,gpcc2025
2007-03-01,lit_camerica,2.0302525343691356,200.0,gpcc2025
2007-04-01,lit_camerica,1.929964647557369,192.0,gpcc2025
2007-05-01,lit_camerica,4.284123193864102,198.0,gpcc2025
2007-06-01,lit_camerica,5.974867134030038,196.0,gpcc2025
2007-07-01,lit_camerica,5.50778443950353,196.0,gpcc2025
2007-08-01,lit_camerica,9.060469482675098,199.0,gpcc2025
2007-09-01,lit_camerica,7.943408814454847,197.0,gpcc2025
2007-10-01,lit_camerica,9.739366070050696,197.0,gpcc2025
2007-11-01,lit_camerica,5.816344966069906,193.0,gpcc2025
2007-12-01,lit_camerica,3.0190364659598323,186.0,gpcc2025
2008-01-01,lit_camerica,2.628374703458113,184.0,gpcc2025
2008-02-01,lit_camerica,1.5307379443033642,180.0,gpcc2025
2008-03-01,lit_camerica,1.6666694293867879,184.0,gpcc2025
2008-04-01,lit_camerica,2.113414891477816,189.0,gpcc2025
2008-05-01,lit_camerica,4.801658410148281,179.0,gpcc2025
2008-06-01,lit_camerica,7.450509035178982,185.0,gpcc2025
2008-07-01,lit_camerica,7.69954068484105,188.0,gpcc2025
2008-08-01,lit_camerica,7.491173059927856,186.0,gpcc2025
2008-09-01,lit_camerica,9.723839417009213,191.0,gpcc2025
2008-10-01,lit_camerica,11.641702741958643,190.0,gpcc2025
2008-11-01,lit_camerica,5.158047132089115,177.0,gpcc2025
2008-12-01,lit_camerica,2.585374555360936,183.0,gpcc2025
2009-01-01,lit_camerica,2.555491372885244,161.0,gpcc2025
2009-02-01,lit_camerica,2.3839069643700292,169.0,gpcc2025
2009-03-01,lit_camerica,1.1646428880562358,167.0,gpcc2025
2009-04-01,lit_camerica,1.5428040601027688,165.0,gpcc2025
2009-05-01,lit_camerica,4.542400451140416,164.0,gpcc2025
2009-06-01,lit_camerica,6.896615793566165,162.0,gpcc2025
2009-07-01,lit_camerica,5.912302387236818,160.0,gpcc2025
2009-08-01,lit_camerica,5.204776762096289,166.0,gpcc2025
2009-09-01,lit_camerica,5.812242847755243,160.0,gpcc2025
2009-10-01,lit_camerica,6.0445093043684315,165.0,gpcc2025
2009-11-01,lit_camerica,6.1306247491596,150.0,gpcc2025
2009-12-01,lit_camerica,2.769251905973948,159.0,gpcc2025
2010-01-01,lit_camerica,2.802907238771419,158.0,gpcc2025
2010-02-01,lit_camerica,1.2694070249637395,163.0,gpcc2025
2010-03-01,lit_camerica,1.5122608558540174,164.0,gpcc2025
2010-04-01,lit_camerica,3.6988817773044906,160.0,gpcc2025
2010-05-01,lit_camerica,5.602573555058122,157.0,gpcc2025
2010-06-01,lit_camerica,8.731069681403493,160.0,gpcc2025
2010-07-01,lit_camerica,9.708233363849141,160.0,gpcc2025
2010-08-01,lit_camerica,9.637088041818982,157.0,gpcc2025
2010-09-01,lit_camerica,10.890411191768687,159.0,gpcc2025
2010-10-01,lit_camerica,6.660689894061215,147.0,gpcc2025
2010-11-01,lit_camerica,5.113863037974397,155.0,gpcc2025
2010-12-01,lit_camerica,2.9834348570030853,150.0,gpcc2025
2006-01-01,lit_wpacific,10.297751980290931,37.0,gpcc2025
2006-02-01,lit_wpacific,10.085788753664461,37.0,gpcc2025
2006-03-01,lit_wpacific,10.306762616429808,37.0,gpcc2025
2006-04-01,lit_wpacific,8.256196023244243,37.0,gpcc2025
2006-05-01,lit_wpacific,8.656881675509041,36.0,gpcc2025
2006-06-01,lit_wpacific,10.463767987840672,36.0,gpcc2025
2006-07-01,lit_wpacific,10.306902512826642,37.0,gpcc2025
2006-08-01,lit_wpacific,10.081043665183783,36.0,gpcc2025
2006-09-01,lit_wpacific,9.570719930519433,36.0,gpcc2025
2006-10-01,lit_wpacific,7.224350541207475,36.0,gpcc2025
2006-11-01,lit_wpacific,6.7104617572577645,35.0,gpcc2025
2006-12-01,lit_wpacific,7.0556645818719765,36.0,gpcc2025
2007-01-01,lit_wpacific,9.58425188571749,36.0,gpcc2025
2007-02-01,lit_wpacific,11.570330793544299,32.0,gpcc2025
2007-03-01,lit_wpacific,10.003384174888657,35.0,gpcc2025
2007-04-01,lit_wpacific,7.693073752862857,34.0,gpcc2025
2007-05-01,lit_wpacific,7.473233403652843,34.0,gpcc2025
2007-06-01,lit_wpacific,7.8730179310801995,35.0,gpcc2025
2007-07-01,lit_wpacific,9.964772671336538,35.0,gpcc2025
2007-08-01,lit_wpacific,9.516750411891193,36.0,gpcc2025
2007-09-01,lit_wpacific,8.308208295638257,35.0,gpcc2025
2007-10-01,lit_wpacific,7.640617365704902,35.0,gpcc2025
2007-11-01,lit_wpacific,11.177419882314211,34.0,gpcc2025
2007-12-01,lit_wpacific,6.933892195183928,35.0,gpcc2025
2008-01-01,lit_wpacific,12.302240040014691,34.0,gpcc2025
2008-02-01,lit_wpacific,8.268533644025307,35.0,gpcc2025
2008-03-01,lit_wpacific,6.960939209572758,35.0,gpcc2025
2008-04-01,lit_wpacific,9.403806248095922,32.0,gpcc2025
2008-05-01,lit_wpacific,7.950566419087924,34.0,gpcc2025
2008-06-01,lit_wpacific,9.211566862214964,37.0,gpcc2025
2008-07-01,lit_wpacific,6.751890858212479,36.0,gpcc2025
2008-08-01,lit_wpacific,5.820858660174255,36.0,gpcc2025
2008-09-01,lit_wpacific,6.9298818022980875,35.0,gpcc2025
2008-10-01,lit_wpacific,8.595048197598254,37.0,gpcc2025
2008-11-01,lit_wpacific,6.717974301943525,26.0,gpcc2025
2008-12-01,lit_wpacific,6.654971694533974,31.0,gpcc2025
2009-01-01,lit_wpacific,9.589136934802296,32.0,gpcc2025
2009-02-01,lit_wpacific,11.887698507531098,31.0,gpcc2025
2009-03-01,lit_wpacific,11.068934450346454,29.0,gpcc2025
2009-04-01,lit_wpacific,8.318767607905666,31.0,gpcc2025
2009-05-01,lit_wpacific,9.402459142449938,33.0,gpcc2025
2009-06-01,lit_wpacific,8.956678237621336,34.0,gpcc2025
2009-07-01,lit_wpacific,10.428387541644977,29.0,gpcc2025
2009-08-01,lit_wpacific,9.203235087763357,35.0,gpcc2025
2009-09-01,lit_wpacific,9.058435754879701,35.0,gpcc2025
2009-10-01,lit_wpacific,8.303960858892106,34.0,gpcc2025
2009-11-01,lit_wpacific,6.97912865481114,33.0,gpcc2025
2009-12-01,lit_wpacific,7.107705651240336,32.0,gpcc2025
2010-01-01,lit_wpacific,7.844096828520066,35.0,gpcc2025
2010-02-01,lit_wpacific,8.254685357722364,31.0,gpcc2025
2010-03-01,lit_wpacific,9.648473695453557,34.0,gpcc2025
2010-04-01,lit_wpacific,8.382979554099368,35.0,gpcc2025
2010-05-01,lit_wpacific,8.110684631315772,35.0,gpcc2025
2010-06-01,lit_wpacific,8.24576599800539,32.0,gpcc2025
2010-07-01,lit_wpacific,8.523526895197078,28.0,gpcc2025
2010-08-01,lit_wpacific,8.577067976724432,29.0,gpcc2025
2010-09-01,lit_wpacific,8.008694984538108,36.0,gpcc2025
2010-10-01,lit_wpacific,7.86536383253446,32.0,gpcc2025
2010-11-01,lit_wpacific,9.074572043415674,33.0,gpcc2025
2010-12-01,lit_wpacific,7.60322176757725,28.0,gpcc2025
2006-01-01,lit_sindia,1.532528398950772,33.0,gpcc2025
2006-02-01,lit_sindia,0.5562355923948038,33.0,gpcc2025
2006-03-01,lit_sindia,2.235371639180545,33.0,gpcc2025
2006-04-01,lit_sindia,1.2930025798919123,32.0,gpcc2025
2006-05-01,lit_sindia,5.910253851582194,33.0,gpcc2025
2006-06-01,lit_sindia,6.241871919065445,33.0,gpcc2025
2006-07-01,lit_sindia,6.06248192941419,33.0,gpcc2025
2006-08-01,lit_sindia,5.006828570419893,32.0,gpcc2025
2006-09-01,lit_sindia,6.647426572073782,32.0,gpcc2025
2006-10-01,lit_sindia,9.223628477544745,32.0,gpcc2025
2006-11-01,lit_sindia,6.784360658929199,32.0,gpcc2025
2006-12-01,lit_sindia,1.5427486806635764,32.0,gpcc2025
2007-01-01,lit_sindia,0.973209328747778,32.0,gpcc2025
2007-02-01,lit_sindia,0.4914545009789575,33.0,gpcc2025
2007-03-01,lit_sindia,0.35742829393497993,33.0,gpcc2025
2007-04-01,lit_sindia,3.410754463448437,31.0,gpcc2025
2007-05-01,lit_sindia,3.1204046587491114,32.0,gpcc2025
2007-06-01,lit_sindia,9.184850271342754,32.0,gpcc2025
2007-07-01,lit_sindia,8.38553172270283,38.0,gpcc2025
2007-08-01,lit_sindia,7.772937385782073,38.0,gpcc2025
2007-09-01,lit_sindia,8.013307394593559,38.0,gpcc2025
2007-10-01,lit_sindia,8.602124887661837,39.0,gpcc2025
2007-11-01,lit_sindia,2.7040574352975133,39.0,gpcc2025
2007-12-01,lit_sindia,3.467929526887041,38.0,gpcc2025
2008-01-01,lit_sindia,0.9883077856748145,39.0,gpcc2025
2008-02-01,lit_sindia,1.268312796214014,39.0,gpcc2025
2008-03-01,lit_sindia,6.189403132751182,39.0,gpcc2025
2008-04-01,lit_sindia,2.768067377940667,39.0,gpcc2025
2008-05-01,lit_sindia,2.1179986386761596,34.0,gpcc2025
2008-06-01,lit_sindia,5.813465342715725,38.0,gpcc2025
2008-07-01,lit_sindia,6.872128414882277,38.0,gpcc2025
2008-08-01,lit_sindia,6.282723634472747,39.0,gpcc2025
2008-09-01,lit_sindia,3.944809896884092,39.0,gpcc2025
2008-10-01,lit_sindia,7.656966847390636,39.0,gpcc2025
2008-11-01,lit_sindia,6.769934935679321,39.0,gpcc2025
2008-12-01,lit_sindia,2.314971411516011,39.0,gpcc2025
2009-01-01,lit_sindia,0.5690544133307868,39.0,gpcc2025
2009-02-01,lit_sindia,0.11322964357979845,37.0,gpcc2025
2009-03-01,lit_sindia,1.7241947615719244,39.0,gpcc2025
2009-04-01,lit_sindia,2.236671064697213,38.0,gpcc2025
2009-05-01,lit_sindia,3.7326043414501364,38.0,gpcc2025
2009-06-01,lit_sindia,4.8391092211571625,39.0,gpcc2025
2009-07-01,lit_sindia,9.93412313861842,38.0,gpcc2025
2009-08-01,lit_sindia,5.3890861494961015,38.0,gpcc2025
2009-09-01,lit_sindia,5.495136460316044,45.0,gpcc2025
2009-10-01,lit_sindia,2.877155607112946,45.0,gpcc2025
2009-11-01,lit_sindia,8.687084987164159,45.0,gpcc2025
2009-12-01,lit_sindia,3.4463541456911515,35.0,gpcc2025
2010-01-01,lit_sindia,0.8170197882733535,49.0,gpcc2025
2010-02-01,lit_sindia,0.21266277994922192,46.0,gpcc2025
2010-03-01,lit_sindia,0.7593394254330658,48.0,gpcc2025
2010-04-01,lit_sindia,2.8793696690402246,49.0,gpcc2025
2010-05-01,lit_sindia,4.338488654826374,45.0,gpcc2025
2010-06-01,lit_sindia,6.6354960143732065,47.0,gpcc2025
2010-07-01,lit_sindia,9.240321270445541,47.0,gpcc2025
2010-08-01,lit_sindia,6.460815253824153,47.0,gpcc2025
2010-09-01,lit_sindia,5.8645654992396645,47.0,gpcc2025
2010-10-01,lit_sindia,6.876623514722693,45.0,gpcc2025
2010-11-01,lit_sindia,9.161949435972172,45.0,gpcc2025
2010-12-01,lit_sindia,4.259417003757979,47.0,gpcc2025
2006-01-01,lit_cpacific,1.737341944453844,4.0,gpcc2025
2006-02-01,lit_cpacific,5.0588618618901915,3.0,gpcc2025
2006-03-01,lit_cpacific,3.787053188192646,3.0,gpcc2025
2006-04-01,lit_cpacific,5.761105121659736,4.0,gpcc2025
2006-05-01,lit_cpacific,3.2579172266004823,4.0,gpcc2025
2006-06-01,lit_cpacific,7.731374706048489,4.0,gpcc2025
2006-07-01,lit_cpacific,3.876511364278859,5.0,gpcc2025
2006-08-01,lit_cpacific,5.045132270457706,4.0,gpcc2025
2006-09-01,lit_cpacific,6.1796744494675035,5.0,gpcc2025
2006-10-01,lit_cpacific,14.120242302473049,4.0,gpcc2025
2006-11-01,lit_cpacific,5.366582138614829,4.0,gpcc2025
2006-12-01,lit_cpacific,9.432442854605865,3.0,gpcc2025
2007-01-01,lit_cpacific,10.034540556563657,4.0,gpcc2025
2007-02-01,lit_cpacific,6.796335344691381,4.0,gpcc2025
2007-03-01,lit_cpacific,7.334113869843682,3.0,gpcc2025
2007-04-01,lit_cpacific,6.1391045175615835,3.0,gpcc2025
2007-05-01,lit_cpacific,5.12634869270722,3.0,gpcc2025
2007-06-01,lit_cpacific,4.937445059473174,3.0,gpcc2025
2007-07-01,lit_cpacific,3.5816508032437513,3.0,gpcc2025
2007-08-01,lit_cpacific,2.8480513709039976,4.0,gpcc2025
2007-09-01,lit_cpacific,1.7133367036746505,3.0,gpcc2025
2007-10-01,lit_cpacific,1.7360563256331352,4.0,gpcc2025
2007-11-01,lit_cpacific,2.372313090603624,4.0,gpcc2025
2007-12-01,lit_cpacific,2.28950969677127,4.0,gpcc2025
2008-01-01,lit_cpacific,3.588740262387374,3.0,gpcc2025
2008-02-01,lit_cpacific,1.8660193874872633,4.0,gpcc2025
2008-03-01,lit_cpacific,3.0548023633002854,3.0,gpcc2025
2008-04-01,lit_cpacific,3.2373125461382117,4.0,gpcc2025
2008-05-01,lit_cpacific,5.141864656662761,4.0,gpcc2025
2008-06-01,lit_cpacific,6.18638857378365,4.0,gpcc2025
2008-07-01,lit_cpacific,4.076352488152077,4.0,gpcc2025
2008-08-01,lit_cpacific,1.919535786391516,4.0,gpcc2025
2008-09-01,lit_cpacific,1.7841930575792178,4.0,gpcc2025
2008-10-01,lit_cpacific,1.7807141890338511,4.0,gpcc2025
2008-11-01,lit_cpacific,2.923219440036392,4.0,gpcc2025
2008-12-01,lit_cpacific,3.307872393624329,3.0,gpcc2025
2009-01-01,lit_cpacific,2.663504354071365,4.0,gpcc2025
2009-02-01,lit_cpacific,3.1870426738333917,3.0,gpcc2025
2009-03-01,lit_cpacific,5.294217680214635,4.0,gpcc2025
2009-04-01,lit_cpacific,5.019136374537292,3.0,gpcc2025
2009-05-01,lit_cpacific,4.1691682748816445,3.0,gpcc2025
2009-06-01,lit_cpacific,5.249322519247084,4.0,gpcc2025
2009-07-01,lit_cpacific,6.283700454320138,4.0,gpcc2025
2009-08-01,lit_cpacific,6.441115077189958,3.0,gpcc2025
2009-09-01,lit_cpacific,5.364961285911602,3.0,gpcc2025
2009-10-01,lit_cpacific,6.033095276869674,3.0,gpcc2025
2009-11-01,lit_cpacific,4.320297525589369,3.0,gpcc2025
2009-12-01,lit_cpacific,11.056414727736072,3.0,gpcc2025
2010-01-01,lit_cpacific,10.708493359727047,3.0,gpcc2025
2010-02-01,lit_cpacific,8.114205674850664,4.0,gpcc2025
2010-03-01,lit_cpacific,10.097400190940904,4.0,gpcc2025
2010-04-01,lit_cpacific,10.466840823818066,3.0,gpcc2025
2010-05-01,lit_cpacific,2.6789577131060573,3.0,gpcc2025
2010-06-01,lit_cpacific,5.639594775242988,3.0,gpcc2025
2010-07-01,lit_cpacific,2.51884844604453,4.0,gpcc2025
2010-08-01,lit_cpacific,2.285476365477181,3.0,gpcc2025
2010-09-01,lit_cpacific,2.172807307765015,4.0,gpcc2025
2010-10-01,lit_cpacific,1.5086006761453146,4.0,gpcc2025
2010-11-01,lit_cpacific,2.6500743933060282,4.0,gpcc2025
2010-12-01,lit_cpacific,1.9559463809642208,4.0,gpcc2025
2006-01-01,box_hawaii,3.4410270719113334,119.0,gpcc2025
2006-02-01,box_hawaii,3.8561807603796967,119.0,gpcc2025
2006-03-01,box_hawaii,15.087107513257738,117.0,gpcc2025
2006-04-01,box_hawaii,2.527423545710913,114.0,gpcc2025
2006-05-01,box_hawaii,4.271575712693631,121.0,gpcc2025
2006-06-01,box_hawaii,1.193176271841402,126.0,gpcc2025
2006-07-01,box_hawaii,1.8306366869477215,119.0,gpcc2025
2006-08-01,box_hawaii,2.358033650277104,122.0,gpcc2025
2006-09-01,box_hawaii,2.3553132686520573,115.0,gpcc2025
2006-10-01,box_hawaii,4.989483854345853,126.0,gpcc2025
2006-11-01,box_hawaii,3.5502271355774755,121.0,gpcc2025
2006-12-01,box_hawaii,1.938789714956407,111.0,gpcc2025
2007-01-01,box_hawaii,3.286875007133503,119.0,gpcc2025
2007-02-01,box_hawaii,3.4733401093270593,118.0,gpcc2025
2007-03-01,box_hawaii,3.3172819697111344,118.0,gpcc2025
2007-04-01,box_hawaii,2.048486055065052,115.0,gpcc2025
2007-05-01,box_hawaii,1.0988847655377574,125.0,gpcc2025
2007-06-01,box_hawaii,1.5211315775684353,120.0,gpcc2025
2007-07-01,box_hawaii,2.5269791752405735,112.0,gpcc2025
2007-08-01,box_hawaii,1.9142315942046573,122.0,gpcc2025
2007-09-01,box_hawaii,2.13897757567418,111.0,gpcc2025
2007-10-01,box_hawaii,2.3433205362111895,120.0,gpcc2025
2007-11-01,box_hawaii,5.038345618669641,111.0,gpcc2025
2007-12-01,box_hawaii,8.8430341943769,97.0,gpcc2025
2008-01-01,box_hawaii,2.779229176441193,104.0,gpcc2025
2008-02-01,box_hawaii,5.540931298656574,111.0,gpcc2025
2008-03-01,box_hawaii,1.2081066097216504,110.0,gpcc2025
2008-04-01,box_hawaii,1.6322345650662122,112.0,gpcc2025
2008-05-01,box_hawaii,1.5794073133581994,108.0,gpcc2025
2008-06-01,box_hawaii,1.3955884851879132,104.0,gpcc2025
2008-07-01,box_hawaii,2.3883104994303372,107.0,gpcc2025
2008-08-01,box_hawaii,1.8603936082119208,102.0,gpcc2025
2008-09-01,box_hawaii,1.4140104056948575,106.0,gpcc2025
2008-10-01,box_hawaii,1.672230601581457,110.0,gpcc2025
2008-11-01,box_hawaii,2.4399827049047134,97.0,gpcc2025
2008-12-01,box_hawaii,8.218459528862194,101.0,gpcc2025
2009-01-01,box_hawaii,3.378725245698023,97.0,gpcc2025
2009-02-01,box_hawaii,2.4248350244592123,105.0,gpcc2025
2009-03-01,box_hawaii,5.3308093213119845,99.0,gpcc2025
2009-04-01,box_hawaii,3.125018061256204,106.0,gpcc2025
2009-05-01,box_hawaii,1.0466953203478382,120.0,gpcc2025
2009-06-01,box_hawaii,1.390323341754111,115.0,gpcc2025
2009-07-01,box_hawaii,1.9320849855713653,104.0,gpcc2025
2009-08-01,box_hawaii,2.558674516789037,102.0,gpcc2025
2009-09-01,box_hawaii,1.4470654557102596,105.0,gpcc2025
2009-10-01,box_hawaii,2.2226991613798353,104.0,gpcc2025
2009-11-01,box_hawaii,5.070744715943931,105.0,gpcc2025
2009-12-01,box_hawaii,2.141190517641852,111.0,gpcc2025
2010-01-01,box_hawaii,1.714492924350807,114.0,gpcc2025
2010-02-01,box_hawaii,1.2273110669610006,100.0,gpcc2025
2010-03-01,box_hawaii,3.278682245997215,96.0,gpcc2025
2010-04-01,box_hawaii,2.850021861992741,102.0,gpcc2025
2010-05-01,box_hawaii,1.3430691178044216,97.0,gpcc2025
2010-06-01,box_hawaii,1.1493710765909255,100.0,gpcc2025
2010-07-01,box_hawaii,1.4003141125132759,95.0,gpcc2025
2010-08-01,box_hawaii,1.439400850665964,101.0,gpcc2025
2010-09-01,box_hawaii,1.182413134071736,104.0,gpcc2025
2010-10-01,box_hawaii,1.8515352964797334,98.0,gpcc2025
2010-11-01,box_hawaii,2.5983020294386274,105.0,gpcc2025
2010-12-01,box_hawaii,6.093410581515998,94.0,gpcc2025
2011-01-01,wpacific,9.263696698137144,39.0,gpcc2025
2011-02-01,wpacific,9.468462916108436,39.0,gpcc2025
2011-03-01,wpacific,7.639161259355734,39.0,gpcc2025
2011-04-01,wpacific,8.84874904245491,38.0,gpcc2025
2011-05-01,wpacific,9.576166136528068,38.0,gpcc2025
2011-06-01,wpacific,8.7352674377764,38.0,gpcc2025
2011-07-01,wpacific,8.102898768984682,36.0,gpcc2025
2011-08-01,wpacific,7.990114813509542,36.0,gpcc2025
2011-09-01,wpacific,7.2399751120825,38.0,gpcc2025
2011-10-01,wpacific,7.236198698288039,36.0,gpcc2025
2011-11-01,wpacific,7.001932627769176,39.0,gpcc2025
2011-12-01,wpacific,9.740322021788232,37.0,gpcc2025
2012-01-01,wpacific,12.235774052113403,103.0,gpcc2025
2012-02-01,wpacific,11.012464102231428,101.0,gpcc2025
2012-03-01,wpacific,11.441065118098278,101.0,gpcc2025
2012-04-01,wpacific,8.313735884572752,104.0,gpcc2025
2012-05-01,wpacific,9.2911767581814,101.0,gpcc2025
2012-06-01,wpacific,8.107383258418828,98.0,gpcc2025
2012-07-01,wpacific,8.810350854654194,103.0,gpcc2025
2012-08-01,wpacific,7.771505020205869,102.0,gpcc2025
2012-09-01,wpacific,10.346020883391997,101.0,gpcc2025
2012-10-01,wpacific,6.766723203899585,104.0,gpcc2025
2012-11-01,wpacific,8.945430506548337,102.0,gpcc2025
2012-12-01,wpacific,8.464101261889601,100.0,gpcc2025
2013-01-01,wpacific,9.589068874409152,104.0,gpcc2025
2013-02-01,wpacific,10.105565708189229,99.0,gpcc2025
2013-03-01,wpacific,13.530586927561764,104.0,gpcc2025
2013-04-01,wpacific,8.77423982613509,104.0,gpcc2025
2013-05-01,wpacific,7.140157192971949,106.0,gpcc2025
2013-06-01,wpacific,7.875629498749589,107.0,gpcc2025
2013-07-01,wpacific,8.163623847353305,103.0,gpcc2025
2013-08-01,wpacific,6.650661018199509,107.0,gpcc2025
2013-09-01,wpacific,7.180687766867977,108.0,gpcc2025
2013-10-01,wpacific,8.488651328115338,107.0,gpcc2025
2013-11-01,wpacific,7.057542333971241,108.0,gpcc2025
2013-12-01,wpacific,7.65473364581216,108.0,gpcc2025
2014-01-01,wpacific,13.000600981486944,106.0,gpcc2025
2014-02-01,wpacific,11.449200878354457,108.0,gpcc2025
2014-03-01,wpacific,7.837203790958966,106.0,gpcc2025
2014-04-01,wpacific,10.970429740281649,104.0,gpcc2025
2014-05-01,wpacific,6.7522101573835736,108.0,gpcc2025
2014-06-01,wpacific,7.268039497963209,103.0,gpcc2025
2014-07-01,wpacific,7.531300492650956,108.0,gpcc2025
2014-08-01,wpacific,5.622275114803431,106.0,gpcc2025
2014-09-01,wpacific,7.953954111716714,105.0,gpcc2025
2014-10-01,wpacific,8.548917820686581,106.0,gpcc2025
2014-11-01,wpacific,6.080012489054348,108.0,gpcc2025
2014-12-01,wpacific,8.067791493358323,106.0,gpcc2025
2015-01-01,wpacific,11.325639218790622,105.0,gpcc2025
2015-02-01,wpacific,9.9870005341764,105.0,gpcc2025
2015-03-01,wpacific,9.58778460930135,107.0,gpcc2025
2015-04-01,wpacific,7.344794899243851,105.0,gpcc2025
2015-05-01,wpacific,10.190926517975234,105.0,gpcc2025
2015-06-01,wpacific,6.884514475606342,105.0,gpcc2025
2015-07-01,wpacific,6.268298978254921,105.0,gpcc2025
2015-08-01,wpacific,6.138961117485914,105.0,gpcc2025
2015-09-01,wpacific,5.377795489253924,102.0,gpcc2025
2015-10-01,wpacific,3.6428273161549365,103.0,gpcc2025
2015-11-01,wpacific,5.3032009685230825,105.0,gpcc2025
2015-12-01,wpacific,8.360105563742858,104.0,gpcc2025
2011-01-01,hawaii,3.4552153103244456,41.0,gpcc2025
2011-02-01,hawaii,3.2522423771493485,43.0,gpcc2025
2011-03-01,hawaii,3.3524174212082456,35.0,gpcc2025
2011-04-01,hawaii,1.8837724933384359,5.0,gpcc2025
2011-05-01,hawaii,4.07590194212875,5.0,gpcc2025
2011-06-01,hawaii,2.1309240472548527,5.0,gpcc2025
2011-07-01,hawaii,1.4023305619993172,5.0,gpcc2025
2011-08-01,hawaii,1.8318528256133872,5.0,gpcc2025
2011-09-01,hawaii,1.0686431374360552,5.0,gpcc2025
2011-10-01,hawaii,0.9112224222302793,5.0,gpcc2025
2011-11-01,hawaii,3.8931332367638576,5.0,gpcc2025
2011-12-01,hawaii,5.135311801212476,5.0,gpcc2025
2012-01-01,hawaii,1.491611213305983,5.0,gpcc2025
2012-02-01,hawaii,4.454559929568154,5.0,gpcc2025
2012-03-01,hawaii,7.272679082356664,5.0,gpcc2025
2012-04-01,hawaii,1.5170549343710593,5.0,gpcc2025
2012-05-01,hawaii,1.5477301345438719,5.0,gpcc2025
2012-06-01,hawaii,1.6009181365890355,5.0,gpcc2025
2012-07-01,hawaii,1.670615342893252,5.0,gpcc2025
2012-08-01,hawaii,1.3905723517018886,5.0,gpcc2025
2012-09-01,hawaii,1.3571554294747878,5.0,gpcc2025
2012-10-01,hawaii,0.700249271622152,5.0,gpcc2025
2012-11-01,hawaii,0.9382198903847085,5.0,gpcc2025
2012-12-01,hawaii,3.1958803699944274,5.0,gpcc2025
2013-01-01,hawaii,3.6417336649236973,5.0,gpcc2025
2013-02-01,hawaii,7.149091619382282,5.0,gpcc2025
2013-03-01,hawaii,2.167565717627945,5.0,gpcc2025
2013-04-01,hawaii,1.5771492711652846,5.0,gpcc2025
2013-05-01,hawaii,2.350676843108913,5.0,gpcc2025
2013-06-01,hawaii,1.2136171541908929,5.0,gpcc2025
2013-07-01,hawaii,1.2339731070861653,5.0,gpcc2025
2013-08-01,hawaii,1.9018222074537545,5.0,gpcc2025
2013-09-01,hawaii,1.3825896258100643,5.0,gpcc2025
2013-10-01,hawaii,2.1556388617471742,5.0,gpcc2025
2013-11-01,hawaii,2.5965622491828464,5.0,gpcc2025
2013-12-01,hawaii,6.410979180214468,5.0,gpcc2025
2014-01-01,hawaii,2.8990872215365675,5.0,gpcc2025
2014-02-01,hawaii,2.8145847638627934,5.0,gpcc2025
2014-03-01,hawaii,5.768213806326833,5.0,gpcc2025
2014-04-01,hawaii,3.5532964450895106,5.0,gpcc2025
2014-05-01,hawaii,2.747625160782749,5.0,gpcc2025
2014-06-01,hawaii,2.0446661245974025,5.0,gpcc2025
2014-07-01,hawaii,4.278747849999567,5.0,gpcc2025
2014-08-01,hawaii,2.8738381332047926,5.0,gpcc2025
2014-09-01,hawaii,1.3423103061373984,5.0,gpcc2025
2014-10-01,hawaii,4.593524611215725,5.0,gpcc2025
2014-11-01,hawaii,1.9203728318693474,5.0,gpcc2025
2014-12-01,hawaii,2.301048806663674,5.0,gpcc2025
2015-01-01,hawaii,1.2839934966217494,5.0,gpcc2025
2015-02-01,hawaii,2.088144405733423,5.0,gpcc2025
2015-03-01,hawaii,3.9826462846340713,5.0,gpcc2025
2015-04-01,hawaii,4.043814892323921,5.0,gpcc2025
2015-05-01,hawaii,2.2175552858292664,5.0,gpcc2025
2015-06-01,hawaii,1.2876265550736627,5.0,gpcc2025
2015-07-01,hawaii,1.8413618067688433,5.0,gpcc2025
2015-08-01,hawaii,7.6416880939010134,5.0,gpcc2025
2015-09-01,hawaii,8.106317164666578,5.0,gpcc2025
2015-10-01,hawaii,4.032278495180031,5.0,gpcc2025
2015-11-01,hawaii,7.226427939581729,5.0,gpcc2025
2015-12-01,hawaii,3.458044027015385,5.0,gpcc2025
2011-01-01,cpacific,6.68108052838144,5.0,gpcc2025
2011-02-01,cpacific,3.7126916396914837,5.0,gpcc2025
2011-03-01,cpacific,2.267355534268236,5.0,gpcc2025
2011-04-01,cpacific,1.761125734637652,4.0,gpcc2025
2011-05-01,cpacific,3.738223624767293,4.0,gpcc2025
2011-06-01,cpacific,3.0044616944309928,4.0,gpcc2025
2011-07-01,cpacific,2.6390303583097103,5.0,gpcc2025
2011-08-01,cpacific,1.9129693981835698,3.0,gpcc2025
2011-09-01,cpacific,1.8909579677184882,4.0,gpcc2025
2011-10-01,cpacific,2.491407927530593,3.0,gpcc2025
2011-11-01,cpacific,5.343794052181539,4.0,gpcc2025
2011-12-01,cpacific,4.86611197052058,3.0,gpcc2025
2012-01-01,cpacific,5.866156913374536,3.0,gpcc2025
2012-02-01,cpacific,3.028653982819316,4.0,gpcc2025
2012-03-01,cpacific,5.836583549208322,3.0,gpcc2025
2012-04-01,cpacific,3.5124255092348426,4.0,gpcc2025
2012-05-01,cpacific,3.6532828643579203,5.0,gpcc2025
2012-06-01,cpacific,2.956181783799391,3.0,gpcc2025
2012-07-01,cpacific,3.87885534773094,3.0,gpcc2025
2012-08-01,cpacific,3.1829202637478495,4.0,gpcc2025
2012-09-01,cpacific,3.618075930195352,4.0,gpcc2025
2012-10-01,cpacific,2.458074296884943,5.0,gpcc2025
2012-11-01,cpacific,4.640804271618842,4.0,gpcc2025
2012-12-01,cpacific,5.477395702240474,3.0,gpcc2025
2013-01-01,cpacific,11.089243450378227,3.0,gpcc2025
2013-02-01,cpacific,7.629437722579745,3.0,gpcc2025
2013-03-01,cpacific,6.401783613691013,4.0,gpcc2025
2013-04-01,cpacific,7.039456215896785,3.0,gpcc2025
2013-05-01,cpacific,3.2906723866956056,4.0,gpcc2025
2013-06-01,cpacific,3.355977981828021,3.0,gpcc2025
2013-07-01,cpacific,4.8108715608432036,2.0,gpcc2025
2013-08-01,cpacific,3.1120255742100573,3.0,gpcc2025
2013-09-01,cpacific,2.9095684050390096,4.0,gpcc2025
2013-10-01,cpacific,4.759140352636819,3.0,gpcc2025
2013-11-01,cpacific,2.5801291621006794,3.0,gpcc2025
2013-12-01,cpacific,5.842030291649393,5.0,gpcc2025
2014-01-01,cpacific,7.367100947663224,5.0,gpcc2025
2014-02-01,cpacific,6.5898722183205765,5.0,gpcc2025
2014-03-01,cpacific,8.408472532971452,5.0,gpcc2025
2014-04-01,cpacific,8.79890533952991,6.0,gpcc2025
2014-05-01,cpacific,4.427195591411663,6.0,gpcc2025
2014-06-01,cpacific,6.076004897106185,5.0,gpcc2025
2014-07-01,cpacific,5.30087879051481,4.0,gpcc2025
2014-08-01,cpacific,4.243308598178515,4.0,gpcc2025
2014-09-01,cpacific,3.43008266581249,4.0,gpcc2025
2014-10-01,cpacific,3.783274734420916,4.0,gpcc2025
2014-11-01,cpacific,5.177390591240109,5.0,gpcc2025
2014-12-01,cpacific,6.447459140692467,5.0,gpcc2025
2015-01-01,cpacific,11.050281952663827,3.0,gpcc2025
2015-02-01,cpacific,6.632384312035909,4.0,gpcc2025
2015-03-01,cpacific,7.871494786369655,5.0,gpcc2025
2015-04-01,cpacific,6.97833213700682,5.0,gpcc2025
2015-05-01,cpacific,8.189683032538438,6.0,gpcc2025
2015-06-01,cpacific,9.955024784479408,6.0,gpcc2025
2015-07-01,cpacific,9.739178374507874,5.0,gpcc2025
2015-08-01,cpacific,6.592729341949555,8.0,gpcc2025
2015-09-01,cpacific,7.733449317748497,5.0,gpcc2025
2015-10-01,cpacific,6.515687222880572,8.0,gpcc2025
2015-11-01,cpacific,7.62989577290691,8.0,gpcc2025
2015-12-01,cpacific,10.747149460474116,7.0,gpcc2025
2011-01-01,lit_camerica,2.262744920525211,109.0,gpcc2025
2011-02-01,lit_camerica,2.1281001843818905,111.0,gpcc2025
2011-03-01,lit_camerica,1.5545237192108945,111.0,gpcc2025
2011-04-01,lit_camerica,2.2379015160965547,109.0,gpcc2025
2011-05-01,lit_camerica,4.624719185629563,109.0,gpcc2025
2011-06-01,lit_camerica,8.262029923923428,111.0,gpcc2025
2011-07-01,lit_camerica,8.375801863933372,110.0,gpcc2025
2011-08-01,lit_camerica,7.935259289702556,107.0,gpcc2025
2011-09-01,lit_camerica,6.82193743126294,106.0,gpcc2025
2011-10-01,lit_camerica,11.115409839431075,106.0,gpcc2025
2011-11-01,lit_camerica,4.893195190526044,108.0,gpcc2025
2011-12-01,lit_camerica,3.2625133464308944,105.0,gpcc2025
2012-01-01,lit_camerica,2.0651310180732776,107.0,gpcc2025
2012-02-01,lit_camerica,1.9744169420220785,109.0,gpcc2025
2012-03-01,lit_camerica,1.9338444617783541,107.0,gpcc2025
2012-04-01,lit_camerica,2.7921129105258418,103.0,gpcc2025
2012-05-01,lit_camerica,6.546253630007132,104.0,gpcc2025
2012-06-01,lit_camerica,5.534994491146846,107.0,gpcc2025
2012-07-01,lit_camerica,5.8007530196924595,109.0,gpcc2025
2012-08-01,lit_camerica,8.344117326384382,110.0,gpcc2025
2012-09-01,lit_camerica,5.442449967823114,106.0,gpcc2025
2012-10-01,lit_camerica,7.9501605127940405,109.0,gpcc2025
2012-11-01,lit_camerica,3.543448587304854,105.0,gpcc2025
2012-12-01,lit_camerica,2.1531439503664407,106.0,gpcc2025
2013-01-01,lit_camerica,2.538262115302998,107.0,gpcc2025
2013-02-01,lit_camerica,1.2076554056154103,106.0,gpcc2025
2013-03-01,lit_camerica,1.6881915038133866,107.0,gpcc2025
2013-04-01,lit_camerica,2.215033090682475,108.0,gpcc2025
2013-05-01,lit_camerica,4.632755466727123,110.0,gpcc2025
2013-06-01,lit_camerica,6.765174846503386,109.0,gpcc2025
2013-07-01,lit_camerica,6.256708238870731,107.0,gpcc2025
2013-08-01,lit_camerica,7.499003250995675,111.0,gpcc2025
2013-09-01,lit_camerica,8.004728058300255,107.0,gpcc2025
2013-10-01,lit_camerica,6.630462876853299,107.0,gpcc2025
2013-11-01,lit_camerica,5.081911653505226,108.0,gpcc2025
2013-12-01,lit_camerica,3.9408848478557053,106.0,gpcc2025
2014-01-01,lit_camerica,2.8076818569666195,106.0,gpcc2025
2014-02-01,lit_camerica,1.7233060612659694,107.0,gpcc2025
2014-03-01,lit_camerica,1.2229679018163684,106.0,gpcc2025
2014-04-01,lit_camerica,1.3170532438313483,106.0,gpcc2025
2014-05-01,lit_camerica,4.975990245335605,108.0,gpcc2025
2014-06-01,lit_camerica,5.97153380488393,109.0,gpcc2025
2014-07-01,lit_camerica,3.97962543569034,107.0,gpcc2025
2014-08-01,lit_camerica,6.56063437907559,105.0,gpcc2025
2014-09-01,lit_camerica,7.789985097227205,104.0,gpcc2025
2014-10-01,lit_camerica,8.2725068281432,107.0,gpcc2025
2014-11-01,lit_camerica,6.002599537860586,103.0,gpcc2025
2014-12-01,lit_camerica,3.3551862924401403,102.0,gpcc2025
2015-01-01,lit_camerica,2.5762345843311043,101.0,gpcc2025
2015-02-01,lit_camerica,1.89156997755314,102.0,gpcc2025
2015-03-01,lit_camerica,1.9809379125313744,101.0,gpcc2025
2015-04-01,lit_camerica,1.697558729354736,103.0,gpcc2025
2015-05-01,lit_camerica,3.1588914021093535,103.0,gpcc2025
2015-06-01,lit_camerica,5.8217644737322285,102.0,gpcc2025
2015-07-01,lit_camerica,3.946249367844833,102.0,gpcc2025
2015-08-01,lit_camerica,4.2604016213658635,98.0,gpcc2025
2015-09-01,lit_camerica,6.016956829625633,95.0,gpcc2025
2015-10-01,lit_camerica,7.025216048045071,96.0,gpcc2025
2015-11-01,lit_camerica,5.720978644469554,99.0,gpcc2025
2015-12-01,lit_camerica,2.7727421431462145,94.0,gpcc2025
2011-01-01,lit_wpacific,8.233822935836379,28.0,gpcc2025
2011-02-01,lit_wpacific,9.039204883013491,29.0,gpcc2025
2011-03-01,lit_wpacific,8.192135149463686,29.0,gpcc2025
2011-04-01,lit_wpacific,8.915874262301129,26.0,gpcc2025
2011-05-01,lit_wpacific,9.409396333080135,27.0,gpcc2025
2011-06-01,lit_wpacific,9.833800343248345,29.0,gpcc2025
2011-07-01,lit_wpacific,10.338819418559076,26.0,gpcc2025
2011-08-01,lit_wpacific,9.818865361790687,26.0,gpcc2025
2011-09-01,lit_wpacific,8.512571135852793,26.0,gpcc2025
2011-10-01,lit_wpacific,7.964519446278399,21.0,gpcc2025
2011-11-01,lit_wpacific,7.535058111404704,22.0,gpcc2025
2011-12-01,lit_wpacific,10.637539601605887,21.0,gpcc2025
2012-01-01,lit_wpacific,12.751661530612921,26.0,gpcc2025
2012-02-01,lit_wpacific,9.856098734359929,22.0,gpcc2025
2012-03-01,lit_wpacific,11.80674104133306,27.0,gpcc2025
2012-04-01,lit_wpacific,9.125578987975437,26.0,gpcc2025
2012-05-01,lit_wpacific,10.991247809853109,26.0,gpcc2025
2012-06-01,lit_wpacific,9.860214750932482,22.0,gpcc2025
2012-07-01,lit_wpacific,10.708846602010503,25.0,gpcc2025
2012-08-01,lit_wpacific,10.407016986288697,26.0,gpcc2025
2012-09-01,lit_wpacific,12.29858535675624,26.0,gpcc2025
2012-10-01,lit_wpacific,7.530204503169673,25.0,gpcc2025
2012-11-01,lit_wpacific,8.793849622944771,24.0,gpcc2025
2012-12-01,lit_wpacific,8.176289143974948,25.0,gpcc2025
2013-01-01,lit_wpacific,10.751156901395252,27.0,gpcc2025
2013-02-01,lit_wpacific,10.442380674892314,24.0,gpcc2025
2013-03-01,lit_wpacific,13.919698296871356,25.0,gpcc2025
2013-04-01,lit_wpacific,10.061261977902971,25.0,gpcc2025
2013-05-01,lit_wpacific,8.158604387187422,28.0,gpcc2025
2013-06-01,lit_wpacific,9.18491621618461,26.0,gpcc2025
2013-07-01,lit_wpacific,10.288765745922195,28.0,gpcc2025
2013-08-01,lit_wpacific,9.234785529622805,26.0,gpcc2025
2013-09-01,lit_wpacific,8.571009728270194,26.0,gpcc2025
2013-10-01,lit_wpacific,8.955538755976802,27.0,gpcc2025
2013-11-01,lit_wpacific,7.365906184239163,27.0,gpcc2025
2013-12-01,lit_wpacific,8.87982938447076,27.0,gpcc2025
2014-01-01,lit_wpacific,14.059182704729215,25.0,gpcc2025
2014-02-01,lit_wpacific,11.779653530412839,30.0,gpcc2025
2014-03-01,lit_wpacific,8.828423583303826,30.0,gpcc2025
2014-04-01,lit_wpacific,13.187127503947435,30.0,gpcc2025
2014-05-01,lit_wpacific,7.379635088719433,28.0,gpcc2025
2014-06-01,lit_wpacific,9.39238771674959,28.0,gpcc2025
2014-07-01,lit_wpacific,10.326873539227355,29.0,gpcc2025
2014-08-01,lit_wpacific,7.798008543395908,28.0,gpcc2025
2014-09-01,lit_wpacific,10.18117123864003,27.0,gpcc2025
2014-10-01,lit_wpacific,9.736659654656638,29.0,gpcc2025
2014-11-01,lit_wpacific,7.713446717849951,29.0,gpcc2025
2014-12-01,lit_wpacific,8.31096555987377,26.0,gpcc2025
2015-01-01,lit_wpacific,11.945963041160898,28.0,gpcc2025
2015-02-01,lit_wpacific,9.727549704119935,29.0,gpcc2025
2015-03-01,lit_wpacific,10.077783422672082,29.0,gpcc2025
2015-04-01,lit_wpacific,7.282483189680509,28.0,gpcc2025
2015-05-01,lit_wpacific,10.728892065444942,28.0,gpcc2025
2015-06-01,lit_wpacific,8.642120517702866,27.0,gpcc2025
2015-07-01,lit_wpacific,8.073555696784569,29.0,gpcc2025
2015-08-01,lit_wpacific,6.68156259310109,27.0,gpcc2025
2015-09-01,lit_wpacific,6.029566504983688,26.0,gpcc2025
2015-10-01,lit_wpacific,4.374238176856979,26.0,gpcc2025
2015-11-01,lit_wpacific,6.891115629860707,26.0,gpcc2025
2015-12-01,lit_wpacific,9.74672478393097,26.0,gpcc2025
2011-01-01,lit_sindia,2.2827942060695245,48.0,gpcc2025
2011-02-01,lit_sindia,1.9706805256641533,48.0,gpcc2025
2011-03-01,lit_sindia,0.7829321984902304,48.0,gpcc2025
2011-04-01,lit_sindia,4.233850600557883,45.0,gpcc2025
2011-05-01,lit_sindia,2.2797899861875037,47.0,gpcc2025
2011-06-01,lit_sindia,5.588848021527421,44.0,gpcc2025
2011-07-01,lit_sindia,7.577832973101257,47.0,gpcc2025
2011-08-01,lit_sindia,6.943672809705573,47.0,gpcc2025
2011-09-01,lit_sindia,4.550858755130374,48.0,gpcc2025
2011-10-01,lit_sindia,6.488592670519965,47.0,gpcc2025
2011-11-01,lit_sindia,5.904503679677353,49.0,gpcc2025
2011-12-01,lit_sindia,2.2454776273829498,50.0,gpcc2025
2012-01-01,lit_sindia,0.4739299430092442,50.0,gpcc2025
2012-02-01,lit_sindia,0.742442505184999,50.0,gpcc2025
2012-03-01,lit_sindia,0.721715550384504,51.0,gpcc2025
2012-04-01,lit_sindia,3.212110618205798,51.0,gpcc2025
2012-05-01,lit_sindia,1.2395539815686385,50.0,gpcc2025
2012-06-01,lit_sindia,5.096877234755813,51.0,gpcc2025
2012-07-01,lit_sindia,5.052788460960893,48.0,gpcc2025
2012-08-01,lit_sindia,6.970736600951357,49.0,gpcc2025
2012-09-01,lit_sindia,4.228666999670275,49.0,gpcc2025
2012-10-01,lit_sindia,8.2006851895703,50.0,gpcc2025
2012-11-01,lit_sindia,2.8194996431511847,49.0,gpcc2025
2012-12-01,lit_sindia,3.379075008784365,49.0,gpcc2025
2013-01-01,lit_sindia,1.1679421023937533,50.0,gpcc2025
2013-02-01,lit_sindia,1.9142716801292305,50.0,gpcc2025
2013-03-01,lit_sindia,1.5343383883022839,50.0,gpcc2025
2013-04-01,lit_sindia,1.1897074792916515,49.0,gpcc2025
2013-05-01,lit_sindia,3.3110702654479924,50.0,gpcc2025
2013-06-01,lit_sindia,8.608569777764034,48.0,gpcc2025
2013-07-01,lit_sindia,8.948920327481408,50.0,gpcc2025
2013-08-01,lit_sindia,5.143180286166465,50.0,gpcc2025
2013-09-01,lit_sindia,5.414423057437066,50.0,gpcc2025
2013-10-01,lit_sindia,4.4269620973588175,50.0,gpcc2025
2013-11-01,lit_sindia,3.6747436623423666,50.0,gpcc2025
2013-12-01,lit_sindia,1.4432698070869843,52.0,gpcc2025
2014-01-01,lit_sindia,0.9619230644224289,52.0,gpcc2025
2014-02-01,lit_sindia,0.3881949459129762,52.0,gpcc2025
2014-03-01,lit_sindia,0.5970405201877177,52.0,gpcc2025
2014-04-01,lit_sindia,1.9718795602659127,52.0,gpcc2025
2014-05-01,lit_sindia,3.979611361595676,51.0,gpcc2025
2014-06-01,lit_sindia,4.258090897832993,50.0,gpcc2025
2014-07-01,lit_sindia,6.976026348361615,50.0,gpcc2025
2014-08-01,lit_sindia,8.36561534260248,51.0,gpcc2025
2014-09-01,lit_sindia,5.424468581869492,49.0,gpcc2025
2014-10-01,lit_sindia,7.421372936716676,50.0,gpcc2025
2014-11-01,lit_sindia,4.475699486867289,49.0,gpcc2025
2014-12-01,lit_sindia,4.47707085719493,51.0,gpcc2025
2015-01-01,lit_sindia,0.17299218142897127,51.0,gpcc2025
2015-02-01,lit_sindia,0.9019076864054296,52.0,gpcc2025
2015-03-01,lit_sindia,1.1796488573026407,51.0,gpcc2025
2015-04-01,lit_sindia,3.9616293964967593,50.0,gpcc2025
2015-05-01,lit_sindia,4.462674641803467,48.0,gpcc2025
2015-06-01,lit_sindia,6.034109950789921,50.0,gpcc2025
2015-07-01,lit_sindia,5.53228612985575,51.0,gpcc2025
2015-08-01,lit_sindia,4.882667290353526,51.0,gpcc2025
2015-09-01,lit_sindia,5.553921977765699,50.0,gpcc2025
2015-10-01,lit_sindia,5.755347213943082,49.0,gpcc2025
2015-11-01,lit_sindia,10.253555127130824,51.0,gpcc2025
2015-12-01,lit_sindia,3.775307193327696,71.0,gpcc2025
2011-01-01,lit_cpacific,4.608703850858052,3.0,gpcc2025
2011-02-01,lit_cpacific,3.499031354567951,3.0,gpcc2025
2011-03-01,lit_cpacific,3.040791235382821,3.0,gpcc2025
2011-04-01,lit_cpacific,2.0422366051276075,2.0,gpcc2025
2011-05-01,lit_cpacific,4.698765983053976,2.0,gpcc2025
2011-06-01,lit_cpacific,3.4558414369447816,2.0,gpcc2025
2011-07-01,lit_cpacific,3.223563178424855,3.0,gpcc2025
2011-08-01,lit_cpacific,2.3013042209634818,1.0,gpcc2025
2011-09-01,lit_cpacific,2.7846592215981576,2.0,gpcc2025
2011-10-01,lit_cpacific,2.2404594829706155,1.0,gpcc2025
2011-11-01,lit_cpacific,3.779668321275101,2.0,gpcc2025
2011-12-01,lit_cpacific,4.477440765603492,1.0,gpcc2025
2012-01-01,lit_cpacific,4.061587851238959,1.0,gpcc2025
2012-02-01,lit_cpacific,2.2621279334519446,2.0,gpcc2025
2012-03-01,lit_cpacific,4.402960941010759,2.0,gpcc2025
2012-04-01,lit_cpacific,3.3509099314696926,2.0,gpcc2025
2012-05-01,lit_cpacific,3.3122228783449144,3.0,gpcc2025
2012-06-01,lit_cpacific,2.8992724541426864,2.0,gpcc2025
2012-07-01,lit_cpacific,3.761549610368408,2.0,gpcc2025
2012-08-01,lit_cpacific,2.8571454373357836,2.0,gpcc2025
2012-09-01,lit_cpacific,3.230419676654402,2.0,gpcc2025
2012-10-01,lit_cpacific,2.1635988130259807,3.0,gpcc2025
2012-11-01,lit_cpacific,3.555962348417298,3.0,gpcc2025
2012-12-01,lit_cpacific,4.035088339416146,2.0,gpcc2025
2013-01-01,lit_cpacific,5.543063271551106,2.0,gpcc2025
2013-02-01,lit_cpacific,5.732006533074251,2.0,gpcc2025
2013-03-01,lit_cpacific,4.136098337114576,3.0,gpcc2025
2013-04-01,lit_cpacific,7.9296947100559105,2.0,gpcc2025
2013-05-01,lit_cpacific,3.1746911681862144,3.0,gpcc2025
2013-06-01,lit_cpacific,3.252230893436183,1.0,gpcc2025
2013-07-01,lit_cpacific,4.059753788012998,1.0,gpcc2025
2013-08-01,lit_cpacific,1.8746373038505681,2.0,gpcc2025
2013-09-01,lit_cpacific,2.1616672873080685,3.0,gpcc2025
2013-10-01,lit_cpacific,3.4757269098255086,2.0,gpcc2025
2013-11-01,lit_cpacific,1.4586492785528165,2.0,gpcc2025
2013-12-01,lit_cpacific,3.174922426135598,4.0,gpcc2025
2014-01-01,lit_cpacific,3.44452394075082,4.0,gpcc2025
2014-02-01,lit_cpacific,3.6487009025144994,4.0,gpcc2025
2014-03-01,lit_cpacific,7.146107963259641,4.0,gpcc2025
2014-04-01,lit_cpacific,11.319992816581419,5.0,gpcc2025
2014-05-01,lit_cpacific,4.951481134468276,5.0,gpcc2025
2014-06-01,lit_cpacific,7.212018367726867,4.0,gpcc2025
2014-07-01,lit_cpacific,5.468293519069535,3.0,gpcc2025
2014-08-01,lit_cpacific,2.9213029908461556,3.0,gpcc2025
2014-09-01,lit_cpacific,3.0962062621491224,3.0,gpcc2025
2014-10-01,lit_cpacific,3.0252594465088887,3.0,gpcc2025
2014-11-01,lit_cpacific,3.0570109086091537,4.0,gpcc2025
2014-12-01,lit_cpacific,4.26633347784899,4.0,gpcc2025
2015-01-01,lit_cpacific,6.157882949758268,2.0,gpcc2025
2015-02-01,lit_cpacific,5.248010819790621,3.0,gpcc2025
2015-03-01,lit_cpacific,7.892791924498148,3.0,gpcc2025
2015-04-01,lit_cpacific,8.044445403745167,3.0,gpcc2025
2015-05-01,lit_cpacific,10.243723704615578,4.0,gpcc2025
2015-06-01,lit_cpacific,12.458351564348101,4.0,gpcc2025
2015-07-01,lit_cpacific,10.58587420214951,4.0,gpcc2025
2015-08-01,lit_cpacific,8.917444913017365,6.0,gpcc2025
2015-09-01,lit_cpacific,9.520714941820023,4.0,gpcc2025
2015-10-01,lit_cpacific,6.101150715872169,7.0,gpcc2025
2015-11-01,lit_cpacific,6.398983774865712,7.0,gpcc2025
2015-12-01,lit_cpacific,11.741413991144476,6.0,gpcc2025
2011-01-01,box_hawaii,3.4552153103244456,41.0,gpcc2025
2011-02-01,box_hawaii,3.2522423771493485,43.0,gpcc2025
2011-03-01,box_hawaii,3.3524174212082456,35.0,gpcc2025
2011-04-01,box_hawaii,1.8837724933384359,5.0,gpcc2025
2011-05-01,box_hawaii,4.07590194212875,5.0,gpcc2025
2011-06-01,box_hawaii,2.1309240472548527,5.0,gpcc2025
2011-07-01,box_hawaii,1.4023305619993172,5.0,gpcc2025
2011-08-01,box_hawaii,1.8318528256133872,5.0,gpcc2025
2011-09-01,box_hawaii,1.0686431374360552,5.0,gpcc2025
2011-10-01,box_hawaii,0.9112224222302793,5.0,gpcc2025
2011-11-01,box_hawaii,3.8931332367638576,5.0,gpcc2025
2011-12-01,box_hawaii,5.135311801212476,5.0,gpcc2025
2012-01-01,box_hawaii,1.491611213305983,5.0,gpcc2025
2012-02-01,box_hawaii,4.454559929568154,5.0,gpcc2025
2012-03-01,box_hawaii,7.272679082356664,5.0,gpcc2025
2012-04-01,box_hawaii,1.5170549343710593,5.0,gpcc2025
2012-05-01,box_hawaii,1.5477301345438719,5.0,gpcc2025
2012-06-01,box_hawaii,1.6009181365890355,5.0,gpcc2025
2012-07-01,box_hawaii,1.670615342893252,5.0,gpcc2025
2012-08-01,box_hawaii,1.3905723517018886,5.0,gpcc2025
2012-09-01,box_hawaii,1.3571554294747878,5.0,gpcc2025
2012-10-01,box_hawaii,0.700249271622152,5.0,gpcc2025
2012-11-01,box_hawaii,0.9382198903847085,5.0,gpcc2025
2012-12-01,box_hawaii,3.1958803699944274,5.0,gpcc2025
2013-01-01,box_hawaii,3.6417336649236973,5.0,gpcc2025
2013-02-01,box_hawaii,7.149091619382282,5.0,gpcc2025
2013-03-01,box_hawaii,2.167565717627945,5.0,gpcc2025
2013-04-01,box_hawaii,1.5771492711652846,5.0,gpcc2025
2013-05-01,box_hawaii,2.350676843108913,5.0,gpcc2025
2013-06-01,box_hawaii,1.2136171541908929,5.0,gpcc2025
2013-07-01,box_hawaii,1.2339731070861653,5.0,gpcc2025
2013-08-01,box_hawaii,1.9018222074537545,5.0,gpcc2025
2013-09-01,box_hawaii,1.3825896258100643,5.0,gpcc2025
2013-10-01,box_hawaii,2.1556388617471742,5.0,gpcc2025
2013-11-01,box_hawaii,2.5965622491828464,5.0,gpcc2025
2013-12-01,box_hawaii,6.410979180214468,5.0,gpcc2025
2014-01-01,box_hawaii,2.8990872215365675,5.0,gpcc2025
2014-02-01,box_hawaii,2.8145847638627934,5.0,gpcc2025
2014-03-01,box_hawaii,5.768213806326833,5.0,gpcc2025
2014-04-01,box_hawaii,3.5532964450895106,5.0,gpcc2025
2014-05-01,box_hawaii,2.747625160782749,5.0,gpcc2025
2014-06-01,box_hawaii,2.0446661245974025,5.0,gpcc2025
2014-07-01,box_hawaii,4.278747849999567,5.0,gpcc2025
2014-08-01,box_hawaii,2.8738381332047926,5.0,gpcc2025
2014-09-01,box_hawaii,1.3423103061373984,5.0,gpcc2025
2014-10-01,box_hawaii,4.593524611215725,5.0,gpcc2025
2014-11-01,box_hawaii,1.9203728318693474,5.0,gpcc2025
2014-12-01,box_hawaii,2.301048806663674,5.0,gpcc2025
2015-01-01,box_hawaii,1.2839934966217494,5.0,gpcc2025
2015-02-01,box_hawaii,2.088144405733423,5.0,gpcc2025
2015-03-01,box_hawaii,3.9826462846340713,5.0,gpcc2025
2015-04-01,box_hawaii,4.043814892323921,5.0,gpcc2025
2015-05-01,box_hawaii,2.2175552858292664,5.0,gpcc2025
2015-06-01,box_hawaii,1.2876265550736627,5.0,gpcc2025
2015-07-01,box_hawaii,1.8413618067688433,5.0,gpcc2025
2015-08-01,box_hawaii,7.6416880939010134,5.0,gpcc2025
2015-09-01,box_hawaii,8.106317164666578,5.0,gpcc2025
2015-10-01,box_hawaii,4.032278495180031,5.0,gpcc2025
2015-11-01,box_hawaii,7.226427939581729,5.0,gpcc2025
2015-12-01,box_hawaii,3.458044027015385,5.0,gpcc2025
2016-01-01,wpacific,4.463878831213323,99.0,gpcc2025
2016-02-01,wpacific,9.388636062225517,101.0,gpcc2025
2016-03-01,wpacific,8.347161878749422,105.0,gpcc2025
2016-04-01,wpacific,9.023908480191583,103.0,gpcc2025
2016-05-01,wpacific,5.841459924933042,103.0,gpcc2025
2016-06-01,wpacific,6.2951041853344325,104.0,gpcc2025
2016-07-01,wpacific,5.652199347158509,100.0,gpcc2025
2016-08-01,wpacific,7.677794276819696,103.0,gpcc2025
2016-09-01,wpacific,5.75008367114812,104.0,gpcc2025
2016-10-01,wpacific,6.628486430977093,103.0,gpcc2025
2016-11-01,wpacific,9.07707744047996,102.0,gpcc2025
2016-12-01,wpacific,8.966316402116961,102.0,gpcc2025
2017-01-01,wpacific,9.063420333594145,89.0,gpcc2025
2017-02-01,wpacific,13.02327960042189,86.0,gpcc2025
2017-03-01,wpacific,9.226303829187607,89.0,gpcc2025
2017-04-01,wpacific,9.620275470478754,90.0,gpcc2025
2017-05-01,wpacific,9.492808759403703,86.0,gpcc2025
2017-06-01,wpacific,6.920635354758573,90.0,gpcc2025
2017-07-01,wpacific,7.196264461621077,75.0,gpcc2025
2017-08-01,wpacific,5.897524309216874,90.0,gpcc2025
2017-09-01,wpacific,6.833818300870092,87.0,gpcc2025
2017-10-01,wpacific,6.9192870545783345,87.0,gpcc2025
2017-11-01,wpacific,8.852569496968181,88.0,gpcc2025
2017-12-01,wpacific,10.068463870925038,87.0,gpcc2025
2018-01-01,wpacific,10.77432794319596,37.0,gpcc2025
2018-02-01,wpacific,8.72862561955643,37.0,gpcc2025
2018-03-01,wpacific,11.834886130375102,39.0,gpcc2025
2018-04-01,wpacific,9.253589535193708,39.0,gpcc2025
2018-05-01,wpacific,7.165090116487205,40.0,gpcc2025
2018-06-01,wpacific,6.863370358930788,39.0,gpcc2025
2018-07-01,wpacific,6.798076433002906,39.0,gpcc2025
2018-08-01,wpacific,6.033974169527283,37.0,gpcc2025
2018-09-01,wpacific,7.546605212241411,37.0,gpcc2025
2018-10-01,wpacific,6.304458945605914,37.0,gpcc2025
2018-11-01,wpacific,6.3469196527425815,36.0,gpcc2025
2018-12-01,wpacific,9.991188337863404,36.0,gpcc2025
2019-01-01,wpacific,9.585912400757795,38.0,gpcc2025
2019-02-01,wpacific,9.732693105057452,39.0,gpcc2025
2019-03-01,wpacific,8.118243216401156,36.0,gpcc2025
2019-04-01,wpacific,10.197712949237765,40.0,gpcc2025
2019-05-01,wpacific,6.539933537586747,36.0,gpcc2025
2019-06-01,wpacific,7.849608296303702,40.0,gpcc2025
2019-07-01,wpacific,6.190524361247196,40.0,gpcc2025
2019-08-01,wpacific,8.105095824576699,41.0,gpcc2025
2019-09-01,wpacific,6.8338468981968505,42.0,gpcc2025
2019-10-01,wpacific,6.3138053891360855,39.0,gpcc2025
2019-11-01,wpacific,7.08648820377422,38.0,gpcc2025
2019-12-01,wpacific,6.181355138264475,36.0,gpcc2025
2020-01-01,wpacific,6.929410688919142,41.0,gpcc2025
2020-02-01,wpacific,9.028757872470536,40.0,gpcc2025
2020-03-01,wpacific,8.736746639973743,42.0,gpcc2025
2020-04-01,wpacific,10.784836027726056,40.0,gpcc2025
2020-05-01,wpacific,7.831458995299675,39.0,gpcc2025
2020-06-01,wpacific,6.8096037659948605,40.0,gpcc2025
2020-07-01,wpacific,6.617704141202619,42.0,gpcc2025
2020-08-01,wpacific,6.986062848999958,40.0,gpcc2025
2020-09-01,wpacific,8.618151736316268,41.0,gpcc2025
2020-10-01,wpacific,8.344459075115756,40.0,gpcc2025
2020-11-01,wpacific,8.925421703439893,40.0,gpcc2025
2020-12-01,wpacific,9.471870941005758,41.0,gpcc2025
2016-01-01,hawaii,0.8389379695405187,5.0,gpcc2025
2016-02-01,hawaii,1.1302224927583056,5.0,gpcc2025
2016-03-01,hawaii,1.8559573510658771,5.0,gpcc2025
2016-04-01,hawaii,2.1932411019609925,5.0,gpcc2025
2016-05-01,hawaii,2.478900297066813,5.0,gpcc2025
2016-06-01,hawaii,3.271855170400693,5.0,gpcc2025
2016-07-01,hawaii,2.6141573880641245,5.0,gpcc2025
2016-08-01,hawaii,6.711341661393357,5.0,gpcc2025
2016-09-01,hawaii,3.430508395684213,5.0,gpcc2025
2016-10-01,hawaii,4.726808373157275,5.0,gpcc2025
2016-11-01,hawaii,1.5822786118844872,5.0,gpcc2025
2016-12-01,hawaii,6.426859658413525,5.0,gpcc2025
2017-01-01,hawaii,3.257303994747372,5.0,gpcc2025
2017-02-01,hawaii,3.322756166330645,5.0,gpcc2025
2017-03-01,hawaii,2.784591148302114,5.0,gpcc2025
2017-04-01,hawaii,3.422736859577783,5.0,gpcc2025
2017-05-01,hawaii,1.7882826933057965,5.0,gpcc2025
2017-06-01,hawaii,1.180946939333885,5.0,gpcc2025
2017-07-01,hawaii,1.0814290640021702,5.0,gpcc2025
2017-08-01,hawaii,2.1825770046140613,5.0,gpcc2025
2017-09-01,hawaii,1.0454580978647676,5.0,gpcc2025
2017-10-01,hawaii,5.305548262029164,5.0,gpcc2025
2017-11-01,hawaii,4.29326380846143,5.0,gpcc2025
2017-12-01,hawaii,4.211711364471555,5.0,gpcc2025
2018-01-01,hawaii,3.8485451116164024,5.0,gpcc2025
2018-02-01,hawaii,7.529097310869941,5.0,gpcc2025
2018-03-01,hawaii,4.194130182853829,5.0,gpcc2025
2018-04-01,hawaii,4.796419280774176,5.0,gpcc2025
2018-05-01,hawaii,2.471904347025579,5.0,gpcc2025
2018-06-01,hawaii,2.041845783097754,5.0,gpcc2025
2018-07-01,hawaii,1.5605411501253095,5.0,gpcc2025
2018-08-01,hawaii,13.767680687685159,5.0,gpcc2025
2018-09-01,hawaii,3.0964107157227034,5.0,gpcc2025
2018-10-01,hawaii,5.961280837845538,5.0,gpcc2025
2018-11-01,hawaii,2.3600187937898687,5.0,gpcc2025
2018-12-01,hawaii,2.7458557923451217,5.0,gpcc2025
2019-01-01,hawaii,1.1678615861523483,5.0,gpcc2025
2019-02-01,hawaii,4.684264854175003,5.0,gpcc2025
2019-03-01,hawaii,1.346556826972241,5.0,gpcc2025
2019-04-01,hawaii,3.2830018085084336,5.0,gpcc2025
2019-05-01,hawaii,1.2923774272461932,5.0,gpcc2025
2019-06-01,hawaii,2.0432337925354394,5.0,gpcc2025
2019-07-01,hawaii,2.0782660983485073,5.0,gpcc2025
2019-08-01,hawaii,2.0822972205530785,5.0,gpcc2025
2019-09-01,hawaii,2.80590424067687,5.0,gpcc2025
2019-10-01,hawaii,3.929548956220206,5.0,gpcc2025
2019-11-01,hawaii,2.4178117087436095,5.0,gpcc2025
2019-12-01,hawaii,3.4666129411421345,5.0,gpcc2025
2020-01-01,hawaii,5.006241155037713,4.0,gpcc2025
2020-02-01,hawaii,2.29625442970934,5.0,gpcc2025
2020-03-01,hawaii,10.102717790056353,5.0,gpcc2025
2020-04-01,hawaii,2.5080361997876026,5.0,gpcc2025
2020-05-01,hawaii,1.2061987107521177,5.0,gpcc2025
2020-06-01,hawaii,1.0663962568741878,5.0,gpcc2025
2020-07-01,hawaii,1.785518820123937,5.0,gpcc2025
2020-08-01,hawaii,1.0229191491845202,5.0,gpcc2025
2020-09-01,hawaii,2.197384239801519,5.0,gpcc2025
2020-10-01,hawaii,1.9323717091034103,5.0,gpcc2025
2020-11-01,hawaii,4.1687834027416,5.0,gpcc2025
2020-12-01,hawaii,3.214632704045459,5.0,gpcc2025
2016-01-01,cpacific,8.30270252182055,7.0,gpcc2025
2016-02-01,cpacific,15.481016341852708,8.0,gpcc2025
2016-03-01,cpacific,10.843862314331286,7.0,gpcc2025
2016-04-01,cpacific,11.822230433176646,8.0,gpcc2025
2016-05-01,cpacific,7.018650391807116,7.0,gpcc2025
2016-06-01,cpacific,4.279112056509132,9.0,gpcc2025
2016-07-01,cpacific,3.7292258143438413,9.0,gpcc2025
2016-08-01,cpacific,3.3692954581581067,8.0,gpcc2025
2016-09-01,cpacific,2.0628834231013107,7.0,gpcc2025
2016-10-01,cpacific,1.7665747923465365,7.0,gpcc2025
2016-11-01,cpacific,2.6742422660213947,8.0,gpcc2025
2016-12-01,cpacific,3.9390377025915466,8.0,gpcc2025
2017-01-01,cpacific,4.4071526645108,6.0,gpcc2025
2017-02-01,cpacific,4.469892311187584,6.0,gpcc2025
2017-03-01,cpacific,4.448339704482349,7.0,gpcc2025
2017-04-01,cpacific,8.737039409222968,7.0,gpcc2025
2017-05-01,cpacific,5.890433640744848,6.0,gpcc2025
2017-06-01,cpacific,3.5230008787670126,8.0,gpcc2025
2017-07-01,cpacific,5.167095067189529,6.0,gpcc2025
2017-08-01,cpacific,4.710648453292086,8.0,gpcc2025
2017-09-01,cpacific,2.370125274971764,8.0,gpcc2025
2017-10-01,cpacific,3.2931051295872975,8.0,gpcc2025
2017-11-01,cpacific,4.716226070068993,8.0,gpcc2025
2017-12-01,cpacific,6.5034276563186895,7.0,gpcc2025
2018-01-01,cpacific,4.090633077598591,8.0,gpcc2025
2018-02-01,cpacific,7.579779008182605,8.0,gpcc2025
2018-03-01,cpacific,2.5362701886610886,7.0,gpcc2025
2018-04-01,cpacific,3.341762012101637,9.0,gpcc2025
2018-05-01,cpacific,3.141507749618926,9.0,gpcc2025
2018-06-01,cpacific,3.598810103272605,9.0,gpcc2025
2018-07-01,cpacific,3.9611505480304294,8.0,gpcc2025
2018-08-01,cpacific,3.6164372775843674,6.0,gpcc2025
2018-09-01,cpacific,2.9547012145837415,6.0,gpcc2025
2018-10-01,cpacific,2.638656894506983,7.0,gpcc2025
2018-11-01,cpacific,4.251613330459559,6.0,gpcc2025
2018-12-01,cpacific,7.0858450314286605,7.0,gpcc2025
2019-01-01,cpacific,8.340477330307827,8.0,gpcc2025
2019-02-01,cpacific,11.479845857898395,7.0,gpcc2025
2019-03-01,cpacific,9.895980270172949,7.0,gpcc2025
2019-04-01,cpacific,12.231664324240215,8.0,gpcc2025
2019-05-01,cpacific,8.293547793577286,8.0,gpcc2025
2019-06-01,cpacific,9.013175248019028,7.0,gpcc2025
2019-07-01,cpacific,5.674590023976642,7.0,gpcc2025
2019-08-01,cpacific,5.459296554379514,7.0,gpcc2025
2019-09-01,cpacific,3.50438912352549,7.0,gpcc2025
2019-10-01,cpacific,2.8908012496409308,8.0,gpcc2025
2019-11-01,cpacific,4.052485266454402,7.0,gpcc2025
2019-12-01,cpacific,9.87284324442732,7.0,gpcc2025
2020-01-01,cpacific,8.98915476357464,8.0,gpcc2025
2020-02-01,cpacific,14.23602576649589,9.0,gpcc2025
2020-03-01,cpacific,7.1781466408305326,9.0,gpcc2025
2020-04-01,cpacific,5.133598004345128,8.0,gpcc2025
2020-05-01,cpacific,4.564918286408075,9.0,gpcc2025
2020-06-01,cpacific,3.3618572188295555,9.0,gpcc2025
2020-07-01,cpacific,5.141852702543893,9.0,gpcc2025
2020-08-01,cpacific,3.5637942389157757,9.0,gpcc2025
2020-09-01,cpacific,3.7047355107406887,9.0,gpcc2025
2020-10-01,cpacific,2.636979741780576,8.0,gpcc2025
2020-11-01,cpacific,2.6301265150657356,8.0,gpcc2025
2020-12-01,cpacific,5.016488410771161,8.0,gpcc2025
2016-01-01,lit_camerica,1.8507211678332438,99.0,gpcc2025
2016-02-01,lit_camerica,2.3077941026148605,99.0,gpcc2025
2016-03-01,lit_camerica,1.6269185461780495,93.0,gpcc2025
2016-04-01,lit_camerica,1.7994271682553773,95.0,gpcc2025
2016-05-01,lit_camerica,4.013993126377962,98.0,gpcc2025
2016-06-01,lit_camerica,7.346488151139364,101.0,gpcc2025
2016-07-01,lit_camerica,5.36433553140472,99.0,gpcc2025
2016-08-01,lit_camerica,6.710087976280785,99.0,gpcc2025
2016-09-01,lit_camerica,6.860993518237356,96.0,gpcc2025
2016-10-01,lit_camerica,7.538435637213548,98.0,gpcc2025
2016-11-01,lit_camerica,6.6277720911274605,95.0,gpcc2025
2016-12-01,lit_camerica,3.2417933909251726,98.0,gpcc2025
2017-01-01,lit_camerica,1.8809066889897006,84.0,gpcc2025
2017-02-01,lit_camerica,1.3939851836219275,81.0,gpcc2025
2017-03-01,lit_camerica,1.962677504190495,80.0,gpcc2025
2017-04-01,lit_camerica,2.9535890067375243,80.0,gpcc2025
2017-05-01,lit_camerica,6.205514179421502,83.0,gpcc2025
2017-06-01,lit_camerica,8.399389582303046,82.0,gpcc2025
2017-07-01,lit_camerica,6.806475868963804,82.0,gpcc2025
2017-08-01,lit_camerica,6.2830567002936935,81.0,gpcc2025
2017-09-01,lit_camerica,7.140127081606078,76.0,gpcc2025
2017-10-01,lit_camerica,9.883997004917271,80.0,gpcc2025
2017-11-01,lit_camerica,5.412418743929815,78.0,gpcc2025
2017-12-01,lit_camerica,3.6828454728336073,77.0,gpcc2025
2018-01-01,lit_camerica,3.880357498297103,63.0,gpcc2025
2018-02-01,lit_camerica,1.8201454640337995,60.0,gpcc2025
2018-03-01,lit_camerica,1.3230164604464676,63.0,gpcc2025
2018-04-01,lit_camerica,2.2337895592401416,64.0,gpcc2025
2018-05-01,lit_camerica,5.734867922231207,65.0,gpcc2025
2018-06-01,lit_camerica,5.562615818779268,60.0,gpcc2025
2018-07-01,lit_camerica,4.2164950551054,63.0,gpcc2025
2018-08-01,lit_camerica,5.880317219266866,66.0,gpcc2025
2018-09-01,lit_camerica,5.251625085182364,65.0,gpcc2025
2018-10-01,lit_camerica,8.400724193774115,64.0,gpcc2025
2018-11-01,lit_camerica,4.6163750479502585,63.0,gpcc2025
2018-12-01,lit_camerica,2.476079381304785,64.0,gpcc2025
2019-01-01,lit_camerica,1.8243579932618799,63.0,gpcc2025
2019-02-01,lit_camerica,1.0807966046346598,64.0,gpcc2025
2019-03-01,lit_camerica,1.0115546838685388,65.0,gpcc2025
2019-04-01,lit_camerica,1.5822169935957673,63.0,gpcc2025
2019-05-01,lit_camerica,4.533792809434822,65.0,gpcc2025
2019-06-01,lit_camerica,4.578360115778844,67.0,gpcc2025
2019-07-01,lit_camerica,4.208565439726664,63.0,gpcc2025
2019-08-01,lit_camerica,4.751982510128067,64.0,gpcc2025
2019-09-01,lit_camerica,6.931154155968879,64.0,gpcc2025
2019-10-01,lit_camerica,7.392417461416005,65.0,gpcc2025
2019-11-01,lit_camerica,3.149988415913931,65.0,gpcc2025
2019-12-01,lit_camerica,3.0037400507763747,63.0,gpcc2025
2020-01-01,lit_camerica,2.7454616951001842,66.0,gpcc2025
2020-02-01,lit_camerica,1.8381349371311824,64.0,gpcc2025
2020-03-01,lit_camerica,1.486222346490559,58.0,gpcc2025
2020-04-01,lit_camerica,0.9747026037858587,60.0,gpcc2025
2020-05-01,lit_camerica,4.768156273675235,60.0,gpcc2025
2020-06-01,lit_camerica,7.4161899493629,62.0,gpcc2025
2020-07-01,lit_camerica,5.704933791401234,61.0,gpcc2025
2020-08-01,lit_camerica,7.608081956857597,62.0,gpcc2025
2020-09-01,lit_camerica,6.713990711601048,63.0,gpcc2025
2020-10-01,lit_camerica,10.302138560727304,62.0,gpcc2025
2020-11-01,lit_camerica,11.208330226716816,61.0,gpcc2025
2020-12-01,lit_camerica,3.550654611928626,59.0,gpcc2025
2016-01-01,lit_wpacific,6.108223949012865,27.0,gpcc2025
2016-02-01,lit_wpacific,10.139006079997293,27.0,gpcc2025
2016-03-01,lit_wpacific,9.544379614344457,29.0,gpcc2025
2016-04-01,lit_wpacific,10.133634810538847,28.0,gpcc2025
2016-05-01,lit_wpacific,7.563823709653105,28.0,gpcc2025
2016-06-01,lit_wpacific,8.958004945482742,29.0,gpcc2025
2016-07-01,lit_wpacific,7.9145262166613755,28.0,gpcc2025
2016-08-01,lit_wpacific,9.51216165134937,28.0,gpcc2025
2016-09-01,lit_wpacific,8.815507361533943,28.0,gpcc2025
2016-10-01,lit_wpacific,7.428989826854025,26.0,gpcc2025
2016-11-01,lit_wpacific,9.883877167108007,27.0,gpcc2025
2016-12-01,lit_wpacific,8.249982300497319,25.0,gpcc2025
2017-01-01,lit_wpacific,10.35423340037343,27.0,gpcc2025
2017-02-01,lit_wpacific,13.217412707102826,27.0,gpcc2025
2017-03-01,lit_wpacific,9.658730736435608,25.0,gpcc2025
2017-04-01,lit_wpacific,11.323976755268125,27.0,gpcc2025
2017-05-01,lit_wpacific,10.816224387396483,26.0,gpcc2025
2017-06-01,lit_wpacific,8.623537006365735,28.0,gpcc2025
2017-07-01,lit_wpacific,9.766451703786712,28.0,gpcc2025
2017-08-01,lit_wpacific,9.11154811315907,28.0,gpcc2025
2017-09-01,lit_wpacific,8.882262774336208,27.0,gpcc2025
2017-10-01,lit_wpacific,8.211238390715016,27.0,gpcc2025
2017-11-01,lit_wpacific,8.486891880392292,28.0,gpcc2025
2017-12-01,lit_wpacific,11.264898171428573,27.0,gpcc2025
2018-01-01,lit_wpacific,11.371445968425766,28.0,gpcc2025
2018-02-01,lit_wpacific,9.109481809660634,27.0,gpcc2025
2018-03-01,lit_wpacific,11.42028661217014,25.0,gpcc2025
2018-04-01,lit_wpacific,9.953302162285175,25.0,gpcc2025
2018-05-01,lit_wpacific,7.917022189959878,29.0,gpcc2025
2018-06-01,lit_wpacific,8.489191294927586,27.0,gpcc2025
2018-07-01,lit_wpacific,9.647023139389663,28.0,gpcc2025
2018-08-01,lit_wpacific,8.249237060630694,25.0,gpcc2025
2018-09-01,lit_wpacific,10.02151494258823,28.0,gpcc2025
2018-10-01,lit_wpacific,7.569191759839107,25.0,gpcc2025
2018-11-01,lit_wpacific,6.826571133343675,24.0,gpcc2025
2018-12-01,lit_wpacific,10.735110815420013,24.0,gpcc2025
2019-01-01,lit_wpacific,11.095248723488647,28.0,gpcc2025
2019-02-01,lit_wpacific,8.878333214667903,25.0,gpcc2025
2019-03-01,lit_wpacific,10.295674335797047,23.0,gpcc2025
2019-04-01,lit_wpacific,9.717305306269198,26.0,gpcc2025
2019-05-01,lit_wpacific,8.26379780235685,23.0,gpcc2025
2019-06-01,lit_wpacific,10.46138907073428,25.0,gpcc2025
2019-07-01,lit_wpacific,8.387314003475502,25.0,gpcc2025
2019-08-01,lit_wpacific,11.143851056648861,28.0,gpcc2025
2019-09-01,lit_wpacific,8.949791737848367,29.0,gpcc2025
2019-10-01,lit_wpacific,7.627721317361157,26.0,gpcc2025
2019-11-01,lit_wpacific,8.357846129989948,27.0,gpcc2025
2019-12-01,lit_wpacific,5.976806115127096,22.0,gpcc2025
2020-01-01,lit_wpacific,8.706258008705802,29.0,gpcc2025
2020-02-01,lit_wpacific,8.557920943224893,27.0,gpcc2025
2020-03-01,lit_wpacific,9.800373642365146,28.0,gpcc2025
2020-04-01,lit_wpacific,9.934502546202255,25.0,gpcc2025
2020-05-01,lit_wpacific,7.49613291392306,27.0,gpcc2025
2020-06-01,lit_wpacific,7.493020323210185,27.0,gpcc2025
2020-07-01,lit_wpacific,9.173399675989812,30.0,gpcc2025
2020-08-01,lit_wpacific,9.294581974201558,29.0,gpcc2025
2020-09-01,lit_wpacific,8.936752544668225,29.0,gpcc2025
2020-10-01,lit_wpacific,9.592006810328154,28.0,gpcc2025
2020-11-01,lit_wpacific,8.97944902952211,28.0,gpcc2025
2020-12-01,lit_wpacific,8.233650385134277,29.0,gpcc2025
2016-01-01,lit_sindia,0.4493909184832631,75.0,gpcc2025
2016-02-01,lit_sindia,0.6507977096080567,73.0,gpcc2025
2016-03-01,lit_sindia,0.5059050960698802,74.0,gpcc2025
2016-04-01,lit_sindia,0.9225034158546741,75.0,gpcc2025
2016-05-01,lit_sindia,6.446749737882144,73.0,gpcc2025
2016-06-01,lit_sindia,6.994459425347812,74.0,gpcc2025
2016-07-01,lit_sindia,6.400079995211994,74.0,gpcc2025
2016-08-01,lit_sindia,3.2038580683808786,75.0,gpcc2025
2016-09-01,lit_sindia,2.060786896189727,76.0,gpcc2025
2016-10-01,lit_sindia,2.1366747850471066,74.0,gpcc2025
2016-11-01,lit_sindia,2.578977303738232,76.0,gpcc2025
2016-12-01,lit_sindia,1.912468494542077,76.0,gpcc2025
2017-01-01,lit_sindia,1.3258431660817933,75.0,gpcc2025
2017-02-01,lit_sindia,0.41171372381883264,77.0,gpcc2025
2017-03-01,lit_sindia,1.8878380073211265,78.0,gpcc2025
2017-04-01,lit_sindia,1.0221828910242106,75.0,gpcc2025
2017-05-01,lit_sindia,3.5540939315967908,77.0,gpcc2025
2017-06-01,lit_sindia,5.861681339330161,78.0,gpcc2025
2017-07-01,lit_sindia,4.722031829087938,78.0,gpcc2025
2017-08-01,lit_sindia,6.041299646486878,79.0,gpcc2025
2017-09-01,lit_sindia,6.3875585126921015,79.0,gpcc2025
2017-10-01,lit_sindia,5.61822006499428,77.0,gpcc2025
2017-11-01,lit_sindia,5.677349065627919,78.0,gpcc2025
2017-12-01,lit_sindia,1.825141335630554,74.0,gpcc2025
2018-01-01,lit_sindia,0.32345702169555096,78.0,gpcc2025
2018-02-01,lit_sindia,0.5626786912924946,78.0,gpcc2025
2018-03-01,lit_sindia,1.3918014704938197,76.0,gpcc2025
2018-04-01,lit_sindia,2.2279047835725168,77.0,gpcc2025
2018-05-01,lit_sindia,5.861914380327111,75.0,gpcc2025
2018-06-01,lit_sindia,5.666907749618681,79.0,gpcc2025
2018-07-01,lit_sindia,6.163097132102615,75.0,gpcc2025
2018-08-01,lit_sindia,5.348210463090254,74.0,gpcc2025
2018-09-01,lit_sindia,2.726511633670291,75.0,gpcc2025
2018-10-01,lit_sindia,5.09595529204776,77.0,gpcc2025
2018-11-01,lit_sindia,3.997380927309657,78.0,gpcc2025
2018-12-01,lit_sindia,1.4198927211016952,69.0,gpcc2025
2019-01-01,lit_sindia,0.26793159760774415,81.0,gpcc2025
2019-02-01,lit_sindia,1.0474195472576378,80.0,gpcc2025
2019-03-01,lit_sindia,0.34424233582745417,80.0,gpcc2025
2019-04-01,lit_sindia,1.7427283423093718,76.0,gpcc2025
2019-05-01,lit_sindia,1.3343209369925806,78.0,gpcc2025
2019-06-01,lit_sindia,3.8963497452280658,76.0,gpcc2025
2019-07-01,lit_sindia,6.910871226167596,77.0,gpcc2025
2019-08-01,lit_sindia,8.942722295355674,79.0,gpcc2025
2019-09-01,lit_sindia,8.213748113956257,79.0,gpcc2025
2019-10-01,lit_sindia,10.108257367367845,79.0,gpcc2025
2019-11-01,lit_sindia,4.49385807065232,79.0,gpcc2025
2019-12-01,lit_sindia,3.465104709965318,74.0,gpcc2025
2020-01-01,lit_sindia,0.6219689910882694,81.0,gpcc2025
2020-02-01,lit_sindia,0.2076447462753521,81.0,gpcc2025
2020-03-01,lit_sindia,0.31549127142242595,83.0,gpcc2025
2020-04-01,lit_sindia,1.8068621882603695,80.0,gpcc2025
2020-05-01,lit_sindia,3.5350729153142515,81.0,gpcc2025
2020-06-01,lit_sindia,5.535566595658784,83.0,gpcc2025
2020-07-01,lit_sindia,10.031130852693497,80.0,gpcc2025
2020-08-01,lit_sindia,6.5110422701349755,81.0,gpcc2025
2020-09-01,lit_sindia,9.604494765055419,78.0,gpcc2025
2020-10-01,lit_sindia,4.51413193716696,75.0,gpcc2025
2020-11-01,lit_sindia,5.507213613167773,80.0,gpcc2025
2020-12-01,lit_sindia,4.205835664832138,81.0,gpcc2025
2016-01-01,lit_cpacific,9.642232399828291,6.0,gpcc2025
2016-02-01,lit_cpacific,15.301319504671843,7.0,gpcc2025
2016-03-01,lit_cpacific,11.061597999635152,6.0,gpcc2025
2016-04-01,lit_cpacific,12.328351150344885,7.0,gpcc2025
2016-05-01,lit_cpacific,7.263251657124308,6.0,gpcc2025
2016-06-01,lit_cpacific,3.213809222884057,7.0,gpcc2025
2016-07-01,lit_cpacific,2.9632980923856573,7.0,gpcc2025
2016-08-01,lit_cpacific,3.0055049879549496,6.0,gpcc2025
2016-09-01,lit_cpacific,1.465539295090107,6.0,gpcc2025
2016-10-01,lit_cpacific,0.8766107028290017,7.0,gpcc2025
2016-11-01,lit_cpacific,1.709575866726307,7.0,gpcc2025
2016-12-01,lit_cpacific,2.62527066569306,7.0,gpcc2025
2017-01-01,lit_cpacific,2.9599049388092458,5.0,gpcc2025
2017-02-01,lit_cpacific,2.979724243175659,5.0,gpcc2025
2017-03-01,lit_cpacific,3.83723010206774,5.0,gpcc2025
2017-04-01,lit_cpacific,6.145772448968294,6.0,gpcc2025
2017-05-01,lit_cpacific,4.24787405410129,6.0,gpcc2025
2017-06-01,lit_cpacific,3.1054252318846407,7.0,gpcc2025
2017-07-01,lit_cpacific,5.5345120277740385,5.0,gpcc2025
2017-08-01,lit_cpacific,3.1307513556769315,7.0,gpcc2025
2017-09-01,lit_cpacific,2.351300017109722,6.0,gpcc2025
2017-10-01,lit_cpacific,1.9329582567448835,6.0,gpcc2025
2017-11-01,lit_cpacific,3.3995834189553995,6.0,gpcc2025
2017-12-01,lit_cpacific,4.615722055397637,6.0,gpcc2025
2018-01-01,lit_cpacific,3.189971148389251,6.0,gpcc2025
2018-02-01,lit_cpacific,2.8006655422349667,6.0,gpcc2025
2018-03-01,lit_cpacific,3.243104128202655,6.0,gpcc2025
2018-04-01,lit_cpacific,3.504809474315123,7.0,gpcc2025
2018-05-01,lit_cpacific,3.425590187867973,7.0,gpcc2025
2018-06-01,lit_cpacific,4.428475175359395,7.0,gpcc2025
2018-07-01,lit_cpacific,4.318857478370961,6.0,gpcc2025
2018-08-01,lit_cpacific,3.6334845028402714,6.0,gpcc2025
2018-09-01,lit_cpacific,2.8159246285379065,5.0,gpcc2025
2018-10-01,lit_cpacific,1.6403033047355184,6.0,gpcc2025
2018-11-01,lit_cpacific,3.698645347717249,5.0,gpcc2025
2018-12-01,lit_cpacific,7.594609377483262,5.0,gpcc2025
2019-01-01,lit_cpacific,7.615925765431227,6.0,gpcc2025
2019-02-01,lit_cpacific,8.511699231960304,5.0,gpcc2025
2019-03-01,lit_cpacific,12.46529883652617,5.0,gpcc2025
2019-04-01,lit_cpacific,14.02328858334363,6.0,gpcc2025
2019-05-01,lit_cpacific,8.764443953824335,6.0,gpcc2025
2019-06-01,lit_cpacific,8.686280368847255,5.0,gpcc2025
2019-07-01,lit_cpacific,5.3079028986187895,6.0,gpcc2025
2019-08-01,lit_cpacific,4.555081556985718,5.0,gpcc2025
2019-09-01,lit_cpacific,2.574190596516508,6.0,gpcc2025
2019-10-01,lit_cpacific,2.2851767851475184,6.0,gpcc2025
2019-11-01,lit_cpacific,3.3191829002336677,5.0,gpcc2025
2019-12-01,lit_cpacific,8.275381213118049,5.0,gpcc2025
2020-01-01,lit_cpacific,7.536670216472167,7.0,gpcc2025
2020-02-01,lit_cpacific,11.214393180634126,7.0,gpcc2025
2020-03-01,lit_cpacific,7.66443732502875,7.0,gpcc2025
2020-04-01,lit_cpacific,5.144227735673879,6.0,gpcc2025
2020-05-01,lit_cpacific,4.41667993070609,7.0,gpcc2025
2020-06-01,lit_cpacific,1.813393564982719,8.0,gpcc2025
2020-07-01,lit_cpacific,4.101054110861446,8.0,gpcc2025
2020-08-01,lit_cpacific,2.7864409077285757,8.0,gpcc2025
2020-09-01,lit_cpacific,2.5519427263934515,8.0,gpcc2025
2020-10-01,lit_cpacific,1.608564753191237,7.0,gpcc2025
2020-11-01,lit_cpacific,2.032156416283837,6.0,gpcc2025
2020-12-01,lit_cpacific,4.762975817226602,7.0,gpcc2025
2016-01-01,box_hawaii,0.8389379695405187,5.0,gpcc2025
2016-02-01,box_hawaii,1.1302224927583056,5.0,gpcc2025
2016-03-01,box_hawaii,1.8559573510658771,5.0,gpcc2025
2016-04-01,box_hawaii,2.1932411019609925,5.0,gpcc2025
2016-05-01,box_hawaii,2.478900297066813,5.0,gpcc2025
2016-06-01,box_hawaii,3.271855170400693,5.0,gpcc2025
2016-07-01,box_hawaii,2.6141573880641245,5.0,gpcc2025
2016-08-01,box_hawaii,6.711341661393357,5.0,gpcc2025
2016-09-01,box_hawaii,3.430508395684213,5.0,gpcc2025
2016-10-01,box_hawaii,4.726808373157275,5.0,gpcc2025
2016-11-01,box_hawaii,1.5822786118844872,5.0,gpcc2025
2016-12-01,box_hawaii,6.426859658413525,5.0,gpcc2025
2017-01-01,box_hawaii,3.257303994747372,5.0,gpcc2025
2017-02-01,box_hawaii,3.322756166330645,5.0,gpcc2025
2017-03-01,box_hawaii,2.784591148302114,5.0,gpcc2025
2017-04-01,box_hawaii,3.422736859577783,5.0,gpcc2025
2017-05-01,box_hawaii,1.7882826933057965,5.0,gpcc2025
2017-06-01,box_hawaii,1.180946939333885,5.0,gpcc2025
2017-07-01,box_hawaii,1.0814290640021702,5.0,gpcc2025
2017-08-01,box_hawaii,2.1825770046140613,5.0,gpcc2025
2017-09-01,box_hawaii,1.0454580978647676,5.0,gpcc2025
2017-10-01,box_hawaii,5.305548262029164,5.0,gpcc2025
2017-11-01,box_hawaii,4.29326380846143,5.0,gpcc2025
2017-12-01,box_hawaii,4.211711364471555,5.0,gpcc2025
2018-01-01,box_hawaii,3.8485451116164024,5.0,gpcc2025
2018-02-01,box_hawaii,7.529097310869941,5.0,gpcc2025
2018-03-01,box_hawaii,4.194130182853829,5.0,gpcc2025
2018-04-01,box_hawaii,4.796419280774176,5.0,gpcc2025
2018-05-01,box_hawaii,2.471904347025579,5.0,gpcc2025
2018-06-01,box_hawaii,2.041845783097754,5.0,gpcc2025
2018-07-01,box_hawaii,1.5605411501253095,5.0,gpcc2025
2018-08-01,box_hawaii,13.767680687685159,5.0,gpcc2025
2018-09-01,box_hawaii,3.0964107157227034,5.0,gpcc2025
2018-10-01,box_hawaii,5.961280837845538,5.0,gpcc2025
2018-11-01,box_hawaii,2.3600187937898687,5.0,gpcc2025
2018-12-01,box_hawaii,2.7458557923451217,5.0,gpcc2025
2019-01-01,box_hawaii,1.1678615861523483,5.0,gpcc2025
2019-02-01,box_hawaii,4.684264854175003,5.0,gpcc2025
2019-03-01,box_hawaii,1.346556826972241,5.0,gpcc2025
2019-04-01,box_hawaii,3.2830018085084336,5.0,gpcc2025
2019-05-01,box_hawaii,1.2923774272461932,5.0,gpcc2025
2019-06-01,box_hawaii,2.0432337925354394,5.0,gpcc2025
2019-07-01,box_hawaii,2.0782660983485073,5.0,gpcc2025
2019-08-01,box_hawaii,2.0822972205530785,5.0,gpcc2025
2019-09-01,box_hawaii,2.80590424067687,5.0,gpcc2025
2019-10-01,box_hawaii,3.929548956220206,5.0,gpcc2025
2019-11-01,box_hawaii,2.4178117087436095,5.0,gpcc2025
2019-12-01,box_hawaii,3.4666129411421345,5.0,gpcc2025
2020-01-01,box_hawaii,5.006241155037713,4.0,gpcc2025
2020-02-01,box_hawaii,2.29625442970934,5.0,gpcc2025
2020-03-01,box_hawaii,10.102717790056353,5.0,gpcc2025
2020-04-01,box_hawaii,2.5080361997876026,5.0,gpcc2025
2020-05-01,box_hawaii,1.2061987107521177,5.0,gpcc2025
2020-06-01,box_hawaii,1.0663962568741878,5.0,gpcc2025
2020-07-01,box_hawaii,1.785518820123937,5.0,gpcc2025
2020-08-01,box_hawaii,1.0229191491845202,5.0,gpcc2025
2020-09-01,box_hawaii,2.197384239801519,5.0,gpcc2025
2020-10-01,box_hawaii,1.9323717091034103,5.0,gpcc2025
2020-11-01,box_hawaii,4.1687834027416,5.0,gpcc2025
2020-12-01,box_hawaii,3.214632704045459,5.0,gpcc2025
2021-01-01,wpacific,11.393026595350316,38.0,gpcc2025
2021-02-01,wpacific,10.939110771251963,40.0,gpcc2025
2021-03-01,wpacific,10.316202981238286,40.0,gpcc2025
2021-04-01,wpacific,9.021707939541976,39.0,gpcc2025
2021-05-01,wpacific,11.156266156573341,40.0,gpcc2025
2021-06-01,wpacific,5.314215483222524,40.0,gpcc2025
2021-07-01,wpacific,6.576277641844412,39.0,gpcc2025
2021-08-01,wpacific,6.69164511177186,40.0,gpcc2025
2021-09-01,wpacific,7.148298354192022,40.0,gpcc2025
2021-10-01,wpacific,8.704356558717807,37.0,gpcc2025
2021-11-01,wpacific,7.726520377324904,40.0,gpcc2025
2021-12-01,wpacific,10.561151154300651,38.0,gpcc2025
2022-01-01,wpacific,11.472419488220037,37.0,gpcc2025
2022-02-01,wpacific,12.214241255005927,37.0,gpcc2025
2022-03-01,wpacific,9.646220110756113,38.0,gpcc2025
2022-04-01,wpacific,10.602059060715371,40.0,gpcc2025
2022-05-01,wpacific,8.028503186173836,40.0,gpcc2025
2022-06-01,wpacific,6.191868431912135,42.0,gpcc2025
2022-07-01,wpacific,6.733886391696307,41.0,gpcc2025
2022-08-01,wpacific,6.809980658107102,40.0,gpcc2025
2022-09-01,wpacific,6.272472526373124,42.0,gpcc2025
2022-10-01,wpacific,8.241378689877617,41.0,gpcc2025
2022-11-01,wpacific,7.761209361956874,41.0,gpcc2025
2022-12-01,wpacific,8.862544855620293,41.0,gpcc2025
2023-01-01,wpacific,10.627763220637867,39.0,gpcc2025
2023-02-01,wpacific,10.528535904468102,42.0,gpcc2025
2023-03-01,wpacific,9.369698212148013,40.0,gpcc2025
2023-04-01,wpacific,8.228275149571804,40.0,gpcc2025
2023-05-01,wpacific,7.692213447104391,40.0,gpcc2025
2023-06-01,wpacific,7.221832808327446,40.0,gpcc2025
2023-07-01,wpacific,9.99979395299071,40.0,gpcc2025
2023-08-01,wpacific,8.950848682133222,39.0,gpcc2025
2023-09-01,wpacific,6.362243620889235,41.0,gpcc2025
2023-10-01,wpacific,6.481658024717092,40.0,gpcc2025
2023-11-01,wpacific,8.21357928591442,39.0,gpcc2025
2023-12-01,wpacific,6.61174706473328,39.0,gpcc2025
2024-01-01,wpacific,11.004791390544437,40.0,gpcc2025
2024-02-01,wpacific,10.204417567657044,40.0,gpcc2025
2024-03-01,wpacific,12.58419264854472,39.0,gpcc2025
2024-04-01,wpacific,8.36834430289842,40.0,gpcc2025
2024-05-01,wpacific,8.45061843941014,38.0,gpcc2025
2024-06-01,wpacific,6.31111920457798,39.0,gpcc2025
2024-07-01,wpacific,7.529143618032394,38.0,gpcc2025
2024-08-01,wpacific,6.096657135616984,34.0,gpcc2025
2024-09-01,wpacific,6.987010813269476,34.0,gpcc2025
2024-10-01,wpacific,7.170253285941861,35.0,gpcc2025
2024-11-01,wpacific,7.48418724117187,37.0,gpcc2025
2024-12-01,wpacific,8.884576573342107,37.0,gpcc2025
2021-01-01,hawaii,6.290770093720836,5.0,gpcc2025
2021-02-01,hawaii,4.097574791985943,5.0,gpcc2025
2021-03-01,hawaii,10.869701332030777,5.0,gpcc2025
2021-04-01,hawaii,1.7624875513462663,5.0,gpcc2025
2021-05-01,hawaii,1.3154519805948257,5.0,gpcc2025
2021-06-01,hawaii,0.7520120056341114,5.0,gpcc2025
2021-07-01,hawaii,2.1189278290214317,5.0,gpcc2025
2021-08-01,hawaii,1.665519796014463,5.0,gpcc2025
2021-09-01,hawaii,2.4479326161942683,5.0,gpcc2025
2021-10-01,hawaii,2.07374479440564,5.0,gpcc2025
2021-11-01,hawaii,1.0270933462807719,5.0,gpcc2025
2021-12-01,hawaii,10.5039416622806,5.0,gpcc2025
2022-01-01,hawaii,2.971395676708167,4.0,gpcc2025
2022-02-01,hawaii,1.33488387759586,5.0,gpcc2025
2022-03-01,hawaii,1.5267031264210469,5.0,gpcc2025
2022-04-01,hawaii,3.6353605393495365,5.0,gpcc2025
2022-05-01,hawaii,3.4475078368178815,5.0,gpcc2025
2022-06-01,hawaii,1.7426987332934536,5.0,gpcc2025
2022-07-01,hawaii,1.1887572852813468,5.0,gpcc2025
2022-08-01,hawaii,1.3183568951589055,5.0,gpcc2025
2022-09-01,hawaii,1.33628471008491,5.0,gpcc2025
2022-10-01,hawaii,1.5072459998935952,5.0,gpcc2025
2022-11-01,hawaii,3.0991410811217874,5.0,gpcc2025
2022-12-01,hawaii,3.204803875781606,5.0,gpcc2025
2023-01-01,hawaii,2.474303103700905,5.0,gpcc2025
2023-02-01,hawaii,12.923509447151305,5.0,gpcc2025
2023-03-01,hawaii,2.979377637109878,5.0,gpcc2025
2023-04-01,hawaii,3.1182563265991514,5.0,gpcc2025
2023-05-01,hawaii,1.851197602141364,5.0,gpcc2025
2023-06-01,hawaii,1.1657135978163524,5.0,gpcc2025
2023-07-01,hawaii,1.2646154805681817,5.0,gpcc2025
2023-08-01,hawaii,1.118551860219432,5.0,gpcc2025
2023-09-01,hawaii,1.3113387518386914,5.0,gpcc2025
2023-10-01,hawaii,0.699230476945375,5.0,gpcc2025
2023-11-01,hawaii,2.686680706541447,5.0,gpcc2025
2023-12-01,hawaii,2.2979673114385695,5.0,gpcc2025
2024-01-01,hawaii,2.9363043057637115,4.0,gpcc2025
2024-02-01,hawaii,1.462140176675429,5.0,gpcc2025
2024-03-01,hawaii,3.7765956542719445,5.0,gpcc2025
2024-04-01,hawaii,5.405209969366633,5.0,gpcc2025
2024-05-01,hawaii,4.1543790223424475,5.0,gpcc2025
2024-06-01,hawaii,0.9872415319977733,5.0,gpcc2025
2024-07-01,hawaii,1.1160138618360749,4.0,gpcc2025
2024-08-01,hawaii,2.830576777966732,5.0,gpcc2025
2024-09-01,hawaii,1.4974538267420074,5.0,gpcc2025
2024-10-01,hawaii,1.7506751634639472,5.0,gpcc2025
2024-11-01,hawaii,2.362482127966214,5.0,gpcc2025
2024-12-01,hawaii,1.103717638606319,5.0,gpcc2025
2021-01-01,cpacific,2.941350473491356,9.0,gpcc2025
2021-02-01,cpacific,5.661968222824465,9.0,gpcc2025
2021-03-01,cpacific,3.738941335251185,9.0,gpcc2025
2021-04-01,cpacific,5.008308262505921,9.0,gpcc2025
2021-05-01,cpacific,4.4558894109600455,9.0,gpcc2025
2021-06-01,cpacific,4.816209602488075,9.0,gpcc2025
2021-07-01,cpacific,5.618079995961684,9.0,gpcc2025
2021-08-01,cpacific,4.0383699458415085,9.0,gpcc2025
2021-09-01,cpacific,2.74619903455054,9.0,gpcc2025
2021-10-01,cpacific,3.3694704729722673,9.0,gpcc2025
2021-11-01,cpacific,2.6681503284716084,9.0,gpcc2025
2021-12-01,cpacific,4.979405731067664,8.0,gpcc2025
2022-01-01,cpacific,6.4930819148070995,9.0,gpcc2025
2022-02-01,cpacific,5.503064009766567,8.0,gpcc2025
2022-03-01,cpacific,3.0870163370745596,8.0,gpcc2025
2022-04-01,cpacific,2.546250243383803,9.0,gpcc2025
2022-05-01,cpacific,2.72795964669926,10.0,gpcc2025
2022-06-01,cpacific,2.8982309136502997,10.0,gpcc2025
2022-07-01,cpacific,3.822506972724984,10.0,gpcc2025
2022-08-01,cpacific,3.103793609745708,10.0,gpcc2025
2022-09-01,cpacific,2.578568051033094,10.0,gpcc2025
2022-10-01,cpacific,2.6889314040731076,10.0,gpcc2025
2022-11-01,cpacific,2.56717003920092,8.0,gpcc2025
2022-12-01,cpacific,3.6161712224463267,8.0,gpcc2025
2023-01-01,cpacific,3.9485100254910055,10.0,gpcc2025
2023-02-01,cpacific,4.450466380515992,10.0,gpcc2025
2023-03-01,cpacific,4.512058716533589,10.0,gpcc2025
2023-04-01,cpacific,4.646542550778902,10.0,gpcc2025
2023-05-01,cpacific,7.285068720407655,10.0,gpcc2025
2023-06-01,cpacific,7.728465970280292,10.0,gpcc2025
2023-07-01,cpacific,8.640770274102827,10.0,gpcc2025
2023-08-01,cpacific,4.496814055398085,10.0,gpcc2025
2023-09-01,cpacific,6.796274323608328,10.0,gpcc2025
2023-10-01,cpacific,7.231780087547634,10.0,gpcc2025
2023-11-01,cpacific,7.866707719351014,10.0,gpcc2025
2023-12-01,cpacific,10.33295033030794,10.0,gpcc2025
2024-01-01,cpacific,9.333354950082219,8.0,gpcc2025
2024-02-01,cpacific,8.91842441397184,9.0,gpcc2025
2024-03-01,cpacific,8.946482079157283,9.0,gpcc2025
2024-04-01,cpacific,5.966980477684753,8.0,gpcc2025
2024-05-01,cpacific,4.145355837906645,8.0,gpcc2025
2024-06-01,cpacific,5.625236127844639,8.0,gpcc2025
2024-07-01,cpacific,5.094441907429195,8.0,gpcc2025
2024-08-01,cpacific,4.095537461815866,9.0,gpcc2025
2024-09-01,cpacific,4.987588672356838,6.0,gpcc2025
2024-10-01,cpacific,2.4812607402233393,8.0,gpcc2025
2024-11-01,cpacific,3.7758798985582627,6.0,gpcc2025
2024-12-01,cpacific,5.66185232993625,6.0,gpcc2025
2021-01-01,lit_camerica,2.1911930215842417,63.0,gpcc2025
2021-02-01,lit_camerica,1.7090349932476838,63.0,gpcc2025
2021-03-01,lit_camerica,1.5115486716750621,62.0,gpcc2025
2021-04-01,lit_camerica,2.5107843557614844,63.0,gpcc2025
2021-05-01,lit_camerica,2.893398728104779,62.0,gpcc2025
2021-06-01,lit_camerica,6.106504704072037,65.0,gpcc2025
2021-07-01,lit_camerica,5.700067680226025,64.0,gpcc2025
2021-08-01,lit_camerica,7.639634235557914,64.0,gpcc2025
2021-09-01,lit_camerica,5.171579439394924,63.0,gpcc2025
2021-10-01,lit_camerica,5.558277813186143,63.0,gpcc2025
2021-11-01,lit_camerica,3.9495028859721217,60.0,gpcc2025
2021-12-01,lit_camerica,2.110141055519201,64.0,gpcc2025
2022-01-01,lit_camerica,1.799174201132607,64.0,gpcc2025
2022-02-01,lit_camerica,2.2162047933386937,64.0,gpcc2025
2022-03-01,lit_camerica,1.4791924718844423,63.0,gpcc2025
2022-04-01,lit_camerica,2.6549988042688217,63.0,gpcc2025
2022-05-01,lit_camerica,4.816197471864827,63.0,gpcc2025
2022-06-01,lit_camerica,7.905278313551249,64.0,gpcc2025
2022-07-01,lit_camerica,5.809404103452221,63.0,gpcc2025
2022-08-01,lit_camerica,7.519553336269796,64.0,gpcc2025
2022-09-01,lit_camerica,9.221085627093887,64.0,gpcc2025
2022-10-01,lit_camerica,6.017625273664361,63.0,gpcc2025
2022-11-01,lit_camerica,5.694592629847006,64.0,gpcc2025
2022-12-01,lit_camerica,2.328201192504513,63.0,gpcc2025
2023-01-01,lit_camerica,1.6256343290132953,63.0,gpcc2025
2023-02-01,lit_camerica,1.266448818005678,65.0,gpcc2025
2023-03-01,lit_camerica,1.3568614372612329,63.0,gpcc2025
2023-04-01,lit_camerica,1.4954170743656763,63.0,gpcc2025
2023-05-01,lit_camerica,2.872607276233065,60.0,gpcc2025
2023-06-01,lit_camerica,5.96277211213697,62.0,gpcc2025
2023-07-01,lit_camerica,6.207511796037966,61.0,gpcc2025
2023-08-01,lit_camerica,6.017669860006298,63.0,gpcc2025
2023-09-01,lit_camerica,4.78242212804373,61.0,gpcc2025
2023-10-01,lit_camerica,7.421001675638182,58.0,gpcc2025
2023-11-01,lit_camerica,6.615829111663672,61.0,gpcc2025
2023-12-01,lit_camerica,3.7730070284375223,60.0,gpcc2025
2024-01-01,lit_camerica,1.8782775778343728,56.0,gpcc2025
2024-02-01,lit_camerica,1.2480917544577579,54.0,gpcc2025
2024-03-01,lit_camerica,0.9234425433419813,55.0,gpcc2025
2024-04-01,lit_camerica,1.8787864943660642,55.0,gpcc2025
2024-05-01,lit_camerica,3.168582437696469,54.0,gpcc2025
2024-06-01,lit_camerica,9.376221931428997,55.0,gpcc2025
2024-07-01,lit_camerica,7.241807452734905,55.0,gpcc2025
2024-08-01,lit_camerica,5.883832113848283,55.0,gpcc2025
2024-09-01,lit_camerica,8.002436010962123,51.0,gpcc2025
2024-10-01,lit_camerica,7.072323256017927,52.0,gpcc2025
2024-11-01,lit_camerica,8.493844448097153,51.0,gpcc2025
2024-12-01,lit_camerica,4.204283575975785,52.0,gpcc2025
2021-01-01,lit_wpacific,9.833035212549797,26.0,gpcc2025
2021-02-01,lit_wpacific,11.098955897692347,26.0,gpcc2025
2021-03-01,lit_wpacific,9.721289948127897,27.0,gpcc2025
2021-04-01,lit_wpacific,10.017150778402295,25.0,gpcc2025
2021-05-01,lit_wpacific,11.223449407644713,25.0,gpcc2025
2021-06-01,lit_wpacific,6.977346485929289,26.0,gpcc2025
2021-07-01,lit_wpacific,8.275391783035824,25.0,gpcc2025
2021-08-01,lit_wpacific,9.120584135814905,25.0,gpcc2025
2021-09-01,lit_wpacific,8.429078604878596,26.0,gpcc2025
2021-10-01,lit_wpacific,9.144306920917824,23.0,gpcc2025
2021-11-01,lit_wpacific,8.363576333244461,23.0,gpcc2025
2021-12-01,lit_wpacific,10.024158558969672,21.0,gpcc2025
2022-01-01,lit_wpacific,11.189876936018038,24.0,gpcc2025
2022-02-01,lit_wpacific,12.732535569122039,25.0,gpcc2025
2022-03-01,lit_wpacific,8.588500899275644,25.0,gpcc2025
2022-04-01,lit_wpacific,9.768225148055365,26.0,gpcc2025
2022-05-01,lit_wpacific,7.7713064239689205,27.0,gpcc2025
2022-06-01,lit_wpacific,7.372251818247667,29.0,gpcc2025
2022-07-01,lit_wpacific,7.320158975046228,29.0,gpcc2025
2022-08-01,lit_wpacific,8.190957757516172,28.0,gpcc2025
2022-09-01,lit_wpacific,7.246230814138456,29.0,gpcc2025
2022-10-01,lit_wpacific,6.646061326923251,30.0,gpcc2025
2022-11-01,lit_wpacific,7.310398724984439,29.0,gpcc2025
2022-12-01,lit_wpacific,8.493581973597191,28.0,gpcc2025
2023-01-01,lit_wpacific,10.635078914858013,26.0,gpcc2025
2023-02-01,lit_wpacific,10.34110136588654,28.0,gpcc2025
2023-03-01,lit_wpacific,9.668642715655599,25.0,gpcc2025
2023-04-01,lit_wpacific,9.471482935000955,26.0,gpcc2025
2023-05-01,lit_wpacific,8.730949540242056,26.0,gpcc2025
2023-06-01,lit_wpacific,8.003171376216459,26.0,gpcc2025
2023-07-01,lit_wpacific,13.508378707319537,24.0,gpcc2025
2023-08-01,lit_wpacific,10.572385834030252,25.0,gpcc2025
2023-09-01,lit_wpacific,7.902730587366099,27.0,gpcc2025
2023-10-01,lit_wpacific,8.234335347772339,23.0,gpcc2025
2023-11-01,lit_wpacific,8.99114293821841,24.0,gpcc2025
2023-12-01,lit_wpacific,7.66332536037637,23.0,gpcc2025
2024-01-01,lit_wpacific,11.560049706970302,27.0,gpcc2025
2024-02-01,lit_wpacific,10.651957491512166,26.0,gpcc2025
2024-03-01,lit_wpacific,13.678907472087877,25.0,gpcc2025
2024-04-01,lit_wpacific,8.820954340869104,25.0,gpcc2025
2024-05-01,lit_wpacific,9.478467912292471,25.0,gpcc2025
2024-06-01,lit_wpacific,8.289786654922903,25.0,gpcc2025
2024-07-01,lit_wpacific,9.00153848651733,26.0,gpcc2025
2024-08-01,lit_wpacific,8.292235412014314,23.0,gpcc2025
2024-09-01,lit_wpacific,8.408937487768164,22.0,gpcc2025
2024-10-01,lit_wpacific,7.826076776303443,25.0,gpcc2025
2024-11-01,lit_wpacific,7.713538156968733,24.0,gpcc2025
2024-12-01,lit_wpacific,9.268090451656999,25.0,gpcc2025
2021-01-01,lit_sindia,3.5578872167019067,77.0,gpcc2025
2021-02-01,lit_sindia,0.6336712722498178,80.0,gpcc2025
2021-03-01,lit_sindia,1.0900619419072899,81.0,gpcc2025
2021-04-01,lit_sindia,2.5279779445029664,79.0,gpcc2025
2021-05-01,lit_sindia,6.811741969802245,77.0,gpcc2025
2021-06-01,lit_sindia,5.274204006597554,80.0,gpcc2025
2021-07-01,lit_sindia,8.363451759986415,80.0,gpcc2025
2021-08-01,lit_sindia,4.625310119336876,81.0,gpcc2025
2021-09-01,lit_sindia,5.128190495619696,80.0,gpcc2025
2021-10-01,lit_sindia,8.193047467681014,78.0,gpcc2025
2021-11-01,lit_sindia,11.432917666469004,79.0,gpcc2025
2021-12-01,lit_sindia,1.895733914659435,76.0,gpcc2025
2022-01-01,lit_sindia,0.8664920550393416,79.0,gpcc2025
2022-02-01,lit_sindia,0.9343227659804124,77.0,gpcc2025
2022-03-01,lit_sindia,1.0423164774554698,73.0,gpcc2025
2022-04-01,lit_sindia,3.5749224551828154,76.0,gpcc2025
2022-05-01,lit_sindia,5.750989175893127,79.0,gpcc2025
2022-06-01,lit_sindia,5.364157259534937,78.0,gpcc2025
2022-07-01,lit_sindia,8.659236411976634,79.0,gpcc2025
2022-08-01,lit_sindia,7.833609589657778,81.0,gpcc2025
2022-09-01,lit_sindia,4.216382682083543,80.0,gpcc2025
2022-10-01,lit_sindia,5.483327502125512,79.0,gpcc2025
2022-11-01,lit_sindia,4.382803041751086,80.0,gpcc2025
2022-12-01,lit_sindia,3.752661022829459,80.0,gpcc2025
2023-01-01,lit_sindia,0.7891101167050172,80.0,gpcc2025
2023-02-01,lit_sindia,1.179817328601968,80.0,gpcc2025
2023-03-01,lit_sindia,1.370059030415525,80.0,gpcc2025
2023-04-01,lit_sindia,2.0301697094114903,78.0,gpcc2025
2023-05-01,lit_sindia,3.2224043720979085,79.0,gpcc2025
2023-06-01,lit_sindia,4.106648025739062,79.0,gpcc2025
2023-07-01,lit_sindia,8.322753248703574,80.0,gpcc2025
2023-08-01,lit_sindia,3.1167861592720953,77.0,gpcc2025
2023-09-01,lit_sindia,7.981150988734673,75.0,gpcc2025
2023-10-01,lit_sindia,5.8799374594659195,74.0,gpcc2025
2023-11-01,lit_sindia,7.341937855359553,77.0,gpcc2025
2023-12-01,lit_sindia,4.802050648369475,77.0,gpcc2025
2024-01-01,lit_sindia,2.485356135614301,75.0,gpcc2025
2024-02-01,lit_sindia,0.14146886239675213,78.0,gpcc2025
2024-03-01,lit_sindia,0.29700878620156484,72.0,gpcc2025
2024-04-01,lit_sindia,1.105044057408764,71.0,gpcc2025
2024-05-01,lit_sindia,6.112716117254369,77.0,gpcc2025
2024-06-01,lit_sindia,6.313941014779258,75.0,gpcc2025
2024-07-01,lit_sindia,9.3702501214891,76.0,gpcc2025
2024-08-01,lit_sindia,7.139862865695561,72.0,gpcc2025
2024-09-01,lit_sindia,3.5281004216076957,69.0,gpcc2025
2024-10-01,lit_sindia,7.149829423691645,71.0,gpcc2025
2024-11-01,lit_sindia,4.87084389093529,68.0,gpcc2025
2024-12-01,lit_sindia,3.6415791356633576,64.0,gpcc2025
2021-01-01,lit_cpacific,3.031040343689354,8.0,gpcc2025
2021-02-01,lit_cpacific,4.048246542833763,7.0,gpcc2025
2021-03-01,lit_cpacific,3.9988207577292276,7.0,gpcc2025
2021-04-01,lit_cpacific,4.880503365322725,8.0,gpcc2025
2021-05-01,lit_cpacific,6.135129886018522,8.0,gpcc2025
2021-06-01,lit_cpacific,5.003319734940996,7.0,gpcc2025
2021-07-01,lit_cpacific,5.440381362783228,8.0,gpcc2025
2021-08-01,lit_cpacific,2.9771768219939667,7.0,gpcc2025
2021-09-01,lit_cpacific,3.0174939300913732,7.0,gpcc2025
2021-10-01,lit_cpacific,1.9466026707544481,7.0,gpcc2025
2021-11-01,lit_cpacific,1.9846157484669937,7.0,gpcc2025
2021-12-01,lit_cpacific,3.5088666926064964,6.0,gpcc2025
2022-01-01,lit_cpacific,3.718503221801023,8.0,gpcc2025
2022-02-01,lit_cpacific,4.398586452343206,7.0,gpcc2025
2022-03-01,lit_cpacific,2.8795067342881167,7.0,gpcc2025
2022-04-01,lit_cpacific,2.8457473507290207,8.0,gpcc2025
2022-05-01,lit_cpacific,3.0482157744545053,9.0,gpcc2025
2022-06-01,lit_cpacific,3.204690160153282,9.0,gpcc2025
2022-07-01,lit_cpacific,4.287110357117901,9.0,gpcc2025
2022-08-01,lit_cpacific,2.3629657595207365,8.0,gpcc2025
2022-09-01,lit_cpacific,3.4601504202960576,9.0,gpcc2025
2022-10-01,lit_cpacific,2.4279715173904357,8.0,gpcc2025
2022-11-01,lit_cpacific,1.375821366978052,7.0,gpcc2025
2022-12-01,lit_cpacific,2.733420689107035,7.0,gpcc2025
2023-01-01,lit_cpacific,3.683138927456203,9.0,gpcc2025
2023-02-01,lit_cpacific,3.169415092028698,8.0,gpcc2025
2023-03-01,lit_cpacific,3.879555784108113,9.0,gpcc2025
2023-04-01,lit_cpacific,5.341782044879066,9.0,gpcc2025
2023-05-01,lit_cpacific,9.098944317534311,9.0,gpcc2025
2023-06-01,lit_cpacific,10.70738932050289,9.0,gpcc2025
2023-07-01,lit_cpacific,9.951008515437449,8.0,gpcc2025
2023-08-01,lit_cpacific,5.741514180994265,9.0,gpcc2025
2023-09-01,lit_cpacific,6.946633392184159,9.0,gpcc2025
2023-10-01,lit_cpacific,7.343931031599788,9.0,gpcc2025
2023-11-01,lit_cpacific,8.56488651829184,9.0,gpcc2025
2023-12-01,lit_cpacific,11.10899615694711,8.0,gpcc2025
2024-01-01,lit_cpacific,9.04569821803363,6.0,gpcc2025
2024-02-01,lit_cpacific,6.654216655626657,8.0,gpcc2025
2024-03-01,lit_cpacific,9.352348174754235,7.0,gpcc2025
2024-04-01,lit_cpacific,6.755719984083766,6.0,gpcc2025
2024-05-01,lit_cpacific,4.977739220907303,7.0,gpcc2025
2024-06-01,lit_cpacific,5.071068288670379,7.0,gpcc2025
2024-07-01,lit_cpacific,4.945991295682047,6.0,gpcc2025
2024-08-01,lit_cpacific,2.8567924232830775,7.0,gpcc2025
2024-09-01,lit_cpacific,3.313946984809307,6.0,gpcc2025
2024-10-01,lit_cpacific,1.5388948423740554,7.0,gpcc2025
2024-11-01,lit_cpacific,3.1401359080077516,4.0,gpcc2025
2024-12-01,lit_cpacific,5.3287432443386304,6.0,gpcc2025
2021-01-01,box_hawaii,6.290770093720836,5.0,gpcc2025
2021-02-01,box_hawaii,4.097574791985943,5.0,gpcc2025
2021-03-01,box_hawaii,10.869701332030777,5.0,gpcc2025
2021-04-01,box_hawaii,1.7624875513462663,5.0,gpcc2025
2021-05-01,box_hawaii,1.3154519805948257,5.0,gpcc2025
2021-06-01,box_hawaii,0.7520120056341114,5.0,gpcc2025
2021-07-01,box_hawaii,2.1189278290214317,5.0,gpcc2025
2021-08-01,box_hawaii,1.665519796014463,5.0,gpcc2025
2021-09-01,box_hawaii,2.4479326161942683,5.0,gpcc2025
2021-10-01,box_hawaii,2.07374479440564,5.0,gpcc2025
2021-11-01,box_hawaii,1.0270933462807719,5.0,gpcc2025
2021-12-01,box_hawaii,10.5039416622806,5.0,gpcc2025
2022-01-01,box_hawaii,2.971395676708167,4.0,gpcc2025
2022-02-01,box_hawaii,1.33488387759586,5.0,gpcc2025
2022-03-01,box_hawaii,1.5267031264210469,5.0,gpcc2025
2022-04-01,box_hawaii,3.6353605393495365,5.0,gpcc2025
2022-05-01,box_hawaii,3.4475078368178815,5.0,gpcc2025
2022-06-01,box_hawaii,1.7426987332934536,5.0,gpcc2025
2022-07-01,box_hawaii,1.1887572852813468,5.0,gpcc2025
2022-08-01,box_hawaii,1.3183568951589055,5.0,gpcc2025
2022-09-01,box_hawaii,1.33628471008491,5.0,gpcc2025
2022-10-01,box_hawaii,1.5072459998935952,5.0,gpcc2025
2022-11-01,box_hawaii,3.0991410811217874,5.0,gpcc2025
2022-12-01,box_hawaii,3.204803875781606,5.0,gpcc2025
2023-01-01,box_hawaii,2.474303103700905,5.0,gpcc2025
2023-02-01,box_hawaii,12.923509447151305,5.0,gpcc2025
2023-03-01,box_hawaii,2.979377637109878,5.0,gpcc2025
2023-04-01,box_hawaii,3.1182563265991514,5.0,gpcc2025
2023-05-01,box_hawaii,1.851197602141364,5.0,gpcc2025
2023-06-01,box_hawaii,1.1657135978163524,5.0,gpcc2025
2023-07-01,box_hawaii,1.2646154805681817,5.0,gpcc2025
2023-08-01,box_hawaii,1.118551860219432,5.0,gpcc2025
2023-09-01,box_hawaii,1.3113387518386914,5.0,gpcc2025
2023-10-01,box_hawaii,0.699230476945375,5.0,gpcc2025
2023-11-01,box_hawaii,2.686680706541447,5.0,gpcc2025
2023-12-01,box_hawaii,2.2979673114385695,5.0,gpcc2025
2024-01-01,box_hawaii,2.9363043057637115,4.0,gpcc2025
2024-02-01,box_hawaii,1.462140176675429,5.0,gpcc2025
2024-03-01,box_hawaii,3.7765956542719445,5.0,gpcc2025
2024-04-01,box_hawaii,5.405209969366633,5.0,gpcc2025
2024-05-01,box_hawaii,4.1543790223424475,5.0,gpcc2025
2024-06-01,box_hawaii,0.9872415319977733,5.0,gpcc2025
2024-07-01,box_hawaii,1.1160138618360749,4.0,gpcc2025
2024-08-01,box_hawaii,2.830576777966732,5.0,gpcc2025
2024-09-01,box_hawaii,1.4974538267420074,5.0,gpcc2025
2024-10-01,box_hawaii,1.7506751634639472,5.0,gpcc2025
2024-11-01,box_hawaii,2.362482127966214,5.0,gpcc2025
2024-12-01,box_hawaii,1.103717638606319,5.0,gpcc2025
