time,region,value,ngauges,dataset
1951-01-01,cl_altiplano,3.73588611231414,33.0,gpcc2025
1951-02-01,cl_altiplano,3.8541527606860515,33.0,gpcc2025
1951-03-01,cl_altiplano,2.4115294773522615,33.0,gpcc2025
1951-04-01,cl_altiplano,0.49963268246917014,31.0,gpcc2025
1951-05-01,cl_altiplano,0.3914097180165195,27.0,gpcc2025
1951-06-01,cl_altiplano,0.7515149149916082,29.0,gpcc2025
1951-07-01,cl_altiplano,0.17765268989197386,27.0,gpcc2025
1951-08-01,cl_altiplano,1.1330272417275677,33.0,gpcc2025
1951-09-01,cl_altiplano,0.6542475628908822,33.0,gpcc2025
1951-10-01,cl_altiplano,1.2066983780431737,33.0,gpcc2025
1951-11-01,cl_altiplano,1.4159945189213146,33.0,gpcc2025
1951-12-01,cl_altiplano,2.360013751692414,34.0,gpcc2025
1952-01-01,cl_altiplano,3.8922581382374717,29.0,gpcc2025
1952-02-01,cl_altiplano,3.348183560436118,34.0,gpcc2025
1952-03-01,cl_altiplano,1.3173414430810506,30.0,gpcc2025
1952-04-01,cl_altiplano,0.9452897736770491,28.0,gpcc2025
1952-05-01,cl_altiplano,0.18411307240285188,29.0,gpcc2025
1952-06-01,cl_altiplano,0.6416202604079105,30.0,gpcc2025
1952-07-01,cl_altiplano,0.3305075280307711,26.0,gpcc2025
1952-08-01,cl_altiplano,0.5107932745831809,28.0,gpcc2025
1952-09-01,cl_altiplano,1.1274768534511748,34.0,gpcc2025
1952-10-01,cl_altiplano,0.7243054779375941,28.0,gpcc2025
1952-11-01,cl_altiplano,1.2361277565267852,31.0,gpcc2025
1952-12-01,cl_altiplano,2.1159901581235236,34.0,gpcc2025
1953-01-01,cl_altiplano,3.65631310491892,36.0,gpcc2025
1953-02-01,cl_altiplano,3.6821195030791047,35.0,gpcc2025
1953-03-01,cl_altiplano,2.4748143629302652,36.0,gpcc2025
1953-04-01,cl_altiplano,0.6592259045721411,35.0,gpcc2025
1953-05-01,cl_altiplano,0.7584368768167807,36.0,gpcc2025
1953-06-01,cl_altiplano,0.4742841944047278,36.0,gpcc2025
1953-07-01,cl_altiplano,0.1240072991483526,35.0,gpcc2025
1953-08-01,cl_altiplano,0.32553149019479477,36.0,gpcc2025
1953-09-01,cl_altiplano,0.7743388910799054,36.0,gpcc2025
1953-10-01,cl_altiplano,1.3935281513162274,35.0,gpcc2025
1953-11-01,cl_altiplano,2.0240309953105466,35.0,gpcc2025
1953-12-01,cl_altiplano,2.757054726966775,35.0,gpcc2025
1954-01-01,cl_altiplano,3.0690398540601684,22.0,gpcc2025
1954-02-01,cl_altiplano,4.527927321534489,23.0,gpcc2025
1954-03-01,cl_altiplano,2.7877942428569162,23.0,gpcc2025
1954-04-01,cl_altiplano,1.1278572248441823,23.0,gpcc2025
1954-05-01,cl_altiplano,0.8675504128964886,22.0,gpcc2025
1954-06-01,cl_altiplano,0.4446493831146638,22.0,gpcc2025
1954-07-01,cl_altiplano,0.3168886404035188,23.0,gpcc2025
1954-08-01,cl_altiplano,0.23288251740991844,23.0,gpcc2025
1954-09-01,cl_altiplano,0.9739487840280806,23.0,gpcc2025
1954-10-01,cl_altiplano,1.1213559006887108,22.0,gpcc2025
1954-11-01,cl_altiplano,2.2974237424558765,21.0,gpcc2025
1954-12-01,cl_altiplano,1.3201894225544324,23.0,gpcc2025
1955-01-01,cl_altiplano,3.248569124057726,33.0,gpcc2025
1955-02-01,cl_altiplano,3.5899144659380204,34.0,gpcc2025
1955-03-01,cl_altiplano,4.3196335454014285,34.0,gpcc2025
1955-04-01,cl_altiplano,0.8525586700461959,34.0,gpcc2025
1955-05-01,cl_altiplano,0.8841174700584424,34.0,gpcc2025
1955-06-01,cl_altiplano,0.23008760690298208,34.0,gpcc2025
1955-07-01,cl_altiplano,0.5650686075087885,33.0,gpcc2025
1955-08-01,cl_altiplano,0.23519407604498077,34.0,gpcc2025
1955-09-01,cl_altiplano,0.7902096654533852,34.0,gpcc2025
1955-10-01,cl_altiplano,1.0137746883046512,34.0,gpcc2025
1955-11-01,cl_altiplano,0.9282538792804318,34.0,gpcc2025
1955-12-01,cl_altiplano,2.7306041200391786,32.0,gpcc2025
1951-01-01,cl_atacama,0.08557065812626545,11.0,gpcc2025
1951-02-01,cl_atacama,0.18812050115034087,11.0,gpcc2025
1951-03-01,cl_atacama,0.07291714134298906,11.0,gpcc2025
1951-04-01,cl_atacama,0.011073016622596712,11.0,gpcc2025
1951-05-01,cl_atacama,0.025419925963601642,11.0,gpcc2025
1951-06-01,cl_atacama,0.018326821480759183,11.0,gpcc2025
1951-07-01,cl_atacama,0.046829427143389314,11.0,gpcc2025
1951-08-01,cl_atacama,0.049979643633520664,11.0,gpcc2025
1951-09-01,cl_atacama,0.021526077540544187,11.0,gpcc2025
1951-10-01,cl_atacama,0.020803691006470733,11.0,gpcc2025
1951-11-01,cl_atacama,0.025307624144347847,11.0,gpcc2025
1951-12-01,cl_atacama,0.022293156011877865,11.0,gpcc2025
1952-01-01,cl_atacama,0.15290979840337066,12.0,gpcc2025
1952-02-01,cl_atacama,0.14392701625452287,12.0,gpcc2025
1952-03-01,cl_atacama,0.0689891351475892,12.0,gpcc2025
1952-04-01,cl_atacama,0.004444908995727492,12.0,gpcc2025
1952-05-01,cl_atacama,0.1891166936546678,11.0,gpcc2025
1952-06-01,cl_atacama,0.3000637931362982,11.0,gpcc2025
1952-07-01,cl_atacama,0.18980368627179325,11.0,gpcc2025
1952-08-01,cl_atacama,0.03542902689878312,11.0,gpcc2025
1952-09-01,cl_atacama,0.1279247778306376,11.0,gpcc2025
1952-10-01,cl_atacama,0.002934765860916627,11.0,gpcc2025
1952-11-01,cl_atacama,0.006314886232776474,11.0,gpcc2025
1952-12-01,cl_atacama,0.018391549238790297,11.0,gpcc2025
1953-01-01,cl_atacama,0.12932579017337,11.0,gpcc2025
1953-02-01,cl_atacama,0.25342600528770787,11.0,gpcc2025
1953-03-01,cl_atacama,0.10684481540122909,11.0,gpcc2025
1953-04-01,cl_atacama,0.017087402804951128,11.0,gpcc2025
1953-05-01,cl_atacama,0.02237829746770439,11.0,gpcc2025
1953-06-01,cl_atacama,0.6967387083297116,11.0,gpcc2025
1953-07-01,cl_atacama,0.03799660872733624,11.0,gpcc2025
1953-08-01,cl_atacama,0.23853949187176218,11.0,gpcc2025
1953-09-01,cl_atacama,0.027670579255536166,11.0,gpcc2025
1953-10-01,cl_atacama,0.042778976189503916,11.0,gpcc2025
1953-11-01,cl_atacama,0.019104296942377422,11.0,gpcc2025
1953-12-01,cl_atacama,0.044306327311204124,11.0,gpcc2025
1954-01-01,cl_atacama,0.12055514294168404,11.0,gpcc2025
1954-02-01,cl_atacama,0.31352730972524306,11.0,gpcc2025
1954-03-01,cl_atacama,0.08546772427725655,11.0,gpcc2025
1954-04-01,cl_atacama,0.05897677661133302,11.0,gpcc2025
1954-05-01,cl_atacama,0.053213917267872314,11.0,gpcc2025
1954-06-01,cl_atacama,0.4162623589976879,11.0,gpcc2025
1954-07-01,cl_atacama,0.18684854443971716,11.0,gpcc2025
1954-08-01,cl_atacama,0.011092230587736686,11.0,gpcc2025
1954-09-01,cl_atacama,0.03065138971355121,11.0,gpcc2025
1954-10-01,cl_atacama,0.002603730354435383,11.0,gpcc2025
1954-11-01,cl_atacama,0.03737934023017904,11.0,gpcc2025
1954-12-01,cl_atacama,0.020933862166123505,11.0,gpcc2025
1955-01-01,cl_atacama,0.15583793741985372,11.0,gpcc2025
1955-02-01,cl_atacama,0.21997859407996775,11.0,gpcc2025
1955-03-01,cl_atacama,0.219222978002515,12.0,gpcc2025
1955-04-01,cl_atacama,0.007249253978501238,12.0,gpcc2025
1955-05-01,cl_atacama,0.0976655715859198,12.0,gpcc2025
1955-06-01,cl_atacama,0.010482758613130265,12.0,gpcc2025
1955-07-01,cl_atacama,0.12209466190452367,12.0,gpcc2025
1955-08-01,cl_atacama,0.026382199066015816,12.0,gpcc2025
1955-09-01,cl_atacama,0.053084456495271756,12.0,gpcc2025
1955-10-01,cl_atacama,0.023921424981269736,12.0,gpcc2025
1955-11-01,cl_atacama,0.007074284621756846,12.0,gpcc2025
1955-12-01,cl_atacama,0.09901312424131324,12.0,gpcc2025
1951-01-01,cl_central,1.3544813407001721,61.0,gpcc2025
1951-02-01,cl_central,0.7237961904521042,61.0,gpcc2025
1951-03-01,cl_central,0.4548189078187373,60.0,gpcc2025
1951-04-01,cl_central,0.613367079894369,61.0,gpcc2025
1951-05-01,cl_central,7.782835667633258,61.0,gpcc2025
1951-06-01,cl_central,8.826858817948857,62.0,gpcc2025
1951-07-01,cl_central,7.344739855702044,62.0,gpcc2025
1951-08-01,cl_central,1.764585496009633,61.0,gpcc2025
1951-09-01,cl_central,2.7972998681170265,61.0,gpcc2025
1951-10-01,cl_central,0.8446798149824554,61.0,gpcc2025
1951-11-01,cl_central,1.6961661637975447,62.0,gpcc2025
1951-12-01,cl_central,0.46179863762058276,60.0,gpcc2025
1952-01-01,cl_central,0.08543033290325368,59.0,gpcc2025
1952-02-01,cl_central,0.47478472976048647,60.0,gpcc2025
1952-03-01,cl_central,1.9155079069201137,60.0,gpcc2025
1952-04-01,cl_central,0.36544620388649807,60.0,gpcc2025
1952-05-01,cl_central,4.765956668962912,61.0,gpcc2025
1952-06-01,cl_central,4.590854264404868,62.0,gpcc2025
1952-07-01,cl_central,3.6846111645978175,62.0,gpcc2025
1952-08-01,cl_central,1.7325360033286212,62.0,gpcc2025
1952-09-01,cl_central,1.534005140258451,62.0,gpcc2025
1952-10-01,cl_central,1.6565108617111264,62.0,gpcc2025
1952-11-01,cl_central,0.553913278816971,61.0,gpcc2025
1952-12-01,cl_central,0.10641692782155798,61.0,gpcc2025
1953-01-01,cl_central,1.8334332723422102,61.0,gpcc2025
1953-02-01,cl_central,0.3586507303599146,60.0,gpcc2025
1953-03-01,cl_central,0.6439945270898864,61.0,gpcc2025
1953-04-01,cl_central,1.610381532911324,61.0,gpcc2025
1953-05-01,cl_central,8.123315317127693,60.0,gpcc2025
1953-06-01,cl_central,3.082098480275342,61.0,gpcc2025
1953-07-01,cl_central,6.067087797491333,61.0,gpcc2025
1953-08-01,cl_central,7.93911938265523,61.0,gpcc2025
1953-09-01,cl_central,6.825058778301212,61.0,gpcc2025
1953-10-01,cl_central,1.0532466774879974,60.0,gpcc2025
1953-11-01,cl_central,0.3094473436068725,60.0,gpcc2025
1953-12-01,cl_central,0.5674481243869031,60.0,gpcc2025
1954-01-01,cl_central,0.11954772706477339,59.0,gpcc2025
1954-02-01,cl_central,0.5787087764869752,61.0,gpcc2025
1954-03-01,cl_central,0.07262520153572853,61.0,gpcc2025
1954-04-01,cl_central,2.762070913260148,61.0,gpcc2025
1954-05-01,cl_central,4.366073615025961,61.0,gpcc2025
1954-06-01,cl_central,6.586269605440211,61.0,gpcc2025
1954-07-01,cl_central,7.035288125353035,61.0,gpcc2025
1954-08-01,cl_central,3.7316118538715224,61.0,gpcc2025
1954-09-01,cl_central,1.6300560878172594,61.0,gpcc2025
1954-10-01,cl_central,1.0133171786385398,61.0,gpcc2025
1954-11-01,cl_central,0.4037249435888835,60.0,gpcc2025
1954-12-01,cl_central,1.0658032875021004,61.0,gpcc2025
1955-01-01,cl_central,0.3661935765541366,60.0,gpcc2025
1955-02-01,cl_central,0.9593130246527457,60.0,gpcc2025
1955-03-01,cl_central,0.28164826179193336,60.0,gpcc2025
1955-04-01,cl_central,1.920681733849878,60.0,gpcc2025
1955-05-01,cl_central,2.2611315204094984,61.0,gpcc2025
1955-06-01,cl_central,6.353424940553124,61.0,gpcc2025
1955-07-01,cl_central,1.885771278827578,61.0,gpcc2025
1955-08-01,cl_central,3.2474877260695934,61.0,gpcc2025
1955-09-01,cl_central,1.0184416676010566,61.0,gpcc2025
1955-10-01,cl_central,0.6558461411133727,60.0,gpcc2025
1955-11-01,cl_central,0.4917244195851324,61.0,gpcc2025
1955-12-01,cl_central,1.7932619431007695,61.0,gpcc2025
1951-01-01,cl_south,3.2204481819339024,15.0,gpcc2025
1951-02-01,cl_south,1.8331059751974852,15.0,gpcc2025
1951-03-01,cl_south,3.5653995667164526,15.0,gpcc2025
1951-04-01,cl_south,2.9273317840204043,15.0,gpcc2025
1951-05-01,cl_south,8.711426424145053,15.0,gpcc2025
1951-06-01,cl_south,5.839249805940596,15.0,gpcc2025
1951-07-01,cl_south,4.434128826697032,15.0,gpcc2025
1951-08-01,cl_south,7.01136923843021,15.0,gpcc2025
1951-09-01,cl_south,4.230409093818932,15.0,gpcc2025
1951-10-01,cl_south,3.5486118471065033,15.0,gpcc2025
1951-11-01,cl_south,5.016312000671724,15.0,gpcc2025
1951-12-01,cl_south,1.938527634217222,15.0,gpcc2025
1952-01-01,cl_south,2.741368572635394,15.0,gpcc2025
1952-02-01,cl_south,2.2686911462851502,15.0,gpcc2025
1952-03-01,cl_south,5.641504643232647,15.0,gpcc2025
1952-04-01,cl_south,3.0266235776895427,15.0,gpcc2025
1952-05-01,cl_south,6.002176496046855,15.0,gpcc2025
1952-06-01,cl_south,2.295775477413255,15.0,gpcc2025
1952-07-01,cl_south,4.949786194967391,15.0,gpcc2025
1952-08-01,cl_south,4.102852905809509,14.0,gpcc2025
1952-09-01,cl_south,4.258820670554366,15.0,gpcc2025
1952-10-01,cl_south,2.7796749550569895,15.0,gpcc2025
1952-11-01,cl_south,3.391974860869728,14.0,gpcc2025
1952-12-01,cl_south,1.0589805555380212,15.0,gpcc2025
1953-01-01,cl_south,5.411897071849624,14.0,gpcc2025
1953-02-01,cl_south,5.038198557559308,15.0,gpcc2025
1953-03-01,cl_south,7.156379419347704,14.0,gpcc2025
1953-04-01,cl_south,3.3180876756439073,14.0,gpcc2025
1953-05-01,cl_south,9.724296873932522,15.0,gpcc2025
1953-06-01,cl_south,7.988658635230536,15.0,gpcc2025
1953-07-01,cl_south,6.999351407277187,15.0,gpcc2025
1953-08-01,cl_south,8.438273685869136,15.0,gpcc2025
1953-09-01,cl_south,7.544050053420161,14.0,gpcc2025
1953-10-01,cl_south,6.1567041345863025,14.0,gpcc2025
1953-11-01,cl_south,5.358146173158223,14.0,gpcc2025
1953-12-01,cl_south,2.7631741000111174,14.0,gpcc2025
1954-01-01,cl_south,1.9776130628303088,15.0,gpcc2025
1954-02-01,cl_south,2.648041293699849,15.0,gpcc2025
1954-03-01,cl_south,2.7017940112976926,15.0,gpcc2025
1954-04-01,cl_south,3.3842626961644333,15.0,gpcc2025
1954-05-01,cl_south,4.048971956142706,15.0,gpcc2025
1954-06-01,cl_south,3.514316311714237,15.0,gpcc2025
1954-07-01,cl_south,7.484734144827321,14.0,gpcc2025
1954-08-01,cl_south,6.975616488076357,14.0,gpcc2025
1954-09-01,cl_south,4.898517659760262,14.0,gpcc2025
1954-10-01,cl_south,3.633530125761475,14.0,gpcc2025
1954-11-01,cl_south,2.72076033372213,14.0,gpcc2025
1954-12-01,cl_south,3.383429401900639,14.0,gpcc2025
1955-01-01,cl_south,2.681564327611149,15.0,gpcc2025
1955-02-01,cl_south,3.4593696410537675,15.0,gpcc2025
1955-03-01,cl_south,2.3874033101964396,15.0,gpcc2025
1955-04-01,cl_south,6.661035182027591,15.0,gpcc2025
1955-05-01,cl_south,3.025094792382289,15.0,gpcc2025
1955-06-01,cl_south,6.055537029834953,15.0,gpcc2025
1955-07-01,cl_south,4.89219688937223,15.0,gpcc2025
1955-08-01,cl_south,5.1139218530163575,15.0,gpcc2025
1955-09-01,cl_south,2.9402216354851176,14.0,gpcc2025
1955-10-01,cl_south,2.918113520959113,15.0,gpcc2025
1955-11-01,cl_south,3.465629567012857,15.0,gpcc2025
1955-12-01,cl_south,7.438302568491773,15.0,gpcc2025
1956-01-01,cl_altiplano,3.6875048707647937,35.0,gpcc2025
1956-02-01,cl_altiplano,3.255788780587687,35.0,gpcc2025
1956-03-01,cl_altiplano,1.1807372917835655,39.0,gpcc2025
1956-04-01,cl_altiplano,0.547793809863731,43.0,gpcc2025
1956-05-01,cl_altiplano,0.2947136190047395,44.0,gpcc2025
1956-06-01,cl_altiplano,0.4135722940036322,43.0,gpcc2025
1956-07-01,cl_altiplano,0.37353082249026576,44.0,gpcc2025
1956-08-01,cl_altiplano,0.4264539175575624,43.0,gpcc2025
1956-09-01,cl_altiplano,0.7663664633370902,42.0,gpcc2025
1956-10-01,cl_altiplano,0.8112079787911103,42.0,gpcc2025
1956-11-01,cl_altiplano,1.2436155668788642,42.0,gpcc2025
1956-12-01,cl_altiplano,2.2604425372620316,39.0,gpcc2025
1957-01-01,cl_altiplano,2.854451531385029,43.0,gpcc2025
1957-02-01,cl_altiplano,3.010692636506543,44.0,gpcc2025
1957-03-01,cl_altiplano,1.9591146978959708,44.0,gpcc2025
1957-04-01,cl_altiplano,1.2766411809266336,44.0,gpcc2025
1957-05-01,cl_altiplano,0.6769477684764461,44.0,gpcc2025
1957-06-01,cl_altiplano,0.880572237182356,40.0,gpcc2025
1957-07-01,cl_altiplano,0.5089994786859385,44.0,gpcc2025
1957-08-01,cl_altiplano,0.6668215084106242,44.0,gpcc2025
1957-09-01,cl_altiplano,0.7276961934652706,44.0,gpcc2025
1957-10-01,cl_altiplano,1.2494004028551726,46.0,gpcc2025
1957-11-01,cl_altiplano,1.5653306017056905,46.0,gpcc2025
1957-12-01,cl_altiplano,2.4424544173095923,43.0,gpcc2025
1958-01-01,cl_altiplano,3.4747779953660674,47.0,gpcc2025
1958-02-01,cl_altiplano,2.5761101493992338,47.0,gpcc2025
1958-03-01,cl_altiplano,2.2575269943630025,46.0,gpcc2025
1958-04-01,cl_altiplano,1.2649336312973498,46.0,gpcc2025
1958-05-01,cl_altiplano,0.8165695027745293,45.0,gpcc2025
1958-06-01,cl_altiplano,0.1858441937756062,47.0,gpcc2025
1958-07-01,cl_altiplano,0.5870397370558361,45.0,gpcc2025
1958-08-01,cl_altiplano,0.34242702431394917,46.0,gpcc2025
1958-09-01,cl_altiplano,0.6470334341326411,46.0,gpcc2025
1958-10-01,cl_altiplano,1.4365525733454374,45.0,gpcc2025
1958-11-01,cl_altiplano,1.523200605524303,47.0,gpcc2025
1958-12-01,cl_altiplano,2.1757394511843144,44.0,gpcc2025
1959-01-01,cl_altiplano,3.135996022541859,50.0,gpcc2025
1959-02-01,cl_altiplano,2.669110583583287,50.0,gpcc2025
1959-03-01,cl_altiplano,2.6723876148844794,50.0,gpcc2025
1959-04-01,cl_altiplano,1.3491243693308548,48.0,gpcc2025
1959-05-01,cl_altiplano,0.5199027381201294,49.0,gpcc2025
1959-06-01,cl_altiplano,0.38536736612438927,49.0,gpcc2025
1959-07-01,cl_altiplano,0.36278457623056326,51.0,gpcc2025
1959-08-01,cl_altiplano,0.39278009819471466,51.0,gpcc2025
1959-09-01,cl_altiplano,0.617921356044041,48.0,gpcc2025
1959-10-01,cl_altiplano,0.9535193510939569,49.0,gpcc2025
1959-11-01,cl_altiplano,1.4336633742293787,49.0,gpcc2025
1959-12-01,cl_altiplano,2.8029834335706343,47.0,gpcc2025
1960-01-01,cl_altiplano,3.6770371757297666,51.0,gpcc2025
1960-02-01,cl_altiplano,2.657734759641385,52.0,gpcc2025
1960-03-01,cl_altiplano,1.512646458121243,53.0,gpcc2025
1960-04-01,cl_altiplano,1.053420664183241,52.0,gpcc2025
1960-05-01,cl_altiplano,0.4272830116980207,50.0,gpcc2025
1960-06-01,cl_altiplano,0.27008859696267373,52.0,gpcc2025
1960-07-01,cl_altiplano,0.25376997618573943,53.0,gpcc2025
1960-08-01,cl_altiplano,0.7133069393639195,52.0,gpcc2025
1960-09-01,cl_altiplano,1.1061403846213305,51.0,gpcc2025
1960-10-01,cl_altiplano,1.2206484633229704,50.0,gpcc2025
1960-11-01,cl_altiplano,1.9579898583641586,50.0,gpcc2025
1960-12-01,cl_altiplano,1.8170795722568658,51.0,gpcc2025
1956-01-01,cl_atacama,0.12087160657967295,12.0,gpcc2025
1956-02-01,cl_atacama,0.18482385697253492,12.0,gpcc2025
1956-03-01,cl_atacama,0.06323260025967684,12.0,gpcc2025
1956-04-01,cl_atacama,0.004930256336843262,12.0,gpcc2025
1956-05-01,cl_atacama,0.005242383528355992,12.0,gpcc2025
1956-06-01,cl_atacama,0.01722344139695495,12.0,gpcc2025
1956-07-01,cl_atacama,0.08716203365599816,12.0,gpcc2025
1956-08-01,cl_atacama,0.026766199319792707,12.0,gpcc2025
1956-09-01,cl_atacama,0.08518592670518817,12.0,gpcc2025
1956-10-01,cl_atacama,0.004894464054019294,12.0,gpcc2025
1956-11-01,cl_atacama,0.010723196833471983,12.0,gpcc2025
1956-12-01,cl_atacama,0.035990323272191885,11.0,gpcc2025
1957-01-01,cl_atacama,0.12153337206888702,12.0,gpcc2025
1957-02-01,cl_atacama,0.1556376734361601,12.0,gpcc2025
1957-03-01,cl_atacama,0.08568786997441123,12.0,gpcc2025
1957-04-01,cl_atacama,0.009792778525005418,12.0,gpcc2025
1957-05-01,cl_atacama,0.3351985736923613,12.0,gpcc2025
1957-06-01,cl_atacama,0.17593626293287104,12.0,gpcc2025
1957-07-01,cl_atacama,0.21524153764030096,12.0,gpcc2025
1957-08-01,cl_atacama,0.05191868515568066,12.0,gpcc2025
1957-09-01,cl_atacama,0.0560310995704124,12.0,gpcc2025
1957-10-01,cl_atacama,0.013856667237795927,12.0,gpcc2025
1957-11-01,cl_atacama,0.007049534162087103,12.0,gpcc2025
1957-12-01,cl_atacama,0.08766377853833024,12.0,gpcc2025
1958-01-01,cl_atacama,0.135953062403108,12.0,gpcc2025
1958-02-01,cl_atacama,0.14678435525246217,12.0,gpcc2025
1958-03-01,cl_atacama,0.08764584340091239,11.0,gpcc2025
1958-04-01,cl_atacama,0.004953303865060658,11.0,gpcc2025
1958-05-01,cl_atacama,0.03369188697721562,11.0,gpcc2025
1958-06-01,cl_atacama,0.06543703936233983,11.0,gpcc2025
1958-07-01,cl_atacama,0.12497098525629957,11.0,gpcc2025
1958-08-01,cl_atacama,0.05955210463349831,11.0,gpcc2025
1958-09-01,cl_atacama,0.06106490454094147,11.0,gpcc2025
1958-10-01,cl_atacama,0.014558876220663475,11.0,gpcc2025
1958-11-01,cl_atacama,0.008263996713901491,11.0,gpcc2025
1958-12-01,cl_atacama,0.02316597923562176,11.0,gpcc2025
1959-01-01,cl_atacama,0.09236654705881081,11.0,gpcc2025
1959-02-01,cl_atacama,0.13687203950216975,11.0,gpcc2025
1959-03-01,cl_atacama,0.06712597275023538,11.0,gpcc2025
1959-04-01,cl_atacama,0.12949908119789774,12.0,gpcc2025
1959-05-01,cl_atacama,0.01194719146475444,11.0,gpcc2025
1959-06-01,cl_atacama,0.08812108095773488,11.0,gpcc2025
1959-07-01,cl_atacama,0.05055885235988206,11.0,gpcc2025
1959-08-01,cl_atacama,0.11086735931022228,11.0,gpcc2025
1959-09-01,cl_atacama,0.03419304849422081,11.0,gpcc2025
1959-10-01,cl_atacama,0.010195887517845222,11.0,gpcc2025
1959-11-01,cl_atacama,0.006843400694366194,11.0,gpcc2025
1959-12-01,cl_atacama,0.08226927182882439,11.0,gpcc2025
1960-01-01,cl_atacama,0.15244688082293287,12.0,gpcc2025
1960-02-01,cl_atacama,0.1096171348406908,12.0,gpcc2025
1960-03-01,cl_atacama,0.03439065662931531,12.0,gpcc2025
1960-04-01,cl_atacama,0.008063833096635544,12.0,gpcc2025
1960-05-01,cl_atacama,0.004522394001128045,12.0,gpcc2025
1960-06-01,cl_atacama,0.0476107846059697,12.0,gpcc2025
1960-07-01,cl_atacama,0.06520193944049574,12.0,gpcc2025
1960-08-01,cl_atacama,0.021965947948631565,12.0,gpcc2025
1960-09-01,cl_atacama,0.04120217378676593,12.0,gpcc2025
1960-10-01,cl_atacama,0.015218905165462135,12.0,gpcc2025
1960-11-01,cl_atacama,0.009591741585863678,12.0,gpcc2025
1960-12-01,cl_atacama,0.012971764739416091,12.0,gpcc2025
1956-01-01,cl_central,2.009435785362282,61.0,gpcc2025
1956-02-01,cl_central,0.30123282507628385,60.0,gpcc2025
1956-03-01,cl_central,2.910915487318281,61.0,gpcc2025
1956-04-01,cl_central,3.0183670889387306,61.0,gpcc2025
1956-05-01,cl_central,3.219186428763054,61.0,gpcc2025
1956-06-01,cl_central,2.1290372543652745,61.0,gpcc2025
1956-07-01,cl_central,5.310219019383811,61.0,gpcc2025
1956-08-01,cl_central,2.4638158088231297,61.0,gpcc2025
1956-09-01,cl_central,1.6754979853614402,61.0,gpcc2025
1956-10-01,cl_central,1.2114583102942313,61.0,gpcc2025
1956-11-01,cl_central,0.442657508366971,61.0,gpcc2025
1956-12-01,cl_central,0.1750383375513576,60.0,gpcc2025
1957-01-01,cl_central,0.44291194118259464,60.0,gpcc2025
1957-02-01,cl_central,0.0763464559172021,58.0,gpcc2025
1957-03-01,cl_central,0.14815791439978906,58.0,gpcc2025
1957-04-01,cl_central,0.801677492295905,60.0,gpcc2025
1957-05-01,cl_central,7.153968452994579,61.0,gpcc2025
1957-06-01,cl_central,2.468432854121446,61.0,gpcc2025
1957-07-01,cl_central,5.568542289369551,61.0,gpcc2025
1957-08-01,cl_central,4.670085528190909,61.0,gpcc2025
1957-09-01,cl_central,1.571123037110482,60.0,gpcc2025
1957-10-01,cl_central,1.153951947814969,60.0,gpcc2025
1957-11-01,cl_central,0.6747038418718707,60.0,gpcc2025
1957-12-01,cl_central,1.4226239316448313,60.0,gpcc2025
1958-01-01,cl_central,0.29023569251579984,60.0,gpcc2025
1958-02-01,cl_central,0.29119538939697115,60.0,gpcc2025
1958-03-01,cl_central,0.26175970163524664,59.0,gpcc2025
1958-04-01,cl_central,1.7148180168411495,62.0,gpcc2025
1958-05-01,cl_central,6.665863078045745,61.0,gpcc2025
1958-06-01,cl_central,6.684769665826197,61.0,gpcc2025
1958-07-01,cl_central,3.6358102692368366,62.0,gpcc2025
1958-08-01,cl_central,4.186842922415883,62.0,gpcc2025
1958-09-01,cl_central,2.4996184213686248,61.0,gpcc2025
1958-10-01,cl_central,0.5685339902812118,61.0,gpcc2025
1958-11-01,cl_central,1.9731169270525826,61.0,gpcc2025
1958-12-01,cl_central,0.12484415026891042,59.0,gpcc2025
1959-01-01,cl_central,1.5562141322288014,62.0,gpcc2025
1959-02-01,cl_central,0.20743031855875466,60.0,gpcc2025
1959-03-01,cl_central,1.377829111116618,62.0,gpcc2025
1959-04-01,cl_central,5.701664764897152,62.0,gpcc2025
1959-05-01,cl_central,3.4823203663125457,62.0,gpcc2025
1959-06-01,cl_central,4.206987733695751,62.0,gpcc2025
1959-07-01,cl_central,5.98351445462433,62.0,gpcc2025
1959-08-01,cl_central,2.6639667023083082,61.0,gpcc2025
1959-09-01,cl_central,2.7985305932232394,61.0,gpcc2025
1959-10-01,cl_central,2.439989196348311,61.0,gpcc2025
1959-11-01,cl_central,0.22447419488923942,61.0,gpcc2025
1959-12-01,cl_central,0.10122635719302493,61.0,gpcc2025
1960-01-01,cl_central,0.9914639372508224,62.0,gpcc2025
1960-02-01,cl_central,0.13883930066687594,61.0,gpcc2025
1960-03-01,cl_central,0.9199272086968763,62.0,gpcc2025
1960-04-01,cl_central,1.0544592665624595,63.0,gpcc2025
1960-05-01,cl_central,2.3242267911419265,63.0,gpcc2025
1960-06-01,cl_central,7.192730444913079,63.0,gpcc2025
1960-07-01,cl_central,4.7278991750220225,63.0,gpcc2025
1960-08-01,cl_central,1.8526981750878444,63.0,gpcc2025
1960-09-01,cl_central,1.4294447776912567,63.0,gpcc2025
1960-10-01,cl_central,2.3319859529004043,63.0,gpcc2025
1960-11-01,cl_central,0.40123848122091504,62.0,gpcc2025
1960-12-01,cl_central,0.33387974350316596,62.0,gpcc2025
1956-01-01,cl_south,3.4424485045047772,15.0,gpcc2025
1956-02-01,cl_south,3.1427247203399404,15.0,gpcc2025
1956-03-01,cl_south,4.782621000955868,15.0,gpcc2025
1956-04-01,cl_south,4.313508781583119,15.0,gpcc2025
1956-05-01,cl_south,4.6579761971934355,14.0,gpcc2025
1956-06-01,cl_south,7.635151761599251,15.0,gpcc2025
1956-07-01,cl_south,5.80224679574067,15.0,gpcc2025
1956-08-01,cl_south,5.75669217861236,15.0,gpcc2025
1956-09-01,cl_south,4.681188349132282,15.0,gpcc2025
1956-10-01,cl_south,2.447582187313529,14.0,gpcc2025
1956-11-01,cl_south,1.9173935540667175,15.0,gpcc2025
1956-12-01,cl_south,1.7994323348285166,15.0,gpcc2025
1957-01-01,cl_south,4.321277982556271,15.0,gpcc2025
1957-02-01,cl_south,2.3992617143171286,15.0,gpcc2025
1957-03-01,cl_south,5.120388561571905,15.0,gpcc2025
1957-04-01,cl_south,1.7456670075509424,15.0,gpcc2025
1957-05-01,cl_south,7.478215975678408,15.0,gpcc2025
1957-06-01,cl_south,4.297448065124611,15.0,gpcc2025
1957-07-01,cl_south,6.78867001030987,15.0,gpcc2025
1957-08-01,cl_south,8.219378887253475,15.0,gpcc2025
1957-09-01,cl_south,4.078141247439768,15.0,gpcc2025
1957-10-01,cl_south,3.3191652055568945,15.0,gpcc2025
1957-11-01,cl_south,3.3471162397260654,15.0,gpcc2025
1957-12-01,cl_south,4.651925650571185,15.0,gpcc2025
1958-01-01,cl_south,4.076406100670076,18.0,gpcc2025
1958-02-01,cl_south,2.3176325779831184,16.0,gpcc2025
1958-03-01,cl_south,1.5749397836733445,15.0,gpcc2025
1958-04-01,cl_south,6.202424219067922,16.0,gpcc2025
1958-05-01,cl_south,7.385370492488598,16.0,gpcc2025
1958-06-01,cl_south,5.787170101573778,16.0,gpcc2025
1958-07-01,cl_south,9.911503862753811,16.0,gpcc2025
1958-08-01,cl_south,6.676362668328485,16.0,gpcc2025
1958-09-01,cl_south,3.316821886836607,16.0,gpcc2025
1958-10-01,cl_south,2.625234970195461,16.0,gpcc2025
1958-11-01,cl_south,4.962994881372205,16.0,gpcc2025
1958-12-01,cl_south,2.4274577800363564,17.0,gpcc2025
1959-01-01,cl_south,3.2583951474238453,17.0,gpcc2025
1959-02-01,cl_south,4.188257268910311,17.0,gpcc2025
1959-03-01,cl_south,6.301568830938671,17.0,gpcc2025
1959-04-01,cl_south,4.044079150494183,17.0,gpcc2025
1959-05-01,cl_south,5.2532991962213655,17.0,gpcc2025
1959-06-01,cl_south,3.904823008720365,17.0,gpcc2025
1959-07-01,cl_south,4.410085408532425,17.0,gpcc2025
1959-08-01,cl_south,5.496856808205283,17.0,gpcc2025
1959-09-01,cl_south,4.604109832075437,17.0,gpcc2025
1959-10-01,cl_south,4.175229992885027,17.0,gpcc2025
1959-11-01,cl_south,2.165636634791748,17.0,gpcc2025
1959-12-01,cl_south,2.250173108394099,16.0,gpcc2025
1960-01-01,cl_south,3.264789245548725,16.0,gpcc2025
1960-02-01,cl_south,2.9455187685495745,17.0,gpcc2025
1960-03-01,cl_south,2.5436937752689195,17.0,gpcc2025
1960-04-01,cl_south,4.909494033653582,16.0,gpcc2025
1960-05-01,cl_south,5.804164381379702,17.0,gpcc2025
1960-06-01,cl_south,5.236480652934017,17.0,gpcc2025
1960-07-01,cl_south,7.331075883541856,16.0,gpcc2025
1960-08-01,cl_south,5.094168811343764,16.0,gpcc2025
1960-09-01,cl_south,4.220400902675247,17.0,gpcc2025
1960-10-01,cl_south,5.152960157183226,16.0,gpcc2025
1960-11-01,cl_south,3.877635725832453,17.0,gpcc2025
1960-12-01,cl_south,3.492641276509938,17.0,gpcc2025
1961-01-01,cl_altiplano,2.3849135598687345,47.0,gpcc2025
1961-02-01,cl_altiplano,3.340305067034792,47.0,gpcc2025
1961-03-01,cl_altiplano,1.8565391671164266,48.0,gpcc2025
1961-04-01,cl_altiplano,1.3097841257834004,48.0,gpcc2025
1961-05-01,cl_altiplano,0.5672325736116001,47.0,gpcc2025
1961-06-01,cl_altiplano,0.34558582448616953,46.0,gpcc2025
1961-07-01,cl_altiplano,0.28762405166236144,46.0,gpcc2025
1961-08-01,cl_altiplano,0.21241611121433926,45.0,gpcc2025
1961-09-01,cl_altiplano,0.7127482803260108,46.0,gpcc2025
1961-10-01,cl_altiplano,0.7544234234698434,47.0,gpcc2025
1961-11-01,cl_altiplano,1.8187747948207453,48.0,gpcc2025
1961-12-01,cl_altiplano,2.9099132474090026,46.0,gpcc2025
1962-01-01,cl_altiplano,2.3070821353408237,48.0,gpcc2025
1962-02-01,cl_altiplano,3.059044563570748,51.0,gpcc2025
1962-03-01,cl_altiplano,2.3469325684933997,50.0,gpcc2025
1962-04-01,cl_altiplano,1.0555957155316404,49.0,gpcc2025
1962-05-01,cl_altiplano,0.4281930831510442,49.0,gpcc2025
1962-06-01,cl_altiplano,0.15817759814527485,47.0,gpcc2025
1962-07-01,cl_altiplano,0.18693990829249849,49.0,gpcc2025
1962-08-01,cl_altiplano,0.2890409913802189,49.0,gpcc2025
1962-09-01,cl_altiplano,0.8513917487767994,49.0,gpcc2025
1962-10-01,cl_altiplano,0.7775163004137975,49.0,gpcc2025
1962-11-01,cl_altiplano,0.653653703539978,47.0,gpcc2025
1962-12-01,cl_altiplano,3.1468064767935116,50.0,gpcc2025
1963-01-01,cl_altiplano,3.831116110114257,50.0,gpcc2025
1963-02-01,cl_altiplano,3.479226385803591,52.0,gpcc2025
1963-03-01,cl_altiplano,2.5249864243742386,52.0,gpcc2025
1963-04-01,cl_altiplano,1.36573584692502,52.0,gpcc2025
1963-05-01,cl_altiplano,0.341392704992668,51.0,gpcc2025
1963-06-01,cl_altiplano,0.3604309716895419,50.0,gpcc2025
1963-07-01,cl_altiplano,0.20270308443007698,49.0,gpcc2025
1963-08-01,cl_altiplano,0.18285872490181415,51.0,gpcc2025
1963-09-01,cl_altiplano,0.8562203384536489,54.0,gpcc2025
1963-10-01,cl_altiplano,0.9196605872517973,54.0,gpcc2025
1963-11-01,cl_altiplano,0.979864408308327,57.0,gpcc2025
1963-12-01,cl_altiplano,2.446626610352435,60.0,gpcc2025
1964-01-01,cl_altiplano,2.41148587218582,67.0,gpcc2025
1964-02-01,cl_altiplano,2.9271980819162944,65.0,gpcc2025
1964-03-01,cl_altiplano,3.405776909166867,66.0,gpcc2025
1964-04-01,cl_altiplano,0.7077696580043439,65.0,gpcc2025
1964-05-01,cl_altiplano,0.5483760090460106,67.0,gpcc2025
1964-06-01,cl_altiplano,0.21895563101388107,67.0,gpcc2025
1964-07-01,cl_altiplano,0.22337882079718657,67.0,gpcc2025
1964-08-01,cl_altiplano,0.6678072630276835,67.0,gpcc2025
1964-09-01,cl_altiplano,0.8881398814538506,66.0,gpcc2025
1964-10-01,cl_altiplano,1.1313038856629913,69.0,gpcc2025
1964-11-01,cl_altiplano,1.2587102414769404,70.0,gpcc2025
1964-12-01,cl_altiplano,2.49747412332867,68.0,gpcc2025
1965-01-01,cl_altiplano,3.7283858199215674,59.0,gpcc2025
1965-02-01,cl_altiplano,2.428125685677223,57.0,gpcc2025
1965-03-01,cl_altiplano,2.1524904085520107,61.0,gpcc2025
1965-04-01,cl_altiplano,1.2086724775776867,61.0,gpcc2025
1965-05-01,cl_altiplano,0.46061583290711466,61.0,gpcc2025
1965-06-01,cl_altiplano,0.11998449515748132,61.0,gpcc2025
1965-07-01,cl_altiplano,0.47952848532744236,61.0,gpcc2025
1965-08-01,cl_altiplano,0.20750174537454338,61.0,gpcc2025
1965-09-01,cl_altiplano,1.3659520043812663,59.0,gpcc2025
1965-10-01,cl_altiplano,0.9150710383894292,60.0,gpcc2025
1965-11-01,cl_altiplano,1.5138860925343602,60.0,gpcc2025
1965-12-01,cl_altiplano,3.170972273080294,59.0,gpcc2025
1961-01-01,cl_atacama,0.1176117709687378,10.0,gpcc2025
1961-02-01,cl_atacama,0.14348375322894827,10.0,gpcc2025
1961-03-01,cl_atacama,0.05581400427816987,10.0,gpcc2025
1961-04-01,cl_atacama,0.010631219999792425,10.0,gpcc2025
1961-05-01,cl_atacama,0.03346073058995426,10.0,gpcc2025
1961-06-01,cl_atacama,0.10417300302906127,10.0,gpcc2025
1961-07-01,cl_atacama,0.1264259558296551,10.0,gpcc2025
1961-08-01,cl_atacama,0.27606367408874877,10.0,gpcc2025
1961-09-01,cl_atacama,0.045544285015001865,10.0,gpcc2025
1961-10-01,cl_atacama,0.021501014659569502,10.0,gpcc2025
1961-11-01,cl_atacama,0.03238782767563454,10.0,gpcc2025
1961-12-01,cl_atacama,0.058111699403964934,10.0,gpcc2025
1962-01-01,cl_atacama,0.09628001864267281,9.0,gpcc2025
1962-02-01,cl_atacama,0.12113807797565901,9.0,gpcc2025
1962-03-01,cl_atacama,0.06420993345790858,9.0,gpcc2025
1962-04-01,cl_atacama,0.022979869107743276,10.0,gpcc2025
1962-05-01,cl_atacama,0.01733745001769757,10.0,gpcc2025
1962-06-01,cl_atacama,0.05546234298525132,10.0,gpcc2025
1962-07-01,cl_atacama,0.12758910840046314,10.0,gpcc2025
1962-08-01,cl_atacama,0.035302964840168996,10.0,gpcc2025
1962-09-01,cl_atacama,0.040984662438082714,9.0,gpcc2025
1962-10-01,cl_atacama,0.2366540063888636,10.0,gpcc2025
1962-11-01,cl_atacama,0.02415484724006424,10.0,gpcc2025
1962-12-01,cl_atacama,0.03976588017648771,10.0,gpcc2025
1963-01-01,cl_atacama,0.10517726661042513,9.0,gpcc2025
1963-02-01,cl_atacama,0.2803747208850539,9.0,gpcc2025
1963-03-01,cl_atacama,0.0721650763401748,9.0,gpcc2025
1963-04-01,cl_atacama,0.018189385421397027,9.0,gpcc2025
1963-05-01,cl_atacama,0.050036798508224886,9.0,gpcc2025
1963-06-01,cl_atacama,0.09532570179995292,10.0,gpcc2025
1963-07-01,cl_atacama,0.3854335802382875,10.0,gpcc2025
1963-08-01,cl_atacama,0.10687121127946321,10.0,gpcc2025
1963-09-01,cl_atacama,0.37648252076549243,10.0,gpcc2025
1963-10-01,cl_atacama,0.007053793957895765,9.0,gpcc2025
1963-11-01,cl_atacama,0.051143818377860244,9.0,gpcc2025
1963-12-01,cl_atacama,0.028316411315560307,9.0,gpcc2025
1964-01-01,cl_atacama,0.06990717944003787,8.0,gpcc2025
1964-02-01,cl_atacama,0.0960468763014422,8.0,gpcc2025
1964-03-01,cl_atacama,0.061574610772304125,8.0,gpcc2025
1964-04-01,cl_atacama,0.020194703183641853,8.0,gpcc2025
1964-05-01,cl_atacama,0.013394982396556145,8.0,gpcc2025
1964-06-01,cl_atacama,0.07477687071491158,9.0,gpcc2025
1964-07-01,cl_atacama,0.09444704354499028,8.0,gpcc2025
1964-08-01,cl_atacama,0.02904395301131362,9.0,gpcc2025
1964-09-01,cl_atacama,0.012696305805965296,9.0,gpcc2025
1964-10-01,cl_atacama,0.03331771969824997,9.0,gpcc2025
1964-11-01,cl_atacama,0.004370306060264969,9.0,gpcc2025
1964-12-01,cl_atacama,0.017377427394985785,9.0,gpcc2025
1965-01-01,cl_atacama,0.104901951287407,11.0,gpcc2025
1965-02-01,cl_atacama,0.10040696132595299,11.0,gpcc2025
1965-03-01,cl_atacama,0.0337352511005173,11.0,gpcc2025
1965-04-01,cl_atacama,0.011102665465941138,11.0,gpcc2025
1965-05-01,cl_atacama,0.056287995556324084,11.0,gpcc2025
1965-06-01,cl_atacama,0.03217350303084774,10.0,gpcc2025
1965-07-01,cl_atacama,0.6001217468528519,11.0,gpcc2025
1965-08-01,cl_atacama,0.21097268780138445,11.0,gpcc2025
1965-09-01,cl_atacama,0.3698375066895929,10.0,gpcc2025
1965-10-01,cl_atacama,0.005031767768404969,10.0,gpcc2025
1965-11-01,cl_atacama,0.07090479162353718,10.0,gpcc2025
1965-12-01,cl_atacama,0.02159790855888218,10.0,gpcc2025
1961-01-01,cl_central,2.0279090597225053,19.0,gpcc2025
1961-02-01,cl_central,0.18882160604923978,18.0,gpcc2025
1961-03-01,cl_central,1.4524027683060354,19.0,gpcc2025
1961-04-01,cl_central,0.7882744869360165,19.0,gpcc2025
1961-05-01,cl_central,3.579720014700422,20.0,gpcc2025
1961-06-01,cl_central,5.092488432341788,19.0,gpcc2025
1961-07-01,cl_central,5.992113789060673,19.0,gpcc2025
1961-08-01,cl_central,4.891519034772246,19.0,gpcc2025
1961-09-01,cl_central,4.503978575460766,19.0,gpcc2025
1961-10-01,cl_central,1.0144210046440332,19.0,gpcc2025
1961-11-01,cl_central,0.28925502909285744,18.0,gpcc2025
1961-12-01,cl_central,0.12093599300838147,16.0,gpcc2025
1962-01-01,cl_central,0.3308961847962144,18.0,gpcc2025
1962-02-01,cl_central,0.11269075956861026,11.0,gpcc2025
1962-03-01,cl_central,0.6949654077291414,17.0,gpcc2025
1962-04-01,cl_central,1.4365711766097768,18.0,gpcc2025
1962-05-01,cl_central,1.8797651428352191,17.0,gpcc2025
1962-06-01,cl_central,5.901184850168548,17.0,gpcc2025
1962-07-01,cl_central,1.77532509270273,18.0,gpcc2025
1962-08-01,cl_central,4.074419166658445,18.0,gpcc2025
1962-09-01,cl_central,1.3642762873258545,17.0,gpcc2025
1962-10-01,cl_central,1.0486201630172576,17.0,gpcc2025
1962-11-01,cl_central,0.9493806495423229,17.0,gpcc2025
1962-12-01,cl_central,0.2448274624923211,16.0,gpcc2025
1963-01-01,cl_central,0.175697558663554,18.0,gpcc2025
1963-02-01,cl_central,0.8070972857050771,17.0,gpcc2025
1963-03-01,cl_central,1.1426876935125234,19.0,gpcc2025
1963-04-01,cl_central,1.7889435609756248,19.0,gpcc2025
1963-05-01,cl_central,2.6869614588320747,19.0,gpcc2025
1963-06-01,cl_central,4.725268142233074,19.0,gpcc2025
1963-07-01,cl_central,6.438365795577829,19.0,gpcc2025
1963-08-01,cl_central,8.153149629229622,19.0,gpcc2025
1963-09-01,cl_central,4.667939490874812,19.0,gpcc2025
1963-10-01,cl_central,2.2689135107925624,19.0,gpcc2025
1963-11-01,cl_central,2.0140535538330466,19.0,gpcc2025
1963-12-01,cl_central,0.3666120760553757,18.0,gpcc2025
1964-01-01,cl_central,0.8060457077921326,14.0,gpcc2025
1964-02-01,cl_central,0.6685889391039151,14.0,gpcc2025
1964-03-01,cl_central,0.43809844559713845,15.0,gpcc2025
1964-04-01,cl_central,0.8613205520566984,15.0,gpcc2025
1964-05-01,cl_central,2.701410727268428,14.0,gpcc2025
1964-06-01,cl_central,3.3758119624367646,15.0,gpcc2025
1964-07-01,cl_central,2.8904528891754575,15.0,gpcc2025
1964-08-01,cl_central,4.801232188805697,15.0,gpcc2025
1964-09-01,cl_central,1.7772677800167047,15.0,gpcc2025
1964-10-01,cl_central,0.8527051448828261,15.0,gpcc2025
1964-11-01,cl_central,0.8888544965654844,15.0,gpcc2025
1964-12-01,cl_central,3.257728855805232,15.0,gpcc2025
1965-01-01,cl_central,0.5350432739677865,14.0,gpcc2025
1965-02-01,cl_central,1.5634547114986426,14.0,gpcc2025
1965-03-01,cl_central,0.35277512271406614,14.0,gpcc2025
1965-04-01,cl_central,3.628701884152565,15.0,gpcc2025
1965-05-01,cl_central,3.3973839719233085,15.0,gpcc2025
1965-06-01,cl_central,4.405451059644593,15.0,gpcc2025
1965-07-01,cl_central,8.943824206350207,15.0,gpcc2025
1965-08-01,cl_central,8.39151347668834,15.0,gpcc2025
1965-09-01,cl_central,1.3175622760601537,15.0,gpcc2025
1965-10-01,cl_central,2.138619167390539,15.0,gpcc2025
1965-11-01,cl_central,3.0943459443797736,14.0,gpcc2025
1965-12-01,cl_central,0.9162878223791416,14.0,gpcc2025
1961-01-01,cl_south,6.387701766600896,16.0,gpcc2025
1961-02-01,cl_south,4.5028647781389415,17.0,gpcc2025
1961-03-01,cl_south,3.776515333099221,17.0,gpcc2025
1961-04-01,cl_south,3.4930208652788854,17.0,gpcc2025
1961-05-01,cl_south,5.4047061643785606,17.0,gpcc2025
1961-06-01,cl_south,7.017895395264546,17.0,gpcc2025
1961-07-01,cl_south,4.812029405032361,16.0,gpcc2025
1961-08-01,cl_south,5.746810663478815,16.0,gpcc2025
1961-09-01,cl_south,4.720365391522297,15.0,gpcc2025
1961-10-01,cl_south,3.8172151295058563,16.0,gpcc2025
1961-11-01,cl_south,3.1109992101827473,15.0,gpcc2025
1961-12-01,cl_south,2.1016057625917797,15.0,gpcc2025
1962-01-01,cl_south,1.961844189661756,16.0,gpcc2025
1962-02-01,cl_south,1.3383254739489139,16.0,gpcc2025
1962-03-01,cl_south,3.1202607556123025,16.0,gpcc2025
1962-04-01,cl_south,4.509348212638516,16.0,gpcc2025
1962-05-01,cl_south,4.242225173320283,16.0,gpcc2025
1962-06-01,cl_south,7.249159497847381,16.0,gpcc2025
1962-07-01,cl_south,3.941262985819167,15.0,gpcc2025
1962-08-01,cl_south,6.68064326834797,16.0,gpcc2025
1962-09-01,cl_south,3.58059863883573,16.0,gpcc2025
1962-10-01,cl_south,2.4647500518074414,15.0,gpcc2025
1962-11-01,cl_south,2.9075771186449377,16.0,gpcc2025
1962-12-01,cl_south,3.4922084941433593,16.0,gpcc2025
1963-01-01,cl_south,2.746208945800971,15.0,gpcc2025
1963-02-01,cl_south,1.6685917579874523,16.0,gpcc2025
1963-03-01,cl_south,3.8961626216383265,17.0,gpcc2025
1963-04-01,cl_south,7.584350557710824,17.0,gpcc2025
1963-05-01,cl_south,5.779226487313135,17.0,gpcc2025
1963-06-01,cl_south,6.82156561932477,16.0,gpcc2025
1963-07-01,cl_south,6.804672383301589,17.0,gpcc2025
1963-08-01,cl_south,5.138259101554077,17.0,gpcc2025
1963-09-01,cl_south,4.465228763755829,17.0,gpcc2025
1963-10-01,cl_south,2.5583262514500635,17.0,gpcc2025
1963-11-01,cl_south,3.7727799144811693,16.0,gpcc2025
1963-12-01,cl_south,4.186311663540777,16.0,gpcc2025
1964-01-01,cl_south,3.3496044125269253,14.0,gpcc2025
1964-02-01,cl_south,3.9797924542746737,14.0,gpcc2025
1964-03-01,cl_south,3.754057249418131,14.0,gpcc2025
1964-04-01,cl_south,3.4476735031083385,14.0,gpcc2025
1964-05-01,cl_south,6.8183241888196475,14.0,gpcc2025
1964-06-01,cl_south,3.9761450323904755,14.0,gpcc2025
1964-07-01,cl_south,4.986288855310445,14.0,gpcc2025
1964-08-01,cl_south,6.472809634491261,14.0,gpcc2025
1964-09-01,cl_south,4.636497717662411,14.0,gpcc2025
1964-10-01,cl_south,2.8750301730265666,14.0,gpcc2025
1964-11-01,cl_south,1.8288911600349955,14.0,gpcc2025
1964-12-01,cl_south,3.983943643895784,14.0,gpcc2025
1965-01-01,cl_south,3.4489620150510443,14.0,gpcc2025
1965-02-01,cl_south,4.906033101348006,14.0,gpcc2025
1965-03-01,cl_south,1.792603727660865,14.0,gpcc2025
1965-04-01,cl_south,6.0169582990247035,14.0,gpcc2025
1965-05-01,cl_south,5.327815087376329,14.0,gpcc2025
1965-06-01,cl_south,7.909066537898111,14.0,gpcc2025
1965-07-01,cl_south,5.501952865214941,14.0,gpcc2025
1965-08-01,cl_south,6.366309168924993,14.0,gpcc2025
1965-09-01,cl_south,3.121552970437661,14.0,gpcc2025
1965-10-01,cl_south,4.361188961163117,14.0,gpcc2025
1965-11-01,cl_south,5.450019373742124,14.0,gpcc2025
1965-12-01,cl_south,3.035809792161997,13.0,gpcc2025
1966-01-01,cl_altiplano,1.8643961061607885,70.0,gpcc2025
1966-02-01,cl_altiplano,2.7614608379334866,72.0,gpcc2025
1966-03-01,cl_altiplano,1.6520354151706462,71.0,gpcc2025
1966-04-01,cl_altiplano,0.7513853238256679,72.0,gpcc2025
1966-05-01,cl_altiplano,0.926177875133461,70.0,gpcc2025
1966-06-01,cl_altiplano,0.4440600076693944,73.0,gpcc2025
1966-07-01,cl_altiplano,0.08686978465401024,72.0,gpcc2025
1966-08-01,cl_altiplano,0.25634054802863576,73.0,gpcc2025
1966-09-01,cl_altiplano,0.43931361543256664,74.0,gpcc2025
1966-10-01,cl_altiplano,1.3250701869520454,74.0,gpcc2025
1966-11-01,cl_altiplano,1.3721491819802432,73.0,gpcc2025
1966-12-01,cl_altiplano,2.012195356519448,74.0,gpcc2025
1967-01-01,cl_altiplano,1.9321982878476278,64.0,gpcc2025
1967-02-01,cl_altiplano,3.3788528777332765,63.0,gpcc2025
1967-03-01,cl_altiplano,2.6599743074773925,63.0,gpcc2025
1967-04-01,cl_altiplano,0.6113445545790561,62.0,gpcc2025
1967-05-01,cl_altiplano,0.5866645290360315,65.0,gpcc2025
1967-06-01,cl_altiplano,0.39039103499208594,65.0,gpcc2025
1967-07-01,cl_altiplano,0.5939331244021586,66.0,gpcc2025
1967-08-01,cl_altiplano,0.3425017953586915,65.0,gpcc2025
1967-09-01,cl_altiplano,0.8009208343401101,66.0,gpcc2025
1967-10-01,cl_altiplano,1.0880066776227966,66.0,gpcc2025
1967-11-01,cl_altiplano,1.0615176428075004,66.0,gpcc2025
1967-12-01,cl_altiplano,2.7914381063431253,66.0,gpcc2025
1968-01-01,cl_altiplano,2.8248913390842656,76.0,gpcc2025
1968-02-01,cl_altiplano,5.193058495692787,75.0,gpcc2025
1968-03-01,cl_altiplano,2.1080971594278335,76.0,gpcc2025
1968-04-01,cl_altiplano,0.6181920362682424,77.0,gpcc2025
1968-05-01,cl_altiplano,0.318336611026549,75.0,gpcc2025
1968-06-01,cl_altiplano,0.2520599394564715,74.0,gpcc2025
1968-07-01,cl_altiplano,0.33549054710677617,73.0,gpcc2025
1968-08-01,cl_altiplano,0.31177089736132974,75.0,gpcc2025
1968-09-01,cl_altiplano,0.6103921439330229,73.0,gpcc2025
1968-10-01,cl_altiplano,1.058902281244227,74.0,gpcc2025
1968-11-01,cl_altiplano,1.895207509553855,73.0,gpcc2025
1968-12-01,cl_altiplano,2.419944494306079,73.0,gpcc2025
1969-01-01,cl_altiplano,3.326336100646299,79.0,gpcc2025
1969-02-01,cl_altiplano,2.8139211784722025,81.0,gpcc2025
1969-03-01,cl_altiplano,1.3847925153881042,71.0,gpcc2025
1969-04-01,cl_altiplano,1.016303471962744,71.0,gpcc2025
1969-05-01,cl_altiplano,0.49977059530207,71.0,gpcc2025
1969-06-01,cl_altiplano,0.6294001430821466,81.0,gpcc2025
1969-07-01,cl_altiplano,0.17117439707547638,72.0,gpcc2025
1969-08-01,cl_altiplano,0.17068867049252887,71.0,gpcc2025
1969-09-01,cl_altiplano,0.36073178995732597,80.0,gpcc2025
1969-10-01,cl_altiplano,0.6111552648419896,80.0,gpcc2025
1969-11-01,cl_altiplano,1.6003370438978892,79.0,gpcc2025
1969-12-01,cl_altiplano,2.059188010454888,78.0,gpcc2025
1970-01-01,cl_altiplano,3.0402674136338357,77.0,gpcc2025
1970-02-01,cl_altiplano,2.812616081967272,79.0,gpcc2025
1970-03-01,cl_altiplano,2.435030094449763,80.0,gpcc2025
1970-04-01,cl_altiplano,1.241062343955391,81.0,gpcc2025
1970-05-01,cl_altiplano,0.8461574422518605,81.0,gpcc2025
1970-06-01,cl_altiplano,0.5054214468694437,69.0,gpcc2025
1970-07-01,cl_altiplano,0.3523363198692056,72.0,gpcc2025
1970-08-01,cl_altiplano,0.328551694524216,70.0,gpcc2025
1970-09-01,cl_altiplano,0.7962921496951443,82.0,gpcc2025
1970-10-01,cl_altiplano,1.2269989123368759,82.0,gpcc2025
1970-11-01,cl_altiplano,1.196911205282969,81.0,gpcc2025
1970-12-01,cl_altiplano,2.6954345136970037,82.0,gpcc2025
1966-01-01,cl_atacama,0.0629285045619251,10.0,gpcc2025
1966-02-01,cl_atacama,0.10665463058635019,10.0,gpcc2025
1966-03-01,cl_atacama,0.046528742711469624,10.0,gpcc2025
1966-04-01,cl_atacama,0.028807498585539142,10.0,gpcc2025
1966-05-01,cl_atacama,0.02238798571180334,10.0,gpcc2025
1966-06-01,cl_atacama,0.2449132564734266,11.0,gpcc2025
1966-07-01,cl_atacama,0.1796369293418624,11.0,gpcc2025
1966-08-01,cl_atacama,0.06780937917097228,11.0,gpcc2025
1966-09-01,cl_atacama,0.008819387963020583,10.0,gpcc2025
1966-10-01,cl_atacama,0.007629760921680377,10.0,gpcc2025
1966-11-01,cl_atacama,0.018363117182547115,10.0,gpcc2025
1966-12-01,cl_atacama,0.025701294481125316,10.0,gpcc2025
1967-01-01,cl_atacama,0.09986286964946701,9.0,gpcc2025
1967-02-01,cl_atacama,0.18806002967137544,10.0,gpcc2025
1967-03-01,cl_atacama,0.0746762523671367,10.0,gpcc2025
1967-04-01,cl_atacama,0.036299338956371496,10.0,gpcc2025
1967-05-01,cl_atacama,0.024893889746971865,11.0,gpcc2025
1967-06-01,cl_atacama,0.13746515461877915,11.0,gpcc2025
1967-07-01,cl_atacama,0.10397544636866361,10.0,gpcc2025
1967-08-01,cl_atacama,0.15931712590288877,11.0,gpcc2025
1967-09-01,cl_atacama,0.1266581386634844,11.0,gpcc2025
1967-10-01,cl_atacama,0.00820064536597828,10.0,gpcc2025
1967-11-01,cl_atacama,0.03040421928688409,10.0,gpcc2025
1967-12-01,cl_atacama,0.08206319667865801,10.0,gpcc2025
1968-01-01,cl_atacama,0.19186017321700063,10.0,gpcc2025
1968-02-01,cl_atacama,0.18737064353126348,10.0,gpcc2025
1968-03-01,cl_atacama,0.12078604828596277,10.0,gpcc2025
1968-04-01,cl_atacama,0.029681772782391418,10.0,gpcc2025
1968-05-01,cl_atacama,0.08513062134934671,10.0,gpcc2025
1968-06-01,cl_atacama,0.07372877942616983,10.0,gpcc2025
1968-07-01,cl_atacama,0.07448336433985929,10.0,gpcc2025
1968-08-01,cl_atacama,0.02354594802149401,10.0,gpcc2025
1968-09-01,cl_atacama,0.021747205428351214,10.0,gpcc2025
1968-10-01,cl_atacama,0.025055536465873624,10.0,gpcc2025
1968-11-01,cl_atacama,0.03744476498993587,9.0,gpcc2025
1968-12-01,cl_atacama,0.024354442465906973,10.0,gpcc2025
1969-01-01,cl_atacama,0.18621206675191063,19.0,gpcc2025
1969-02-01,cl_atacama,0.12205288838350269,19.0,gpcc2025
1969-03-01,cl_atacama,0.057623972999728185,19.0,gpcc2025
1969-04-01,cl_atacama,0.013322615215616136,18.0,gpcc2025
1969-05-01,cl_atacama,0.017079687466328854,19.0,gpcc2025
1969-06-01,cl_atacama,0.05710821934305084,18.0,gpcc2025
1969-07-01,cl_atacama,0.02821323893706408,19.0,gpcc2025
1969-08-01,cl_atacama,0.2228506651642295,19.0,gpcc2025
1969-09-01,cl_atacama,0.003742837234795133,19.0,gpcc2025
1969-10-01,cl_atacama,0.004947843793514117,19.0,gpcc2025
1969-11-01,cl_atacama,0.008019103172729298,18.0,gpcc2025
1969-12-01,cl_atacama,0.018304038378197593,18.0,gpcc2025
1970-01-01,cl_atacama,0.07285505917372363,17.0,gpcc2025
1970-02-01,cl_atacama,0.08458334782974519,19.0,gpcc2025
1970-03-01,cl_atacama,0.07212742011135789,20.0,gpcc2025
1970-04-01,cl_atacama,0.008432467167963418,20.0,gpcc2025
1970-05-01,cl_atacama,0.03058921225932505,19.0,gpcc2025
1970-06-01,cl_atacama,0.07743112126001836,18.0,gpcc2025
1970-07-01,cl_atacama,0.043528474138177634,19.0,gpcc2025
1970-08-01,cl_atacama,0.025396522473614364,18.0,gpcc2025
1970-09-01,cl_atacama,0.006389854868957922,20.0,gpcc2025
1970-10-01,cl_atacama,0.02954689349166249,19.0,gpcc2025
1970-11-01,cl_atacama,0.008430057398740096,20.0,gpcc2025
1970-12-01,cl_atacama,0.014444819793875891,20.0,gpcc2025
1966-01-01,cl_central,0.0737194977777527,11.0,gpcc2025
1966-02-01,cl_central,0.15642630335744462,13.0,gpcc2025
1966-03-01,cl_central,0.8308032261798008,14.0,gpcc2025
1966-04-01,cl_central,3.8233425403080687,14.0,gpcc2025
1966-05-01,cl_central,2.7752468860382074,14.0,gpcc2025
1966-06-01,cl_central,9.89541097822587,13.0,gpcc2025
1966-07-01,cl_central,6.207978195197803,14.0,gpcc2025
1966-08-01,cl_central,3.7102135807820003,15.0,gpcc2025
1966-09-01,cl_central,1.1513397490774822,15.0,gpcc2025
1966-10-01,cl_central,1.2391856232632694,14.0,gpcc2025
1966-11-01,cl_central,0.5914021325527876,14.0,gpcc2025
1966-12-01,cl_central,2.76479849248909,14.0,gpcc2025
1967-01-01,cl_central,0.9393072848899652,14.0,gpcc2025
1967-02-01,cl_central,0.9151230458832031,14.0,gpcc2025
1967-03-01,cl_central,0.5385328621766301,14.0,gpcc2025
1967-04-01,cl_central,0.45836782291058303,17.0,gpcc2025
1967-05-01,cl_central,5.5365241525902995,19.0,gpcc2025
1967-06-01,cl_central,2.7536144716714186,18.0,gpcc2025
1967-07-01,cl_central,4.895080708375257,18.0,gpcc2025
1967-08-01,cl_central,3.577045597078724,18.0,gpcc2025
1967-09-01,cl_central,2.437408499371475,19.0,gpcc2025
1967-10-01,cl_central,1.9260135215538077,19.0,gpcc2025
1967-11-01,cl_central,0.5689292925841655,19.0,gpcc2025
1967-12-01,cl_central,0.39471807313056956,19.0,gpcc2025
1968-01-01,cl_central,0.04047152945254466,17.0,gpcc2025
1968-02-01,cl_central,1.1106027082679946,18.0,gpcc2025
1968-03-01,cl_central,1.0256157493907845,20.0,gpcc2025
1968-04-01,cl_central,1.2278304515424818,19.0,gpcc2025
1968-05-01,cl_central,1.4263561043576167,17.0,gpcc2025
1968-06-01,cl_central,2.4602452551013343,19.0,gpcc2025
1968-07-01,cl_central,1.6988307211213665,20.0,gpcc2025
1968-08-01,cl_central,1.7551654503806406,20.0,gpcc2025
1968-09-01,cl_central,2.868147801644285,20.0,gpcc2025
1968-10-01,cl_central,1.2931205645763453,19.0,gpcc2025
1968-11-01,cl_central,1.1311111258789532,19.0,gpcc2025
1968-12-01,cl_central,2.2717333500966506,20.0,gpcc2025
1969-01-01,cl_central,0.06757980165737126,100.0,gpcc2025
1969-02-01,cl_central,0.6731091950358462,98.0,gpcc2025
1969-03-01,cl_central,0.34620137025216524,97.0,gpcc2025
1969-04-01,cl_central,2.8783575224374496,100.0,gpcc2025
1969-05-01,cl_central,3.6785594036921445,99.0,gpcc2025
1969-06-01,cl_central,6.70888873326511,98.0,gpcc2025
1969-07-01,cl_central,4.812354737393806,102.0,gpcc2025
1969-08-01,cl_central,4.104879742299498,100.0,gpcc2025
1969-09-01,cl_central,1.8926581352415721,98.0,gpcc2025
1969-10-01,cl_central,1.6078437648542938,99.0,gpcc2025
1969-11-01,cl_central,0.9273761159526589,96.0,gpcc2025
1969-12-01,cl_central,0.15990161156076393,96.0,gpcc2025
1970-01-01,cl_central,0.41199196391781334,99.0,gpcc2025
1970-02-01,cl_central,0.2478014006617331,99.0,gpcc2025
1970-03-01,cl_central,0.7390581316926061,101.0,gpcc2025
1970-04-01,cl_central,1.2590897107144086,96.0,gpcc2025
1970-05-01,cl_central,3.689425051905545,100.0,gpcc2025
1970-06-01,cl_central,5.588077543923439,100.0,gpcc2025
1970-07-01,cl_central,5.8483302863872435,99.0,gpcc2025
1970-08-01,cl_central,2.7255804554873277,98.0,gpcc2025
1970-09-01,cl_central,1.668485973979458,96.0,gpcc2025
1970-10-01,cl_central,0.9598079927738034,98.0,gpcc2025
1970-11-01,cl_central,0.5498901903255196,95.0,gpcc2025
1970-12-01,cl_central,1.4508524967266243,98.0,gpcc2025
1966-01-01,cl_south,1.96109394481796,14.0,gpcc2025
1966-02-01,cl_south,1.6472545053949492,14.0,gpcc2025
1966-03-01,cl_south,3.8642899859603363,13.0,gpcc2025
1966-04-01,cl_south,3.754226028702664,14.0,gpcc2025
1966-05-01,cl_south,10.285573382338056,13.0,gpcc2025
1966-06-01,cl_south,6.988534442283925,14.0,gpcc2025
1966-07-01,cl_south,6.136674778418704,13.0,gpcc2025
1966-08-01,cl_south,3.6837272576084072,13.0,gpcc2025
1966-09-01,cl_south,3.279017099437495,14.0,gpcc2025
1966-10-01,cl_south,3.01402843459898,14.0,gpcc2025
1966-11-01,cl_south,2.4049716426282766,14.0,gpcc2025
1966-12-01,cl_south,4.560656888768716,14.0,gpcc2025
1967-01-01,cl_south,3.6573529874282347,14.0,gpcc2025
1967-02-01,cl_south,2.4865558835823878,13.0,gpcc2025
1967-03-01,cl_south,2.8161316835053776,13.0,gpcc2025
1967-04-01,cl_south,3.0796303085376633,14.0,gpcc2025
1967-05-01,cl_south,8.531312861674468,14.0,gpcc2025
1967-06-01,cl_south,4.531443938641222,14.0,gpcc2025
1967-07-01,cl_south,6.39259635405509,14.0,gpcc2025
1967-08-01,cl_south,6.641294182201639,14.0,gpcc2025
1967-09-01,cl_south,3.637200029564183,14.0,gpcc2025
1967-10-01,cl_south,3.3958607219489125,13.0,gpcc2025
1967-11-01,cl_south,4.339687562169989,13.0,gpcc2025
1967-12-01,cl_south,3.315621118417374,14.0,gpcc2025
1968-01-01,cl_south,2.2223927715969096,14.0,gpcc2025
1968-02-01,cl_south,5.033620947139434,13.0,gpcc2025
1968-03-01,cl_south,2.8343490368271484,13.0,gpcc2025
1968-04-01,cl_south,2.7426954365815286,14.0,gpcc2025
1968-05-01,cl_south,4.535534153764417,13.0,gpcc2025
1968-06-01,cl_south,3.9646441903911502,14.0,gpcc2025
1968-07-01,cl_south,6.505359227733411,13.0,gpcc2025
1968-08-01,cl_south,5.029050712359518,14.0,gpcc2025
1968-09-01,cl_south,5.451541713917817,14.0,gpcc2025
1968-10-01,cl_south,3.2299646361200893,14.0,gpcc2025
1968-11-01,cl_south,3.6036466794126327,13.0,gpcc2025
1968-12-01,cl_south,4.484869291916153,13.0,gpcc2025
1969-01-01,cl_south,1.4385773945551406,20.0,gpcc2025
1969-02-01,cl_south,2.973463127797923,20.0,gpcc2025
1969-03-01,cl_south,1.6393929553408273,20.0,gpcc2025
1969-04-01,cl_south,7.3929673789951185,20.0,gpcc2025
1969-05-01,cl_south,6.457762279753308,20.0,gpcc2025
1969-06-01,cl_south,5.440958726035617,20.0,gpcc2025
1969-07-01,cl_south,7.323191386057976,21.0,gpcc2025
1969-08-01,cl_south,5.7329358379386335,21.0,gpcc2025
1969-09-01,cl_south,6.198496147392214,21.0,gpcc2025
1969-10-01,cl_south,4.326286549332817,21.0,gpcc2025
1969-11-01,cl_south,2.5005858058655432,21.0,gpcc2025
1969-12-01,cl_south,2.1794827399561565,21.0,gpcc2025
1970-01-01,cl_south,3.2139689100328406,21.0,gpcc2025
1970-02-01,cl_south,3.2505371251717774,21.0,gpcc2025
1970-03-01,cl_south,2.849710739905855,21.0,gpcc2025
1970-04-01,cl_south,5.444981283637047,21.0,gpcc2025
1970-05-01,cl_south,7.446464116069434,21.0,gpcc2025
1970-06-01,cl_south,6.78416994823876,21.0,gpcc2025
1970-07-01,cl_south,8.232601605548531,21.0,gpcc2025
1970-08-01,cl_south,4.863868761430206,21.0,gpcc2025
1970-09-01,cl_south,5.387306284534124,21.0,gpcc2025
1970-10-01,cl_south,1.9460442264841415,20.0,gpcc2025
1970-11-01,cl_south,1.752037120554988,20.0,gpcc2025
1970-12-01,cl_south,4.9306932241954025,20.0,gpcc2025
1971-01-01,cl_altiplano,3.697540661107009,79.0,gpcc2025
1971-02-01,cl_altiplano,4.85470747170662,78.0,gpcc2025
1971-03-01,cl_altiplano,1.194624699332204,79.0,gpcc2025
1971-04-01,cl_altiplano,1.2337767870083753,81.0,gpcc2025
1971-05-01,cl_altiplano,0.4311520034580644,81.0,gpcc2025
1971-06-01,cl_altiplano,0.40941719291185996,81.0,gpcc2025
1971-07-01,cl_altiplano,0.14730401856104042,80.0,gpcc2025
1971-08-01,cl_altiplano,0.5616219761459459,80.0,gpcc2025
1971-09-01,cl_altiplano,0.37540289714169334,80.0,gpcc2025
1971-10-01,cl_altiplano,1.1931006800954675,81.0,gpcc2025
1971-11-01,cl_altiplano,2.1058635902835836,79.0,gpcc2025
1971-12-01,cl_altiplano,2.283876783761434,81.0,gpcc2025
1972-01-01,cl_altiplano,4.62023973234532,81.0,gpcc2025
1972-02-01,cl_altiplano,3.480050642153777,82.0,gpcc2025
1972-03-01,cl_altiplano,2.5631581275288218,81.0,gpcc2025
1972-04-01,cl_altiplano,1.1868156001277155,82.0,gpcc2025
1972-05-01,cl_altiplano,0.3515122807599216,79.0,gpcc2025
1972-06-01,cl_altiplano,0.23820070806910998,80.0,gpcc2025
1972-07-01,cl_altiplano,0.435146829059608,80.0,gpcc2025
1972-08-01,cl_altiplano,0.8647799625256645,81.0,gpcc2025
1972-09-01,cl_altiplano,0.8232792337373162,81.0,gpcc2025
1972-10-01,cl_altiplano,0.863863508066856,80.0,gpcc2025
1972-11-01,cl_altiplano,1.3907858135530278,79.0,gpcc2025
1972-12-01,cl_altiplano,2.7083842741459963,80.0,gpcc2025
1973-01-01,cl_altiplano,4.661452558740587,69.0,gpcc2025
1973-02-01,cl_altiplano,3.807797555947542,70.0,gpcc2025
1973-03-01,cl_altiplano,2.594843715016454,69.0,gpcc2025
1973-04-01,cl_altiplano,1.4206940988925547,69.0,gpcc2025
1973-05-01,cl_altiplano,0.9736978726237229,70.0,gpcc2025
1973-06-01,cl_altiplano,0.3875602465536029,69.0,gpcc2025
1973-07-01,cl_altiplano,0.6238271053776343,68.0,gpcc2025
1973-08-01,cl_altiplano,0.8376368239675048,68.0,gpcc2025
1973-09-01,cl_altiplano,0.7960555343641017,69.0,gpcc2025
1973-10-01,cl_altiplano,0.9027089663458457,69.0,gpcc2025
1973-11-01,cl_altiplano,1.906909868518924,68.0,gpcc2025
1973-12-01,cl_altiplano,2.704909268541523,67.0,gpcc2025
1974-01-01,cl_altiplano,4.42664598077464,71.0,gpcc2025
1974-02-01,cl_altiplano,4.983900955744827,72.0,gpcc2025
1974-03-01,cl_altiplano,1.7422204275745317,72.0,gpcc2025
1974-04-01,cl_altiplano,1.6795550252856428,70.0,gpcc2025
1974-05-01,cl_altiplano,0.24154995144916136,70.0,gpcc2025
1974-06-01,cl_altiplano,0.37431530697833526,73.0,gpcc2025
1974-07-01,cl_altiplano,0.31603702260086924,71.0,gpcc2025
1974-08-01,cl_altiplano,1.3220222013422303,69.0,gpcc2025
1974-09-01,cl_altiplano,0.5526366216284162,72.0,gpcc2025
1974-10-01,cl_altiplano,1.7030568553345147,72.0,gpcc2025
1974-11-01,cl_altiplano,0.9090367017715164,73.0,gpcc2025
1974-12-01,cl_altiplano,2.1170641010013878,73.0,gpcc2025
1975-01-01,cl_altiplano,4.330464217780107,77.0,gpcc2025
1975-02-01,cl_altiplano,4.793552210387989,76.0,gpcc2025
1975-03-01,cl_altiplano,2.6884982191570646,77.0,gpcc2025
1975-04-01,cl_altiplano,1.1559208799212717,76.0,gpcc2025
1975-05-01,cl_altiplano,0.5719965464035779,75.0,gpcc2025
1975-06-01,cl_altiplano,0.5405243028532657,73.0,gpcc2025
1975-07-01,cl_altiplano,0.2984557383077825,74.0,gpcc2025
1975-08-01,cl_altiplano,0.37573823499390013,70.0,gpcc2025
1975-09-01,cl_altiplano,1.284110700992056,72.0,gpcc2025
1975-10-01,cl_altiplano,1.1475216564110495,72.0,gpcc2025
1975-11-01,cl_altiplano,1.9972649032456455,71.0,gpcc2025
1975-12-01,cl_altiplano,3.33682674553258,72.0,gpcc2025
1971-01-01,cl_atacama,0.15964844668273964,19.0,gpcc2025
1971-02-01,cl_atacama,0.12511191088104195,20.0,gpcc2025
1971-03-01,cl_atacama,0.02742379699091371,19.0,gpcc2025
1971-04-01,cl_atacama,0.012594367686133466,20.0,gpcc2025
1971-05-01,cl_atacama,0.013409216875891508,20.0,gpcc2025
1971-06-01,cl_atacama,0.14820432989003632,19.0,gpcc2025
1971-07-01,cl_atacama,0.030912903904302038,20.0,gpcc2025
1971-08-01,cl_atacama,0.1924386944025356,18.0,gpcc2025
1971-09-01,cl_atacama,0.07680879775616405,18.0,gpcc2025
1971-10-01,cl_atacama,0.006184550155823777,19.0,gpcc2025
1971-11-01,cl_atacama,0.01410447950230767,17.0,gpcc2025
1971-12-01,cl_atacama,0.03438691799541943,19.0,gpcc2025
1972-01-01,cl_atacama,0.18015852215099407,19.0,gpcc2025
1972-02-01,cl_atacama,0.2716598815517445,19.0,gpcc2025
1972-03-01,cl_atacama,0.04923282154551654,19.0,gpcc2025
1972-04-01,cl_atacama,0.030506045585273936,19.0,gpcc2025
1972-05-01,cl_atacama,0.02236096841165855,18.0,gpcc2025
1972-06-01,cl_atacama,0.3038557721485236,19.0,gpcc2025
1972-07-01,cl_atacama,0.1939728698799044,19.0,gpcc2025
1972-08-01,cl_atacama,0.22061134275642683,19.0,gpcc2025
1972-09-01,cl_atacama,0.13196718225057602,19.0,gpcc2025
1972-10-01,cl_atacama,0.012941390535575914,19.0,gpcc2025
1972-11-01,cl_atacama,0.006685848324506008,19.0,gpcc2025
1972-12-01,cl_atacama,0.03743651620993248,19.0,gpcc2025
1973-01-01,cl_atacama,0.07737525019553819,17.0,gpcc2025
1973-02-01,cl_atacama,0.23673361857919958,18.0,gpcc2025
1973-03-01,cl_atacama,0.05856955640726167,18.0,gpcc2025
1973-04-01,cl_atacama,0.049355122854677004,18.0,gpcc2025
1973-05-01,cl_atacama,0.013376229948229184,18.0,gpcc2025
1973-06-01,cl_atacama,0.26807589400746135,18.0,gpcc2025
1973-07-01,cl_atacama,0.04615646699650218,18.0,gpcc2025
1973-08-01,cl_atacama,0.01017632760081507,18.0,gpcc2025
1973-09-01,cl_atacama,0.009115407982610927,18.0,gpcc2025
1973-10-01,cl_atacama,0.07833915885448514,18.0,gpcc2025
1973-11-01,cl_atacama,0.008404985614146744,18.0,gpcc2025
1973-12-01,cl_atacama,0.02253867456248964,17.0,gpcc2025
1974-01-01,cl_atacama,0.26083773048913983,18.0,gpcc2025
1974-02-01,cl_atacama,0.1304114244942478,19.0,gpcc2025
1974-03-01,cl_atacama,0.05589662267454726,19.0,gpcc2025
1974-04-01,cl_atacama,0.017118574503827054,19.0,gpcc2025
1974-05-01,cl_atacama,0.013793319271290082,19.0,gpcc2025
1974-06-01,cl_atacama,0.11194687087676726,19.0,gpcc2025
1974-07-01,cl_atacama,0.028789463867449433,19.0,gpcc2025
1974-08-01,cl_atacama,0.07087415985420303,18.0,gpcc2025
1974-09-01,cl_atacama,0.07383284742408645,19.0,gpcc2025
1974-10-01,cl_atacama,0.004989021592812945,19.0,gpcc2025
1974-11-01,cl_atacama,0.005567251302844758,19.0,gpcc2025
1974-12-01,cl_atacama,0.01187649654645037,19.0,gpcc2025
1975-01-01,cl_atacama,0.24479373422565384,20.0,gpcc2025
1975-02-01,cl_atacama,0.15951401301399554,19.0,gpcc2025
1975-03-01,cl_atacama,0.2351636423179219,19.0,gpcc2025
1975-04-01,cl_atacama,0.012352605493269777,19.0,gpcc2025
1975-05-01,cl_atacama,0.17396990887366487,19.0,gpcc2025
1975-06-01,cl_atacama,0.19866364347316653,19.0,gpcc2025
1975-07-01,cl_atacama,0.04234401052496685,18.0,gpcc2025
1975-08-01,cl_atacama,0.0449746360279589,18.0,gpcc2025
1975-09-01,cl_atacama,0.004697534485187187,18.0,gpcc2025
1975-10-01,cl_atacama,0.006940238611105719,18.0,gpcc2025
1975-11-01,cl_atacama,0.013805318128736066,18.0,gpcc2025
1975-12-01,cl_atacama,0.06682179546149952,18.0,gpcc2025
1971-01-01,cl_central,0.5410649276739822,101.0,gpcc2025
1971-02-01,cl_central,0.9933651648446737,98.0,gpcc2025
1971-03-01,cl_central,0.459463043385852,99.0,gpcc2025
1971-04-01,cl_central,1.3900351892976452,100.0,gpcc2025
1971-05-01,cl_central,4.457929568924364,99.0,gpcc2025
1971-06-01,cl_central,5.744150245916414,102.0,gpcc2025
1971-07-01,cl_central,4.777835221643697,102.0,gpcc2025
1971-08-01,cl_central,3.376691397042862,100.0,gpcc2025
1971-09-01,cl_central,1.8175050031409903,97.0,gpcc2025
1971-10-01,cl_central,1.0003277227869891,97.0,gpcc2025
1971-11-01,cl_central,0.23415959192958208,99.0,gpcc2025
1971-12-01,cl_central,1.8421030596213384,98.0,gpcc2025
1972-01-01,cl_central,0.858376206135352,103.0,gpcc2025
1972-02-01,cl_central,0.20196729962280358,103.0,gpcc2025
1972-03-01,cl_central,1.3368832164566191,101.0,gpcc2025
1972-04-01,cl_central,0.8202065889514547,103.0,gpcc2025
1972-05-01,cl_central,9.444532286357427,103.0,gpcc2025
1972-06-01,cl_central,7.285648372712024,103.0,gpcc2025
1972-07-01,cl_central,4.704180961183882,102.0,gpcc2025
1972-08-01,cl_central,6.450486831245683,100.0,gpcc2025
1972-09-01,cl_central,4.022813640437356,101.0,gpcc2025
1972-10-01,cl_central,3.3077671604964336,99.0,gpcc2025
1972-11-01,cl_central,0.9766783631351353,99.0,gpcc2025
1972-12-01,cl_central,0.29473431018980967,99.0,gpcc2025
1973-01-01,cl_central,0.28402433213269274,99.0,gpcc2025
1973-02-01,cl_central,0.31273660452736435,97.0,gpcc2025
1973-03-01,cl_central,0.5510956272397521,97.0,gpcc2025
1973-04-01,cl_central,0.8485177272187918,94.0,gpcc2025
1973-05-01,cl_central,4.020668689177492,98.0,gpcc2025
1973-06-01,cl_central,4.929811377105027,96.0,gpcc2025
1973-07-01,cl_central,4.203546878689587,97.0,gpcc2025
1973-08-01,cl_central,1.7892371937047344,96.0,gpcc2025
1973-09-01,cl_central,0.9070385912402784,94.0,gpcc2025
1973-10-01,cl_central,3.020837688249346,96.0,gpcc2025
1973-11-01,cl_central,0.18839424723986375,97.0,gpcc2025
1973-12-01,cl_central,0.2991804638493248,95.0,gpcc2025
1974-01-01,cl_central,0.901076395712236,101.0,gpcc2025
1974-02-01,cl_central,0.3272405962916615,103.0,gpcc2025
1974-03-01,cl_central,0.7726697029841084,103.0,gpcc2025
1974-04-01,cl_central,0.22034181814142126,102.0,gpcc2025
1974-05-01,cl_central,5.058682375138219,101.0,gpcc2025
1974-06-01,cl_central,9.899064661968918,100.0,gpcc2025
1974-07-01,cl_central,2.039326659312407,102.0,gpcc2025
1974-08-01,cl_central,1.6090129548300054,100.0,gpcc2025
1974-09-01,cl_central,1.6704605338479506,104.0,gpcc2025
1974-10-01,cl_central,0.4996797600030318,104.0,gpcc2025
1974-11-01,cl_central,0.9837927721616004,102.0,gpcc2025
1974-12-01,cl_central,0.642931699280146,101.0,gpcc2025
1975-01-01,cl_central,0.15496056577272987,99.0,gpcc2025
1975-02-01,cl_central,1.165912110784456,99.0,gpcc2025
1975-03-01,cl_central,0.31385925524000746,97.0,gpcc2025
1975-04-01,cl_central,2.6860834994681797,98.0,gpcc2025
1975-05-01,cl_central,4.9536043729367485,96.0,gpcc2025
1975-06-01,cl_central,5.192945141502084,97.0,gpcc2025
1975-07-01,cl_central,6.67662693819884,97.0,gpcc2025
1975-08-01,cl_central,2.5268561665309415,96.0,gpcc2025
1975-09-01,cl_central,0.9925493757362324,95.0,gpcc2025
1975-10-01,cl_central,1.0717465479196147,98.0,gpcc2025
1975-11-01,cl_central,1.5610104250117014,97.0,gpcc2025
1975-12-01,cl_central,0.38988000483060137,97.0,gpcc2025
1971-01-01,cl_south,3.92398952910161,19.0,gpcc2025
1971-02-01,cl_south,2.87376248998878,19.0,gpcc2025
1971-03-01,cl_south,3.2803996142511553,19.0,gpcc2025
1971-04-01,cl_south,3.4619541561389373,20.0,gpcc2025
1971-05-01,cl_south,4.178852548008869,20.0,gpcc2025
1971-06-01,cl_south,4.129140263515921,19.0,gpcc2025
1971-07-01,cl_south,9.294774145528715,18.0,gpcc2025
1971-08-01,cl_south,7.3266035796346705,18.0,gpcc2025
1971-09-01,cl_south,5.379534893582567,19.0,gpcc2025
1971-10-01,cl_south,2.867494754169328,19.0,gpcc2025
1971-11-01,cl_south,4.295084519102038,19.0,gpcc2025
1971-12-01,cl_south,4.683665458210099,19.0,gpcc2025
1972-01-01,cl_south,4.007428431841581,20.0,gpcc2025
1972-02-01,cl_south,4.0132808027944336,20.0,gpcc2025
1972-03-01,cl_south,3.125325745465831,19.0,gpcc2025
1972-04-01,cl_south,3.8459685203243925,20.0,gpcc2025
1972-05-01,cl_south,7.086302437737375,20.0,gpcc2025
1972-06-01,cl_south,4.777666456476378,20.0,gpcc2025
1972-07-01,cl_south,6.367210589400544,20.0,gpcc2025
1972-08-01,cl_south,3.725005558319065,20.0,gpcc2025
1972-09-01,cl_south,3.67928437023731,20.0,gpcc2025
1972-10-01,cl_south,4.319975485774413,20.0,gpcc2025
1972-11-01,cl_south,1.6131054421141562,20.0,gpcc2025
1972-12-01,cl_south,2.110140551298717,20.0,gpcc2025
1973-01-01,cl_south,3.461880995016009,20.0,gpcc2025
1973-02-01,cl_south,1.788175345666836,20.0,gpcc2025
1973-03-01,cl_south,2.5160963651212884,20.0,gpcc2025
1973-04-01,cl_south,3.7445652963972456,20.0,gpcc2025
1973-05-01,cl_south,4.873829670350985,20.0,gpcc2025
1973-06-01,cl_south,7.176919978647011,20.0,gpcc2025
1973-07-01,cl_south,3.993872628974842,20.0,gpcc2025
1973-08-01,cl_south,5.48203091722095,20.0,gpcc2025
1973-09-01,cl_south,4.074324808799187,19.0,gpcc2025
1973-10-01,cl_south,3.0666966494660204,20.0,gpcc2025
1973-11-01,cl_south,2.3346680113121616,20.0,gpcc2025
1973-12-01,cl_south,1.9460771571472308,20.0,gpcc2025
1974-01-01,cl_south,4.30127091341978,20.0,gpcc2025
1974-02-01,cl_south,2.676092696302049,19.0,gpcc2025
1974-03-01,cl_south,3.3528900642039363,20.0,gpcc2025
1974-04-01,cl_south,3.1388085793821423,20.0,gpcc2025
1974-05-01,cl_south,5.326187731590671,20.0,gpcc2025
1974-06-01,cl_south,4.820458372510115,20.0,gpcc2025
1974-07-01,cl_south,5.071570911087737,20.0,gpcc2025
1974-08-01,cl_south,5.731134988811045,20.0,gpcc2025
1974-09-01,cl_south,3.0392158354132044,20.0,gpcc2025
1974-10-01,cl_south,2.3669769671887284,20.0,gpcc2025
1974-11-01,cl_south,3.844563610532085,20.0,gpcc2025
1974-12-01,cl_south,2.4404565191923124,20.0,gpcc2025
1975-01-01,cl_south,1.4236094170991385,19.0,gpcc2025
1975-02-01,cl_south,3.8195553098223,19.0,gpcc2025
1975-03-01,cl_south,2.2538648723835673,20.0,gpcc2025
1975-04-01,cl_south,5.139703387263473,20.0,gpcc2025
1975-05-01,cl_south,4.543521853783505,20.0,gpcc2025
1975-06-01,cl_south,5.968106227417068,20.0,gpcc2025
1975-07-01,cl_south,6.126012788683662,20.0,gpcc2025
1975-08-01,cl_south,5.2227588047110505,20.0,gpcc2025
1975-09-01,cl_south,4.593398459674631,19.0,gpcc2025
1975-10-01,cl_south,3.143562158963263,20.0,gpcc2025
1975-11-01,cl_south,3.7152089442000973,20.0,gpcc2025
1975-12-01,cl_south,3.744545675708625,20.0,gpcc2025
1976-01-01,cl_altiplano,4.94539638483562,71.0,gpcc2025
1976-02-01,cl_altiplano,3.4031638127132298,71.0,gpcc2025
1976-03-01,cl_altiplano,2.6643589342059437,71.0,gpcc2025
1976-04-01,cl_altiplano,0.785766933578447,68.0,gpcc2025
1976-05-01,cl_altiplano,0.9414334708603294,70.0,gpcc2025
1976-06-01,cl_altiplano,0.24707616867048746,69.0,gpcc2025
1976-07-01,cl_altiplano,0.18914409242469962,69.0,gpcc2025
1976-08-01,cl_altiplano,0.7546900445797065,70.0,gpcc2025
1976-09-01,cl_altiplano,1.4509524851630466,71.0,gpcc2025
1976-10-01,cl_altiplano,0.5123947509890454,69.0,gpcc2025
1976-11-01,cl_altiplano,1.6076376449613925,69.0,gpcc2025
1976-12-01,cl_altiplano,2.4932557394164383,69.0,gpcc2025
1977-01-01,cl_altiplano,2.7408516510897205,67.0,gpcc2025
1977-02-01,cl_altiplano,5.147642703387687,67.0,gpcc2025
1977-03-01,cl_altiplano,3.0312775347040213,69.0,gpcc2025
1977-04-01,cl_altiplano,0.948987592478916,68.0,gpcc2025
1977-05-01,cl_altiplano,0.7761387156262843,68.0,gpcc2025
1977-06-01,cl_altiplano,0.17984199014979016,68.0,gpcc2025
1977-07-01,cl_altiplano,0.35897494906111144,69.0,gpcc2025
1977-08-01,cl_altiplano,0.8198679721776009,69.0,gpcc2025
1977-09-01,cl_altiplano,1.071688517587156,68.0,gpcc2025
1977-10-01,cl_altiplano,1.3683656100358261,68.0,gpcc2025
1977-11-01,cl_altiplano,2.506448891145454,67.0,gpcc2025
1977-12-01,cl_altiplano,2.856803291492522,69.0,gpcc2025
1978-01-01,cl_altiplano,3.981792067369913,68.0,gpcc2025
1978-02-01,cl_altiplano,4.133188063187083,68.0,gpcc2025
1978-03-01,cl_altiplano,2.2430163323148515,67.0,gpcc2025
1978-04-01,cl_altiplano,1.199171389717022,67.0,gpcc2025
1978-05-01,cl_altiplano,0.5787175616485806,64.0,gpcc2025
1978-06-01,cl_altiplano,0.48208964157250034,65.0,gpcc2025
1978-07-01,cl_altiplano,0.15698699858102558,64.0,gpcc2025
1978-08-01,cl_altiplano,0.23679847704504906,64.0,gpcc2025
1978-09-01,cl_altiplano,0.52839545659622,66.0,gpcc2025
1978-10-01,cl_altiplano,0.595657368870934,67.0,gpcc2025
1978-11-01,cl_altiplano,2.3036512446397817,66.0,gpcc2025
1978-12-01,cl_altiplano,3.8316525282039726,68.0,gpcc2025
1979-01-01,cl_altiplano,5.079640328683422,69.0,gpcc2025
1979-02-01,cl_altiplano,2.1978294319337346,69.0,gpcc2025
1979-03-01,cl_altiplano,3.3924527699650238,68.0,gpcc2025
1979-04-01,cl_altiplano,0.9294221406618427,69.0,gpcc2025
1979-05-01,cl_altiplano,0.5595084294168602,68.0,gpcc2025
1979-06-01,cl_altiplano,0.07188627904215136,67.0,gpcc2025
1979-07-01,cl_altiplano,0.3716424828415334,68.0,gpcc2025
1979-08-01,cl_altiplano,0.2779191027302317,67.0,gpcc2025
1979-09-01,cl_altiplano,0.4099877474448235,67.0,gpcc2025
1979-10-01,cl_altiplano,1.1221269733733208,68.0,gpcc2025
1979-11-01,cl_altiplano,1.6071957416976297,68.0,gpcc2025
1979-12-01,cl_altiplano,2.7578801787707055,68.0,gpcc2025
1980-01-01,cl_altiplano,3.3975867113669724,66.0,gpcc2025
1980-02-01,cl_altiplano,2.3557723542787476,68.0,gpcc2025
1980-03-01,cl_altiplano,2.9433581231570205,68.0,gpcc2025
1980-04-01,cl_altiplano,0.8475054280148869,67.0,gpcc2025
1980-05-01,cl_altiplano,0.39716391401793255,68.0,gpcc2025
1980-06-01,cl_altiplano,0.31425588816648015,68.0,gpcc2025
1980-07-01,cl_altiplano,0.31194189644996845,68.0,gpcc2025
1980-08-01,cl_altiplano,0.7878878708257641,67.0,gpcc2025
1980-09-01,cl_altiplano,0.9089662979436878,67.0,gpcc2025
1980-10-01,cl_altiplano,2.1249866693272645,67.0,gpcc2025
1980-11-01,cl_altiplano,1.0877168026340818,66.0,gpcc2025
1980-12-01,cl_altiplano,1.5389344524099107,65.0,gpcc2025
1976-01-01,cl_atacama,0.30854916671421806,19.0,gpcc2025
1976-02-01,cl_atacama,0.18757505950914682,19.0,gpcc2025
1976-03-01,cl_atacama,0.12412781912386686,19.0,gpcc2025
1976-04-01,cl_atacama,0.014401808647426777,18.0,gpcc2025
1976-05-01,cl_atacama,0.23911760844435453,19.0,gpcc2025
1976-06-01,cl_atacama,0.018509078618917194,19.0,gpcc2025
1976-07-01,cl_atacama,0.02654559874426162,19.0,gpcc2025
1976-08-01,cl_atacama,0.16089874231869972,19.0,gpcc2025
1976-09-01,cl_atacama,0.12405485458103906,19.0,gpcc2025
1976-10-01,cl_atacama,0.01274011471089849,19.0,gpcc2025
1976-11-01,cl_atacama,0.006231884707012806,19.0,gpcc2025
1976-12-01,cl_atacama,0.03689308659249094,19.0,gpcc2025
1977-01-01,cl_atacama,0.15851073120705583,16.0,gpcc2025
1977-02-01,cl_atacama,0.29765516443702067,18.0,gpcc2025
1977-03-01,cl_atacama,0.08608507151078681,18.0,gpcc2025
1977-04-01,cl_atacama,0.053475058977715755,19.0,gpcc2025
1977-05-01,cl_atacama,0.02848572065477227,18.0,gpcc2025
1977-06-01,cl_atacama,0.03666546702154008,18.0,gpcc2025
1977-07-01,cl_atacama,0.26891095180613933,19.0,gpcc2025
1977-08-01,cl_atacama,0.07009348468190188,19.0,gpcc2025
1977-09-01,cl_atacama,0.03295060319963725,19.0,gpcc2025
1977-10-01,cl_atacama,0.018219571531601187,18.0,gpcc2025
1977-11-01,cl_atacama,0.010792580269638079,19.0,gpcc2025
1977-12-01,cl_atacama,0.03820550280691266,19.0,gpcc2025
1978-01-01,cl_atacama,0.10592759475701666,19.0,gpcc2025
1978-02-01,cl_atacama,0.04509029878551858,19.0,gpcc2025
1978-03-01,cl_atacama,0.06805630600128147,19.0,gpcc2025
1978-04-01,cl_atacama,0.010959106345726112,19.0,gpcc2025
1978-05-01,cl_atacama,0.0133893135323324,19.0,gpcc2025
1978-06-01,cl_atacama,0.06388496582122925,19.0,gpcc2025
1978-07-01,cl_atacama,0.17188588540392563,18.0,gpcc2025
1978-08-01,cl_atacama,0.010256867507676818,18.0,gpcc2025
1978-09-01,cl_atacama,0.021348687356348206,18.0,gpcc2025
1978-10-01,cl_atacama,0.01091163895720199,18.0,gpcc2025
1978-11-01,cl_atacama,0.020427746122958234,18.0,gpcc2025
1978-12-01,cl_atacama,0.03019586919245899,19.0,gpcc2025
1979-01-01,cl_atacama,0.17715529031497804,20.0,gpcc2025
1979-02-01,cl_atacama,0.05122243447629171,20.0,gpcc2025
1979-03-01,cl_atacama,0.09060396982397724,20.0,gpcc2025
1979-04-01,cl_atacama,0.0183328031987677,20.0,gpcc2025
1979-05-01,cl_atacama,0.013776256098680759,20.0,gpcc2025
1979-06-01,cl_atacama,0.02522321805679202,20.0,gpcc2025
1979-07-01,cl_atacama,0.02684419807038065,20.0,gpcc2025
1979-08-01,cl_atacama,0.011117743071485404,20.0,gpcc2025
1979-09-01,cl_atacama,0.010916641737568678,20.0,gpcc2025
1979-10-01,cl_atacama,0.009745484501310001,20.0,gpcc2025
1979-11-01,cl_atacama,0.006507316125224751,20.0,gpcc2025
1979-12-01,cl_atacama,0.051435999157412315,20.0,gpcc2025
1980-01-01,cl_atacama,0.04156879500293821,28.0,gpcc2025
1980-02-01,cl_atacama,0.060453102889525524,28.0,gpcc2025
1980-03-01,cl_atacama,0.05951926198081346,28.0,gpcc2025
1980-04-01,cl_atacama,0.560258592362893,28.0,gpcc2025
1980-05-01,cl_atacama,0.016723542357933826,28.0,gpcc2025
1980-06-01,cl_atacama,0.04108017589637411,28.0,gpcc2025
1980-07-01,cl_atacama,0.4906743845559602,28.0,gpcc2025
1980-08-01,cl_atacama,0.04862272209343688,27.0,gpcc2025
1980-09-01,cl_atacama,0.008053609819046773,27.0,gpcc2025
1980-10-01,cl_atacama,0.05427427584541857,27.0,gpcc2025
1980-11-01,cl_atacama,0.007604286410807626,27.0,gpcc2025
1980-12-01,cl_atacama,0.013205535464421707,27.0,gpcc2025
1976-01-01,cl_central,0.46754259602895265,96.0,gpcc2025
1976-02-01,cl_central,0.43888407567469306,96.0,gpcc2025
1976-03-01,cl_central,0.654784259736034,99.0,gpcc2025
1976-04-01,cl_central,0.40607452517041437,95.0,gpcc2025
1976-05-01,cl_central,2.524724363308272,97.0,gpcc2025
1976-06-01,cl_central,5.890726454466495,98.0,gpcc2025
1976-07-01,cl_central,1.9261686477607334,98.0,gpcc2025
1976-08-01,cl_central,2.0747838768663818,96.0,gpcc2025
1976-09-01,cl_central,2.0221340686312863,97.0,gpcc2025
1976-10-01,cl_central,3.261459633938435,96.0,gpcc2025
1976-11-01,cl_central,1.554706106510504,95.0,gpcc2025
1976-12-01,cl_central,1.4461066800184779,97.0,gpcc2025
1977-01-01,cl_central,0.9091867684595576,99.0,gpcc2025
1977-02-01,cl_central,0.16141690812941595,98.0,gpcc2025
1977-03-01,cl_central,0.5189947394067954,98.0,gpcc2025
1977-04-01,cl_central,1.747166027548995,96.0,gpcc2025
1977-05-01,cl_central,5.2389332860228865,95.0,gpcc2025
1977-06-01,cl_central,6.285781260178072,98.0,gpcc2025
1977-07-01,cl_central,10.649219026792007,95.0,gpcc2025
1977-08-01,cl_central,3.2958648253526883,96.0,gpcc2025
1977-09-01,cl_central,1.6501959942211437,93.0,gpcc2025
1977-10-01,cl_central,2.3278780471276583,92.0,gpcc2025
1977-11-01,cl_central,2.3435782762920625,92.0,gpcc2025
1977-12-01,cl_central,0.4723179623952973,92.0,gpcc2025
1978-01-01,cl_central,0.25125828705037534,99.0,gpcc2025
1978-02-01,cl_central,0.2856479970951463,98.0,gpcc2025
1978-03-01,cl_central,0.1764815356479549,98.0,gpcc2025
1978-04-01,cl_central,0.25995452100813193,98.0,gpcc2025
1978-05-01,cl_central,3.3191131222720296,99.0,gpcc2025
1978-06-01,cl_central,4.129362682435961,99.0,gpcc2025
1978-07-01,cl_central,12.570077655018245,98.0,gpcc2025
1978-08-01,cl_central,1.5677912262323472,99.0,gpcc2025
1978-09-01,cl_central,4.707623552990193,98.0,gpcc2025
1978-10-01,cl_central,2.4091082673746795,98.0,gpcc2025
1978-11-01,cl_central,2.8759817272190116,98.0,gpcc2025
1978-12-01,cl_central,0.10522623001759854,98.0,gpcc2025
1979-01-01,cl_central,0.45967483135845477,97.0,gpcc2025
1979-02-01,cl_central,0.35260575521537,97.0,gpcc2025
1979-03-01,cl_central,0.23637831948205648,97.0,gpcc2025
1979-04-01,cl_central,1.171487255634302,97.0,gpcc2025
1979-05-01,cl_central,3.5396986929541643,97.0,gpcc2025
1979-06-01,cl_central,1.2666143123746356,97.0,gpcc2025
1979-07-01,cl_central,5.641880359886012,96.0,gpcc2025
1979-08-01,cl_central,6.1521290253989305,97.0,gpcc2025
1979-09-01,cl_central,3.1713421784253746,94.0,gpcc2025
1979-10-01,cl_central,0.6707312473236254,95.0,gpcc2025
1979-11-01,cl_central,2.4499218612684803,93.0,gpcc2025
1979-12-01,cl_central,1.881819999322898,92.0,gpcc2025
1980-01-01,cl_central,0.0915092897704708,135.0,gpcc2025
1980-02-01,cl_central,2.696159129170611,135.0,gpcc2025
1980-03-01,cl_central,0.7177469182234655,135.0,gpcc2025
1980-04-01,cl_central,7.002094637560764,136.0,gpcc2025
1980-05-01,cl_central,8.42609080394571,135.0,gpcc2025
1980-06-01,cl_central,5.849700601052906,135.0,gpcc2025
1980-07-01,cl_central,5.299797509950991,130.0,gpcc2025
1980-08-01,cl_central,2.9354657223655294,133.0,gpcc2025
1980-09-01,cl_central,2.1046193950218215,132.0,gpcc2025
1980-10-01,cl_central,0.1528028677085969,128.0,gpcc2025
1980-11-01,cl_central,0.7264325781056443,130.0,gpcc2025
1980-12-01,cl_central,1.5650454062615096,130.0,gpcc2025
1976-01-01,cl_south,3.64521060839738,20.0,gpcc2025
1976-02-01,cl_south,2.559045921740628,19.0,gpcc2025
1976-03-01,cl_south,2.450505232141813,19.0,gpcc2025
1976-04-01,cl_south,3.127507789486486,19.0,gpcc2025
1976-05-01,cl_south,5.8311618266723935,20.0,gpcc2025
1976-06-01,cl_south,4.9212496254200975,20.0,gpcc2025
1976-07-01,cl_south,6.406927382700319,19.0,gpcc2025
1976-08-01,cl_south,2.8619103414950313,19.0,gpcc2025
1976-09-01,cl_south,2.4249279505810963,19.0,gpcc2025
1976-10-01,cl_south,2.28084823954726,19.0,gpcc2025
1976-11-01,cl_south,2.506798956140854,19.0,gpcc2025
1976-12-01,cl_south,4.988369968107301,19.0,gpcc2025
1977-01-01,cl_south,3.393415335529534,19.0,gpcc2025
1977-02-01,cl_south,1.8170468449215291,20.0,gpcc2025
1977-03-01,cl_south,2.4962009570731647,19.0,gpcc2025
1977-04-01,cl_south,7.377761289820238,19.0,gpcc2025
1977-05-01,cl_south,5.258378357475445,20.0,gpcc2025
1977-06-01,cl_south,9.618292140073658,20.0,gpcc2025
1977-07-01,cl_south,5.275948374998675,20.0,gpcc2025
1977-08-01,cl_south,4.257687515595186,20.0,gpcc2025
1977-09-01,cl_south,4.264598176737424,20.0,gpcc2025
1977-10-01,cl_south,3.948817165943002,17.0,gpcc2025
1977-11-01,cl_south,4.840555726539718,20.0,gpcc2025
1977-12-01,cl_south,1.8264902442094668,19.0,gpcc2025
1978-01-01,cl_south,2.948414793956109,20.0,gpcc2025
1978-02-01,cl_south,2.107416355750426,20.0,gpcc2025
1978-03-01,cl_south,1.822652647580148,20.0,gpcc2025
1978-04-01,cl_south,2.5949720674584067,20.0,gpcc2025
1978-05-01,cl_south,6.124017583731225,21.0,gpcc2025
1978-06-01,cl_south,4.495792388197464,21.0,gpcc2025
1978-07-01,cl_south,6.88792392364889,21.0,gpcc2025
1978-08-01,cl_south,4.185265858149888,20.0,gpcc2025
1978-09-01,cl_south,3.713590091517159,22.0,gpcc2025
1978-10-01,cl_south,4.454662370645433,21.0,gpcc2025
1978-11-01,cl_south,2.7513496192269473,22.0,gpcc2025
1978-12-01,cl_south,1.7630351278533625,21.0,gpcc2025
1979-01-01,cl_south,1.9513522644230767,22.0,gpcc2025
1979-02-01,cl_south,2.082515872144574,21.0,gpcc2025
1979-03-01,cl_south,2.3620397820054784,21.0,gpcc2025
1979-04-01,cl_south,2.725405867219064,21.0,gpcc2025
1979-05-01,cl_south,6.195699957407482,20.0,gpcc2025
1979-06-01,cl_south,5.334709686182728,22.0,gpcc2025
1979-07-01,cl_south,6.4448477779727344,22.0,gpcc2025
1979-08-01,cl_south,6.602331705385804,22.0,gpcc2025
1979-09-01,cl_south,4.67942629389325,21.0,gpcc2025
1979-10-01,cl_south,3.8017329145126255,22.0,gpcc2025
1979-11-01,cl_south,3.3488677729236254,22.0,gpcc2025
1979-12-01,cl_south,2.6387174035860625,22.0,gpcc2025
1980-01-01,cl_south,1.9091047547579414,26.0,gpcc2025
1980-02-01,cl_south,4.195369401693722,26.0,gpcc2025
1980-03-01,cl_south,5.131488740878979,26.0,gpcc2025
1980-04-01,cl_south,4.180053019525508,26.0,gpcc2025
1980-05-01,cl_south,8.052178061157852,26.0,gpcc2025
1980-06-01,cl_south,5.8113444176355005,26.0,gpcc2025
1980-07-01,cl_south,4.443198189594132,26.0,gpcc2025
1980-08-01,cl_south,6.849652454673726,26.0,gpcc2025
1980-09-01,cl_south,4.7040868405896274,26.0,gpcc2025
1980-10-01,cl_south,1.6341011292695926,26.0,gpcc2025
1980-11-01,cl_south,3.770684794333294,26.0,gpcc2025
1980-12-01,cl_south,3.1855451751303736,25.0,gpcc2025
1981-01-01,cl_altiplano,4.411775554955973,56.0,gpcc2025
1981-02-01,cl_altiplano,5.3465021364607415,59.0,gpcc2025
1981-03-01,cl_altiplano,3.045414730468596,60.0,gpcc2025
1981-04-01,cl_altiplano,1.4036024904245736,56.0,gpcc2025
1981-05-01,cl_altiplano,0.5935311804924415,53.0,gpcc2025
1981-06-01,cl_altiplano,0.568675509634748,49.0,gpcc2025
1981-07-01,cl_altiplano,0.15427056178341533,50.0,gpcc2025
1981-08-01,cl_altiplano,1.061491789052703,51.0,gpcc2025
1981-09-01,cl_altiplano,1.1334775620868602,50.0,gpcc2025
1981-10-01,cl_altiplano,1.5302202918763284,51.0,gpcc2025
1981-11-01,cl_altiplano,1.6496375516497797,49.0,gpcc2025
1981-12-01,cl_altiplano,3.067079278138353,50.0,gpcc2025
1982-01-01,cl_altiplano,3.795933469537384,45.0,gpcc2025
1982-02-01,cl_altiplano,2.740173688114805,46.0,gpcc2025
1982-03-01,cl_altiplano,3.3181141033559696,45.0,gpcc2025
1982-04-01,cl_altiplano,1.3659630880599791,45.0,gpcc2025
1982-05-01,cl_altiplano,0.28111026693555646,44.0,gpcc2025
1982-06-01,cl_altiplano,0.4240338401331572,44.0,gpcc2025
1982-07-01,cl_altiplano,0.4937735695761859,45.0,gpcc2025
1982-08-01,cl_altiplano,0.3106036108484921,44.0,gpcc2025
1982-09-01,cl_altiplano,0.7578437851577462,43.0,gpcc2025
1982-10-01,cl_altiplano,1.293641206978762,43.0,gpcc2025
1982-11-01,cl_altiplano,2.454744438286611,39.0,gpcc2025
1982-12-01,cl_altiplano,1.8010491332866705,40.0,gpcc2025
1983-01-01,cl_altiplano,1.8231612901468088,39.0,gpcc2025
1983-02-01,cl_altiplano,3.008051735503986,38.0,gpcc2025
1983-03-01,cl_altiplano,1.3570775881213966,40.0,gpcc2025
1983-04-01,cl_altiplano,1.1062117528049655,39.0,gpcc2025
1983-05-01,cl_altiplano,1.161312201999414,38.0,gpcc2025
1983-06-01,cl_altiplano,0.6739550969296316,39.0,gpcc2025
1983-07-01,cl_altiplano,0.6626113799627398,39.0,gpcc2025
1983-08-01,cl_altiplano,0.35358908793681043,39.0,gpcc2025
1983-09-01,cl_altiplano,0.9384974994028322,40.0,gpcc2025
1983-10-01,cl_altiplano,0.8338264109672688,39.0,gpcc2025
1983-11-01,cl_altiplano,1.1450898906259848,40.0,gpcc2025
1983-12-01,cl_altiplano,2.307378683485302,40.0,gpcc2025
1984-01-01,cl_altiplano,6.014744099353751,39.0,gpcc2025
1984-02-01,cl_altiplano,5.639318240642644,38.0,gpcc2025
1984-03-01,cl_altiplano,4.237947445674039,39.0,gpcc2025
1984-04-01,cl_altiplano,1.3290441672278654,37.0,gpcc2025
1984-05-01,cl_altiplano,0.35678594722302565,37.0,gpcc2025
1984-06-01,cl_altiplano,0.5074331331214407,37.0,gpcc2025
1984-07-01,cl_altiplano,0.14976449102689993,37.0,gpcc2025
1984-08-01,cl_altiplano,0.583660993386452,37.0,gpcc2025
1984-09-01,cl_altiplano,0.30884634584577747,38.0,gpcc2025
1984-10-01,cl_altiplano,2.177874501626504,37.0,gpcc2025
1984-11-01,cl_altiplano,3.147130941572972,38.0,gpcc2025
1984-12-01,cl_altiplano,2.8592510072090165,38.0,gpcc2025
1985-01-01,cl_altiplano,3.253696536568315,36.0,gpcc2025
1985-02-01,cl_altiplano,4.296073079315603,37.0,gpcc2025
1985-03-01,cl_altiplano,2.0395036044055006,35.0,gpcc2025
1985-04-01,cl_altiplano,1.9627993173225555,36.0,gpcc2025
1985-05-01,cl_altiplano,0.4602611213648463,34.0,gpcc2025
1985-06-01,cl_altiplano,0.35023696249541436,34.0,gpcc2025
1985-07-01,cl_altiplano,0.2687415867670264,34.0,gpcc2025
1985-08-01,cl_altiplano,0.4823301556687883,36.0,gpcc2025
1985-09-01,cl_altiplano,1.1001067532408275,35.0,gpcc2025
1985-10-01,cl_altiplano,1.1190833388207975,33.0,gpcc2025
1985-11-01,cl_altiplano,2.734459391245368,33.0,gpcc2025
1985-12-01,cl_altiplano,2.959162442165349,34.0,gpcc2025
1981-01-01,cl_atacama,0.07319779985897902,24.0,gpcc2025
1981-02-01,cl_atacama,0.1661297912733526,26.0,gpcc2025
1981-03-01,cl_atacama,0.0313332828887293,26.0,gpcc2025
1981-04-01,cl_atacama,0.025949832872485753,25.0,gpcc2025
1981-05-01,cl_atacama,0.031240253936782574,24.0,gpcc2025
1981-06-01,cl_atacama,0.030586254355857538,24.0,gpcc2025
1981-07-01,cl_atacama,0.015788119338332657,25.0,gpcc2025
1981-08-01,cl_atacama,0.16733360899804245,25.0,gpcc2025
1981-09-01,cl_atacama,0.010020585993799621,25.0,gpcc2025
1981-10-01,cl_atacama,0.004331212228176309,25.0,gpcc2025
1981-11-01,cl_atacama,0.02233687946913277,25.0,gpcc2025
1981-12-01,cl_atacama,0.05622454184560904,25.0,gpcc2025
1982-01-01,cl_atacama,0.05653010864840237,24.0,gpcc2025
1982-02-01,cl_atacama,0.042813843699748576,24.0,gpcc2025
1982-03-01,cl_atacama,0.026438676830764056,25.0,gpcc2025
1982-04-01,cl_atacama,0.0027707260989523978,25.0,gpcc2025
1982-05-01,cl_atacama,0.08738081678615928,25.0,gpcc2025
1982-06-01,cl_atacama,0.14450187799923234,25.0,gpcc2025
1982-07-01,cl_atacama,0.18298709855372267,25.0,gpcc2025
1982-08-01,cl_atacama,0.02989848865021131,25.0,gpcc2025
1982-09-01,cl_atacama,0.052174661217124364,25.0,gpcc2025
1982-10-01,cl_atacama,0.019209095186767954,25.0,gpcc2025
1982-11-01,cl_atacama,0.017847239642948327,24.0,gpcc2025
1982-12-01,cl_atacama,0.013097777185736823,25.0,gpcc2025
1983-01-01,cl_atacama,0.029532309290729065,25.0,gpcc2025
1983-02-01,cl_atacama,0.02891693950269597,25.0,gpcc2025
1983-03-01,cl_atacama,0.004561876982101124,25.0,gpcc2025
1983-04-01,cl_atacama,0.031067970987637146,25.0,gpcc2025
1983-05-01,cl_atacama,0.06493407218171787,25.0,gpcc2025
1983-06-01,cl_atacama,0.25640594038512315,25.0,gpcc2025
1983-07-01,cl_atacama,0.7862070602696671,25.0,gpcc2025
1983-08-01,cl_atacama,0.20880825595864463,25.0,gpcc2025
1983-09-01,cl_atacama,0.025484477512528827,25.0,gpcc2025
1983-10-01,cl_atacama,0.009821015759351195,24.0,gpcc2025
1983-11-01,cl_atacama,0.011306790366466096,25.0,gpcc2025
1983-12-01,cl_atacama,0.009483742748461295,25.0,gpcc2025
1984-01-01,cl_atacama,0.3225716633561518,25.0,gpcc2025
1984-02-01,cl_atacama,0.24941042514528566,24.0,gpcc2025
1984-03-01,cl_atacama,0.37587851177279924,25.0,gpcc2025
1984-04-01,cl_atacama,0.004211594003736895,25.0,gpcc2025
1984-05-01,cl_atacama,0.007908539641948263,25.0,gpcc2025
1984-06-01,cl_atacama,0.20894248273298965,25.0,gpcc2025
1984-07-01,cl_atacama,1.008925970704456,24.0,gpcc2025
1984-08-01,cl_atacama,0.011576629639075018,24.0,gpcc2025
1984-09-01,cl_atacama,0.01122058935098874,25.0,gpcc2025
1984-10-01,cl_atacama,0.04089522841921676,25.0,gpcc2025
1984-11-01,cl_atacama,0.027060107954087344,24.0,gpcc2025
1984-12-01,cl_atacama,0.01220860812068752,25.0,gpcc2025
1985-01-01,cl_atacama,0.0713987088725858,25.0,gpcc2025
1985-02-01,cl_atacama,0.22363242605593453,25.0,gpcc2025
1985-03-01,cl_atacama,0.07010175742497184,25.0,gpcc2025
1985-04-01,cl_atacama,0.01121591365643755,24.0,gpcc2025
1985-05-01,cl_atacama,0.007621136566680793,25.0,gpcc2025
1985-06-01,cl_atacama,0.01438841842267883,24.0,gpcc2025
1985-07-01,cl_atacama,0.08019887629716739,24.0,gpcc2025
1985-08-01,cl_atacama,0.03200316209129834,25.0,gpcc2025
1985-09-01,cl_atacama,0.006234883455996455,25.0,gpcc2025
1985-10-01,cl_atacama,0.007905531818335518,25.0,gpcc2025
1985-11-01,cl_atacama,0.04481481539383208,25.0,gpcc2025
1985-12-01,cl_atacama,0.046190431944742816,25.0,gpcc2025
1981-01-01,cl_central,2.261229733873849,110.0,gpcc2025
1981-02-01,cl_central,0.2670367995756999,109.0,gpcc2025
1981-03-01,cl_central,0.9515663808353919,110.0,gpcc2025
1981-04-01,cl_central,2.233039686235079,112.0,gpcc2025
1981-05-01,cl_central,10.891865226942896,112.0,gpcc2025
1981-06-01,cl_central,2.5893436216687844,112.0,gpcc2025
1981-07-01,cl_central,3.1282000042439075,111.0,gpcc2025
1981-08-01,cl_central,2.4130373336493336,112.0,gpcc2025
1981-09-01,cl_central,1.8352621823191086,110.0,gpcc2025
1981-10-01,cl_central,0.7379126478030062,111.0,gpcc2025
1981-11-01,cl_central,0.2826660071545894,109.0,gpcc2025
1981-12-01,cl_central,0.32916105942645707,108.0,gpcc2025
1982-01-01,cl_central,1.070721859271569,109.0,gpcc2025
1982-02-01,cl_central,0.784571335067471,109.0,gpcc2025
1982-03-01,cl_central,0.8259496877542788,110.0,gpcc2025
1982-04-01,cl_central,0.6526517753957362,111.0,gpcc2025
1982-05-01,cl_central,6.23237959197568,111.0,gpcc2025
1982-06-01,cl_central,10.102372976168397,111.0,gpcc2025
1982-07-01,cl_central,7.669536491477837,111.0,gpcc2025
1982-08-01,cl_central,4.518854717561207,112.0,gpcc2025
1982-09-01,cl_central,4.370915799506408,112.0,gpcc2025
1982-10-01,cl_central,2.9855526701803683,111.0,gpcc2025
1982-11-01,cl_central,0.9964783108909139,110.0,gpcc2025
1982-12-01,cl_central,0.08282643032163797,109.0,gpcc2025
1983-01-01,cl_central,0.8379417157924408,111.0,gpcc2025
1983-02-01,cl_central,0.16890321737558267,112.0,gpcc2025
1983-03-01,cl_central,0.29484447992375956,112.0,gpcc2025
1983-04-01,cl_central,1.7622198930183073,113.0,gpcc2025
1983-05-01,cl_central,2.8338650176791593,113.0,gpcc2025
1983-06-01,cl_central,5.662396117448775,113.0,gpcc2025
1983-07-01,cl_central,5.109875432758119,113.0,gpcc2025
1983-08-01,cl_central,3.212207274909923,112.0,gpcc2025
1983-09-01,cl_central,2.431717950280189,112.0,gpcc2025
1983-10-01,cl_central,0.5980520320367672,110.0,gpcc2025
1983-11-01,cl_central,0.12289165476232287,112.0,gpcc2025
1983-12-01,cl_central,0.23339448610655197,112.0,gpcc2025
1984-01-01,cl_central,0.3829011570725022,112.0,gpcc2025
1984-02-01,cl_central,1.004082978080137,112.0,gpcc2025
1984-03-01,cl_central,0.4972465728841318,113.0,gpcc2025
1984-04-01,cl_central,0.7975214425311543,114.0,gpcc2025
1984-05-01,cl_central,8.607075109657929,114.0,gpcc2025
1984-06-01,cl_central,4.603317451778168,114.0,gpcc2025
1984-07-01,cl_central,10.386471681417149,113.0,gpcc2025
1984-08-01,cl_central,2.49658424460934,113.0,gpcc2025
1984-09-01,cl_central,3.4636720024571104,113.0,gpcc2025
1984-10-01,cl_central,3.6862207408982157,113.0,gpcc2025
1984-11-01,cl_central,0.8306305759456848,113.0,gpcc2025
1984-12-01,cl_central,0.2211425311356475,112.0,gpcc2025
1985-01-01,cl_central,0.8703262705830236,111.0,gpcc2025
1985-02-01,cl_central,0.26299568166361514,111.0,gpcc2025
1985-03-01,cl_central,0.7861578608291478,112.0,gpcc2025
1985-04-01,cl_central,2.186661195529052,112.0,gpcc2025
1985-05-01,cl_central,5.018641963576452,111.0,gpcc2025
1985-06-01,cl_central,2.8701752714159783,113.0,gpcc2025
1985-07-01,cl_central,3.871499669222977,113.0,gpcc2025
1985-08-01,cl_central,1.2943659218725116,114.0,gpcc2025
1985-09-01,cl_central,2.365859642975879,114.0,gpcc2025
1985-10-01,cl_central,2.159284518107785,113.0,gpcc2025
1985-11-01,cl_central,0.9735518268104784,113.0,gpcc2025
1985-12-01,cl_central,0.16502108373521948,114.0,gpcc2025
1981-01-01,cl_south,2.697609808593651,22.0,gpcc2025
1981-02-01,cl_south,1.9599490387055556,22.0,gpcc2025
1981-03-01,cl_south,2.4588928161266725,22.0,gpcc2025
1981-04-01,cl_south,2.864035177625952,22.0,gpcc2025
1981-05-01,cl_south,8.625794596808241,22.0,gpcc2025
1981-06-01,cl_south,5.825636934529783,21.0,gpcc2025
1981-07-01,cl_south,5.005363148750336,22.0,gpcc2025
1981-08-01,cl_south,3.6433664991595225,22.0,gpcc2025
1981-09-01,cl_south,4.69368067031397,22.0,gpcc2025
1981-10-01,cl_south,2.3028834835658936,22.0,gpcc2025
1981-11-01,cl_south,2.9281881980043423,21.0,gpcc2025
1981-12-01,cl_south,2.247052117301135,21.0,gpcc2025
1982-01-01,cl_south,3.0211608084573367,21.0,gpcc2025
1982-02-01,cl_south,2.3334554730414667,22.0,gpcc2025
1982-03-01,cl_south,2.9738023120157107,22.0,gpcc2025
1982-04-01,cl_south,2.338424761803164,22.0,gpcc2025
1982-05-01,cl_south,6.244331192939125,22.0,gpcc2025
1982-06-01,cl_south,4.649869347831697,22.0,gpcc2025
1982-07-01,cl_south,4.267280141053924,22.0,gpcc2025
1982-08-01,cl_south,5.647180733636108,22.0,gpcc2025
1982-09-01,cl_south,3.8959313303181213,22.0,gpcc2025
1982-10-01,cl_south,4.006958247994871,22.0,gpcc2025
1982-11-01,cl_south,2.623909649762834,22.0,gpcc2025
1982-12-01,cl_south,1.8236846419864527,22.0,gpcc2025
1983-01-01,cl_south,2.8564302639840857,22.0,gpcc2025
1983-02-01,cl_south,3.048116050402244,22.0,gpcc2025
1983-03-01,cl_south,2.8606509076800597,22.0,gpcc2025
1983-04-01,cl_south,4.128273393122447,20.0,gpcc2025
1983-05-01,cl_south,3.8524839795475403,20.0,gpcc2025
1983-06-01,cl_south,4.2084119843806445,21.0,gpcc2025
1983-07-01,cl_south,5.380175661499826,22.0,gpcc2025
1983-08-01,cl_south,3.4637354680864574,21.0,gpcc2025
1983-09-01,cl_south,3.856724305850205,22.0,gpcc2025
1983-10-01,cl_south,2.7884143953291005,22.0,gpcc2025
1983-11-01,cl_south,2.5098115362341575,22.0,gpcc2025
1983-12-01,cl_south,2.9670574400130296,21.0,gpcc2025
1984-01-01,cl_south,3.329657057704492,22.0,gpcc2025
1984-02-01,cl_south,3.7632340042881514,20.0,gpcc2025
1984-03-01,cl_south,1.8636351361682422,21.0,gpcc2025
1984-04-01,cl_south,3.7139953154218803,21.0,gpcc2025
1984-05-01,cl_south,5.372286902304221,21.0,gpcc2025
1984-06-01,cl_south,3.856236918440673,20.0,gpcc2025
1984-07-01,cl_south,3.4978758726311465,21.0,gpcc2025
1984-08-01,cl_south,2.391808783123023,21.0,gpcc2025
1984-09-01,cl_south,2.9180638558263294,21.0,gpcc2025
1984-10-01,cl_south,5.872766589325281,21.0,gpcc2025
1984-11-01,cl_south,2.371151727238858,21.0,gpcc2025
1984-12-01,cl_south,1.861755965826026,21.0,gpcc2025
1985-01-01,cl_south,2.530089860488556,21.0,gpcc2025
1985-02-01,cl_south,3.189010569790878,20.0,gpcc2025
1985-03-01,cl_south,2.7922710800591326,20.0,gpcc2025
1985-04-01,cl_south,4.550831417868653,21.0,gpcc2025
1985-05-01,cl_south,7.6154623683322615,21.0,gpcc2025
1985-06-01,cl_south,5.454317598558701,20.0,gpcc2025
1985-07-01,cl_south,3.1546192815549228,20.0,gpcc2025
1985-08-01,cl_south,3.9860403021718684,20.0,gpcc2025
1985-09-01,cl_south,5.138185359656195,21.0,gpcc2025
1985-10-01,cl_south,1.9506905040399587,19.0,gpcc2025
1985-11-01,cl_south,2.7776725679982666,21.0,gpcc2025
1985-12-01,cl_south,2.2499620750649605,21.0,gpcc2025
1986-01-01,cl_altiplano,2.807951591812809,34.0,gpcc2025
1986-02-01,cl_altiplano,3.8575655513585843,35.0,gpcc2025
1986-03-01,cl_altiplano,3.0976861535746916,35.0,gpcc2025
1986-04-01,cl_altiplano,1.0045262466584637,35.0,gpcc2025
1986-05-01,cl_altiplano,0.6229507733638251,36.0,gpcc2025
1986-06-01,cl_altiplano,0.25984474874581015,35.0,gpcc2025
1986-07-01,cl_altiplano,0.25072020064484224,35.0,gpcc2025
1986-08-01,cl_altiplano,0.5795129471615612,36.0,gpcc2025
1986-09-01,cl_altiplano,1.0545614558323215,35.0,gpcc2025
1986-10-01,cl_altiplano,0.7014015413705224,36.0,gpcc2025
1986-11-01,cl_altiplano,1.1943682060731005,36.0,gpcc2025
1986-12-01,cl_altiplano,2.989333981997325,36.0,gpcc2025
1987-01-01,cl_altiplano,4.676354410722373,35.0,gpcc2025
1987-02-01,cl_altiplano,1.7924136640091854,34.0,gpcc2025
1987-03-01,cl_altiplano,1.99344555390536,35.0,gpcc2025
1987-04-01,cl_altiplano,0.9123790146653309,35.0,gpcc2025
1987-05-01,cl_altiplano,0.7702831311238576,35.0,gpcc2025
1987-06-01,cl_altiplano,0.5769546089184397,35.0,gpcc2025
1987-07-01,cl_altiplano,0.547402372291874,35.0,gpcc2025
1987-08-01,cl_altiplano,0.34963510813572823,35.0,gpcc2025
1987-09-01,cl_altiplano,0.7348226045899281,35.0,gpcc2025
1987-10-01,cl_altiplano,1.317427673571652,34.0,gpcc2025
1987-11-01,cl_altiplano,1.8112711169791178,35.0,gpcc2025
1987-12-01,cl_altiplano,2.090467604934163,35.0,gpcc2025
1988-01-01,cl_altiplano,3.0509293569424667,35.0,gpcc2025
1988-02-01,cl_altiplano,2.754467928561215,36.0,gpcc2025
1988-03-01,cl_altiplano,4.039900696463479,36.0,gpcc2025
1988-04-01,cl_altiplano,2.23283624114313,35.0,gpcc2025
1988-05-01,cl_altiplano,0.6367843168200571,36.0,gpcc2025
1988-06-01,cl_altiplano,0.08903470434590899,34.0,gpcc2025
1988-07-01,cl_altiplano,0.1501336858974781,34.0,gpcc2025
1988-08-01,cl_altiplano,0.15959258403847235,36.0,gpcc2025
1988-09-01,cl_altiplano,0.7006712841958624,36.0,gpcc2025
1988-10-01,cl_altiplano,1.4938362206720586,35.0,gpcc2025
1988-11-01,cl_altiplano,1.1132804417458664,36.0,gpcc2025
1988-12-01,cl_altiplano,2.6899188404378713,35.0,gpcc2025
1989-01-01,cl_altiplano,2.8857745636680763,34.0,gpcc2025
1989-02-01,cl_altiplano,2.86738276905426,34.0,gpcc2025
1989-03-01,cl_altiplano,2.3277277983169795,34.0,gpcc2025
1989-04-01,cl_altiplano,1.6242224091069457,34.0,gpcc2025
1989-05-01,cl_altiplano,0.49938530407352333,32.0,gpcc2025
1989-06-01,cl_altiplano,0.45300528545172847,31.0,gpcc2025
1989-07-01,cl_altiplano,0.18595764468528567,32.0,gpcc2025
1989-08-01,cl_altiplano,0.35623886799545457,32.0,gpcc2025
1989-09-01,cl_altiplano,0.8491552264704951,32.0,gpcc2025
1989-10-01,cl_altiplano,1.0329504238874754,31.0,gpcc2025
1989-11-01,cl_altiplano,0.9588163000621984,31.0,gpcc2025
1989-12-01,cl_altiplano,1.9271615150402743,32.0,gpcc2025
1990-01-01,cl_altiplano,3.785009861325968,29.0,gpcc2025
1990-02-01,cl_altiplano,2.793894995659387,29.0,gpcc2025
1990-03-01,cl_altiplano,1.382935783577733,28.0,gpcc2025
1990-04-01,cl_altiplano,0.7868309458265746,29.0,gpcc2025
1990-05-01,cl_altiplano,0.9371367546503157,29.0,gpcc2025
1990-06-01,cl_altiplano,1.1688670930800027,28.0,gpcc2025
1990-07-01,cl_altiplano,0.35783155763657615,28.0,gpcc2025
1990-08-01,cl_altiplano,0.6185311448551664,28.0,gpcc2025
1990-09-01,cl_altiplano,0.6252384320771384,28.0,gpcc2025
1990-10-01,cl_altiplano,1.77966420017148,28.0,gpcc2025
1990-11-01,cl_altiplano,2.060968642398671,28.0,gpcc2025
1990-12-01,cl_altiplano,2.804823192470974,28.0,gpcc2025
1986-01-01,cl_atacama,0.08809027982622013,24.0,gpcc2025
1986-02-01,cl_atacama,0.15403186827689583,24.0,gpcc2025
1986-03-01,cl_atacama,0.046960177370417105,24.0,gpcc2025
1986-04-01,cl_atacama,0.012533714257419911,24.0,gpcc2025
1986-05-01,cl_atacama,0.1566717163701064,24.0,gpcc2025
1986-06-01,cl_atacama,0.02313728056080029,24.0,gpcc2025
1986-07-01,cl_atacama,0.046169718838643646,24.0,gpcc2025
1986-08-01,cl_atacama,0.1764617634029974,24.0,gpcc2025
1986-09-01,cl_atacama,0.013917885623151917,24.0,gpcc2025
1986-10-01,cl_atacama,0.017840426053505016,24.0,gpcc2025
1986-11-01,cl_atacama,0.022977130393045553,24.0,gpcc2025
1986-12-01,cl_atacama,0.05233959149225123,24.0,gpcc2025
1987-01-01,cl_atacama,0.22758602947329268,24.0,gpcc2025
1987-02-01,cl_atacama,0.1068373780839857,24.0,gpcc2025
1987-03-01,cl_atacama,0.10294700714264594,24.0,gpcc2025
1987-04-01,cl_atacama,0.004847012062587403,24.0,gpcc2025
1987-05-01,cl_atacama,0.1770689507945419,24.0,gpcc2025
1987-06-01,cl_atacama,0.025105572702896865,24.0,gpcc2025
1987-07-01,cl_atacama,1.2169765415632383,24.0,gpcc2025
1987-08-01,cl_atacama,0.23827405591840556,24.0,gpcc2025
1987-09-01,cl_atacama,0.012108505385212335,24.0,gpcc2025
1987-10-01,cl_atacama,0.03080132671577394,24.0,gpcc2025
1987-11-01,cl_atacama,0.013746091466246193,24.0,gpcc2025
1987-12-01,cl_atacama,0.003919291096800564,24.0,gpcc2025
1988-01-01,cl_atacama,0.12264705961770843,23.0,gpcc2025
1988-02-01,cl_atacama,0.048666031923668716,23.0,gpcc2025
1988-03-01,cl_atacama,0.12237068754271707,23.0,gpcc2025
1988-04-01,cl_atacama,0.026220835289608318,23.0,gpcc2025
1988-05-01,cl_atacama,0.03669544293164876,23.0,gpcc2025
1988-06-01,cl_atacama,0.008257840202793328,23.0,gpcc2025
1988-07-01,cl_atacama,0.012859229207080977,23.0,gpcc2025
1988-08-01,cl_atacama,0.003352679098141104,23.0,gpcc2025
1988-09-01,cl_atacama,0.050284674881056826,23.0,gpcc2025
1988-10-01,cl_atacama,0.008373507525490322,23.0,gpcc2025
1988-11-01,cl_atacama,0.0042189032429250746,23.0,gpcc2025
1988-12-01,cl_atacama,0.014114547607856052,23.0,gpcc2025
1989-01-01,cl_atacama,0.0702613024105652,23.0,gpcc2025
1989-02-01,cl_atacama,0.18462053498721046,23.0,gpcc2025
1989-03-01,cl_atacama,0.034230192702241306,23.0,gpcc2025
1989-04-01,cl_atacama,0.027340477973400504,23.0,gpcc2025
1989-05-01,cl_atacama,0.022411348438261067,23.0,gpcc2025
1989-06-01,cl_atacama,0.02133470639278142,23.0,gpcc2025
1989-07-01,cl_atacama,0.04711808435161956,23.0,gpcc2025
1989-08-01,cl_atacama,0.31458222296667293,23.0,gpcc2025
1989-09-01,cl_atacama,0.012768101427083099,23.0,gpcc2025
1989-10-01,cl_atacama,0.003945106185797777,23.0,gpcc2025
1989-11-01,cl_atacama,0.006311623391730537,23.0,gpcc2025
1989-12-01,cl_atacama,0.0032072364190442824,23.0,gpcc2025
1990-01-01,cl_atacama,0.05769281564048993,22.0,gpcc2025
1990-02-01,cl_atacama,0.28163633644886865,22.0,gpcc2025
1990-03-01,cl_atacama,0.04058502806862117,22.0,gpcc2025
1990-04-01,cl_atacama,0.01005017414430905,22.0,gpcc2025
1990-05-01,cl_atacama,0.015040422827805535,22.0,gpcc2025
1990-06-01,cl_atacama,0.021701114682219153,22.0,gpcc2025
1990-07-01,cl_atacama,0.1306832796435688,22.0,gpcc2025
1990-08-01,cl_atacama,0.002941653804571106,22.0,gpcc2025
1990-09-01,cl_atacama,0.013816759169542874,22.0,gpcc2025
1990-10-01,cl_atacama,0.009004833642455114,22.0,gpcc2025
1990-11-01,cl_atacama,0.007670475186918266,22.0,gpcc2025
1990-12-01,cl_atacama,0.09455036004256077,21.0,gpcc2025
1986-01-01,cl_central,0.34502802908321406,116.0,gpcc2025
1986-02-01,cl_central,0.8174524031613428,116.0,gpcc2025
1986-03-01,cl_central,1.155227815237412,116.0,gpcc2025
1986-04-01,cl_central,3.4818139979959346,116.0,gpcc2025
1986-05-01,cl_central,7.716255188449998,116.0,gpcc2025
1986-06-01,cl_central,6.444640959603748,116.0,gpcc2025
1986-07-01,cl_central,2.0330988080190866,115.0,gpcc2025
1986-08-01,cl_central,4.6540691502675635,116.0,gpcc2025
1986-09-01,cl_central,1.1187197897295371,116.0,gpcc2025
1986-10-01,cl_central,0.9445933327831517,116.0,gpcc2025
1986-11-01,cl_central,3.506319947144211,116.0,gpcc2025
1986-12-01,cl_central,0.15407441868803684,116.0,gpcc2025
1987-01-01,cl_central,0.07127049247416727,116.0,gpcc2025
1987-02-01,cl_central,0.18214574351475485,116.0,gpcc2025
1987-03-01,cl_central,1.374757112284222,116.0,gpcc2025
1987-04-01,cl_central,1.1075222603694084,117.0,gpcc2025
1987-05-01,cl_central,3.0742271481794194,117.0,gpcc2025
1987-06-01,cl_central,3.149375190680136,117.0,gpcc2025
1987-07-01,cl_central,11.677140585451918,115.0,gpcc2025
1987-08-01,cl_central,5.685447207278473,117.0,gpcc2025
1987-09-01,cl_central,2.3533109485402943,117.0,gpcc2025
1987-10-01,cl_central,2.076859697125492,117.0,gpcc2025
1987-11-01,cl_central,0.4780872408772507,117.0,gpcc2025
1987-12-01,cl_central,0.5215573135514773,117.0,gpcc2025
1988-01-01,cl_central,0.48028616517551975,117.0,gpcc2025
1988-02-01,cl_central,0.05549537344803554,117.0,gpcc2025
1988-03-01,cl_central,1.106140744383404,117.0,gpcc2025
1988-04-01,cl_central,0.9047508934284337,117.0,gpcc2025
1988-05-01,cl_central,1.4201034254401192,116.0,gpcc2025
1988-06-01,cl_central,4.364816515932195,116.0,gpcc2025
1988-07-01,cl_central,3.611158746420031,116.0,gpcc2025
1988-08-01,cl_central,4.943408682861836,116.0,gpcc2025
1988-09-01,cl_central,1.2111987298797326,116.0,gpcc2025
1988-10-01,cl_central,1.114503946195783,116.0,gpcc2025
1988-11-01,cl_central,0.47500725610883404,116.0,gpcc2025
1988-12-01,cl_central,0.4513554834411184,117.0,gpcc2025
1989-01-01,cl_central,0.24375647574780138,117.0,gpcc2025
1989-02-01,cl_central,0.17803883463647968,117.0,gpcc2025
1989-03-01,cl_central,0.5408402875378531,116.0,gpcc2025
1989-04-01,cl_central,0.3932378122702963,116.0,gpcc2025
1989-05-01,cl_central,1.3407237848774698,116.0,gpcc2025
1989-06-01,cl_central,5.094764429212989,116.0,gpcc2025
1989-07-01,cl_central,4.9848967372189,116.0,gpcc2025
1989-08-01,cl_central,4.464864739278755,116.0,gpcc2025
1989-09-01,cl_central,0.9584973766132934,116.0,gpcc2025
1989-10-01,cl_central,0.6317792398049447,116.0,gpcc2025
1989-11-01,cl_central,0.36294954089620635,116.0,gpcc2025
1989-12-01,cl_central,1.9894758508389392,117.0,gpcc2025
1990-01-01,cl_central,0.3025722986281747,117.0,gpcc2025
1990-02-01,cl_central,0.6407661086067501,117.0,gpcc2025
1990-03-01,cl_central,1.8794164381853804,117.0,gpcc2025
1990-04-01,cl_central,1.6841990655831762,116.0,gpcc2025
1990-05-01,cl_central,2.6496309864718484,116.0,gpcc2025
1990-06-01,cl_central,2.1098514554841676,116.0,gpcc2025
1990-07-01,cl_central,2.750554610123804,116.0,gpcc2025
1990-08-01,cl_central,2.5536399945477495,116.0,gpcc2025
1990-09-01,cl_central,4.223080070102336,116.0,gpcc2025
1990-10-01,cl_central,1.1024673358462656,116.0,gpcc2025
1990-11-01,cl_central,0.6857016202829647,116.0,gpcc2025
1990-12-01,cl_central,0.21602708345331798,116.0,gpcc2025
1986-01-01,cl_south,4.393744254536038,23.0,gpcc2025
1986-02-01,cl_south,3.0485581802434587,23.0,gpcc2025
1986-03-01,cl_south,4.182020231764318,21.0,gpcc2025
1986-04-01,cl_south,5.363483255136344,23.0,gpcc2025
1986-05-01,cl_south,5.39571456177301,23.0,gpcc2025
1986-06-01,cl_south,6.481203856687982,23.0,gpcc2025
1986-07-01,cl_south,5.068933098086834,23.0,gpcc2025
1986-08-01,cl_south,3.2927750312001876,23.0,gpcc2025
1986-09-01,cl_south,3.4826236644173365,23.0,gpcc2025
1986-10-01,cl_south,2.015518582373793,22.0,gpcc2025
1986-11-01,cl_south,3.968949509665026,23.0,gpcc2025
1986-12-01,cl_south,2.1763564963343836,23.0,gpcc2025
1987-01-01,cl_south,2.2957128279119643,23.0,gpcc2025
1987-02-01,cl_south,2.216730280733594,22.0,gpcc2025
1987-03-01,cl_south,3.048264614578619,22.0,gpcc2025
1987-04-01,cl_south,3.811945364894851,23.0,gpcc2025
1987-05-01,cl_south,3.795101726602627,22.0,gpcc2025
1987-06-01,cl_south,5.033677036503639,21.0,gpcc2025
1987-07-01,cl_south,6.11309035251805,23.0,gpcc2025
1987-08-01,cl_south,3.2707576857390532,22.0,gpcc2025
1987-09-01,cl_south,3.163274333179764,23.0,gpcc2025
1987-10-01,cl_south,2.9370977051815657,22.0,gpcc2025
1987-11-01,cl_south,2.40050859051238,23.0,gpcc2025
1987-12-01,cl_south,2.55870591560791,22.0,gpcc2025
1988-01-01,cl_south,2.7682158429951245,23.0,gpcc2025
1988-02-01,cl_south,1.1875947828309719,22.0,gpcc2025
1988-03-01,cl_south,3.3114531790201367,22.0,gpcc2025
1988-04-01,cl_south,3.505012023205277,23.0,gpcc2025
1988-05-01,cl_south,3.029802907272052,22.0,gpcc2025
1988-06-01,cl_south,6.7328019368816046,22.0,gpcc2025
1988-07-01,cl_south,2.8284681901165403,22.0,gpcc2025
1988-08-01,cl_south,4.542134435753451,22.0,gpcc2025
1988-09-01,cl_south,2.575160368820923,22.0,gpcc2025
1988-10-01,cl_south,4.1016914648621245,22.0,gpcc2025
1988-11-01,cl_south,2.5884386150130463,22.0,gpcc2025
1988-12-01,cl_south,3.434975796187717,23.0,gpcc2025
1989-01-01,cl_south,2.63772812443005,22.0,gpcc2025
1989-02-01,cl_south,1.9159895383099286,21.0,gpcc2025
1989-03-01,cl_south,2.746229456991649,21.0,gpcc2025
1989-04-01,cl_south,4.923578596867936,21.0,gpcc2025
1989-05-01,cl_south,3.1844894102331973,21.0,gpcc2025
1989-06-01,cl_south,5.886262634340325,21.0,gpcc2025
1989-07-01,cl_south,4.2165557884831495,22.0,gpcc2025
1989-08-01,cl_south,6.081488712376097,21.0,gpcc2025
1989-09-01,cl_south,2.2763783250282157,22.0,gpcc2025
1989-10-01,cl_south,2.563473396787748,22.0,gpcc2025
1989-11-01,cl_south,2.49050721378238,22.0,gpcc2025
1989-12-01,cl_south,5.656729854476756,23.0,gpcc2025
1990-01-01,cl_south,2.355202608825967,23.0,gpcc2025
1990-02-01,cl_south,1.631163821923619,21.0,gpcc2025
1990-03-01,cl_south,3.3918512540739547,22.0,gpcc2025
1990-04-01,cl_south,4.1597715051091235,22.0,gpcc2025
1990-05-01,cl_south,7.157245102879588,22.0,gpcc2025
1990-06-01,cl_south,6.818163275765903,22.0,gpcc2025
1990-07-01,cl_south,4.827206417295325,22.0,gpcc2025
1990-08-01,cl_south,5.834294837753497,22.0,gpcc2025
1990-09-01,cl_south,5.013466816827478,22.0,gpcc2025
1990-10-01,cl_south,3.8598965768450433,23.0,gpcc2025
1990-11-01,cl_south,3.550342529252125,22.0,gpcc2025
1990-12-01,cl_south,2.770781548120811,22.0,gpcc2025
1991-01-01,cl_altiplano,3.838987200315695,28.0,gpcc2025
1991-02-01,cl_altiplano,2.5010062981410353,28.0,gpcc2025
1991-03-01,cl_altiplano,2.1524197576930084,28.0,gpcc2025
1991-04-01,cl_altiplano,0.9799765615322678,28.0,gpcc2025
1991-05-01,cl_altiplano,0.40902498915229785,27.0,gpcc2025
1991-06-01,cl_altiplano,0.7893555628242078,27.0,gpcc2025
1991-07-01,cl_altiplano,0.26014125308211766,28.0,gpcc2025
1991-08-01,cl_altiplano,0.2501671534383515,28.0,gpcc2025
1991-09-01,cl_altiplano,0.5705397655348309,28.0,gpcc2025
1991-10-01,cl_altiplano,0.8761262389209714,28.0,gpcc2025
1991-11-01,cl_altiplano,1.2998680686106714,28.0,gpcc2025
1991-12-01,cl_altiplano,1.2557799202563318,26.0,gpcc2025
1992-01-01,cl_altiplano,2.8123110550477466,27.0,gpcc2025
1992-02-01,cl_altiplano,3.1815018887597675,25.0,gpcc2025
1992-03-01,cl_altiplano,1.8593706469532352,28.0,gpcc2025
1992-04-01,cl_altiplano,0.9947762789950896,28.0,gpcc2025
1992-05-01,cl_altiplano,0.7021456154450375,27.0,gpcc2025
1992-06-01,cl_altiplano,0.6633734715341043,28.0,gpcc2025
1992-07-01,cl_altiplano,0.2278718344927376,27.0,gpcc2025
1992-08-01,cl_altiplano,1.1818882413202008,27.0,gpcc2025
1992-09-01,cl_altiplano,0.9065927340760157,24.0,gpcc2025
1992-10-01,cl_altiplano,1.4452820015019654,28.0,gpcc2025
1992-11-01,cl_altiplano,1.9679036831833143,28.0,gpcc2025
1992-12-01,cl_altiplano,2.453036763449648,27.0,gpcc2025
1993-01-01,cl_altiplano,3.868418445823463,27.0,gpcc2025
1993-02-01,cl_altiplano,2.5222137392932047,28.0,gpcc2025
1993-03-01,cl_altiplano,2.3914703667822472,27.0,gpcc2025
1993-04-01,cl_altiplano,0.8570835221546235,27.0,gpcc2025
1993-05-01,cl_altiplano,0.3653169061195463,25.0,gpcc2025
1993-06-01,cl_altiplano,0.15172928513218611,25.0,gpcc2025
1993-07-01,cl_altiplano,0.3898217898202173,25.0,gpcc2025
1993-08-01,cl_altiplano,1.0170984556495528,25.0,gpcc2025
1993-09-01,cl_altiplano,0.7348044097807815,23.0,gpcc2025
1993-10-01,cl_altiplano,1.2789059570101164,23.0,gpcc2025
1993-11-01,cl_altiplano,1.556364374029838,25.0,gpcc2025
1993-12-01,cl_altiplano,2.759891485011195,24.0,gpcc2025
1994-01-01,cl_altiplano,2.8514824035203787,26.0,gpcc2025
1994-02-01,cl_altiplano,2.934369775536525,26.0,gpcc2025
1994-03-01,cl_altiplano,1.8871679596184807,26.0,gpcc2025
1994-04-01,cl_altiplano,1.2682453459433682,28.0,gpcc2025
1994-05-01,cl_altiplano,0.48251283350660834,28.0,gpcc2025
1994-06-01,cl_altiplano,0.18482002604427503,28.0,gpcc2025
1994-07-01,cl_altiplano,0.11229434912333895,28.0,gpcc2025
1994-08-01,cl_altiplano,0.5145296030040984,28.0,gpcc2025
1994-09-01,cl_altiplano,0.8999193550025842,28.0,gpcc2025
1994-10-01,cl_altiplano,1.1740854499800488,27.0,gpcc2025
1994-11-01,cl_altiplano,1.1155213156139987,27.0,gpcc2025
1994-12-01,cl_altiplano,2.688385200603626,26.0,gpcc2025
1995-01-01,cl_altiplano,2.4680924831185487,27.0,gpcc2025
1995-02-01,cl_altiplano,3.263366996346928,27.0,gpcc2025
1995-03-01,cl_altiplano,2.5822813040774224,29.0,gpcc2025
1995-04-01,cl_altiplano,0.6289485394222026,28.0,gpcc2025
1995-05-01,cl_altiplano,0.3600321946281937,28.0,gpcc2025
1995-06-01,cl_altiplano,0.14157411232300537,28.0,gpcc2025
1995-07-01,cl_altiplano,0.2239623466361404,28.0,gpcc2025
1995-08-01,cl_altiplano,0.36253091232481593,28.0,gpcc2025
1995-09-01,cl_altiplano,0.6110357527723629,27.0,gpcc2025
1995-10-01,cl_altiplano,0.5770873784246691,26.0,gpcc2025
1995-11-01,cl_altiplano,1.182604010579742,26.0,gpcc2025
1995-12-01,cl_altiplano,2.643407090535228,27.0,gpcc2025
1991-01-01,cl_atacama,0.18136590818371184,22.0,gpcc2025
1991-02-01,cl_atacama,0.024950933533641518,22.0,gpcc2025
1991-03-01,cl_atacama,0.08553566101891158,22.0,gpcc2025
1991-04-01,cl_atacama,0.005587709919896493,22.0,gpcc2025
1991-05-01,cl_atacama,0.01185879637754471,21.0,gpcc2025
1991-06-01,cl_atacama,1.1651075445903365,22.0,gpcc2025
1991-07-01,cl_atacama,0.15755686841766828,22.0,gpcc2025
1991-08-01,cl_atacama,0.005516756177004984,22.0,gpcc2025
1991-09-01,cl_atacama,0.0070710651752344455,22.0,gpcc2025
1991-10-01,cl_atacama,0.010818065735549463,22.0,gpcc2025
1991-11-01,cl_atacama,0.016217441198669993,22.0,gpcc2025
1991-12-01,cl_atacama,0.03877953822453071,22.0,gpcc2025
1992-01-01,cl_atacama,0.06314740935673882,23.0,gpcc2025
1992-02-01,cl_atacama,0.028692085099278203,22.0,gpcc2025
1992-03-01,cl_atacama,0.19972212164558908,23.0,gpcc2025
1992-04-01,cl_atacama,0.14313545781146858,22.0,gpcc2025
1992-05-01,cl_atacama,0.5821997689069559,22.0,gpcc2025
1992-06-01,cl_atacama,0.6842365209017572,22.0,gpcc2025
1992-07-01,cl_atacama,0.020636331517352217,23.0,gpcc2025
1992-08-01,cl_atacama,0.02796648030028224,23.0,gpcc2025
1992-09-01,cl_atacama,0.0061731464793642965,21.0,gpcc2025
1992-10-01,cl_atacama,0.013199214467585324,23.0,gpcc2025
1992-11-01,cl_atacama,0.030564851277337816,22.0,gpcc2025
1992-12-01,cl_atacama,0.12598351142808592,22.0,gpcc2025
1993-01-01,cl_atacama,0.1532755363925253,20.0,gpcc2025
1993-02-01,cl_atacama,0.03317496437197268,22.0,gpcc2025
1993-03-01,cl_atacama,0.029337784218465036,22.0,gpcc2025
1993-04-01,cl_atacama,0.013150425771569017,21.0,gpcc2025
1993-05-01,cl_atacama,0.03929934774608958,20.0,gpcc2025
1993-06-01,cl_atacama,0.01993708066689764,20.0,gpcc2025
1993-07-01,cl_atacama,0.007949450144249113,20.0,gpcc2025
1993-08-01,cl_atacama,0.1293372252852006,19.0,gpcc2025
1993-09-01,cl_atacama,0.008830461901142526,19.0,gpcc2025
1993-10-01,cl_atacama,0.017292679922804078,19.0,gpcc2025
1993-11-01,cl_atacama,0.008059670559414285,19.0,gpcc2025
1993-12-01,cl_atacama,0.012931446972388053,19.0,gpcc2025
1994-01-01,cl_atacama,0.05523739888337364,23.0,gpcc2025
1994-02-01,cl_atacama,0.13579913781684355,23.0,gpcc2025
1994-03-01,cl_atacama,0.017403265330990014,23.0,gpcc2025
1994-04-01,cl_atacama,0.014347450543730432,23.0,gpcc2025
1994-05-01,cl_atacama,0.01123140403426937,23.0,gpcc2025
1994-06-01,cl_atacama,0.04288374815949387,23.0,gpcc2025
1994-07-01,cl_atacama,0.01693960215067789,23.0,gpcc2025
1994-08-01,cl_atacama,0.013089070215302387,22.0,gpcc2025
1994-09-01,cl_atacama,0.0034529952318306098,22.0,gpcc2025
1994-10-01,cl_atacama,0.010181667561925832,22.0,gpcc2025
1994-11-01,cl_atacama,0.008408288693489611,22.0,gpcc2025
1994-12-01,cl_atacama,0.028728212222250873,22.0,gpcc2025
1995-01-01,cl_atacama,0.03845121920295181,22.0,gpcc2025
1995-02-01,cl_atacama,0.024207711584698904,21.0,gpcc2025
1995-03-01,cl_atacama,0.0957982078043326,22.0,gpcc2025
1995-04-01,cl_atacama,0.010325832909060032,22.0,gpcc2025
1995-05-01,cl_atacama,0.020408414065796004,22.0,gpcc2025
1995-06-01,cl_atacama,0.015432171722033898,21.0,gpcc2025
1995-07-01,cl_atacama,0.028594746428954435,20.0,gpcc2025
1995-08-01,cl_atacama,0.0065890492111306395,22.0,gpcc2025
1995-09-01,cl_atacama,0.02302730589616607,20.0,gpcc2025
1995-10-01,cl_atacama,0.004700166580990076,21.0,gpcc2025
1995-11-01,cl_atacama,0.009077763617353804,21.0,gpcc2025
1995-12-01,cl_atacama,0.018107319587528516,20.0,gpcc2025
1991-01-01,cl_central,0.5025481790185289,116.0,gpcc2025
1991-02-01,cl_central,0.15985788212173374,116.0,gpcc2025
1991-03-01,cl_central,0.5874792613579249,116.0,gpcc2025
1991-04-01,cl_central,2.407858756323352,116.0,gpcc2025
1991-05-01,cl_central,7.483440010628783,116.0,gpcc2025
1991-06-01,cl_central,4.798489764112549,117.0,gpcc2025
1991-07-01,cl_central,5.121890257414745,116.0,gpcc2025
1991-08-01,cl_central,1.7840610203616503,116.0,gpcc2025
1991-09-01,cl_central,2.6219043602365697,116.0,gpcc2025
1991-10-01,cl_central,1.2832637252658132,116.0,gpcc2025
1991-11-01,cl_central,0.7270265729146483,116.0,gpcc2025
1991-12-01,cl_central,2.378680409633104,116.0,gpcc2025
1992-01-01,cl_central,0.12049974447239355,101.0,gpcc2025
1992-02-01,cl_central,0.44896044995878454,101.0,gpcc2025
1992-03-01,cl_central,1.4102649748170557,101.0,gpcc2025
1992-04-01,cl_central,2.6771772185045672,100.0,gpcc2025
1992-05-01,cl_central,10.569659179045784,101.0,gpcc2025
1992-06-01,cl_central,8.721729956316459,101.0,gpcc2025
1992-07-01,cl_central,2.0664075562850144,101.0,gpcc2025
1992-08-01,cl_central,3.4937558669356794,101.0,gpcc2025
1992-09-01,cl_central,2.449701488400357,98.0,gpcc2025
1992-10-01,cl_central,1.6471309044449314,99.0,gpcc2025
1992-11-01,cl_central,0.5939325861795333,96.0,gpcc2025
1992-12-01,cl_central,1.1485113971910794,100.0,gpcc2025
1993-01-01,cl_central,0.2808706301218972,101.0,gpcc2025
1993-02-01,cl_central,0.08189289800831105,101.0,gpcc2025
1993-03-01,cl_central,0.9551349025434375,100.0,gpcc2025
1993-04-01,cl_central,3.2257728606704976,100.0,gpcc2025
1993-05-01,cl_central,7.634819875655222,100.0,gpcc2025
1993-06-01,cl_central,6.574056627359289,98.0,gpcc2025
1993-07-01,cl_central,5.010594721205756,99.0,gpcc2025
1993-08-01,cl_central,2.814167308333537,97.0,gpcc2025
1993-09-01,cl_central,0.8025544100914853,95.0,gpcc2025
1993-10-01,cl_central,1.3400800422778525,97.0,gpcc2025
1993-11-01,cl_central,1.0473885426915708,97.0,gpcc2025
1993-12-01,cl_central,1.0311196978289536,92.0,gpcc2025
1994-01-01,cl_central,0.19243933597729188,100.0,gpcc2025
1994-02-01,cl_central,0.2020344674649459,97.0,gpcc2025
1994-03-01,cl_central,0.37632115545335887,97.0,gpcc2025
1994-04-01,cl_central,2.7963877458642106,97.0,gpcc2025
1994-05-01,cl_central,2.5240150450944876,100.0,gpcc2025
1994-06-01,cl_central,5.338039156836076,100.0,gpcc2025
1994-07-01,cl_central,5.593211918372032,99.0,gpcc2025
1994-08-01,cl_central,1.1153783423968069,100.0,gpcc2025
1994-09-01,cl_central,2.8517828820149007,100.0,gpcc2025
1994-10-01,cl_central,1.6098430615888732,96.0,gpcc2025
1994-11-01,cl_central,0.9814646851796465,96.0,gpcc2025
1994-12-01,cl_central,1.097098894605575,97.0,gpcc2025
1995-01-01,cl_central,0.3166317506536561,98.0,gpcc2025
1995-02-01,cl_central,0.14701223096530253,98.0,gpcc2025
1995-03-01,cl_central,0.46771901186441667,98.0,gpcc2025
1995-04-01,cl_central,2.8926421968085148,97.0,gpcc2025
1995-05-01,cl_central,1.2360394981100697,94.0,gpcc2025
1995-06-01,cl_central,6.754620967133235,97.0,gpcc2025
1995-07-01,cl_central,6.58008809415237,93.0,gpcc2025
1995-08-01,cl_central,4.242583813295621,93.0,gpcc2025
1995-09-01,cl_central,0.9602802678786574,91.0,gpcc2025
1995-10-01,cl_central,1.2706017651375212,89.0,gpcc2025
1995-11-01,cl_central,0.2602910877738769,88.0,gpcc2025
1995-12-01,cl_central,0.06206841190873189,88.0,gpcc2025
1991-01-01,cl_south,2.796597591052209,22.0,gpcc2025
1991-02-01,cl_south,3.2987200904434637,22.0,gpcc2025
1991-03-01,cl_south,3.3947489554360297,22.0,gpcc2025
1991-04-01,cl_south,4.1891058231886955,22.0,gpcc2025
1991-05-01,cl_south,5.741588185789612,22.0,gpcc2025
1991-06-01,cl_south,3.3457481334146797,22.0,gpcc2025
1991-07-01,cl_south,5.246019760764404,22.0,gpcc2025
1991-08-01,cl_south,4.296441074004466,22.0,gpcc2025
1991-09-01,cl_south,5.604439404840561,22.0,gpcc2025
1991-10-01,cl_south,2.5994827881816316,22.0,gpcc2025
1991-11-01,cl_south,3.247161108537865,22.0,gpcc2025
1991-12-01,cl_south,5.324146840390502,22.0,gpcc2025
1992-01-01,cl_south,1.4005817682025703,19.0,gpcc2025
1992-02-01,cl_south,3.2230120643786915,18.0,gpcc2025
1992-03-01,cl_south,3.6198555071411342,18.0,gpcc2025
1992-04-01,cl_south,4.602170262575993,19.0,gpcc2025
1992-05-01,cl_south,4.618313114826968,19.0,gpcc2025
1992-06-01,cl_south,5.651897479511153,18.0,gpcc2025
1992-07-01,cl_south,2.8375567352961144,19.0,gpcc2025
1992-08-01,cl_south,3.3446427475063616,19.0,gpcc2025
1992-09-01,cl_south,4.719665680186337,19.0,gpcc2025
1992-10-01,cl_south,6.421767803393451,19.0,gpcc2025
1992-11-01,cl_south,2.4172672647468687,19.0,gpcc2025
1992-12-01,cl_south,3.5934199507557034,18.0,gpcc2025
1993-01-01,cl_south,2.9602066102289784,18.0,gpcc2025
1993-02-01,cl_south,1.9919931525527288,19.0,gpcc2025
1993-03-01,cl_south,5.540570288421093,19.0,gpcc2025
1993-04-01,cl_south,4.530607267569228,19.0,gpcc2025
1993-05-01,cl_south,5.542496381630322,19.0,gpcc2025
1993-06-01,cl_south,6.309379261095572,18.0,gpcc2025
1993-07-01,cl_south,5.2840638906679755,19.0,gpcc2025
1993-08-01,cl_south,3.998289275160939,18.0,gpcc2025
1993-09-01,cl_south,2.1219796093991556,19.0,gpcc2025
1993-10-01,cl_south,2.7856027104632823,19.0,gpcc2025
1993-11-01,cl_south,3.422758353055843,19.0,gpcc2025
1993-12-01,cl_south,3.3184721633000884,19.0,gpcc2025
1994-01-01,cl_south,2.7474324749547945,19.0,gpcc2025
1994-02-01,cl_south,2.3061802381242207,19.0,gpcc2025
1994-03-01,cl_south,2.466707469876273,19.0,gpcc2025
1994-04-01,cl_south,4.337441140805151,19.0,gpcc2025
1994-05-01,cl_south,8.385032298374894,19.0,gpcc2025
1994-06-01,cl_south,6.9928623562458645,18.0,gpcc2025
1994-07-01,cl_south,4.99007932369469,19.0,gpcc2025
1994-08-01,cl_south,4.786292466932053,19.0,gpcc2025
1994-09-01,cl_south,5.911457924067357,19.0,gpcc2025
1994-10-01,cl_south,3.0071967746839827,19.0,gpcc2025
1994-11-01,cl_south,4.1791969734905035,19.0,gpcc2025
1994-12-01,cl_south,3.4991723861880333,19.0,gpcc2025
1995-01-01,cl_south,2.7283398040239946,18.0,gpcc2025
1995-02-01,cl_south,2.1507381726046524,18.0,gpcc2025
1995-03-01,cl_south,4.148647802408366,18.0,gpcc2025
1995-04-01,cl_south,5.2681907857401455,17.0,gpcc2025
1995-05-01,cl_south,5.642441584263571,18.0,gpcc2025
1995-06-01,cl_south,6.88564506571286,17.0,gpcc2025
1995-07-01,cl_south,6.699959009512234,17.0,gpcc2025
1995-08-01,cl_south,5.0658097578401895,18.0,gpcc2025
1995-09-01,cl_south,3.3416907240632723,18.0,gpcc2025
1995-10-01,cl_south,3.1130869474799776,18.0,gpcc2025
1995-11-01,cl_south,2.514312268674378,18.0,gpcc2025
1995-12-01,cl_south,2.2277800898962585,18.0,gpcc2025
1996-01-01,cl_altiplano,3.930566200978418,27.0,gpcc2025
1996-02-01,cl_altiplano,2.0999237178736565,28.0,gpcc2025
1996-03-01,cl_altiplano,1.4956110270960474,27.0,gpcc2025
1996-04-01,cl_altiplano,0.9992480837770668,28.0,gpcc2025
1996-05-01,cl_altiplano,0.41263848473462644,28.0,gpcc2025
1996-06-01,cl_altiplano,0.18365664045736674,25.0,gpcc2025
1996-07-01,cl_altiplano,0.22060852646259047,27.0,gpcc2025
1996-08-01,cl_altiplano,0.5881727877018428,28.0,gpcc2025
1996-09-01,cl_altiplano,0.8890314176565484,28.0,gpcc2025
1996-10-01,cl_altiplano,0.6695630619239217,28.0,gpcc2025
1996-11-01,cl_altiplano,2.13328781352457,27.0,gpcc2025
1996-12-01,cl_altiplano,2.708818751962246,28.0,gpcc2025
1997-01-01,cl_altiplano,4.131546109279287,30.0,gpcc2025
1997-02-01,cl_altiplano,4.438796993811513,29.0,gpcc2025
1997-03-01,cl_altiplano,3.159613709331222,29.0,gpcc2025
1997-04-01,cl_altiplano,1.1282298583207995,30.0,gpcc2025
1997-05-01,cl_altiplano,0.44265049550906543,29.0,gpcc2025
1997-06-01,cl_altiplano,0.540459754358842,29.0,gpcc2025
1997-07-01,cl_altiplano,0.18857483750886808,28.0,gpcc2025
1997-08-01,cl_altiplano,0.41858241740327184,29.0,gpcc2025
1997-09-01,cl_altiplano,1.4387493272758312,28.0,gpcc2025
1997-10-01,cl_altiplano,0.8550273613747765,25.0,gpcc2025
1997-11-01,cl_altiplano,1.644564252353463,29.0,gpcc2025
1997-12-01,cl_altiplano,1.5977724956096588,28.0,gpcc2025
1998-01-01,cl_altiplano,2.582340255479525,28.0,gpcc2025
1998-02-01,cl_altiplano,3.039642403258156,28.0,gpcc2025
1998-03-01,cl_altiplano,1.8152724494090953,29.0,gpcc2025
1998-04-01,cl_altiplano,0.8095872779520374,29.0,gpcc2025
1998-05-01,cl_altiplano,0.3452052963233061,29.0,gpcc2025
1998-06-01,cl_altiplano,0.4437233396842529,27.0,gpcc2025
1998-07-01,cl_altiplano,0.12529119119422424,29.0,gpcc2025
1998-08-01,cl_altiplano,0.35871542364693404,29.0,gpcc2025
1998-09-01,cl_altiplano,0.9316839632794564,29.0,gpcc2025
1998-10-01,cl_altiplano,1.5215632658834501,29.0,gpcc2025
1998-11-01,cl_altiplano,2.379387442871965,29.0,gpcc2025
1998-12-01,cl_altiplano,1.5900012175721099,26.0,gpcc2025
1999-01-01,cl_altiplano,2.511914444556757,23.0,gpcc2025
1999-02-01,cl_altiplano,3.740453881739312,25.0,gpcc2025
1999-03-01,cl_altiplano,3.801095288848688,25.0,gpcc2025
1999-04-01,cl_altiplano,1.1167525387020423,26.0,gpcc2025
1999-05-01,cl_altiplano,0.5633091902652325,28.0,gpcc2025
1999-06-01,cl_altiplano,0.3370994880857314,28.0,gpcc2025
1999-07-01,cl_altiplano,0.19810000210425974,27.0,gpcc2025
1999-08-01,cl_altiplano,0.15861074761546348,29.0,gpcc2025
1999-09-01,cl_altiplano,1.0110764845097482,28.0,gpcc2025
1999-10-01,cl_altiplano,1.0675005759715035,27.0,gpcc2025
1999-11-01,cl_altiplano,1.415503622497495,29.0,gpcc2025
1999-12-01,cl_altiplano,2.1234940617075515,29.0,gpcc2025
2000-01-01,cl_altiplano,3.5736206829250516,28.0,gpcc2025
2000-02-01,cl_altiplano,2.9488635936754224,27.0,gpcc2025
2000-03-01,cl_altiplano,2.2445708188375324,29.0,gpcc2025
2000-04-01,cl_altiplano,0.48634521674432646,28.0,gpcc2025
2000-05-01,cl_altiplano,0.20283148970344217,29.0,gpcc2025
2000-06-01,cl_altiplano,0.5569573659850927,28.0,gpcc2025
2000-07-01,cl_altiplano,0.2506245629027439,29.0,gpcc2025
2000-08-01,cl_altiplano,0.3568914850315466,27.0,gpcc2025
2000-09-01,cl_altiplano,0.49595114740000873,29.0,gpcc2025
2000-10-01,cl_altiplano,1.0982841443015838,28.0,gpcc2025
2000-11-01,cl_altiplano,1.2266032457021503,28.0,gpcc2025
2000-12-01,cl_altiplano,2.1655948464670485,29.0,gpcc2025
1996-01-01,cl_atacama,0.07539859203935234,23.0,gpcc2025
1996-02-01,cl_atacama,0.09007351664309003,23.0,gpcc2025
1996-03-01,cl_atacama,0.0289896103033789,23.0,gpcc2025
1996-04-01,cl_atacama,0.0026601070880110512,23.0,gpcc2025
1996-05-01,cl_atacama,0.008014768330872439,23.0,gpcc2025
1996-06-01,cl_atacama,0.02323816783982196,22.0,gpcc2025
1996-07-01,cl_atacama,0.01923688523717423,23.0,gpcc2025
1996-08-01,cl_atacama,0.2592875760599752,22.0,gpcc2025
1996-09-01,cl_atacama,0.0160022379688048,21.0,gpcc2025
1996-10-01,cl_atacama,0.009741220939221378,23.0,gpcc2025
1996-11-01,cl_atacama,0.008380563797156283,21.0,gpcc2025
1996-12-01,cl_atacama,0.030418252152292633,22.0,gpcc2025
1997-01-01,cl_atacama,0.29598815122217875,23.0,gpcc2025
1997-02-01,cl_atacama,0.1881743713606841,22.0,gpcc2025
1997-03-01,cl_atacama,0.10234977653788566,22.0,gpcc2025
1997-04-01,cl_atacama,0.007987358358402898,23.0,gpcc2025
1997-05-01,cl_atacama,0.11934966510951675,21.0,gpcc2025
1997-06-01,cl_atacama,1.1572825309488068,21.0,gpcc2025
1997-07-01,cl_atacama,0.1521208656288837,22.0,gpcc2025
1997-08-01,cl_atacama,0.8920126166610056,22.0,gpcc2025
1997-09-01,cl_atacama,0.10683908545512603,23.0,gpcc2025
1997-10-01,cl_atacama,0.037734174067070796,23.0,gpcc2025
1997-11-01,cl_atacama,0.0053440004227378,23.0,gpcc2025
1997-12-01,cl_atacama,0.03614039154748909,22.0,gpcc2025
1998-01-01,cl_atacama,0.17811049795290912,22.0,gpcc2025
1998-02-01,cl_atacama,0.06285141335871419,22.0,gpcc2025
1998-03-01,cl_atacama,0.007439736171426582,23.0,gpcc2025
1998-04-01,cl_atacama,0.015675705427841823,23.0,gpcc2025
1998-05-01,cl_atacama,0.020904180851791885,22.0,gpcc2025
1998-06-01,cl_atacama,0.16604330023324052,23.0,gpcc2025
1998-07-01,cl_atacama,0.010164454882027066,23.0,gpcc2025
1998-08-01,cl_atacama,0.015389757005263743,23.0,gpcc2025
1998-09-01,cl_atacama,0.007895265405016677,22.0,gpcc2025
1998-10-01,cl_atacama,0.015372762354142196,22.0,gpcc2025
1998-11-01,cl_atacama,0.0042009698670868265,22.0,gpcc2025
1998-12-01,cl_atacama,0.024960549551689998,22.0,gpcc2025
1999-01-01,cl_atacama,0.04553559017591915,21.0,gpcc2025
1999-02-01,cl_atacama,0.3039945541140131,22.0,gpcc2025
1999-03-01,cl_atacama,0.18470667901655452,22.0,gpcc2025
1999-04-01,cl_atacama,0.11000040984897533,23.0,gpcc2025
1999-05-01,cl_atacama,0.013942653436621858,23.0,gpcc2025
1999-06-01,cl_atacama,0.08783627008322695,23.0,gpcc2025
1999-07-01,cl_atacama,0.02163260672359586,23.0,gpcc2025
1999-08-01,cl_atacama,0.01534866042950502,24.0,gpcc2025
1999-09-01,cl_atacama,0.049894692122925334,24.0,gpcc2025
1999-10-01,cl_atacama,0.07942351587323625,22.0,gpcc2025
1999-11-01,cl_atacama,0.010468059406142238,25.0,gpcc2025
1999-12-01,cl_atacama,0.05653833783734175,24.0,gpcc2025
2000-01-01,cl_atacama,0.26063938585397267,23.0,gpcc2025
2000-02-01,cl_atacama,0.11981359478965782,23.0,gpcc2025
2000-03-01,cl_atacama,0.1563948537501483,24.0,gpcc2025
2000-04-01,cl_atacama,0.021553730535247128,23.0,gpcc2025
2000-05-01,cl_atacama,0.21711377558395187,24.0,gpcc2025
2000-06-01,cl_atacama,0.5445764830135537,23.0,gpcc2025
2000-07-01,cl_atacama,0.16174994681222662,24.0,gpcc2025
2000-08-01,cl_atacama,0.005549377050015006,23.0,gpcc2025
2000-09-01,cl_atacama,0.027503880218352282,23.0,gpcc2025
2000-10-01,cl_atacama,0.010345245645647783,23.0,gpcc2025
2000-11-01,cl_atacama,0.005384246028977831,24.0,gpcc2025
2000-12-01,cl_atacama,0.0182524755763344,24.0,gpcc2025
1996-01-01,cl_central,0.2565571133900965,102.0,gpcc2025
1996-02-01,cl_central,0.5766123845496575,103.0,gpcc2025
1996-03-01,cl_central,0.9613689570701679,101.0,gpcc2025
1996-04-01,cl_central,1.6325681791144049,102.0,gpcc2025
1996-05-01,cl_central,2.067527325600696,98.0,gpcc2025
1996-06-01,cl_central,3.003194496044901,98.0,gpcc2025
1996-07-01,cl_central,1.7996378591012419,97.0,gpcc2025
1996-08-01,cl_central,4.279303016495155,97.0,gpcc2025
1996-09-01,cl_central,0.5523426604423899,99.0,gpcc2025
1996-10-01,cl_central,0.5419597650527188,99.0,gpcc2025
1996-11-01,cl_central,0.7963235342133025,98.0,gpcc2025
1996-12-01,cl_central,0.4334250363796368,96.0,gpcc2025
1997-01-01,cl_central,0.6267934771893755,96.0,gpcc2025
1997-02-01,cl_central,0.5258910477005511,98.0,gpcc2025
1997-03-01,cl_central,0.16416819471733707,95.0,gpcc2025
1997-04-01,cl_central,3.904699220907246,95.0,gpcc2025
1997-05-01,cl_central,3.8518769624778084,93.0,gpcc2025
1997-06-01,cl_central,10.97095429699872,96.0,gpcc2025
1997-07-01,cl_central,4.739459551644481,97.0,gpcc2025
1997-08-01,cl_central,3.8256382154207227,97.0,gpcc2025
1997-09-01,cl_central,2.93272128337855,95.0,gpcc2025
1997-10-01,cl_central,4.076859403386744,96.0,gpcc2025
1997-11-01,cl_central,1.6078764317975802,93.0,gpcc2025
1997-12-01,cl_central,0.46654572968981306,96.0,gpcc2025
1998-01-01,cl_central,0.11110161114133361,94.0,gpcc2025
1998-02-01,cl_central,0.19041469661835425,93.0,gpcc2025
1998-03-01,cl_central,0.2504269892012385,96.0,gpcc2025
1998-04-01,cl_central,1.2034393369516228,97.0,gpcc2025
1998-05-01,cl_central,2.092059837340885,94.0,gpcc2025
1998-06-01,cl_central,2.164633822198549,96.0,gpcc2025
1998-07-01,cl_central,1.1884548634359022,94.0,gpcc2025
1998-08-01,cl_central,1.940970096778769,96.0,gpcc2025
1998-09-01,cl_central,1.3231046285348955,95.0,gpcc2025
1998-10-01,cl_central,0.12633600718034865,93.0,gpcc2025
1998-11-01,cl_central,0.3094713761668509,95.0,gpcc2025
1998-12-01,cl_central,0.34935368455901455,95.0,gpcc2025
1999-01-01,cl_central,0.19349095661378612,95.0,gpcc2025
1999-02-01,cl_central,0.34578180264395597,96.0,gpcc2025
1999-03-01,cl_central,0.6346541119239616,97.0,gpcc2025
1999-04-01,cl_central,0.6030226682990707,98.0,gpcc2025
1999-05-01,cl_central,2.7014845052156575,99.0,gpcc2025
1999-06-01,cl_central,6.735815512599514,98.0,gpcc2025
1999-07-01,cl_central,2.242145600669775,100.0,gpcc2025
1999-08-01,cl_central,5.407245743374185,98.0,gpcc2025
1999-09-01,cl_central,5.335210465295349,98.0,gpcc2025
1999-10-01,cl_central,0.5555703450855906,96.0,gpcc2025
1999-11-01,cl_central,0.4330750441604298,96.0,gpcc2025
1999-12-01,cl_central,0.2639411229074035,96.0,gpcc2025
2000-01-01,cl_central,0.13341257306334814,88.0,gpcc2025
2000-02-01,cl_central,2.458665036555737,89.0,gpcc2025
2000-03-01,cl_central,0.42643840518365506,92.0,gpcc2025
2000-04-01,cl_central,1.1675341695560182,93.0,gpcc2025
2000-05-01,cl_central,1.6440857856908209,90.0,gpcc2025
2000-06-01,cl_central,15.341012457396968,91.0,gpcc2025
2000-07-01,cl_central,2.5153047473037127,91.0,gpcc2025
2000-08-01,cl_central,2.575980018943343,91.0,gpcc2025
2000-09-01,cl_central,5.69884264322455,87.0,gpcc2025
2000-10-01,cl_central,0.6728442866452798,88.0,gpcc2025
2000-11-01,cl_central,0.7391127416597215,85.0,gpcc2025
2000-12-01,cl_central,0.6792666817991406,87.0,gpcc2025
1996-01-01,cl_south,2.567043278914769,21.0,gpcc2025
1996-02-01,cl_south,3.9391615085413982,21.0,gpcc2025
1996-03-01,cl_south,3.785247174028466,21.0,gpcc2025
1996-04-01,cl_south,4.495730803950934,21.0,gpcc2025
1996-05-01,cl_south,5.435803756741762,21.0,gpcc2025
1996-06-01,cl_south,3.6721795140661624,21.0,gpcc2025
1996-07-01,cl_south,2.592901007039577,21.0,gpcc2025
1996-08-01,cl_south,5.852319626150897,20.0,gpcc2025
1996-09-01,cl_south,2.935553984096961,20.0,gpcc2025
1996-10-01,cl_south,2.703795705905343,20.0,gpcc2025
1996-11-01,cl_south,4.147853131021466,19.0,gpcc2025
1996-12-01,cl_south,2.7761366533342375,19.0,gpcc2025
1997-01-01,cl_south,4.434491428044145,18.0,gpcc2025
1997-02-01,cl_south,2.0381387395426533,18.0,gpcc2025
1997-03-01,cl_south,1.9040732315543634,18.0,gpcc2025
1997-04-01,cl_south,5.357969397766193,19.0,gpcc2025
1997-05-01,cl_south,3.53790606905825,18.0,gpcc2025
1997-06-01,cl_south,6.977724620589647,17.0,gpcc2025
1997-07-01,cl_south,5.820032228101113,19.0,gpcc2025
1997-08-01,cl_south,5.69899331426184,17.0,gpcc2025
1997-09-01,cl_south,3.4991697193760856,17.0,gpcc2025
1997-10-01,cl_south,4.7904760097055865,18.0,gpcc2025
1997-11-01,cl_south,3.275854993792783,18.0,gpcc2025
1997-12-01,cl_south,2.3980257968656775,18.0,gpcc2025
1998-01-01,cl_south,2.698216966290607,19.0,gpcc2025
1998-02-01,cl_south,1.7762155552190637,19.0,gpcc2025
1998-03-01,cl_south,3.2101368407080706,18.0,gpcc2025
1998-04-01,cl_south,2.404908548310752,19.0,gpcc2025
1998-05-01,cl_south,4.476271493388755,19.0,gpcc2025
1998-06-01,cl_south,4.08752352109491,19.0,gpcc2025
1998-07-01,cl_south,7.861597981888398,19.0,gpcc2025
1998-08-01,cl_south,5.556835813775769,19.0,gpcc2025
1998-09-01,cl_south,2.785458059178711,19.0,gpcc2025
1998-10-01,cl_south,4.49293084366885,18.0,gpcc2025
1998-11-01,cl_south,3.279996203179968,20.0,gpcc2025
1998-12-01,cl_south,3.6128192310184315,19.0,gpcc2025
1999-01-01,cl_south,2.295959942816613,20.0,gpcc2025
1999-02-01,cl_south,3.3243752777459563,19.0,gpcc2025
1999-03-01,cl_south,2.300382940251656,21.0,gpcc2025
1999-04-01,cl_south,2.668047061960296,19.0,gpcc2025
1999-05-01,cl_south,4.375415239745573,20.0,gpcc2025
1999-06-01,cl_south,6.1830465562182955,20.0,gpcc2025
1999-07-01,cl_south,6.582636889060867,20.0,gpcc2025
1999-08-01,cl_south,5.443031935859757,20.0,gpcc2025
1999-09-01,cl_south,3.846168880114445,18.0,gpcc2025
1999-10-01,cl_south,2.5478191461940556,19.0,gpcc2025
1999-11-01,cl_south,2.589201318940669,20.0,gpcc2025
1999-12-01,cl_south,3.071214478143613,19.0,gpcc2025
2000-01-01,cl_south,3.3715568212031193,20.0,gpcc2025
2000-02-01,cl_south,3.7524871960772015,20.0,gpcc2025
2000-03-01,cl_south,3.1906096059987954,20.0,gpcc2025
2000-04-01,cl_south,5.223482638305214,19.0,gpcc2025
2000-05-01,cl_south,3.2829387740387648,19.0,gpcc2025
2000-06-01,cl_south,7.207384892803436,19.0,gpcc2025
2000-07-01,cl_south,5.2364617290620465,19.0,gpcc2025
2000-08-01,cl_south,3.293967311208278,20.0,gpcc2025
2000-09-01,cl_south,3.5112450942710782,19.0,gpcc2025
2000-10-01,cl_south,4.140278240126331,20.0,gpcc2025
2000-11-01,cl_south,2.7989237110313687,20.0,gpcc2025
2000-12-01,cl_south,4.726035079889425,18.0,gpcc2025
2001-01-01,cl_altiplano,4.866252122321745,26.0,gpcc2025
2001-02-01,cl_altiplano,4.1412720500469105,28.0,gpcc2025
2001-03-01,cl_altiplano,2.8374595152080704,28.0,gpcc2025
2001-04-01,cl_altiplano,0.7391235133374077,28.0,gpcc2025
2001-05-01,cl_altiplano,0.6453597497351556,28.0,gpcc2025
2001-06-01,cl_altiplano,0.3228557782713359,29.0,gpcc2025
2001-07-01,cl_altiplano,0.5114127859147855,29.0,gpcc2025
2001-08-01,cl_altiplano,0.49344997864325835,28.0,gpcc2025
2001-09-01,cl_altiplano,0.542795249248431,29.0,gpcc2025
2001-10-01,cl_altiplano,1.3372728582953022,26.0,gpcc2025
2001-11-01,cl_altiplano,1.1449257313260588,28.0,gpcc2025
2001-12-01,cl_altiplano,2.2749211085903993,28.0,gpcc2025
2002-01-01,cl_altiplano,2.2605054235000597,28.0,gpcc2025
2002-02-01,cl_altiplano,4.157596264757605,29.0,gpcc2025
2002-03-01,cl_altiplano,2.388393841231889,27.0,gpcc2025
2002-04-01,cl_altiplano,1.122174323327446,29.0,gpcc2025
2002-05-01,cl_altiplano,0.7182378359798893,29.0,gpcc2025
2002-06-01,cl_altiplano,0.2847391836789741,28.0,gpcc2025
2002-07-01,cl_altiplano,0.653716334693828,28.0,gpcc2025
2002-08-01,cl_altiplano,0.45057714366623525,26.0,gpcc2025
2002-09-01,cl_altiplano,0.575173651006042,26.0,gpcc2025
2002-10-01,cl_altiplano,1.3703464213434622,26.0,gpcc2025
2002-11-01,cl_altiplano,1.0151440158448686,26.0,gpcc2025
2002-12-01,cl_altiplano,1.8493733812882789,27.0,gpcc2025
2003-01-01,cl_altiplano,2.65781129872003,27.0,gpcc2025
2003-02-01,cl_altiplano,3.0910048236615153,26.0,gpcc2025
2003-03-01,cl_altiplano,2.9365128387964488,25.0,gpcc2025
2003-04-01,cl_altiplano,0.7085860276145807,26.0,gpcc2025
2003-05-01,cl_altiplano,0.4623684897850623,27.0,gpcc2025
2003-06-01,cl_altiplano,0.1674558770183277,26.0,gpcc2025
2003-07-01,cl_altiplano,0.17948645076891778,25.0,gpcc2025
2003-08-01,cl_altiplano,0.633971005749921,25.0,gpcc2025
2003-09-01,cl_altiplano,0.7965724779687032,25.0,gpcc2025
2003-10-01,cl_altiplano,0.924338332442365,25.0,gpcc2025
2003-11-01,cl_altiplano,0.5462196294698612,26.0,gpcc2025
2003-12-01,cl_altiplano,2.4198071980740408,26.0,gpcc2025
2004-01-01,cl_altiplano,3.979809925136956,27.0,gpcc2025
2004-02-01,cl_altiplano,2.9671234147162773,26.0,gpcc2025
2004-03-01,cl_altiplano,1.6269484390526878,25.0,gpcc2025
2004-04-01,cl_altiplano,0.992874991102194,25.0,gpcc2025
2004-05-01,cl_altiplano,1.1260108266065216,25.0,gpcc2025
2004-06-01,cl_altiplano,0.1515551827290096,26.0,gpcc2025
2004-07-01,cl_altiplano,0.6035830557785017,26.0,gpcc2025
2004-08-01,cl_altiplano,0.4858332334103858,23.0,gpcc2025
2004-09-01,cl_altiplano,0.9260191525275394,24.0,gpcc2025
2004-10-01,cl_altiplano,0.6771259761575057,23.0,gpcc2025
2004-11-01,cl_altiplano,1.4360270325277085,22.0,gpcc2025
2004-12-01,cl_altiplano,2.4723927333373954,19.0,gpcc2025
2005-01-01,cl_altiplano,3.0658249353205176,26.0,gpcc2025
2005-02-01,cl_altiplano,3.92725948239491,25.0,gpcc2025
2005-03-01,cl_altiplano,2.008111483342339,25.0,gpcc2025
2005-04-01,cl_altiplano,1.170070152809164,24.0,gpcc2025
2005-05-01,cl_altiplano,0.5042710813321994,23.0,gpcc2025
2005-06-01,cl_altiplano,0.4367122485634448,24.0,gpcc2025
2005-07-01,cl_altiplano,0.10022139405277922,24.0,gpcc2025
2005-08-01,cl_altiplano,0.25319624364747445,24.0,gpcc2025
2005-09-01,cl_altiplano,0.6498951560713845,24.0,gpcc2025
2005-10-01,cl_altiplano,1.388188306677653,24.0,gpcc2025
2005-11-01,cl_altiplano,1.5614843858363343,23.0,gpcc2025
2005-12-01,cl_altiplano,2.2227304705543065,23.0,gpcc2025
2001-01-01,cl_atacama,0.18086869780296405,22.0,gpcc2025
2001-02-01,cl_atacama,0.3566502815185236,23.0,gpcc2025
2001-03-01,cl_atacama,0.29934866639606383,23.0,gpcc2025
2001-04-01,cl_atacama,0.01413397595552959,23.0,gpcc2025
2001-05-01,cl_atacama,0.011651818336711816,22.0,gpcc2025
2001-06-01,cl_atacama,0.020151081284865868,24.0,gpcc2025
2001-07-01,cl_atacama,0.06028900287327958,23.0,gpcc2025
2001-08-01,cl_atacama,0.10296128787607038,22.0,gpcc2025
2001-09-01,cl_atacama,0.021341423886397082,24.0,gpcc2025
2001-10-01,cl_atacama,0.00796411953737151,21.0,gpcc2025
2001-11-01,cl_atacama,0.018629754165751845,23.0,gpcc2025
2001-12-01,cl_atacama,0.03640279330316118,23.0,gpcc2025
2002-01-01,cl_atacama,0.0353623704864528,22.0,gpcc2025
2002-02-01,cl_atacama,0.2387671295059386,24.0,gpcc2025
2002-03-01,cl_atacama,0.11246265308693097,22.0,gpcc2025
2002-04-01,cl_atacama,0.08173247209043415,24.0,gpcc2025
2002-05-01,cl_atacama,0.337881131688723,24.0,gpcc2025
2002-06-01,cl_atacama,0.13070060756307258,23.0,gpcc2025
2002-07-01,cl_atacama,0.5745415561017689,23.0,gpcc2025
2002-08-01,cl_atacama,0.26084695479343895,21.0,gpcc2025
2002-09-01,cl_atacama,0.00514718452614232,21.0,gpcc2025
2002-10-01,cl_atacama,0.012481815681289827,21.0,gpcc2025
2002-11-01,cl_atacama,0.006536659411155389,20.0,gpcc2025
2002-12-01,cl_atacama,0.02486621507860361,21.0,gpcc2025
2003-01-01,cl_atacama,0.03551670316978921,21.0,gpcc2025
2003-02-01,cl_atacama,0.06797284059282688,20.0,gpcc2025
2003-03-01,cl_atacama,0.15718679226956134,19.0,gpcc2025
2003-04-01,cl_atacama,0.004126567813964663,20.0,gpcc2025
2003-05-01,cl_atacama,0.1325583702626861,19.0,gpcc2025
2003-06-01,cl_atacama,0.022569528343290957,19.0,gpcc2025
2003-07-01,cl_atacama,0.030454199878792308,20.0,gpcc2025
2003-08-01,cl_atacama,0.008225906256751804,18.0,gpcc2025
2003-09-01,cl_atacama,0.008063226765222444,18.0,gpcc2025
2003-10-01,cl_atacama,0.0037652751167882056,19.0,gpcc2025
2003-11-01,cl_atacama,0.004096218152086314,18.0,gpcc2025
2003-12-01,cl_atacama,0.012383076585859342,19.0,gpcc2025
2004-01-01,cl_atacama,0.10122772497709029,19.0,gpcc2025
2004-02-01,cl_atacama,0.2254753160186399,19.0,gpcc2025
2004-03-01,cl_atacama,0.029639436644675506,19.0,gpcc2025
2004-04-01,cl_atacama,0.022131473034188325,18.0,gpcc2025
2004-05-01,cl_atacama,0.015710177351715305,20.0,gpcc2025
2004-06-01,cl_atacama,0.01759955434995113,19.0,gpcc2025
2004-07-01,cl_atacama,0.31347763510314325,19.0,gpcc2025
2004-08-01,cl_atacama,0.03675942606402064,15.0,gpcc2025
2004-09-01,cl_atacama,0.012692271481277991,15.0,gpcc2025
2004-10-01,cl_atacama,0.008770539558948322,14.0,gpcc2025
2004-11-01,cl_atacama,0.008991995789964773,13.0,gpcc2025
2004-12-01,cl_atacama,0.024057523580562477,8.0,gpcc2025
2005-01-01,cl_atacama,0.160058183222059,18.0,gpcc2025
2005-02-01,cl_atacama,0.1608671309366315,17.0,gpcc2025
2005-03-01,cl_atacama,0.01571863238324831,18.0,gpcc2025
2005-04-01,cl_atacama,0.0919798815507419,16.0,gpcc2025
2005-05-01,cl_atacama,0.06487169078593788,15.0,gpcc2025
2005-06-01,cl_atacama,0.018189537022400636,15.0,gpcc2025
2005-07-01,cl_atacama,0.10168381847503867,19.0,gpcc2025
2005-08-01,cl_atacama,0.08145538945197942,18.0,gpcc2025
2005-09-01,cl_atacama,0.037455915108079815,16.0,gpcc2025
2005-10-01,cl_atacama,0.006689913072276264,15.0,gpcc2025
2005-11-01,cl_atacama,0.003021262051519458,14.0,gpcc2025
2005-12-01,cl_atacama,0.02469966031414838,15.0,gpcc2025
2001-01-01,cl_central,1.2893131379378477,84.0,gpcc2025
2001-02-01,cl_central,0.19075269273930856,82.0,gpcc2025
2001-03-01,cl_central,0.8427809409851883,86.0,gpcc2025
2001-04-01,cl_central,1.321204684197753,85.0,gpcc2025
2001-05-01,cl_central,7.366183949110795,86.0,gpcc2025
2001-06-01,cl_central,4.003752867687381,85.0,gpcc2025
2001-07-01,cl_central,10.446876494990931,83.0,gpcc2025
2001-08-01,cl_central,4.4165425061555235,81.0,gpcc2025
2001-09-01,cl_central,0.9456793632310431,78.0,gpcc2025
2001-10-01,cl_central,0.5346845821272397,78.0,gpcc2025
2001-11-01,cl_central,0.9030730373806152,77.0,gpcc2025
2001-12-01,cl_central,0.0850039752365382,70.0,gpcc2025
2002-01-01,cl_central,0.20933537209061817,79.0,gpcc2025
2002-02-01,cl_central,1.7791867642506354,78.0,gpcc2025
2002-03-01,cl_central,2.4204744599068984,77.0,gpcc2025
2002-04-01,cl_central,1.5523243083413567,77.0,gpcc2025
2002-05-01,cl_central,6.333965837865046,78.0,gpcc2025
2002-06-01,cl_central,5.188081514136061,77.0,gpcc2025
2002-07-01,cl_central,4.422244325022835,79.0,gpcc2025
2002-08-01,cl_central,7.426040492077009,77.0,gpcc2025
2002-09-01,cl_central,3.1459966104022885,79.0,gpcc2025
2002-10-01,cl_central,4.469423443365739,77.0,gpcc2025
2002-11-01,cl_central,1.8246730420448476,73.0,gpcc2025
2002-12-01,cl_central,0.8250188260516752,72.0,gpcc2025
2003-01-01,cl_central,0.5239921090903282,71.0,gpcc2025
2003-02-01,cl_central,0.11959032915055978,76.0,gpcc2025
2003-03-01,cl_central,0.421913328686976,78.0,gpcc2025
2003-04-01,cl_central,0.6195827504467577,75.0,gpcc2025
2003-05-01,cl_central,2.4246454501301975,77.0,gpcc2025
2003-06-01,cl_central,7.673031719048611,76.0,gpcc2025
2003-07-01,cl_central,2.933281545568727,74.0,gpcc2025
2003-08-01,cl_central,1.5979174979155126,74.0,gpcc2025
2003-09-01,cl_central,2.807428725659072,73.0,gpcc2025
2003-10-01,cl_central,1.2436190490708139,74.0,gpcc2025
2003-11-01,cl_central,1.7049277940455903,70.0,gpcc2025
2003-12-01,cl_central,0.6983938662762099,60.0,gpcc2025
2004-01-01,cl_central,0.13667155357470573,65.0,gpcc2025
2004-02-01,cl_central,0.4052671173517199,69.0,gpcc2025
2004-03-01,cl_central,1.2926692423876385,70.0,gpcc2025
2004-04-01,cl_central,3.8622884715073806,68.0,gpcc2025
2004-05-01,cl_central,0.9585282325243301,65.0,gpcc2025
2004-06-01,cl_central,5.566734725902313,67.0,gpcc2025
2004-07-01,cl_central,5.6083443478452315,69.0,gpcc2025
2004-08-01,cl_central,2.8902316499965486,69.0,gpcc2025
2004-09-01,cl_central,2.303645148265127,64.0,gpcc2025
2004-10-01,cl_central,2.4378853669567464,60.0,gpcc2025
2004-11-01,cl_central,1.5622221645850565,57.0,gpcc2025
2004-12-01,cl_central,0.5165924493857471,9.0,gpcc2025
2005-01-01,cl_central,0.2281911177097798,68.0,gpcc2025
2005-02-01,cl_central,0.16173856396452443,73.0,gpcc2025
2005-03-01,cl_central,0.9017565457925799,69.0,gpcc2025
2005-04-01,cl_central,0.6028885959556205,75.0,gpcc2025
2005-05-01,cl_central,8.210633007549179,75.0,gpcc2025
2005-06-01,cl_central,8.640365736770063,79.0,gpcc2025
2005-07-01,cl_central,3.9370203973869415,79.0,gpcc2025
2005-08-01,cl_central,5.8893040293423935,72.0,gpcc2025
2005-09-01,cl_central,1.3954366604418127,67.0,gpcc2025
2005-10-01,cl_central,0.7591865089595162,67.0,gpcc2025
2005-11-01,cl_central,2.304717479178437,65.0,gpcc2025
2005-12-01,cl_central,0.7820407219215588,65.0,gpcc2025
2001-01-01,cl_south,5.565869865492428,20.0,gpcc2025
2001-02-01,cl_south,3.759783463210746,18.0,gpcc2025
2001-03-01,cl_south,4.748915011338488,19.0,gpcc2025
2001-04-01,cl_south,3.1869964103565054,19.0,gpcc2025
2001-05-01,cl_south,6.434280371402856,20.0,gpcc2025
2001-06-01,cl_south,5.594303543128841,20.0,gpcc2025
2001-07-01,cl_south,5.7686147703733255,21.0,gpcc2025
2001-08-01,cl_south,4.427356356548733,19.0,gpcc2025
2001-09-01,cl_south,2.4985480910520574,19.0,gpcc2025
2001-10-01,cl_south,2.1094183579302137,19.0,gpcc2025
2001-11-01,cl_south,3.838316277514361,20.0,gpcc2025
2001-12-01,cl_south,1.9498539546827718,19.0,gpcc2025
2002-01-01,cl_south,2.6600521719540415,20.0,gpcc2025
2002-02-01,cl_south,3.301167551768058,20.0,gpcc2025
2002-03-01,cl_south,5.098766315893306,21.0,gpcc2025
2002-04-01,cl_south,5.734827481500129,21.0,gpcc2025
2002-05-01,cl_south,6.120567790884719,21.0,gpcc2025
2002-06-01,cl_south,3.62667703569688,20.0,gpcc2025
2002-07-01,cl_south,5.274035845262526,21.0,gpcc2025
2002-08-01,cl_south,4.995400479944841,20.0,gpcc2025
2002-09-01,cl_south,4.766215592763673,20.0,gpcc2025
2002-10-01,cl_south,7.59590838309531,20.0,gpcc2025
2002-11-01,cl_south,4.80754261085598,20.0,gpcc2025
2002-12-01,cl_south,3.2824632574413126,20.0,gpcc2025
2003-01-01,cl_south,3.4694012894482076,18.0,gpcc2025
2003-02-01,cl_south,2.841657987428279,17.0,gpcc2025
2003-03-01,cl_south,2.3473860112823437,19.0,gpcc2025
2003-04-01,cl_south,2.455204328641598,18.0,gpcc2025
2003-05-01,cl_south,3.711673890762649,19.0,gpcc2025
2003-06-01,cl_south,7.837921882220077,19.0,gpcc2025
2003-07-01,cl_south,4.084643436737743,19.0,gpcc2025
2003-08-01,cl_south,4.85138951514114,19.0,gpcc2025
2003-09-01,cl_south,4.137841290449816,19.0,gpcc2025
2003-10-01,cl_south,5.8493725882072605,19.0,gpcc2025
2003-11-01,cl_south,3.78419992949396,19.0,gpcc2025
2003-12-01,cl_south,3.8938794611712786,18.0,gpcc2025
2004-01-01,cl_south,3.0193669353219175,16.0,gpcc2025
2004-02-01,cl_south,1.9210511370754018,17.0,gpcc2025
2004-03-01,cl_south,2.8844049565278285,19.0,gpcc2025
2004-04-01,cl_south,5.193469492986077,18.0,gpcc2025
2004-05-01,cl_south,1.6944406488274257,17.0,gpcc2025
2004-06-01,cl_south,7.100402112900001,17.0,gpcc2025
2004-07-01,cl_south,3.6657448276667117,17.0,gpcc2025
2004-08-01,cl_south,3.1189257677244906,17.0,gpcc2025
2004-09-01,cl_south,3.316163066069846,17.0,gpcc2025
2004-10-01,cl_south,3.6808788922252167,17.0,gpcc2025
2004-11-01,cl_south,3.0722676988769426,17.0,gpcc2025
2004-12-01,cl_south,4.579757527429972,15.0,gpcc2025
2005-01-01,cl_south,2.899451417540822,16.0,gpcc2025
2005-02-01,cl_south,1.670391465496746,18.0,gpcc2025
2005-03-01,cl_south,3.8469781357825084,16.0,gpcc2025
2005-04-01,cl_south,4.366306091885796,14.0,gpcc2025
2005-05-01,cl_south,8.018388076645769,16.0,gpcc2025
2005-06-01,cl_south,7.073749872442576,16.0,gpcc2025
2005-07-01,cl_south,3.3332884821483257,15.0,gpcc2025
2005-08-01,cl_south,3.710877276189254,14.0,gpcc2025
2005-09-01,cl_south,1.885359526898857,13.0,gpcc2025
2005-10-01,cl_south,3.079771443510527,14.0,gpcc2025
2005-11-01,cl_south,4.617025298144665,14.0,gpcc2025
2005-12-01,cl_south,1.6169869967206916,13.0,gpcc2025
2006-01-01,cl_altiplano,4.640580605813138,23.0,gpcc2025
2006-02-01,cl_altiplano,2.620946947008721,22.0,gpcc2025
2006-03-01,cl_altiplano,2.292626528108908,22.0,gpcc2025
2006-04-01,cl_altiplano,0.943432166501948,22.0,gpcc2025
2006-05-01,cl_altiplano,0.23849844568294484,22.0,gpcc2025
2006-06-01,cl_altiplano,0.3813326737723785,22.0,gpcc2025
2006-07-01,cl_altiplano,0.1769429539172633,21.0,gpcc2025
2006-08-01,cl_altiplano,0.3396587817315938,20.0,gpcc2025
2006-09-01,cl_altiplano,0.5995631775204716,18.0,gpcc2025
2006-10-01,cl_altiplano,1.1348369251210875,19.0,gpcc2025
2006-11-01,cl_altiplano,1.6441320507812003,20.0,gpcc2025
2006-12-01,cl_altiplano,1.8641262168963855,21.0,gpcc2025
2007-01-01,cl_altiplano,3.0291023638985153,19.0,gpcc2025
2007-02-01,cl_altiplano,2.5405819192863106,19.0,gpcc2025
2007-03-01,cl_altiplano,2.4798169489459507,17.0,gpcc2025
2007-04-01,cl_altiplano,1.2236301009591382,17.0,gpcc2025
2007-05-01,cl_altiplano,0.5305547499855316,18.0,gpcc2025
2007-06-01,cl_altiplano,0.1066541523599124,18.0,gpcc2025
2007-07-01,cl_altiplano,0.5223252530664333,16.0,gpcc2025
2007-08-01,cl_altiplano,0.19215213944968118,15.0,gpcc2025
2007-09-01,cl_altiplano,0.6772328850986896,14.0,gpcc2025
2007-10-01,cl_altiplano,1.0838296390548081,14.0,gpcc2025
2007-11-01,cl_altiplano,1.849374130318509,14.0,gpcc2025
2007-12-01,cl_altiplano,2.2460302906330116,13.0,gpcc2025
2008-01-01,cl_altiplano,4.886219703987045,12.0,gpcc2025
2008-02-01,cl_altiplano,2.4769400748749986,11.0,gpcc2025
2008-03-01,cl_altiplano,2.2628267336098355,11.0,gpcc2025
2008-04-01,cl_altiplano,0.7175636953406479,11.0,gpcc2025
2008-05-01,cl_altiplano,0.22743045157048797,11.0,gpcc2025
2008-06-01,cl_altiplano,0.18058609710367396,11.0,gpcc2025
2008-07-01,cl_altiplano,0.1931400124797645,11.0,gpcc2025
2008-08-01,cl_altiplano,0.2709830327666408,12.0,gpcc2025
2008-09-01,cl_altiplano,0.28824663085930957,11.0,gpcc2025
2008-10-01,cl_altiplano,0.8927170424425909,11.0,gpcc2025
2008-11-01,cl_altiplano,1.1316785589769227,11.0,gpcc2025
2008-12-01,cl_altiplano,2.537547870337113,11.0,gpcc2025
2009-01-01,cl_altiplano,2.5727671018733096,12.0,gpcc2025
2009-02-01,cl_altiplano,4.307075088169951,12.0,gpcc2025
2009-03-01,cl_altiplano,2.8578588292667493,11.0,gpcc2025
2009-04-01,cl_altiplano,1.459575523992728,11.0,gpcc2025
2009-05-01,cl_altiplano,0.2699989101393285,11.0,gpcc2025
2009-06-01,cl_altiplano,0.18502794289425148,11.0,gpcc2025
2009-07-01,cl_altiplano,0.772057955937513,11.0,gpcc2025
2009-08-01,cl_altiplano,0.5902871995752752,11.0,gpcc2025
2009-09-01,cl_altiplano,0.7027616637924048,11.0,gpcc2025
2009-10-01,cl_altiplano,0.7485775945588091,10.0,gpcc2025
2009-11-01,cl_altiplano,1.4952646676737622,11.0,gpcc2025
2009-12-01,cl_altiplano,3.035519054343809,11.0,gpcc2025
2010-01-01,cl_altiplano,3.2416263444280617,11.0,gpcc2025
2010-02-01,cl_altiplano,3.5039400541979155,11.0,gpcc2025
2010-03-01,cl_altiplano,1.8745951987836942,11.0,gpcc2025
2010-04-01,cl_altiplano,0.6184109420247862,11.0,gpcc2025
2010-05-01,cl_altiplano,0.7145390618798698,11.0,gpcc2025
2010-06-01,cl_altiplano,0.14100930621326407,11.0,gpcc2025
2010-07-01,cl_altiplano,0.3594438955600818,11.0,gpcc2025
2010-08-01,cl_altiplano,0.25645897003681206,11.0,gpcc2025
2010-09-01,cl_altiplano,0.3486006106225815,11.0,gpcc2025
2010-10-01,cl_altiplano,1.4850876718129193,11.0,gpcc2025
2010-11-01,cl_altiplano,0.9132558851832768,11.0,gpcc2025
2010-12-01,cl_altiplano,2.372806332234175,11.0,gpcc2025
2006-01-01,cl_atacama,0.09169814506799784,16.0,gpcc2025
2006-02-01,cl_atacama,0.17321828981542411,14.0,gpcc2025
2006-03-01,cl_atacama,0.04150117635288067,15.0,gpcc2025
2006-04-01,cl_atacama,0.016531742077562223,15.0,gpcc2025
2006-05-01,cl_atacama,0.013596726597283192,13.0,gpcc2025
2006-06-01,cl_atacama,0.04089551795970454,13.0,gpcc2025
2006-07-01,cl_atacama,0.07033790116167712,14.0,gpcc2025
2006-08-01,cl_atacama,0.09081171951746247,16.0,gpcc2025
2006-09-01,cl_atacama,0.013895192067199249,14.0,gpcc2025
2006-10-01,cl_atacama,0.005357153259261668,15.0,gpcc2025
2006-11-01,cl_atacama,0.0019321975089891402,14.0,gpcc2025
2006-12-01,cl_atacama,0.01724421192080926,14.0,gpcc2025
2007-01-01,cl_atacama,0.09427751730673532,16.0,gpcc2025
2007-02-01,cl_atacama,0.10133142663271662,16.0,gpcc2025
2007-03-01,cl_atacama,0.059097334621121184,15.0,gpcc2025
2007-04-01,cl_atacama,0.007017545756942808,14.0,gpcc2025
2007-05-01,cl_atacama,0.01652331676261563,16.0,gpcc2025
2007-06-01,cl_atacama,0.09838306070862532,15.0,gpcc2025
2007-07-01,cl_atacama,0.021758102466132415,13.0,gpcc2025
2007-08-01,cl_atacama,0.05726957324333355,9.0,gpcc2025
2007-09-01,cl_atacama,0.01760523375358781,7.0,gpcc2025
2007-10-01,cl_atacama,0.0013865211555578797,7.0,gpcc2025
2007-11-01,cl_atacama,0.009929913181301866,7.0,gpcc2025
2007-12-01,cl_atacama,0.03331711832340839,7.0,gpcc2025
2008-01-01,cl_atacama,0.269729894931635,6.0,gpcc2025
2008-02-01,cl_atacama,0.19717700793272214,6.0,gpcc2025
2008-03-01,cl_atacama,0.11789049700408288,6.0,gpcc2025
2008-04-01,cl_atacama,0.03335284349684341,6.0,gpcc2025
2008-05-01,cl_atacama,0.03864864791878582,6.0,gpcc2025
2008-06-01,cl_atacama,0.13060737394595842,6.0,gpcc2025
2008-07-01,cl_atacama,0.1917932018341453,6.0,gpcc2025
2008-08-01,cl_atacama,0.18807823155216968,6.0,gpcc2025
2008-09-01,cl_atacama,0.05038298637459999,6.0,gpcc2025
2008-10-01,cl_atacama,0.005154070092290034,6.0,gpcc2025
2008-11-01,cl_atacama,0.2676947245884399,6.0,gpcc2025
2008-12-01,cl_atacama,0.06412242226197229,6.0,gpcc2025
2009-01-01,cl_atacama,0.1255946025512234,6.0,gpcc2025
2009-02-01,cl_atacama,0.14590698134316768,6.0,gpcc2025
2009-03-01,cl_atacama,0.09294878906772092,6.0,gpcc2025
2009-04-01,cl_atacama,0.047303822114594815,6.0,gpcc2025
2009-05-01,cl_atacama,0.04307085942275217,7.0,gpcc2025
2009-06-01,cl_atacama,0.0948177249779969,6.0,gpcc2025
2009-07-01,cl_atacama,0.11331636063509631,6.0,gpcc2025
2009-08-01,cl_atacama,0.12290835956505684,6.0,gpcc2025
2009-09-01,cl_atacama,0.008426812808128448,6.0,gpcc2025
2009-10-01,cl_atacama,0.0022032919724105206,6.0,gpcc2025
2009-11-01,cl_atacama,0.017980079462057173,6.0,gpcc2025
2009-12-01,cl_atacama,0.0300221221252757,6.0,gpcc2025
2010-01-01,cl_atacama,0.1288554859021582,6.0,gpcc2025
2010-02-01,cl_atacama,0.14690283557621384,6.0,gpcc2025
2010-03-01,cl_atacama,0.06233153857250458,6.0,gpcc2025
2010-04-01,cl_atacama,0.019301112051992694,6.0,gpcc2025
2010-05-01,cl_atacama,0.09708296463726322,6.0,gpcc2025
2010-06-01,cl_atacama,0.1316666489552267,6.0,gpcc2025
2010-07-01,cl_atacama,0.13361956811232892,7.0,gpcc2025
2010-08-01,cl_atacama,0.07791649818530756,6.0,gpcc2025
2010-09-01,cl_atacama,0.005270757643487449,6.0,gpcc2025
2010-10-01,cl_atacama,0.008919755777696483,6.0,gpcc2025
2010-11-01,cl_atacama,0.007203016510761477,6.0,gpcc2025
2010-12-01,cl_atacama,0.03841416764269547,6.0,gpcc2025
2006-01-01,cl_central,0.9766270961202096,68.0,gpcc2025
2006-02-01,cl_central,0.37233187865534917,66.0,gpcc2025
2006-03-01,cl_central,0.6600091675018913,67.0,gpcc2025
2006-04-01,cl_central,2.574864986304151,67.0,gpcc2025
2006-05-01,cl_central,2.6004882142398213,70.0,gpcc2025
2006-06-01,cl_central,7.640384034757302,70.0,gpcc2025
2006-07-01,cl_central,7.828048752831593,69.0,gpcc2025
2006-08-01,cl_central,4.196607894739761,69.0,gpcc2025
2006-09-01,cl_central,2.153984908888652,66.0,gpcc2025
2006-10-01,cl_central,2.4931761876966383,64.0,gpcc2025
2006-11-01,cl_central,0.3992583132604329,64.0,gpcc2025
2006-12-01,cl_central,1.2600471614847335,61.0,gpcc2025
2007-01-01,cl_central,0.32679443622960885,69.0,gpcc2025
2007-02-01,cl_central,1.3760550123798319,66.0,gpcc2025
2007-03-01,cl_central,0.47505777189724363,61.0,gpcc2025
2007-04-01,cl_central,1.855044802831531,65.0,gpcc2025
2007-05-01,cl_central,1.380244780792637,63.0,gpcc2025
2007-06-01,cl_central,3.4356559128444606,52.0,gpcc2025
2007-07-01,cl_central,4.522897163253909,53.0,gpcc2025
2007-08-01,cl_central,3.018071064638781,45.0,gpcc2025
2007-09-01,cl_central,1.1917510832125033,44.0,gpcc2025
2007-10-01,cl_central,0.9276015476906049,9.0,gpcc2025
2007-11-01,cl_central,0.26557627668308154,9.0,gpcc2025
2007-12-01,cl_central,0.4336386813223083,8.0,gpcc2025
2008-01-01,cl_central,0.27763046152033877,8.0,gpcc2025
2008-02-01,cl_central,0.3020991684982564,8.0,gpcc2025
2008-03-01,cl_central,0.40470301920537255,8.0,gpcc2025
2008-04-01,cl_central,1.3612647885252156,8.0,gpcc2025
2008-05-01,cl_central,7.491845567307077,8.0,gpcc2025
2008-06-01,cl_central,3.1471094412670912,8.0,gpcc2025
2008-07-01,cl_central,5.044782271817144,8.0,gpcc2025
2008-08-01,cl_central,5.95688805414949,8.0,gpcc2025
2008-09-01,cl_central,1.2940202309685718,8.0,gpcc2025
2008-10-01,cl_central,0.6126932600068319,8.0,gpcc2025
2008-11-01,cl_central,0.6414275490261845,8.0,gpcc2025
2008-12-01,cl_central,0.18021280436143425,8.0,gpcc2025
2009-01-01,cl_central,0.20695320491816743,8.0,gpcc2025
2009-02-01,cl_central,0.4681061329455027,8.0,gpcc2025
2009-03-01,cl_central,0.22151056055756219,8.0,gpcc2025
2009-04-01,cl_central,0.8460876664929583,8.0,gpcc2025
2009-05-01,cl_central,4.6030199783851575,10.0,gpcc2025
2009-06-01,cl_central,4.948019976349145,8.0,gpcc2025
2009-07-01,cl_central,2.7361087008599854,8.0,gpcc2025
2009-08-01,cl_central,5.056345049519581,8.0,gpcc2025
2009-09-01,cl_central,1.7349211543657768,8.0,gpcc2025
2009-10-01,cl_central,1.7849404483604467,8.0,gpcc2025
2009-11-01,cl_central,1.2829560638577755,11.0,gpcc2025
2009-12-01,cl_central,0.4953466443557465,8.0,gpcc2025
2010-01-01,cl_central,0.36838784887843096,8.0,gpcc2025
2010-02-01,cl_central,1.089168023772174,8.0,gpcc2025
2010-03-01,cl_central,0.43472581227671003,9.0,gpcc2025
2010-04-01,cl_central,0.4676375373092597,8.0,gpcc2025
2010-05-01,cl_central,2.1630291286723673,9.0,gpcc2025
2010-06-01,cl_central,4.885662656477858,10.0,gpcc2025
2010-07-01,cl_central,4.20004850932018,10.0,gpcc2025
2010-08-01,cl_central,2.61923070926897,8.0,gpcc2025
2010-09-01,cl_central,1.059937265272854,7.0,gpcc2025
2010-10-01,cl_central,0.9215849663922642,8.0,gpcc2025
2010-11-01,cl_central,0.7576183740901485,8.0,gpcc2025
2010-12-01,cl_central,0.6755851143848394,8.0,gpcc2025
2006-01-01,cl_south,4.6739053578294385,14.0,gpcc2025
2006-02-01,cl_south,1.987049584650851,13.0,gpcc2025
2006-03-01,cl_south,4.1129158714650025,14.0,gpcc2025
2006-04-01,cl_south,4.643649191027248,13.0,gpcc2025
2006-05-01,cl_south,3.8383402180478594,13.0,gpcc2025
2006-06-01,cl_south,6.378180369143068,14.0,gpcc2025
2006-07-01,cl_south,7.442422513762217,14.0,gpcc2025
2006-08-01,cl_south,3.6212343786844348,13.0,gpcc2025
2006-09-01,cl_south,3.2019070937552616,12.0,gpcc2025
2006-10-01,cl_south,4.766050713436397,13.0,gpcc2025
2006-11-01,cl_south,2.8003651729585077,14.0,gpcc2025
2006-12-01,cl_south,4.250154029553651,12.0,gpcc2025
2007-01-01,cl_south,1.6957037183262194,14.0,gpcc2025
2007-02-01,cl_south,2.2171595727067777,14.0,gpcc2025
2007-03-01,cl_south,2.7982249637429524,13.0,gpcc2025
2007-04-01,cl_south,4.89611352369156,13.0,gpcc2025
2007-05-01,cl_south,2.764641683125273,14.0,gpcc2025
2007-06-01,cl_south,4.631788550346797,14.0,gpcc2025
2007-07-01,cl_south,4.136553431426218,13.0,gpcc2025
2007-08-01,cl_south,4.296839270370815,12.0,gpcc2025
2007-09-01,cl_south,4.484678902983879,11.0,gpcc2025
2007-10-01,cl_south,4.286462700580159,11.0,gpcc2025
2007-11-01,cl_south,2.232437766091494,12.0,gpcc2025
2007-12-01,cl_south,2.079778100615794,11.0,gpcc2025
2008-01-01,cl_south,2.4090248098074762,12.0,gpcc2025
2008-02-01,cl_south,2.7059060195342,13.0,gpcc2025
2008-03-01,cl_south,2.8537998626160612,10.0,gpcc2025
2008-04-01,cl_south,4.724015286301393,9.0,gpcc2025
2008-05-01,cl_south,6.816292727097574,9.0,gpcc2025
2008-06-01,cl_south,5.216835198683172,9.0,gpcc2025
2008-07-01,cl_south,5.921799709470758,9.0,gpcc2025
2008-08-01,cl_south,5.7242953810151915,9.0,gpcc2025
2008-09-01,cl_south,2.567486551323555,9.0,gpcc2025
2008-10-01,cl_south,2.7820462262770773,9.0,gpcc2025
2008-11-01,cl_south,3.8386465791658506,10.0,gpcc2025
2008-12-01,cl_south,2.635436430143226,11.0,gpcc2025
2009-01-01,cl_south,3.1470084877150524,13.0,gpcc2025
2009-02-01,cl_south,4.482988751299731,13.0,gpcc2025
2009-03-01,cl_south,2.71986854792418,10.0,gpcc2025
2009-04-01,cl_south,4.422229715879435,9.0,gpcc2025
2009-05-01,cl_south,5.300742067367649,12.0,gpcc2025
2009-06-01,cl_south,5.272583115764013,9.0,gpcc2025
2009-07-01,cl_south,3.662863613559624,9.0,gpcc2025
2009-08-01,cl_south,6.263115348436428,9.0,gpcc2025
2009-09-01,cl_south,3.145857210220338,9.0,gpcc2025
2009-10-01,cl_south,4.0724067872792995,9.0,gpcc2025
2009-11-01,cl_south,4.226555530720515,14.0,gpcc2025
2009-12-01,cl_south,3.2247634989672034,12.0,gpcc2025
2010-01-01,cl_south,3.7327744763855635,14.0,gpcc2025
2010-02-01,cl_south,4.113790455548757,14.0,gpcc2025
2010-03-01,cl_south,2.798281503160244,14.0,gpcc2025
2010-04-01,cl_south,3.5051758352716322,11.0,gpcc2025
2010-05-01,cl_south,5.07188391271,11.0,gpcc2025
2010-06-01,cl_south,6.0406216618835495,12.0,gpcc2025
2010-07-01,cl_south,4.61131508847061,11.0,gpcc2025
2010-08-01,cl_south,5.201031461444769,9.0,gpcc2025
2010-09-01,cl_south,3.0812706105737795,9.0,gpcc2025
2010-10-01,cl_south,3.188354902179242,9.0,gpcc2025
2010-11-01,cl_south,3.0434550355468413,10.0,gpcc2025
2010-12-01,cl_south,2.678244761273126,10.0,gpcc2025
2011-01-01,cl_altiplano,2.595331440293316,11.0,gpcc2025
2011-02-01,cl_altiplano,5.054449905598179,11.0,gpcc2025
2011-03-01,cl_altiplano,2.762749098364997,11.0,gpcc2025
2011-04-01,cl_altiplano,1.4879105645164532,11.0,gpcc2025
2011-05-01,cl_altiplano,0.518808451900085,11.0,gpcc2025
2011-06-01,cl_altiplano,0.31451083253608253,11.0,gpcc2025
2011-07-01,cl_altiplano,0.291390760755884,11.0,gpcc2025
2011-08-01,cl_altiplano,0.32205775681688087,11.0,gpcc2025
2011-09-01,cl_altiplano,0.6505561605771601,11.0,gpcc2025
2011-10-01,cl_altiplano,0.9464548322606463,11.0,gpcc2025
2011-11-01,cl_altiplano,1.5173601376137862,11.0,gpcc2025
2011-12-01,cl_altiplano,4.02300520450314,11.0,gpcc2025
2012-01-01,cl_altiplano,3.0152595214649516,11.0,gpcc2025
2012-02-01,cl_altiplano,4.281135859442439,11.0,gpcc2025
2012-03-01,cl_altiplano,2.700261446761606,11.0,gpcc2025
2012-04-01,cl_altiplano,1.6894595524860467,11.0,gpcc2025
2012-05-01,cl_altiplano,0.45746645437219546,11.0,gpcc2025
2012-06-01,cl_altiplano,0.7128743074322145,11.0,gpcc2025
2012-07-01,cl_altiplano,0.19190279050471307,11.0,gpcc2025
2012-08-01,cl_altiplano,0.3036131834499841,11.0,gpcc2025
2012-09-01,cl_altiplano,0.4914920929803685,10.0,gpcc2025
2012-10-01,cl_altiplano,0.7283362798353616,11.0,gpcc2025
2012-11-01,cl_altiplano,1.5594651339218073,11.0,gpcc2025
2012-12-01,cl_altiplano,2.875251841273149,11.0,gpcc2025
2013-01-01,cl_altiplano,3.3739939559346976,11.0,gpcc2025
2013-02-01,cl_altiplano,4.130480096994064,11.0,gpcc2025
2013-03-01,cl_altiplano,1.9653721358678495,11.0,gpcc2025
2013-04-01,cl_altiplano,0.9482864006789733,11.0,gpcc2025
2013-05-01,cl_altiplano,0.45984078799534717,11.0,gpcc2025
2013-06-01,cl_altiplano,1.4244501237649467,11.0,gpcc2025
2013-07-01,cl_altiplano,0.1453363379473319,11.0,gpcc2025
2013-08-01,cl_altiplano,0.7372489766134647,11.0,gpcc2025
2013-09-01,cl_altiplano,0.791982945617732,11.0,gpcc2025
2013-10-01,cl_altiplano,1.6491869940810253,11.0,gpcc2025
2013-11-01,cl_altiplano,1.7864855417539056,11.0,gpcc2025
2013-12-01,cl_altiplano,3.4506286516595037,11.0,gpcc2025
2014-01-01,cl_altiplano,6.016360179711039,11.0,gpcc2025
2014-02-01,cl_altiplano,4.600008304826828,10.0,gpcc2025
2014-03-01,cl_altiplano,2.2801432775789645,11.0,gpcc2025
2014-04-01,cl_altiplano,0.7770649643519949,11.0,gpcc2025
2014-05-01,cl_altiplano,0.8058582527694277,11.0,gpcc2025
2014-06-01,cl_altiplano,0.5933658779029157,11.0,gpcc2025
2014-07-01,cl_altiplano,0.4050720519118108,11.0,gpcc2025
2014-08-01,cl_altiplano,0.47372499956850084,11.0,gpcc2025
2014-09-01,cl_altiplano,1.238294768369637,11.0,gpcc2025
2014-10-01,cl_altiplano,1.540995653093003,11.0,gpcc2025
2014-11-01,cl_altiplano,1.2442563423945452,11.0,gpcc2025
2014-12-01,cl_altiplano,2.0512727725494226,11.0,gpcc2025
2015-01-01,cl_altiplano,4.886996660721788,11.0,gpcc2025
2015-02-01,cl_altiplano,3.5233042488418684,11.0,gpcc2025
2015-03-01,cl_altiplano,2.065413819927616,11.0,gpcc2025
2015-04-01,cl_altiplano,1.815104292841333,11.0,gpcc2025
2015-05-01,cl_altiplano,1.5588021166991337,11.0,gpcc2025
2015-06-01,cl_altiplano,0.654743566546113,11.0,gpcc2025
2015-07-01,cl_altiplano,0.7114725612750689,11.0,gpcc2025
2015-08-01,cl_altiplano,0.6539346856656423,11.0,gpcc2025
2015-09-01,cl_altiplano,0.9424022670925234,11.0,gpcc2025
2015-10-01,cl_altiplano,1.2246279887852745,11.0,gpcc2025
2015-11-01,cl_altiplano,1.5149848226725031,11.0,gpcc2025
2015-12-01,cl_altiplano,1.5848256820184445,11.0,gpcc2025
2011-01-01,cl_atacama,0.13146465150968456,6.0,gpcc2025
2011-02-01,cl_atacama,0.34740813498019163,6.0,gpcc2025
2011-03-01,cl_atacama,0.08792067673822392,6.0,gpcc2025
2011-04-01,cl_atacama,0.02274392755808837,6.0,gpcc2025
2011-05-01,cl_atacama,0.019454034219362155,6.0,gpcc2025
2011-06-01,cl_atacama,0.39418961736819963,6.0,gpcc2025
2011-07-01,cl_atacama,0.4962496692897704,6.0,gpcc2025
2011-08-01,cl_atacama,0.10807107790397749,6.0,gpcc2025
2011-09-01,cl_atacama,0.02409498964956411,6.0,gpcc2025
2011-10-01,cl_atacama,0.04911258703844274,6.0,gpcc2025
2011-11-01,cl_atacama,0.0069188775212082705,6.0,gpcc2025
2011-12-01,cl_atacama,0.05707110386764048,5.0,gpcc2025
2012-01-01,cl_atacama,0.15852882085733325,6.0,gpcc2025
2012-02-01,cl_atacama,0.1588301762402943,6.0,gpcc2025
2012-03-01,cl_atacama,0.06965257159719776,6.0,gpcc2025
2012-04-01,cl_atacama,0.06214393954005983,6.0,gpcc2025
2012-05-01,cl_atacama,0.018377288040883552,6.0,gpcc2025
2012-06-01,cl_atacama,0.06128669323050442,6.0,gpcc2025
2012-07-01,cl_atacama,0.10581082944573096,6.0,gpcc2025
2012-08-01,cl_atacama,0.06094486001442439,6.0,gpcc2025
2012-09-01,cl_atacama,0.06133075403975323,7.0,gpcc2025
2012-10-01,cl_atacama,0.0054422966161860225,6.0,gpcc2025
2012-11-01,cl_atacama,0.009230185280669946,7.0,gpcc2025
2012-12-01,cl_atacama,0.032460082221397776,7.0,gpcc2025
2013-01-01,cl_atacama,0.19589921162818713,7.0,gpcc2025
2013-02-01,cl_atacama,0.14320801754752896,7.0,gpcc2025
2013-03-01,cl_atacama,0.06656065059097019,7.0,gpcc2025
2013-04-01,cl_atacama,0.05136801254425951,7.0,gpcc2025
2013-05-01,cl_atacama,0.1458118185965928,7.0,gpcc2025
2013-06-01,cl_atacama,0.06264530141106525,7.0,gpcc2025
2013-07-01,cl_atacama,0.09809716852048546,7.0,gpcc2025
2013-08-01,cl_atacama,0.032141957469365934,7.0,gpcc2025
2013-09-01,cl_atacama,0.012502779463121694,7.0,gpcc2025
2013-10-01,cl_atacama,0.01081878976316515,7.0,gpcc2025
2013-11-01,cl_atacama,0.01955499556098547,7.0,gpcc2025
2013-12-01,cl_atacama,0.06947865335469557,7.0,gpcc2025
2014-01-01,cl_atacama,0.12958785608546963,7.0,gpcc2025
2014-02-01,cl_atacama,0.20905942561333496,7.0,gpcc2025
2014-03-01,cl_atacama,0.08003798211103055,7.0,gpcc2025
2014-04-01,cl_atacama,0.025732370425253316,7.0,gpcc2025
2014-05-01,cl_atacama,0.06243577354000476,6.0,gpcc2025
2014-06-01,cl_atacama,0.23224484271159884,6.0,gpcc2025
2014-07-01,cl_atacama,0.09957336938206482,6.0,gpcc2025
2014-08-01,cl_atacama,0.03700996664947922,6.0,gpcc2025
2014-09-01,cl_atacama,0.09563010794081442,6.0,gpcc2025
2014-10-01,cl_atacama,0.034937492042431136,7.0,gpcc2025
2014-11-01,cl_atacama,0.009285387855264362,7.0,gpcc2025
2014-12-01,cl_atacama,0.02583549590738965,7.0,gpcc2025
2015-01-01,cl_atacama,0.1403456374861012,7.0,gpcc2025
2015-02-01,cl_atacama,0.18981909867023244,7.0,gpcc2025
2015-03-01,cl_atacama,0.4451451867365817,7.0,gpcc2025
2015-04-01,cl_atacama,0.017124243382683774,7.0,gpcc2025
2015-05-01,cl_atacama,0.014407774677961858,7.0,gpcc2025
2015-06-01,cl_atacama,0.046794888267782456,7.0,gpcc2025
2015-07-01,cl_atacama,0.28993832183252993,7.0,gpcc2025
2015-08-01,cl_atacama,0.31125476200731694,7.0,gpcc2025
2015-09-01,cl_atacama,0.04185413341851939,7.0,gpcc2025
2015-10-01,cl_atacama,0.12766060710965785,7.0,gpcc2025
2015-11-01,cl_atacama,0.024857423815496084,7.0,gpcc2025
2015-12-01,cl_atacama,0.0717494559716768,7.0,gpcc2025
2011-01-01,cl_central,0.8216664650739804,8.0,gpcc2025
2011-02-01,cl_central,0.44301816196445165,8.0,gpcc2025
2011-03-01,cl_central,0.9469169684335363,8.0,gpcc2025
2011-04-01,cl_central,2.2777858491266074,8.0,gpcc2025
2011-05-01,cl_central,1.9904404282354713,8.0,gpcc2025
2011-06-01,cl_central,4.119073749253933,8.0,gpcc2025
2011-07-01,cl_central,3.6677382810035004,8.0,gpcc2025
2011-08-01,cl_central,4.078238573277029,8.0,gpcc2025
2011-09-01,cl_central,1.8864362947764914,9.0,gpcc2025
2011-10-01,cl_central,0.7260915041428359,9.0,gpcc2025
2011-11-01,cl_central,0.6479418984296463,9.0,gpcc2025
2011-12-01,cl_central,0.1598566835730192,9.0,gpcc2025
2012-01-01,cl_central,0.32399233339637823,8.0,gpcc2025
2012-02-01,cl_central,1.374763160827985,8.0,gpcc2025
2012-03-01,cl_central,0.33468612809820625,8.0,gpcc2025
2012-04-01,cl_central,0.5491137559110939,9.0,gpcc2025
2012-05-01,cl_central,4.012242117116818,8.0,gpcc2025
2012-06-01,cl_central,5.213371749033873,8.0,gpcc2025
2012-07-01,cl_central,2.0457351079046573,8.0,gpcc2025
2012-08-01,cl_central,3.035900463697017,8.0,gpcc2025
2012-09-01,cl_central,1.017127999922144,11.0,gpcc2025
2012-10-01,cl_central,1.473903982041306,11.0,gpcc2025
2012-11-01,cl_central,0.8834908690768568,11.0,gpcc2025
2012-12-01,cl_central,2.524855632603899,11.0,gpcc2025
2013-01-01,cl_central,0.25642595391192874,11.0,gpcc2025
2013-02-01,cl_central,0.6793698562051024,11.0,gpcc2025
2013-03-01,cl_central,0.34002549959978556,11.0,gpcc2025
2013-04-01,cl_central,1.080658961036561,11.0,gpcc2025
2013-05-01,cl_central,4.580867257459132,11.0,gpcc2025
2013-06-01,cl_central,2.7290231696900684,10.0,gpcc2025
2013-07-01,cl_central,2.9768830890866953,11.0,gpcc2025
2013-08-01,cl_central,3.070245683252925,10.0,gpcc2025
2013-09-01,cl_central,1.5092540779138226,11.0,gpcc2025
2013-10-01,cl_central,0.7251687858088597,11.0,gpcc2025
2013-11-01,cl_central,0.6693075944453298,11.0,gpcc2025
2013-12-01,cl_central,0.19738296426346474,11.0,gpcc2025
2014-01-01,cl_central,0.7071787527376532,11.0,gpcc2025
2014-02-01,cl_central,0.47702086498815177,11.0,gpcc2025
2014-03-01,cl_central,1.173156838575868,11.0,gpcc2025
2014-04-01,cl_central,1.2636085600103435,11.0,gpcc2025
2014-05-01,cl_central,3.378613112905947,11.0,gpcc2025
2014-06-01,cl_central,5.238861303221582,11.0,gpcc2025
2014-07-01,cl_central,4.022573392115555,11.0,gpcc2025
2014-08-01,cl_central,3.3862780161180934,9.0,gpcc2025
2014-09-01,cl_central,2.8557687080445335,10.0,gpcc2025
2014-10-01,cl_central,0.7990776412325917,10.0,gpcc2025
2014-11-01,cl_central,0.5082859780529503,10.0,gpcc2025
2014-12-01,cl_central,0.33095671904013524,10.0,gpcc2025
2015-01-01,cl_central,0.08823345325101369,11.0,gpcc2025
2015-02-01,cl_central,0.30226207192065274,11.0,gpcc2025
2015-03-01,cl_central,0.34226157266562884,11.0,gpcc2025
2015-04-01,cl_central,0.9879724047933643,11.0,gpcc2025
2015-05-01,cl_central,2.9011479549296926,11.0,gpcc2025
2015-06-01,cl_central,3.4517187909766327,11.0,gpcc2025
2015-07-01,cl_central,5.758265410659907,11.0,gpcc2025
2015-08-01,cl_central,5.251374755853294,11.0,gpcc2025
2015-09-01,cl_central,2.6406326546679244,11.0,gpcc2025
2015-10-01,cl_central,1.968049870817086,11.0,gpcc2025
2015-11-01,cl_central,0.6368670532071181,10.0,gpcc2025
2015-12-01,cl_central,0.4560716302418373,11.0,gpcc2025
2011-01-01,cl_south,3.230716831670739,9.0,gpcc2025
2011-02-01,cl_south,2.720063382933046,11.0,gpcc2025
2011-03-01,cl_south,3.936383822776309,10.0,gpcc2025
2011-04-01,cl_south,3.7476257379785864,9.0,gpcc2025
2011-05-01,cl_south,4.424530693323812,9.0,gpcc2025
2011-06-01,cl_south,4.609070531549174,9.0,gpcc2025
2011-07-01,cl_south,5.974947606699222,9.0,gpcc2025
2011-08-01,cl_south,4.461657426577634,9.0,gpcc2025
2011-09-01,cl_south,3.982408644348538,11.0,gpcc2025
2011-10-01,cl_south,2.8422465877079386,9.0,gpcc2025
2011-11-01,cl_south,3.1752067591556803,10.0,gpcc2025
2011-12-01,cl_south,2.129562777833204,10.0,gpcc2025
2012-01-01,cl_south,3.129092014198118,13.0,gpcc2025
2012-02-01,cl_south,3.130629712585552,12.0,gpcc2025
2012-03-01,cl_south,2.907153854783885,13.0,gpcc2025
2012-04-01,cl_south,3.4307129406796393,10.0,gpcc2025
2012-05-01,cl_south,6.278073358448171,10.0,gpcc2025
2012-06-01,cl_south,6.850129952514008,10.0,gpcc2025
2012-07-01,cl_south,4.158057551898188,10.0,gpcc2025
2012-08-01,cl_south,4.479818817983398,9.0,gpcc2025
2012-09-01,cl_south,3.5511500464069257,11.0,gpcc2025
2012-10-01,cl_south,3.0346740348650973,14.0,gpcc2025
2012-11-01,cl_south,2.5742804997830633,11.0,gpcc2025
2012-12-01,cl_south,4.116324060120309,12.0,gpcc2025
2013-01-01,cl_south,2.7160921274032366,14.0,gpcc2025
2013-02-01,cl_south,3.276241609999097,14.0,gpcc2025
2013-03-01,cl_south,2.8252537609146007,12.0,gpcc2025
2013-04-01,cl_south,3.76524157077899,14.0,gpcc2025
2013-05-01,cl_south,6.584262354250619,11.0,gpcc2025
2013-06-01,cl_south,6.065868965833875,11.0,gpcc2025
2013-07-01,cl_south,5.287420483954157,11.0,gpcc2025
2013-08-01,cl_south,6.704073737844178,11.0,gpcc2025
2013-09-01,cl_south,3.787089639973453,10.0,gpcc2025
2013-10-01,cl_south,2.409142275029931,14.0,gpcc2025
2013-11-01,cl_south,3.144367250173552,13.0,gpcc2025
2013-12-01,cl_south,2.8050278785555385,14.0,gpcc2025
2014-01-01,cl_south,4.170122142791591,14.0,gpcc2025
2014-02-01,cl_south,2.912148023829494,13.0,gpcc2025
2014-03-01,cl_south,3.2219553455630487,14.0,gpcc2025
2014-04-01,cl_south,3.6545928735195576,13.0,gpcc2025
2014-05-01,cl_south,6.129886885953618,11.0,gpcc2025
2014-06-01,cl_south,6.455193442996404,10.0,gpcc2025
2014-07-01,cl_south,4.9407107094548754,10.0,gpcc2025
2014-08-01,cl_south,5.4679480678583445,10.0,gpcc2025
2014-09-01,cl_south,4.041228151791871,11.0,gpcc2025
2014-10-01,cl_south,3.9606612532523924,14.0,gpcc2025
2014-11-01,cl_south,5.378134829939229,15.0,gpcc2025
2014-12-01,cl_south,3.063892177274569,13.0,gpcc2025
2015-01-01,cl_south,1.868625261065745,15.0,gpcc2025
2015-02-01,cl_south,1.7917493955937047,14.0,gpcc2025
2015-03-01,cl_south,3.491618171620383,14.0,gpcc2025
2015-04-01,cl_south,4.253601337019867,14.0,gpcc2025
2015-05-01,cl_south,6.611280273498688,12.0,gpcc2025
2015-06-01,cl_south,5.989575646636749,13.0,gpcc2025
2015-07-01,cl_south,7.758666809796185,14.0,gpcc2025
2015-08-01,cl_south,5.891058390713744,15.0,gpcc2025
2015-09-01,cl_south,2.7027614703958998,15.0,gpcc2025
2015-10-01,cl_south,2.288323565436561,14.0,gpcc2025
2015-11-01,cl_south,3.2491620609849776,15.0,gpcc2025
2015-12-01,cl_south,3.2482674763718586,13.0,gpcc2025
2016-01-01,cl_altiplano,2.3929845955306766,11.0,gpcc2025
2016-02-01,cl_altiplano,3.985215159744608,11.0,gpcc2025
2016-03-01,cl_altiplano,1.8804628364705835,11.0,gpcc2025
2016-04-01,cl_altiplano,1.5579589032828443,11.0,gpcc2025
2016-05-01,cl_altiplano,0.32778467935751465,10.0,gpcc2025
2016-06-01,cl_altiplano,0.4021547678306386,10.0,gpcc2025
2016-07-01,cl_altiplano,0.3585222803760831,11.0,gpcc2025
2016-08-01,cl_altiplano,0.4125895981625188,11.0,gpcc2025
2016-09-01,cl_altiplano,0.6798411723743648,10.0,gpcc2025
2016-10-01,cl_altiplano,1.4493267126763407,10.0,gpcc2025
2016-11-01,cl_altiplano,1.0354251909168979,11.0,gpcc2025
2016-12-01,cl_altiplano,1.881264541926227,10.0,gpcc2025
2017-01-01,cl_altiplano,2.8300844811735066,11.0,gpcc2025
2017-02-01,cl_altiplano,2.901109503035642,11.0,gpcc2025
2017-03-01,cl_altiplano,2.877359593142475,11.0,gpcc2025
2017-04-01,cl_altiplano,1.7417916482998637,11.0,gpcc2025
2017-05-01,cl_altiplano,1.2715549738836558,11.0,gpcc2025
2017-06-01,cl_altiplano,0.4383255456031161,11.0,gpcc2025
2017-07-01,cl_altiplano,0.11830341942971452,11.0,gpcc2025
2017-08-01,cl_altiplano,0.6606421776061856,11.0,gpcc2025
2017-09-01,cl_altiplano,0.9699042521669625,11.0,gpcc2025
2017-10-01,cl_altiplano,1.0799432261701007,11.0,gpcc2025
2017-11-01,cl_altiplano,1.2767951599081102,11.0,gpcc2025
2017-12-01,cl_altiplano,3.2308813140271218,11.0,gpcc2025
2018-01-01,cl_altiplano,3.907034512573942,11.0,gpcc2025
2018-02-01,cl_altiplano,3.5999295663640782,11.0,gpcc2025
2018-03-01,cl_altiplano,3.0128014977728172,11.0,gpcc2025
2018-04-01,cl_altiplano,0.8442956126218552,11.0,gpcc2025
2018-05-01,cl_altiplano,1.0397087240602334,11.0,gpcc2025
2018-06-01,cl_altiplano,0.5832233947054165,11.0,gpcc2025
2018-07-01,cl_altiplano,0.37999838435463373,11.0,gpcc2025
2018-08-01,cl_altiplano,0.6361736256211487,11.0,gpcc2025
2018-09-01,cl_altiplano,0.5647642429255179,11.0,gpcc2025
2018-10-01,cl_altiplano,2.309885220379281,11.0,gpcc2025
2018-11-01,cl_altiplano,2.121596071192539,11.0,gpcc2025
2018-12-01,cl_altiplano,3.418480761399837,11.0,gpcc2025
2019-01-01,cl_altiplano,2.979952422918422,11.0,gpcc2025
2019-02-01,cl_altiplano,3.716910243080207,12.0,gpcc2025
2019-03-01,cl_altiplano,1.8118461655036404,11.0,gpcc2025
2019-04-01,cl_altiplano,1.4358411469850785,12.0,gpcc2025
2019-05-01,cl_altiplano,0.7844807708860662,11.0,gpcc2025
2019-06-01,cl_altiplano,0.24192089830905594,11.0,gpcc2025
2019-07-01,cl_altiplano,0.5126404095876214,11.0,gpcc2025
2019-08-01,cl_altiplano,0.13392090375792956,11.0,gpcc2025
2019-09-01,cl_altiplano,0.6459616787666509,11.0,gpcc2025
2019-10-01,cl_altiplano,0.9146186496713388,11.0,gpcc2025
2019-11-01,cl_altiplano,1.922914654639952,11.0,gpcc2025
2019-12-01,cl_altiplano,3.092552078415835,12.0,gpcc2025
2020-01-01,cl_altiplano,2.9128912436869934,12.0,gpcc2025
2020-02-01,cl_altiplano,4.25390065046392,12.0,gpcc2025
2020-03-01,cl_altiplano,1.7825034675276303,12.0,gpcc2025
2020-04-01,cl_altiplano,0.4750863890322899,9.0,gpcc2025
2020-05-01,cl_altiplano,0.36870388323704917,8.0,gpcc2025
2020-06-01,cl_altiplano,0.1896411060764701,9.0,gpcc2025
2020-07-01,cl_altiplano,0.3651068372961941,8.0,gpcc2025
2020-08-01,cl_altiplano,0.7165346125011031,9.0,gpcc2025
2020-09-01,cl_altiplano,0.697490788029017,12.0,gpcc2025
2020-10-01,cl_altiplano,0.7326969826856753,12.0,gpcc2025
2020-11-01,cl_altiplano,0.9221869598858264,11.0,gpcc2025
2020-12-01,cl_altiplano,2.0796724741281327,12.0,gpcc2025
2016-01-01,cl_atacama,0.2524940638987952,6.0,gpcc2025
2016-02-01,cl_atacama,0.28565325163416105,6.0,gpcc2025
2016-03-01,cl_atacama,0.10141846253614671,6.0,gpcc2025
2016-04-01,cl_atacama,0.05873863421511226,6.0,gpcc2025
2016-05-01,cl_atacama,0.04300061294882056,6.0,gpcc2025
2016-06-01,cl_atacama,0.20953470570830285,6.0,gpcc2025
2016-07-01,cl_atacama,0.15181386146956946,6.0,gpcc2025
2016-08-01,cl_atacama,0.02185048221502331,6.0,gpcc2025
2016-09-01,cl_atacama,0.008827424515948134,6.0,gpcc2025
2016-10-01,cl_atacama,0.0030187998475040656,5.0,gpcc2025
2016-11-01,cl_atacama,0.011980653576533686,6.0,gpcc2025
2016-12-01,cl_atacama,0.031140743844033585,5.0,gpcc2025
2017-01-01,cl_atacama,0.12217488127489579,5.0,gpcc2025
2017-02-01,cl_atacama,0.14328450670745166,5.0,gpcc2025
2017-03-01,cl_atacama,0.07871196081559231,5.0,gpcc2025
2017-04-01,cl_atacama,0.222225291760669,6.0,gpcc2025
2017-05-01,cl_atacama,0.7619018330936761,6.0,gpcc2025
2017-06-01,cl_atacama,0.4816497823340044,6.0,gpcc2025
2017-07-01,cl_atacama,0.10130575174013859,6.0,gpcc2025
2017-08-01,cl_atacama,0.0386065671962161,6.0,gpcc2025
2017-09-01,cl_atacama,0.05653111980758452,5.0,gpcc2025
2017-10-01,cl_atacama,0.014781733754783083,5.0,gpcc2025
2017-11-01,cl_atacama,0.026225506702014238,5.0,gpcc2025
2017-12-01,cl_atacama,0.05900474078266901,5.0,gpcc2025
2018-01-01,cl_atacama,0.4134841699773129,5.0,gpcc2025
2018-02-01,cl_atacama,0.16870676940651733,5.0,gpcc2025
2018-03-01,cl_atacama,0.0646253937467139,5.0,gpcc2025
2018-04-01,cl_atacama,0.02727615332651883,5.0,gpcc2025
2018-05-01,cl_atacama,0.02969438115939882,5.0,gpcc2025
2018-06-01,cl_atacama,0.19097809794938111,5.0,gpcc2025
2018-07-01,cl_atacama,0.15023801650975288,5.0,gpcc2025
2018-08-01,cl_atacama,0.042667220566519434,5.0,gpcc2025
2018-09-01,cl_atacama,0.01164713032305131,5.0,gpcc2025
2018-10-01,cl_atacama,0.03084649643429103,5.0,gpcc2025
2018-11-01,cl_atacama,0.1974656679103743,5.0,gpcc2025
2018-12-01,cl_atacama,0.043195367868612104,5.0,gpcc2025
2019-01-01,cl_atacama,0.19328218081804016,6.0,gpcc2025
2019-02-01,cl_atacama,0.2349931469395767,6.0,gpcc2025
2019-03-01,cl_atacama,0.07003136326897186,6.0,gpcc2025
2019-04-01,cl_atacama,0.08537770820310735,6.0,gpcc2025
2019-05-01,cl_atacama,0.02579555925739988,6.0,gpcc2025
2019-06-01,cl_atacama,0.05521640662607509,6.0,gpcc2025
2019-07-01,cl_atacama,0.1290090422177685,6.0,gpcc2025
2019-08-01,cl_atacama,0.028218513838870512,6.0,gpcc2025
2019-09-01,cl_atacama,0.024195866654754636,6.0,gpcc2025
2019-10-01,cl_atacama,0.027736041849666743,6.0,gpcc2025
2019-11-01,cl_atacama,0.018695734623123246,6.0,gpcc2025
2019-12-01,cl_atacama,0.039184280174044864,6.0,gpcc2025
2020-01-01,cl_atacama,0.24234312581450823,6.0,gpcc2025
2020-02-01,cl_atacama,0.16695163385532022,6.0,gpcc2025
2020-03-01,cl_atacama,0.0977844179371781,6.0,gpcc2025
2020-04-01,cl_atacama,0.032543769255810276,6.0,gpcc2025
2020-05-01,cl_atacama,0.01893193883107092,6.0,gpcc2025
2020-06-01,cl_atacama,0.16634042469910296,6.0,gpcc2025
2020-07-01,cl_atacama,0.1121536475002582,6.0,gpcc2025
2020-08-01,cl_atacama,0.08428693877902253,6.0,gpcc2025
2020-09-01,cl_atacama,0.009212337792510622,6.0,gpcc2025
2020-10-01,cl_atacama,0.0315827111396363,6.0,gpcc2025
2020-11-01,cl_atacama,0.03707057024466224,6.0,gpcc2025
2020-12-01,cl_atacama,0.0366935853082996,6.0,gpcc2025
2016-01-01,cl_central,0.38660544205477765,10.0,gpcc2025
2016-02-01,cl_central,0.24368765874543985,9.0,gpcc2025
2016-03-01,cl_central,0.2856525742938702,8.0,gpcc2025
2016-04-01,cl_central,3.124100245524032,8.0,gpcc2025
2016-05-01,cl_central,2.739099946610392,9.0,gpcc2025
2016-06-01,cl_central,1.3739294691842627,9.0,gpcc2025
2016-07-01,cl_central,4.939338793486764,9.0,gpcc2025
2016-08-01,cl_central,2.05811806239137,9.0,gpcc2025
2016-09-01,cl_central,0.9784865923686913,9.0,gpcc2025
2016-10-01,cl_central,1.9090720743343998,7.0,gpcc2025
2016-11-01,cl_central,0.5927594024424158,9.0,gpcc2025
2016-12-01,cl_central,0.8794209111551976,8.0,gpcc2025
2017-01-01,cl_central,0.3175515019365767,8.0,gpcc2025
2017-02-01,cl_central,0.8860601960325569,8.0,gpcc2025
2017-03-01,cl_central,0.6689419643046551,8.0,gpcc2025
2017-04-01,cl_central,1.5972650251822198,9.0,gpcc2025
2017-05-01,cl_central,4.140399955161173,9.0,gpcc2025
2017-06-01,cl_central,5.257603182909113,9.0,gpcc2025
2017-07-01,cl_central,2.646379407296084,8.0,gpcc2025
2017-08-01,cl_central,5.211031671616138,9.0,gpcc2025
2017-09-01,cl_central,1.6491159207407946,8.0,gpcc2025
2017-10-01,cl_central,1.812057398522854,8.0,gpcc2025
2017-11-01,cl_central,0.6765469051957069,8.0,gpcc2025
2017-12-01,cl_central,0.4012441071668814,8.0,gpcc2025
2018-01-01,cl_central,0.35754359558632626,8.0,gpcc2025
2018-02-01,cl_central,0.35246590124988403,8.0,gpcc2025
2018-03-01,cl_central,1.283444340339911,8.0,gpcc2025
2018-04-01,cl_central,1.950170313222326,8.0,gpcc2025
2018-05-01,cl_central,2.9363787613880374,8.0,gpcc2025
2018-06-01,cl_central,3.022898788434074,8.0,gpcc2025
2018-07-01,cl_central,2.666920932704047,8.0,gpcc2025
2018-08-01,cl_central,2.0146297606244143,8.0,gpcc2025
2018-09-01,cl_central,2.751483678773277,8.0,gpcc2025
2018-10-01,cl_central,1.635401750752604,8.0,gpcc2025
2018-11-01,cl_central,1.2570414664434173,8.0,gpcc2025
2018-12-01,cl_central,0.3413518527388499,8.0,gpcc2025
2019-01-01,cl_central,0.24020962141783464,8.0,gpcc2025
2019-02-01,cl_central,0.1468651640743064,8.0,gpcc2025
2019-03-01,cl_central,0.33365244469471383,8.0,gpcc2025
2019-04-01,cl_central,0.5895188534668797,8.0,gpcc2025
2019-05-01,cl_central,3.272965888065579,8.0,gpcc2025
2019-06-01,cl_central,4.93356198041222,8.0,gpcc2025
2019-07-01,cl_central,3.13652022014341,8.0,gpcc2025
2019-08-01,cl_central,1.396851278701584,7.0,gpcc2025
2019-09-01,cl_central,1.239857728162224,8.0,gpcc2025
2019-10-01,cl_central,0.7297992411281277,8.0,gpcc2025
2019-11-01,cl_central,0.44048504892112883,8.0,gpcc2025
2019-12-01,cl_central,0.15357914001050346,8.0,gpcc2025
2020-01-01,cl_central,0.2200153233837504,8.0,gpcc2025
2020-02-01,cl_central,0.26417281139883864,8.0,gpcc2025
2020-03-01,cl_central,0.3413780835624058,8.0,gpcc2025
2020-04-01,cl_central,1.0534374078471296,8.0,gpcc2025
2020-05-01,cl_central,2.1288268575358407,8.0,gpcc2025
2020-06-01,cl_central,6.29295555194963,8.0,gpcc2025
2020-07-01,cl_central,4.6045322891917815,8.0,gpcc2025
2020-08-01,cl_central,1.7778725878597943,8.0,gpcc2025
2020-09-01,cl_central,0.9784888073998778,8.0,gpcc2025
2020-10-01,cl_central,0.6404368732864097,8.0,gpcc2025
2020-11-01,cl_central,0.30157297297021834,8.0,gpcc2025
2020-12-01,cl_central,0.3435618995704053,8.0,gpcc2025
2016-01-01,cl_south,2.0759421761240473,10.0,gpcc2025
2016-02-01,cl_south,2.3372690632134114,11.0,gpcc2025
2016-03-01,cl_south,1.8555088764275522,11.0,gpcc2025
2016-04-01,cl_south,3.052931420222611,10.0,gpcc2025
2016-05-01,cl_south,2.719691153883128,10.0,gpcc2025
2016-06-01,cl_south,3.1896234617506094,11.0,gpcc2025
2016-07-01,cl_south,3.5778694108804308,11.0,gpcc2025
2016-08-01,cl_south,4.773126448198941,11.0,gpcc2025
2016-09-01,cl_south,3.046934606092145,10.0,gpcc2025
2016-10-01,cl_south,2.8705213484895284,10.0,gpcc2025
2016-11-01,cl_south,3.0333034394394907,11.0,gpcc2025
2016-12-01,cl_south,2.732884384254687,11.0,gpcc2025
2017-01-01,cl_south,3.4004595285628163,9.0,gpcc2025
2017-02-01,cl_south,3.596027824748961,10.0,gpcc2025
2017-03-01,cl_south,3.356238154255375,10.0,gpcc2025
2017-04-01,cl_south,3.7650594248612164,10.0,gpcc2025
2017-05-01,cl_south,5.398333360519285,11.0,gpcc2025
2017-06-01,cl_south,5.652165841777854,11.0,gpcc2025
2017-07-01,cl_south,4.7946897836872155,11.0,gpcc2025
2017-08-01,cl_south,6.289078051757656,11.0,gpcc2025
2017-09-01,cl_south,3.376286191033755,9.0,gpcc2025
2017-10-01,cl_south,4.089664969965649,10.0,gpcc2025
2017-11-01,cl_south,2.1255660556637666,11.0,gpcc2025
2017-12-01,cl_south,3.124080915055267,9.0,gpcc2025
2018-01-01,cl_south,2.307376965193529,10.0,gpcc2025
2018-02-01,cl_south,1.9927676975021473,10.0,gpcc2025
2018-03-01,cl_south,3.6729205252362744,10.0,gpcc2025
2018-04-01,cl_south,4.5624779715328545,10.0,gpcc2025
2018-05-01,cl_south,4.2629308806323944,10.0,gpcc2025
2018-06-01,cl_south,5.447170138484588,10.0,gpcc2025
2018-07-01,cl_south,3.4897592049263695,9.0,gpcc2025
2018-08-01,cl_south,4.419616042573417,10.0,gpcc2025
2018-09-01,cl_south,4.726289020315852,9.0,gpcc2025
2018-10-01,cl_south,3.1890643151368474,10.0,gpcc2025
2018-11-01,cl_south,3.4744446728018685,10.0,gpcc2025
2018-12-01,cl_south,2.21757312406135,10.0,gpcc2025
2019-01-01,cl_south,2.3634713681324144,12.0,gpcc2025
2019-02-01,cl_south,1.9962785939331675,13.0,gpcc2025
2019-03-01,cl_south,2.5179392045132865,11.0,gpcc2025
2019-04-01,cl_south,4.1112857030145245,10.0,gpcc2025
2019-05-01,cl_south,4.562831058485913,11.0,gpcc2025
2019-06-01,cl_south,5.561181102533724,10.0,gpcc2025
2019-07-01,cl_south,4.9893963071215195,11.0,gpcc2025
2019-08-01,cl_south,3.3808918473898717,11.0,gpcc2025
2019-09-01,cl_south,2.276669653553609,12.0,gpcc2025
2019-10-01,cl_south,2.1824067014828934,12.0,gpcc2025
2019-11-01,cl_south,3.232012709728298,12.0,gpcc2025
2019-12-01,cl_south,2.7534152624608326,12.0,gpcc2025
2020-01-01,cl_south,2.3743963820571667,12.0,gpcc2025
2020-02-01,cl_south,2.363091259656132,12.0,gpcc2025
2020-03-01,cl_south,2.3047200040493663,12.0,gpcc2025
2020-04-01,cl_south,3.296424015153098,12.0,gpcc2025
2020-05-01,cl_south,5.705584448548573,12.0,gpcc2025
2020-06-01,cl_south,6.001572050463716,12.0,gpcc2025
2020-07-01,cl_south,4.849101887870634,12.0,gpcc2025
2020-08-01,cl_south,3.914740610123782,12.0,gpcc2025
2020-09-01,cl_south,2.9581147597049555,12.0,gpcc2025
2020-10-01,cl_south,2.5817407413567857,12.0,gpcc2025
2020-11-01,cl_south,2.483973289067402,12.0,gpcc2025
2020-12-01,cl_south,2.3836506550435836,12.0,gpcc2025
2021-01-01,cl_altiplano,4.132573277251776,12.0,gpcc2025
2021-02-01,cl_altiplano,2.5522963671163947,12.0,gpcc2025
2021-03-01,cl_altiplano,2.3623483911989354,12.0,gpcc2025
2021-04-01,cl_altiplano,1.370485429124218,12.0,gpcc2025
2021-05-01,cl_altiplano,0.39187657678885446,12.0,gpcc2025
2021-06-01,cl_altiplano,0.5020868634098411,12.0,gpcc2025
2021-07-01,cl_altiplano,0.24071876188311137,12.0,gpcc2025
2021-08-01,cl_altiplano,0.3576536200529335,12.0,gpcc2025
2021-09-01,cl_altiplano,0.6725487699334354,12.0,gpcc2025
2021-10-01,cl_altiplano,0.9619727032984897,12.0,gpcc2025
2021-11-01,cl_altiplano,1.657258923889607,12.0,gpcc2025
2021-12-01,cl_altiplano,3.0590735782241674,12.0,gpcc2025
2022-01-01,cl_altiplano,2.569920688838217,12.0,gpcc2025
2022-02-01,cl_altiplano,3.0739069204890823,12.0,gpcc2025
2022-03-01,cl_altiplano,2.068174884992003,12.0,gpcc2025
2022-04-01,cl_altiplano,0.4836079878496575,12.0,gpcc2025
2022-05-01,cl_altiplano,0.4046731265318849,12.0,gpcc2025
2022-06-01,cl_altiplano,0.16784973771543193,12.0,gpcc2025
2022-07-01,cl_altiplano,0.11720489934249231,12.0,gpcc2025
2022-08-01,cl_altiplano,0.40839811523325753,12.0,gpcc2025
2022-09-01,cl_altiplano,0.7512217987511647,12.0,gpcc2025
2022-10-01,cl_altiplano,0.6326552543621176,12.0,gpcc2025
2022-11-01,cl_altiplano,0.6814746572922468,12.0,gpcc2025
2022-12-01,cl_altiplano,1.8715490836160036,12.0,gpcc2025
2023-01-01,cl_altiplano,2.809699664469107,11.0,gpcc2025
2023-02-01,cl_altiplano,3.0179624558936133,11.0,gpcc2025
2023-03-01,cl_altiplano,3.2761272768069616,11.0,gpcc2025
2023-04-01,cl_altiplano,1.0592862782639199,11.0,gpcc2025
2023-05-01,cl_altiplano,0.9924716697912751,12.0,gpcc2025
2023-06-01,cl_altiplano,0.5429130335220244,12.0,gpcc2025
2023-07-01,cl_altiplano,0.3469574447853368,12.0,gpcc2025
2023-08-01,cl_altiplano,0.2571937727887295,10.0,gpcc2025
2023-09-01,cl_altiplano,0.3300001369589466,12.0,gpcc2025
2023-10-01,cl_altiplano,0.6558707164011828,11.0,gpcc2025
2023-11-01,cl_altiplano,1.5468788817542911,10.0,gpcc2025
2023-12-01,cl_altiplano,2.1938687798085104,12.0,gpcc2025
2024-01-01,cl_altiplano,2.2801227509535527,11.0,gpcc2025
2024-02-01,cl_altiplano,3.6452672707230858,11.0,gpcc2025
2024-03-01,cl_altiplano,2.3687041579372146,12.0,gpcc2025
2024-04-01,cl_altiplano,0.8991738576702015,12.0,gpcc2025
2024-05-01,cl_altiplano,0.4816429573261611,12.0,gpcc2025
2024-06-01,cl_altiplano,0.20339656099104209,12.0,gpcc2025
2024-07-01,cl_altiplano,0.06374157382672065,12.0,gpcc2025
2024-08-01,cl_altiplano,0.2734424825085247,12.0,gpcc2025
2024-09-01,cl_altiplano,0.3241332265231621,10.0,gpcc2025
2024-10-01,cl_altiplano,1.3055384191538133,9.0,gpcc2025
2024-11-01,cl_altiplano,2.5930185463799753,11.0,gpcc2025
2024-12-01,cl_altiplano,1.5868120209534846,10.0,gpcc2025
2021-01-01,cl_atacama,0.13610072784074323,6.0,gpcc2025
2021-02-01,cl_atacama,0.174635814010004,6.0,gpcc2025
2021-03-01,cl_atacama,0.10303070314514082,6.0,gpcc2025
2021-04-01,cl_atacama,0.028192897911355087,6.0,gpcc2025
2021-05-01,cl_atacama,0.04247997260939487,6.0,gpcc2025
2021-06-01,cl_atacama,0.11368513582444185,6.0,gpcc2025
2021-07-01,cl_atacama,0.13226208831226427,6.0,gpcc2025
2021-08-01,cl_atacama,0.07536306955128058,6.0,gpcc2025
2021-09-01,cl_atacama,0.016394342294831003,6.0,gpcc2025
2021-10-01,cl_atacama,0.010399973797419155,6.0,gpcc2025
2021-11-01,cl_atacama,0.017765086105625445,6.0,gpcc2025
2021-12-01,cl_atacama,0.0586285436398884,6.0,gpcc2025
2022-01-01,cl_atacama,0.17937618816274195,6.0,gpcc2025
2022-02-01,cl_atacama,0.16504806976340958,6.0,gpcc2025
2022-03-01,cl_atacama,0.14787435146864694,6.0,gpcc2025
2022-04-01,cl_atacama,0.0206918072718626,6.0,gpcc2025
2022-05-01,cl_atacama,0.013198014522125918,6.0,gpcc2025
2022-06-01,cl_atacama,0.057612984916287746,6.0,gpcc2025
2022-07-01,cl_atacama,0.5199430168368139,6.0,gpcc2025
2022-08-01,cl_atacama,0.036543935844598995,6.0,gpcc2025
2022-09-01,cl_atacama,0.03409985677302112,6.0,gpcc2025
2022-10-01,cl_atacama,0.0040254494151319535,6.0,gpcc2025
2022-11-01,cl_atacama,0.01226175760964454,6.0,gpcc2025
2022-12-01,cl_atacama,0.04994693621274422,6.0,gpcc2025
2023-01-01,cl_atacama,0.1377592572513479,6.0,gpcc2025
2023-02-01,cl_atacama,0.25499471687014374,6.0,gpcc2025
2023-03-01,cl_atacama,0.11513008644733352,6.0,gpcc2025
2023-04-01,cl_atacama,0.04682476826055544,6.0,gpcc2025
2023-05-01,cl_atacama,0.019579514153055453,6.0,gpcc2025
2023-06-01,cl_atacama,0.05318579527139457,6.0,gpcc2025
2023-07-01,cl_atacama,0.1392705378535829,6.0,gpcc2025
2023-08-01,cl_atacama,0.04159347625848322,6.0,gpcc2025
2023-09-01,cl_atacama,0.02450143935548952,6.0,gpcc2025
2023-10-01,cl_atacama,0.0017829004409195886,6.0,gpcc2025
2023-11-01,cl_atacama,0.008862863059725083,6.0,gpcc2025
2023-12-01,cl_atacama,0.028765220800781716,6.0,gpcc2025
2024-01-01,cl_atacama,0.11786372452135128,6.0,gpcc2025
2024-02-01,cl_atacama,0.1686969838830445,6.0,gpcc2025
2024-03-01,cl_atacama,0.06528267759535983,6.0,gpcc2025
2024-04-01,cl_atacama,0.09280995002047604,6.0,gpcc2025
2024-05-01,cl_atacama,0.05044042647441186,6.0,gpcc2025
2024-06-01,cl_atacama,0.1563749496948184,6.0,gpcc2025
2024-07-01,cl_atacama,0.09654965822765275,6.0,gpcc2025
2024-08-01,cl_atacama,0.11060260544333976,6.0,gpcc2025
2024-09-01,cl_atacama,0.003953975834236913,6.0,gpcc2025
2024-10-01,cl_atacama,0.06731156286458395,6.0,gpcc2025
2024-11-01,cl_atacama,0.01564871014826251,6.0,gpcc2025
2024-12-01,cl_atacama,0.026539382196607484,6.0,gpcc2025
2021-01-01,cl_central,1.3547625785365296,8.0,gpcc2025
2021-02-01,cl_central,0.21799045099332817,8.0,gpcc2025
2021-03-01,cl_central,0.3690732441760197,8.0,gpcc2025
2021-04-01,cl_central,1.0674718985831113,8.0,gpcc2025
2021-05-01,cl_central,3.1510827830494756,8.0,gpcc2025
2021-06-01,cl_central,2.514503281472851,8.0,gpcc2025
2021-07-01,cl_central,2.052377214893205,8.0,gpcc2025
2021-08-01,cl_central,2.680786491460766,8.0,gpcc2025
2021-09-01,cl_central,1.4411896494403789,8.0,gpcc2025
2021-10-01,cl_central,0.6851591577834348,8.0,gpcc2025
2021-11-01,cl_central,0.31745145166759925,8.0,gpcc2025
2021-12-01,cl_central,0.23624173415553332,8.0,gpcc2025
2022-01-01,cl_central,0.5852723669751966,8.0,gpcc2025
2022-02-01,cl_central,0.37547468382889576,8.0,gpcc2025
2022-03-01,cl_central,0.5756205473732431,8.0,gpcc2025
2022-04-01,cl_central,2.747728296651983,8.0,gpcc2025
2022-05-01,cl_central,2.0127517619295916,8.0,gpcc2025
2022-06-01,cl_central,3.894955442388694,8.0,gpcc2025
2022-07-01,cl_central,4.833046647839502,8.0,gpcc2025
2022-08-01,cl_central,2.4606433363360205,8.0,gpcc2025
2022-09-01,cl_central,1.1269580802062495,8.0,gpcc2025
2022-10-01,cl_central,0.9983062375728187,8.0,gpcc2025
2022-11-01,cl_central,0.48549622920366986,8.0,gpcc2025
2022-12-01,cl_central,0.2088187816563423,8.0,gpcc2025
2023-01-01,cl_central,0.24926857882551468,8.0,gpcc2025
2023-02-01,cl_central,0.12986782941243158,8.0,gpcc2025
2023-03-01,cl_central,0.44477054050167386,8.0,gpcc2025
2023-04-01,cl_central,1.2187055925593617,8.0,gpcc2025
2023-05-01,cl_central,2.1308198250056853,8.0,gpcc2025
2023-06-01,cl_central,5.083373733552863,8.0,gpcc2025
2023-07-01,cl_central,3.793425395022549,8.0,gpcc2025
2023-08-01,cl_central,5.2367496580121395,8.0,gpcc2025
2023-09-01,cl_central,3.710695931303714,8.0,gpcc2025
2023-10-01,cl_central,1.0569184750678178,8.0,gpcc2025
2023-11-01,cl_central,1.2736847255594013,8.0,gpcc2025
2023-12-01,cl_central,0.18839049249256226,8.0,gpcc2025
2024-01-01,cl_central,0.08818835475540698,8.0,gpcc2025
2024-02-01,cl_central,0.310511745841961,8.0,gpcc2025
2024-03-01,cl_central,0.8316859273397434,8.0,gpcc2025
2024-04-01,cl_central,1.9199905142393754,8.0,gpcc2025
2024-05-01,cl_central,3.3437163055617196,8.0,gpcc2025
2024-06-01,cl_central,8.342900514220501,8.0,gpcc2025
2024-07-01,cl_central,1.6745779197606963,8.0,gpcc2025
2024-08-01,cl_central,2.7455955970666754,7.0,gpcc2025
2024-09-01,cl_central,1.9383834624237808,10.0,gpcc2025
2024-10-01,cl_central,0.7510111274362429,10.0,gpcc2025
2024-11-01,cl_central,0.5692301335621142,10.0,gpcc2025
2024-12-01,cl_central,0.16635911458009583,10.0,gpcc2025
2021-01-01,cl_south,2.243165333928185,12.0,gpcc2025
2021-02-01,cl_south,1.5728549655083235,12.0,gpcc2025
2021-03-01,cl_south,2.2835202666913896,12.0,gpcc2025
2021-04-01,cl_south,3.4620793022829806,12.0,gpcc2025
2021-05-01,cl_south,3.7126590134440116,12.0,gpcc2025
2021-06-01,cl_south,4.266831693992317,12.0,gpcc2025
2021-07-01,cl_south,3.7523931692727475,12.0,gpcc2025
2021-08-01,cl_south,3.6613564298803376,12.0,gpcc2025
2021-09-01,cl_south,2.4062723872480323,12.0,gpcc2025
2021-10-01,cl_south,2.622906127421184,12.0,gpcc2025
2021-11-01,cl_south,2.123426023418349,12.0,gpcc2025
2021-12-01,cl_south,2.021718089519154,12.0,gpcc2025
2022-01-01,cl_south,2.8797426508470174,12.0,gpcc2025
2022-02-01,cl_south,2.785836628263453,12.0,gpcc2025
2022-03-01,cl_south,3.1912154243786652,12.0,gpcc2025
2022-04-01,cl_south,3.6380961722995653,13.0,gpcc2025
2022-05-01,cl_south,4.469302867161432,11.0,gpcc2025
2022-06-01,cl_south,3.955300514727993,12.0,gpcc2025
2022-07-01,cl_south,5.310199186739466,12.0,gpcc2025
2022-08-01,cl_south,3.554398715185126,11.0,gpcc2025
2022-09-01,cl_south,3.5590881213182874,12.0,gpcc2025
2022-10-01,cl_south,3.6499251147122687,12.0,gpcc2025
2022-11-01,cl_south,2.1312914907790472,12.0,gpcc2025
2022-12-01,cl_south,2.677470137154566,12.0,gpcc2025
2023-01-01,cl_south,1.9422990122426111,12.0,gpcc2025
2023-02-01,cl_south,2.1378016414099257,12.0,gpcc2025
2023-03-01,cl_south,3.5038032329793514,12.0,gpcc2025
2023-04-01,cl_south,2.8045449163775245,12.0,gpcc2025
2023-05-01,cl_south,4.454003861070298,12.0,gpcc2025
2023-06-01,cl_south,6.157612929233031,12.0,gpcc2025
2023-07-01,cl_south,5.984783901957139,12.0,gpcc2025
2023-08-01,cl_south,4.920010018697652,12.0,gpcc2025
2023-09-01,cl_south,3.995720344121102,12.0,gpcc2025
2023-10-01,cl_south,3.0437843525694954,11.0,gpcc2025
2023-11-01,cl_south,3.1526619558134925,12.0,gpcc2025
2023-12-01,cl_south,1.9079957938791623,11.0,gpcc2025
2024-01-01,cl_south,1.753218572733279,12.0,gpcc2025
2024-02-01,cl_south,1.943714645382452,12.0,gpcc2025
2024-03-01,cl_south,4.076919120279504,12.0,gpcc2025
2024-04-01,cl_south,4.046477380142352,11.0,gpcc2025
2024-05-01,cl_south,3.7007047144395275,11.0,gpcc2025
2024-06-01,cl_south,5.94932926389973,9.0,gpcc2025
2024-07-01,cl_south,3.5947347028525316,10.0,gpcc2025
2024-08-01,cl_south,3.821878687763021,10.0,gpcc2025
2024-09-01,cl_south,3.4282069330888087,13.0,gpcc2025
2024-10-01,cl_south,1.4168692484754348,12.0,gpcc2025
2024-11-01,cl_south,3.198639133465177,13.0,gpcc2025
2024-12-01,cl_south,1.6029324397117624,13.0,gpcc2025
