time,region,value,ngauges,dataset
1951-01-01,box_antilles,0.918466204663499,61.0,gpcc2025
1951-02-01,box_antilles,1.0129506572977998,61.0,gpcc2025
1951-03-01,box_antilles,0.38563929553220916,62.0,gpcc2025
1951-04-01,box_antilles,2.419944641205084,61.0,gpcc2025
1951-05-01,box_antilles,4.207004354974863,63.0,gpcc2025
1951-06-01,box_antilles,2.852856284239096,64.0,gpcc2025
1951-07-01,box_antilles,4.664293938808204,63.0,gpcc2025
1951-08-01,box_antilles,5.184084208543648,62.0,gpcc2025
1951-09-01,box_antilles,4.187153823251884,64.0,gpcc2025
1951-10-01,box_antilles,5.808378987624896,63.0,gpcc2025
1951-11-01,box_antilles,3.4880037084247233,63.0,gpcc2025
1951-12-01,box_antilles,1.3018877261016109,61.0,gpcc2025
1952-01-01,box_antilles,0.8136625452056049,64.0,gpcc2025
1952-02-01,box_antilles,1.6317827036337855,62.0,gpcc2025
1952-03-01,box_antilles,0.8872090769373244,62.0,gpcc2025
1952-04-01,box_antilles,3.079791949375817,62.0,gpcc2025
1952-05-01,box_antilles,4.057509801096808,61.0,gpcc2025
1952-06-01,box_antilles,5.240698744722434,62.0,gpcc2025
1952-07-01,box_antilles,4.112905348931502,62.0,gpcc2025
1952-08-01,box_antilles,3.756712444734956,64.0,gpcc2025
1952-09-01,box_antilles,5.492067047462021,63.0,gpcc2025
1952-10-01,box_antilles,6.450586696039688,64.0,gpcc2025
1952-11-01,box_antilles,2.5893524488142177,65.0,gpcc2025
1952-12-01,box_antilles,1.3928056179341841,64.0,gpcc2025
1953-01-01,box_antilles,2.792238682747736,61.0,gpcc2025
1953-02-01,box_antilles,1.016464376176192,58.0,gpcc2025
1953-03-01,box_antilles,0.671890656990997,60.0,gpcc2025
1953-04-01,box_antilles,1.7122106785676963,60.0,gpcc2025
1953-05-01,box_antilles,6.047140610089481,60.0,gpcc2025
1953-06-01,box_antilles,6.095676025320908,59.0,gpcc2025
1953-07-01,box_antilles,4.398099294813762,60.0,gpcc2025
1953-08-01,box_antilles,3.5370633210934734,60.0,gpcc2025
1953-09-01,box_antilles,7.020548510302897,60.0,gpcc2025
1953-10-01,box_antilles,5.757478179145598,60.0,gpcc2025
1953-11-01,box_antilles,2.9893693449370957,60.0,gpcc2025
1953-12-01,box_antilles,1.5423152427977196,57.0,gpcc2025
1954-01-01,box_antilles,1.1137328020366022,61.0,gpcc2025
1954-02-01,box_antilles,3.3443235092041497,62.0,gpcc2025
1954-03-01,box_antilles,1.5911070236346603,61.0,gpcc2025
1954-04-01,box_antilles,3.349287282807458,60.0,gpcc2025
1954-05-01,box_antilles,7.1604084190750275,62.0,gpcc2025
1954-06-01,box_antilles,4.647236046498536,62.0,gpcc2025
1954-07-01,box_antilles,3.6910276574286023,62.0,gpcc2025
1954-08-01,box_antilles,4.853477209780967,62.0,gpcc2025
1954-09-01,box_antilles,6.6277255791808285,61.0,gpcc2025
1954-10-01,box_antilles,6.350588112450417,63.0,gpcc2025
1954-11-01,box_antilles,3.0404658270641987,63.0,gpcc2025
1954-12-01,box_antilles,1.5695352600499037,62.0,gpcc2025
1955-01-01,box_antilles,1.3047790949159301,63.0,gpcc2025
1955-02-01,box_antilles,1.9606647490156492,63.0,gpcc2025
1955-03-01,box_antilles,0.7940983733265012,62.0,gpcc2025
1955-04-01,box_antilles,1.6515733443807332,63.0,gpcc2025
1955-05-01,box_antilles,3.1859891752748637,63.0,gpcc2025
1955-06-01,box_antilles,6.167939053181155,63.0,gpcc2025
1955-07-01,box_antilles,4.13105138358627,62.0,gpcc2025
1955-08-01,box_antilles,5.217573266788595,63.0,gpcc2025
1955-09-01,box_antilles,5.74016872226677,63.0,gpcc2025
1955-10-01,box_antilles,5.768615867844271,62.0,gpcc2025
1955-11-01,box_antilles,1.415049056763801,63.0,gpcc2025
1955-12-01,box_antilles,2.1998417610821765,63.0,gpcc2025
1951-01-01,box_inlandnw,2.871496476508231,667.0,gpcc2025
1951-02-01,box_inlandnw,2.7990461693260427,667.0,gpcc2025
1951-03-01,box_inlandnw,1.7778853391310145,670.0,gpcc2025
1951-04-01,box_inlandnw,0.936144251338392,675.0,gpcc2025
1951-05-01,box_inlandnw,1.867952415517684,675.0,gpcc2025
1951-06-01,box_inlandnw,1.4915860889136852,691.0,gpcc2025
1951-07-01,box_inlandnw,1.6635223453020413,694.0,gpcc2025
1951-08-01,box_inlandnw,1.659988463374345,703.0,gpcc2025
1951-09-01,box_inlandnw,1.4323074784006795,695.0,gpcc2025
1951-10-01,box_inlandnw,2.797008395946362,691.0,gpcc2025
1951-11-01,box_inlandnw,2.3255728034078795,680.0,gpcc2025
1951-12-01,box_inlandnw,2.4686907631748833,678.0,gpcc2025
1952-01-01,box_inlandnw,2.3634049886543242,672.0,gpcc2025
1952-02-01,box_inlandnw,1.599548669946326,680.0,gpcc2025
1952-03-01,box_inlandnw,1.4013413247817397,677.0,gpcc2025
1952-04-01,box_inlandnw,0.9330765820801795,686.0,gpcc2025
1952-05-01,box_inlandnw,1.4129831556454895,695.0,gpcc2025
1952-06-01,box_inlandnw,2.8233373844829037,695.0,gpcc2025
1952-07-01,box_inlandnw,1.4373883406805912,699.0,gpcc2025
1952-08-01,box_inlandnw,1.1046473219460904,697.0,gpcc2025
1952-09-01,box_inlandnw,0.8761616126084874,697.0,gpcc2025
1952-10-01,box_inlandnw,0.534661965658026,695.0,gpcc2025
1952-11-01,box_inlandnw,0.9141472372319689,689.0,gpcc2025
1952-12-01,box_inlandnw,2.1449683523731107,686.0,gpcc2025
1953-01-01,box_inlandnw,4.998875913681664,678.0,gpcc2025
1953-02-01,box_inlandnw,1.7181511115675139,686.0,gpcc2025
1953-03-01,box_inlandnw,1.643019033181479,687.0,gpcc2025
1953-04-01,box_inlandnw,1.6782521650020334,686.0,gpcc2025
1953-05-01,box_inlandnw,1.9469992409165977,705.0,gpcc2025
1953-06-01,box_inlandnw,2.7165569532198606,712.0,gpcc2025
1953-07-01,box_inlandnw,1.4913956682993834,716.0,gpcc2025
1953-08-01,box_inlandnw,1.6726647231972276,714.0,gpcc2025
1953-09-01,box_inlandnw,1.239429281037643,704.0,gpcc2025
1953-10-01,box_inlandnw,1.3396365649476398,709.0,gpcc2025
1953-11-01,box_inlandnw,2.4921803764413824,702.0,gpcc2025
1953-12-01,box_inlandnw,2.8402620637306435,698.0,gpcc2025
1954-01-01,box_inlandnw,3.3337507121292087,699.0,gpcc2025
1954-02-01,box_inlandnw,2.50920695619729,708.0,gpcc2025
1954-03-01,box_inlandnw,1.3203809528312465,694.0,gpcc2025
1954-04-01,box_inlandnw,1.7512659793454597,701.0,gpcc2025
1954-05-01,box_inlandnw,1.67616491720536,719.0,gpcc2025
1954-06-01,box_inlandnw,2.5954437663352503,727.0,gpcc2025
1954-07-01,box_inlandnw,1.5210312014318226,729.0,gpcc2025
1954-08-01,box_inlandnw,2.9795965624096565,726.0,gpcc2025
1954-09-01,box_inlandnw,1.6639539660713971,719.0,gpcc2025
1954-10-01,box_inlandnw,1.2027405911488092,712.0,gpcc2025
1954-11-01,box_inlandnw,2.6475679433820725,709.0,gpcc2025
1954-12-01,box_inlandnw,2.047607864796153,706.0,gpcc2025
1955-01-01,box_inlandnw,1.3801696985142609,700.0,gpcc2025
1955-02-01,box_inlandnw,1.7956827314052763,702.0,gpcc2025
1955-03-01,box_inlandnw,1.9778072561492408,707.0,gpcc2025
1955-04-01,box_inlandnw,2.041447552009454,711.0,gpcc2025
1955-05-01,box_inlandnw,1.8335900567450614,723.0,gpcc2025
1955-06-01,box_inlandnw,1.6475275081982896,729.0,gpcc2025
1955-07-01,box_inlandnw,2.6018480718208377,731.0,gpcc2025
1955-08-01,box_inlandnw,0.44673835882751106,731.0,gpcc2025
1955-09-01,box_inlandnw,1.4144342842057531,729.0,gpcc2025
1955-10-01,box_inlandnw,2.5931317692488256,708.0,gpcc2025
1955-11-01,box_inlandnw,3.470854562661882,704.0,gpcc2025
1955-12-01,box_inlandnw,3.2580155878418253,698.0,gpcc2025
1951-01-01,box_srilanka,8.84820028739836,17.0,gpcc2025
1951-02-01,box_srilanka,3.7819260856077435,17.0,gpcc2025
1951-03-01,box_srilanka,3.1180044615379354,17.0,gpcc2025
1951-04-01,box_srilanka,6.153437915563461,17.0,gpcc2025
1951-05-01,box_srilanka,5.690304358635366,17.0,gpcc2025
1951-06-01,box_srilanka,3.9805729928311266,17.0,gpcc2025
1951-07-01,box_srilanka,2.6257218870718675,17.0,gpcc2025
1951-08-01,box_srilanka,0.8241027335183033,17.0,gpcc2025
1951-09-01,box_srilanka,6.2153451610428165,17.0,gpcc2025
1951-10-01,box_srilanka,5.8453067400876,17.0,gpcc2025
1951-11-01,box_srilanka,11.178970869879471,17.0,gpcc2025
1951-12-01,box_srilanka,4.7655038391647855,17.0,gpcc2025
1952-01-01,box_srilanka,7.661259839494901,17.0,gpcc2025
1952-02-01,box_srilanka,3.147077418082508,17.0,gpcc2025
1952-03-01,box_srilanka,1.8501445606322644,17.0,gpcc2025
1952-04-01,box_srilanka,5.727198044041203,17.0,gpcc2025
1952-05-01,box_srilanka,5.557197141934034,17.0,gpcc2025
1952-06-01,box_srilanka,1.9278049999195717,17.0,gpcc2025
1952-07-01,box_srilanka,2.0824145796254916,17.0,gpcc2025
1952-08-01,box_srilanka,1.230630382548602,17.0,gpcc2025
1952-09-01,box_srilanka,1.8682248254303084,17.0,gpcc2025
1952-10-01,box_srilanka,5.89708057356176,17.0,gpcc2025
1952-11-01,box_srilanka,6.7086492506716775,17.0,gpcc2025
1952-12-01,box_srilanka,4.311468014182891,17.0,gpcc2025
1953-01-01,box_srilanka,4.838743185183528,17.0,gpcc2025
1953-02-01,box_srilanka,3.6523835924278543,17.0,gpcc2025
1953-03-01,box_srilanka,2.92375812489255,17.0,gpcc2025
1953-04-01,box_srilanka,6.453040668918141,17.0,gpcc2025
1953-05-01,box_srilanka,0.48273036856322926,17.0,gpcc2025
1953-06-01,box_srilanka,1.8957119343665665,17.0,gpcc2025
1953-07-01,box_srilanka,7.0522648225953315,17.0,gpcc2025
1953-08-01,box_srilanka,1.767848267110136,17.0,gpcc2025
1953-09-01,box_srilanka,2.5173516317967266,17.0,gpcc2025
1953-10-01,box_srilanka,10.915209372677838,17.0,gpcc2025
1953-11-01,box_srilanka,6.9054660850926,17.0,gpcc2025
1953-12-01,box_srilanka,6.099086313886572,17.0,gpcc2025
1954-01-01,box_srilanka,5.4671276619399,17.0,gpcc2025
1954-02-01,box_srilanka,3.022370143573682,17.0,gpcc2025
1954-03-01,box_srilanka,5.8642303120663914,17.0,gpcc2025
1954-04-01,box_srilanka,7.219355748250858,17.0,gpcc2025
1954-05-01,box_srilanka,3.9854432653398364,17.0,gpcc2025
1954-06-01,box_srilanka,1.0092391625320778,17.0,gpcc2025
1954-07-01,box_srilanka,1.8914068919031326,17.0,gpcc2025
1954-08-01,box_srilanka,3.6711966148320743,17.0,gpcc2025
1954-09-01,box_srilanka,1.3495177785403392,17.0,gpcc2025
1954-10-01,box_srilanka,8.624103149858406,17.0,gpcc2025
1954-11-01,box_srilanka,5.6005260382841975,17.0,gpcc2025
1954-12-01,box_srilanka,11.043502602943775,17.0,gpcc2025
1955-01-01,box_srilanka,6.860658633151927,17.0,gpcc2025
1955-02-01,box_srilanka,4.958892439625811,17.0,gpcc2025
1955-03-01,box_srilanka,3.1033222446914754,17.0,gpcc2025
1955-04-01,box_srilanka,6.600120683522749,16.0,gpcc2025
1955-05-01,box_srilanka,5.486232017559877,16.0,gpcc2025
1955-06-01,box_srilanka,2.9936648585382204,16.0,gpcc2025
1955-07-01,box_srilanka,2.048993553419306,17.0,gpcc2025
1955-08-01,box_srilanka,2.6378217529411505,17.0,gpcc2025
1955-09-01,box_srilanka,5.849475959730089,17.0,gpcc2025
1955-10-01,box_srilanka,6.596683930955205,17.0,gpcc2025
1955-11-01,box_srilanka,6.834197814088579,17.0,gpcc2025
1955-12-01,box_srilanka,3.7970533055106825,17.0,gpcc2025
1951-01-01,box_seaustralia,1.0537502809461057,1071.0,gpcc2025
1951-02-01,box_seaustralia,2.9557392793409667,1088.0,gpcc2025
1951-03-01,box_seaustralia,0.8586974325480862,1082.0,gpcc2025
1951-04-01,box_seaustralia,4.05550154251541,1082.0,gpcc2025
1951-05-01,box_seaustralia,3.2973331738110496,1078.0,gpcc2025
1951-06-01,box_seaustralia,2.5719846999117117,1073.0,gpcc2025
1951-07-01,box_seaustralia,3.987963540889111,1071.0,gpcc2025
1951-08-01,box_seaustralia,4.194520240486926,1071.0,gpcc2025
1951-09-01,box_seaustralia,1.6852975507944292,1072.0,gpcc2025
1951-10-01,box_seaustralia,2.5625573415597525,1077.0,gpcc2025
1951-11-01,box_seaustralia,2.333602395572258,1074.0,gpcc2025
1951-12-01,box_seaustralia,2.00857459085733,1062.0,gpcc2025
1952-01-01,box_seaustralia,1.9875669551464503,1081.0,gpcc2025
1952-02-01,box_seaustralia,1.024696056891254,1091.0,gpcc2025
1952-03-01,box_seaustralia,1.7947107106207751,1085.0,gpcc2025
1952-04-01,box_seaustralia,3.4496926195021165,1086.0,gpcc2025
1952-05-01,box_seaustralia,4.400875803048837,1090.0,gpcc2025
1952-06-01,box_seaustralia,6.7414517509388245,1090.0,gpcc2025
1952-07-01,box_seaustralia,2.911660064084838,1084.0,gpcc2025
1952-08-01,box_seaustralia,2.4602078049212714,1080.0,gpcc2025
1952-09-01,box_seaustralia,3.5260111448542997,1080.0,gpcc2025
1952-10-01,box_seaustralia,3.803424380297522,1083.0,gpcc2025
1952-11-01,box_seaustralia,4.398393407306992,1077.0,gpcc2025
1952-12-01,box_seaustralia,1.946243294813137,1066.0,gpcc2025
1953-01-01,box_seaustralia,1.523209939647178,1081.0,gpcc2025
1953-02-01,box_seaustralia,1.148537362231656,1082.0,gpcc2025
1953-03-01,box_seaustralia,0.6444745522327525,1078.0,gpcc2025
1953-04-01,box_seaustralia,2.058991419564488,1078.0,gpcc2025
1953-05-01,box_seaustralia,2.682742908068453,1080.0,gpcc2025
1953-06-01,box_seaustralia,3.6784155267217815,1080.0,gpcc2025
1953-07-01,box_seaustralia,3.4715176549260565,1076.0,gpcc2025
1953-08-01,box_seaustralia,3.59784981198135,1066.0,gpcc2025
1953-09-01,box_seaustralia,3.3703011723027334,1074.0,gpcc2025
1953-10-01,box_seaustralia,2.9601893201161316,1087.0,gpcc2025
1953-11-01,box_seaustralia,3.3022305489363806,1088.0,gpcc2025
1953-12-01,box_seaustralia,2.049570325091858,1081.0,gpcc2025
1954-01-01,box_seaustralia,2.0926955426065623,1100.0,gpcc2025
1954-02-01,box_seaustralia,1.7826757019739965,1097.0,gpcc2025
1954-03-01,box_seaustralia,1.3854516186930161,1097.0,gpcc2025
1954-04-01,box_seaustralia,2.6606165223215306,1097.0,gpcc2025
1954-05-01,box_seaustralia,1.952833386037036,1098.0,gpcc2025
1954-06-01,box_seaustralia,3.8305734463604293,1099.0,gpcc2025
1954-07-01,box_seaustralia,2.0837449481741483,1101.0,gpcc2025
1954-08-01,box_seaustralia,3.009121658412138,1093.0,gpcc2025
1954-09-01,box_seaustralia,1.8904079369761233,1094.0,gpcc2025
1954-10-01,box_seaustralia,1.9386007442964561,1097.0,gpcc2025
1954-11-01,box_seaustralia,3.24947603258921,1090.0,gpcc2025
1954-12-01,box_seaustralia,2.100898207449146,1082.0,gpcc2025
1955-01-01,box_seaustralia,1.1705575359827909,1081.0,gpcc2025
1955-02-01,box_seaustralia,2.333929699242227,1081.0,gpcc2025
1955-03-01,box_seaustralia,1.5558263945522248,1081.0,gpcc2025
1955-04-01,box_seaustralia,1.686982880472938,1081.0,gpcc2025
1955-05-01,box_seaustralia,3.0971474292470216,1071.0,gpcc2025
1955-06-01,box_seaustralia,3.324589985996317,1071.0,gpcc2025
1955-07-01,box_seaustralia,3.0164999570361757,1070.0,gpcc2025
1955-08-01,box_seaustralia,5.10324056697349,1065.0,gpcc2025
1955-09-01,box_seaustralia,2.5336193963478717,1060.0,gpcc2025
1955-10-01,box_seaustralia,3.357401181089989,1062.0,gpcc2025
1955-11-01,box_seaustralia,2.2985585204127217,1069.0,gpcc2025
1955-12-01,box_seaustralia,3.2813836324669956,1065.0,gpcc2025
1951-01-01,box_ccanada,0.5939447424990448,79.0,gpcc2025
1951-02-01,box_ccanada,0.6342970669921114,77.0,gpcc2025
1951-03-01,box_ccanada,1.152810996196336,77.0,gpcc2025
1951-04-01,box_ccanada,0.9318154620956225,84.0,gpcc2025
1951-05-01,box_ccanada,1.219797320950226,89.0,gpcc2025
1951-06-01,box_ccanada,2.2661472664341553,83.0,gpcc2025
1951-07-01,box_ccanada,2.3686652067830347,85.0,gpcc2025
1951-08-01,box_ccanada,2.1392513590094686,88.0,gpcc2025
1951-09-01,box_ccanada,2.5359871049901943,88.0,gpcc2025
1951-10-01,box_ccanada,1.7405625895917631,84.0,gpcc2025
1951-11-01,box_ccanada,1.0121881407629818,83.0,gpcc2025
1951-12-01,box_ccanada,0.7883367900034083,81.0,gpcc2025
1952-01-01,box_ccanada,0.7924827757083327,84.0,gpcc2025
1952-02-01,box_ccanada,0.6002330184541385,80.0,gpcc2025
1952-03-01,box_ccanada,0.5964642952293493,79.0,gpcc2025
1952-04-01,box_ccanada,0.595798942268565,86.0,gpcc2025
1952-05-01,box_ccanada,1.6627549331984983,90.0,gpcc2025
1952-06-01,box_ccanada,2.830800942343745,90.0,gpcc2025
1952-07-01,box_ccanada,3.6431827201892215,91.0,gpcc2025
1952-08-01,box_ccanada,2.5479014838335017,95.0,gpcc2025
1952-09-01,box_ccanada,2.096848140316823,91.0,gpcc2025
1952-10-01,box_ccanada,1.7539511517246267,86.0,gpcc2025
1952-11-01,box_ccanada,1.2876162661738548,82.0,gpcc2025
1952-12-01,box_ccanada,1.0507300657312195,83.0,gpcc2025
1953-01-01,box_ccanada,1.0305170716606813,86.0,gpcc2025
1953-02-01,box_ccanada,0.984525014477264,82.0,gpcc2025
1953-03-01,box_ccanada,1.0668844228383632,85.0,gpcc2025
1953-04-01,box_ccanada,0.8166373021673905,84.0,gpcc2025
1953-05-01,box_ccanada,1.4571463256140489,92.0,gpcc2025
1953-06-01,box_ccanada,2.7005212311461935,93.0,gpcc2025
1953-07-01,box_ccanada,2.651374512199376,92.0,gpcc2025
1953-08-01,box_ccanada,1.7830972567911447,96.0,gpcc2025
1953-09-01,box_ccanada,2.8872226423242777,97.0,gpcc2025
1953-10-01,box_ccanada,0.9351422255800145,96.0,gpcc2025
1953-11-01,box_ccanada,1.0526061343001738,90.0,gpcc2025
1953-12-01,box_ccanada,1.2289641521128964,86.0,gpcc2025
1954-01-01,box_ccanada,1.002698211060128,86.0,gpcc2025
1954-02-01,box_ccanada,1.0582892927629248,84.0,gpcc2025
1954-03-01,box_ccanada,0.774399662305824,86.0,gpcc2025
1954-04-01,box_ccanada,1.4732554538918268,92.0,gpcc2025
1954-05-01,box_ccanada,1.9524392619793558,97.0,gpcc2025
1954-06-01,box_ccanada,2.675233743526201,96.0,gpcc2025
1954-07-01,box_ccanada,1.9750773136839208,99.0,gpcc2025
1954-08-01,box_ccanada,1.9844937056267293,97.0,gpcc2025
1954-09-01,box_ccanada,2.158553017856556,97.0,gpcc2025
1954-10-01,box_ccanada,1.52108982943722,95.0,gpcc2025
1954-11-01,box_ccanada,1.1964673200352385,90.0,gpcc2025
1954-12-01,box_ccanada,0.7114891939375465,90.0,gpcc2025
1955-01-01,box_ccanada,0.8375759126116338,87.0,gpcc2025
1955-02-01,box_ccanada,0.8837836454548224,85.0,gpcc2025
1955-03-01,box_ccanada,1.0463130731815016,89.0,gpcc2025
1955-04-01,box_ccanada,0.7855079051553963,96.0,gpcc2025
1955-05-01,box_ccanada,1.730406318155375,98.0,gpcc2025
1955-06-01,box_ccanada,2.5418357635653686,102.0,gpcc2025
1955-07-01,box_ccanada,2.2881499409407646,102.0,gpcc2025
1955-08-01,box_ccanada,2.86607201332591,103.0,gpcc2025
1955-09-01,box_ccanada,2.1740275605575574,102.0,gpcc2025
1955-10-01,box_ccanada,1.8289470735303268,101.0,gpcc2025
1955-11-01,box_ccanada,2.128480574492452,97.0,gpcc2025
1955-12-01,box_ccanada,0.9951913289602426,96.0,gpcc2025
1951-01-01,box_hawaii,,236.0,gpcc2025
1951-02-01,box_hawaii,,230.0,gpcc2025
1951-03-01,box_hawaii,,231.0,gpcc2025
1951-04-01,box_hawaii,,225.0,gpcc2025
1951-05-01,box_hawaii,,234.0,gpcc2025
1951-06-01,box_hawaii,,235.0,gpcc2025
1951-07-01,box_hawaii,,233.0,gpcc2025
1951-08-01,box_hawaii,,226.0,gpcc2025
1951-09-01,box_hawaii,,231.0,gpcc2025
1951-10-01,box_hawaii,,228.0,gpcc2025
1951-11-01,box_hawaii,,227.0,gpcc2025
1951-12-01,box_hawaii,,215.0,gpcc2025
1952-01-01,box_hawaii,,232.0,gpcc2025
1952-02-01,box_hawaii,,232.0,gpcc2025
1952-03-01,box_hawaii,,228.0,gpcc2025
1952-04-01,box_hawaii,,234.0,gpcc2025
1952-05-01,box_hawaii,,233.0,gpcc2025
1952-06-01,box_hawaii,,233.0,gpcc2025
1952-07-01,box_hawaii,,234.0,gpcc2025
1952-08-01,box_hawaii,,236.0,gpcc2025
1952-09-01,box_hawaii,,239.0,gpcc2025
1952-10-01,box_hawaii,,234.0,gpcc2025
1952-11-01,box_hawaii,,226.0,gpcc2025
1952-12-01,box_hawaii,,232.0,gpcc2025
1953-01-01,box_hawaii,,234.0,gpcc2025
1953-02-01,box_hawaii,,236.0,gpcc2025
1953-03-01,box_hawaii,,236.0,gpcc2025
1953-04-01,box_hawaii,,238.0,gpcc2025
1953-05-01,box_hawaii,,234.0,gpcc2025
1953-06-01,box_hawaii,,240.0,gpcc2025
1953-07-01,box_hawaii,,237.0,gpcc2025
1953-08-01,box_hawaii,,233.0,gpcc2025
1953-09-01,box_hawaii,,239.0,gpcc2025
1953-10-01,box_hawaii,,235.0,gpcc2025
1953-11-01,box_hawaii,,235.0,gpcc2025
1953-12-01,box_hawaii,,235.0,gpcc2025
1954-01-01,box_hawaii,,237.0,gpcc2025
1954-02-01,box_hawaii,,238.0,gpcc2025
1954-03-01,box_hawaii,,238.0,gpcc2025
1954-04-01,box_hawaii,,228.0,gpcc2025
1954-05-01,box_hawaii,,232.0,gpcc2025
1954-06-01,box_hawaii,,238.0,gpcc2025
1954-07-01,box_hawaii,,236.0,gpcc2025
1954-08-01,box_hawaii,,235.0,gpcc2025
1954-09-01,box_hawaii,,239.0,gpcc2025
1954-10-01,box_hawaii,,224.0,gpcc2025
1954-11-01,box_hawaii,,231.0,gpcc2025
1954-12-01,box_hawaii,,235.0,gpcc2025
1955-01-01,box_hawaii,,231.0,gpcc2025
1955-02-01,box_hawaii,,238.0,gpcc2025
1955-03-01,box_hawaii,,238.0,gpcc2025
1955-04-01,box_hawaii,,234.0,gpcc2025
1955-05-01,box_hawaii,,233.0,gpcc2025
1955-06-01,box_hawaii,,241.0,gpcc2025
1955-07-01,box_hawaii,,232.0,gpcc2025
1955-08-01,box_hawaii,,241.0,gpcc2025
1955-09-01,box_hawaii,,239.0,gpcc2025
1955-10-01,box_hawaii,,229.0,gpcc2025
1955-11-01,box_hawaii,,231.0,gpcc2025
1955-12-01,box_hawaii,,232.0,gpcc2025
1951-01-01,drycorridor_wet,3.4793477013268475,260.0,gpcc2025
1951-02-01,drycorridor_wet,3.3998949816784294,263.0,gpcc2025
1951-03-01,drycorridor_wet,1.505123461640047,264.0,gpcc2025
1951-04-01,drycorridor_wet,1.8398008560219905,265.0,gpcc2025
1951-05-01,drycorridor_wet,5.508252171991731,265.0,gpcc2025
1951-06-01,drycorridor_wet,10.415433330865193,264.0,gpcc2025
1951-07-01,drycorridor_wet,10.249937332317439,266.0,gpcc2025
1951-08-01,drycorridor_wet,8.213365640586062,267.0,gpcc2025
1951-09-01,drycorridor_wet,10.333163008631619,270.0,gpcc2025
1951-10-01,drycorridor_wet,8.827874469220268,267.0,gpcc2025
1951-11-01,drycorridor_wet,9.112171796197478,264.0,gpcc2025
1951-12-01,drycorridor_wet,4.872842855884821,265.0,gpcc2025
1952-01-01,drycorridor_wet,3.9924785350138374,276.0,gpcc2025
1952-02-01,drycorridor_wet,1.4989861964213376,275.0,gpcc2025
1952-03-01,drycorridor_wet,0.9446776130993519,274.0,gpcc2025
1952-04-01,drycorridor_wet,3.898495127498536,277.0,gpcc2025
1952-05-01,drycorridor_wet,6.34868156734248,279.0,gpcc2025
1952-06-01,drycorridor_wet,11.484777063079967,282.0,gpcc2025
1952-07-01,drycorridor_wet,10.41583667818843,281.0,gpcc2025
1952-08-01,drycorridor_wet,9.334991868097665,283.0,gpcc2025
1952-09-01,drycorridor_wet,8.928267141520477,284.0,gpcc2025
1952-10-01,drycorridor_wet,10.472071287996766,286.0,gpcc2025
1952-11-01,drycorridor_wet,6.167683546381566,286.0,gpcc2025
1952-12-01,drycorridor_wet,5.480057120896799,286.0,gpcc2025
1953-01-01,drycorridor_wet,2.795145311984772,286.0,gpcc2025
1953-02-01,drycorridor_wet,2.544586671368401,286.0,gpcc2025
1953-03-01,drycorridor_wet,1.2924568863738084,287.0,gpcc2025
1953-04-01,drycorridor_wet,1.6810539305784387,285.0,gpcc2025
1953-05-01,drycorridor_wet,8.683923692204115,285.0,gpcc2025
1953-06-01,drycorridor_wet,8.957860998224676,286.0,gpcc2025
1953-07-01,drycorridor_wet,8.175580612006021,285.0,gpcc2025
1953-08-01,drycorridor_wet,9.27034097314689,287.0,gpcc2025
1953-09-01,drycorridor_wet,10.027868639522278,289.0,gpcc2025
1953-10-01,drycorridor_wet,9.101068766335386,289.0,gpcc2025
1953-11-01,drycorridor_wet,6.830266235294679,288.0,gpcc2025
1953-12-01,drycorridor_wet,5.939430169738411,287.0,gpcc2025
1954-01-01,drycorridor_wet,4.259569231882571,291.0,gpcc2025
1954-02-01,drycorridor_wet,2.0798614560772166,290.0,gpcc2025
1954-03-01,drycorridor_wet,1.9510657967753646,293.0,gpcc2025
1954-04-01,drycorridor_wet,5.143303791626805,295.0,gpcc2025
1954-05-01,drycorridor_wet,8.306270542074333,296.0,gpcc2025
1954-06-01,drycorridor_wet,12.806655446234378,297.0,gpcc2025
1954-07-01,drycorridor_wet,9.665051026570687,299.0,gpcc2025
1954-08-01,drycorridor_wet,8.981115715752754,297.0,gpcc2025
1954-09-01,drycorridor_wet,10.98060200651727,302.0,gpcc2025
1954-10-01,drycorridor_wet,12.680391691219292,302.0,gpcc2025
1954-11-01,drycorridor_wet,6.425485064517522,303.0,gpcc2025
1954-12-01,drycorridor_wet,4.731828726101922,303.0,gpcc2025
1955-01-01,drycorridor_wet,3.0515405210702204,308.0,gpcc2025
1955-02-01,drycorridor_wet,3.816800980444874,309.0,gpcc2025
1955-03-01,drycorridor_wet,1.8638129062328066,311.0,gpcc2025
1955-04-01,drycorridor_wet,1.259728642797005,308.0,gpcc2025
1955-05-01,drycorridor_wet,3.398299587194097,309.0,gpcc2025
1955-06-01,drycorridor_wet,6.969075809473625,312.0,gpcc2025
1955-07-01,drycorridor_wet,12.331113967901166,312.0,gpcc2025
1955-08-01,drycorridor_wet,8.436818994426478,314.0,gpcc2025
1955-09-01,drycorridor_wet,9.124440435729998,311.0,gpcc2025
1955-10-01,drycorridor_wet,14.780903374110936,313.0,gpcc2025
1955-11-01,drycorridor_wet,8.850162351151198,309.0,gpcc2025
1955-12-01,drycorridor_wet,6.681436868951559,313.0,gpcc2025
1956-01-01,box_antilles,0.9496639777095173,64.0,gpcc2025
1956-02-01,box_antilles,1.6036360180811788,64.0,gpcc2025
1956-03-01,box_antilles,2.421342994108429,64.0,gpcc2025
1956-04-01,box_antilles,1.6481608372532428,64.0,gpcc2025
1956-05-01,box_antilles,4.106778084628409,63.0,gpcc2025
1956-06-01,box_antilles,5.212285574533543,64.0,gpcc2025
1956-07-01,box_antilles,2.5220356288794874,62.0,gpcc2025
1956-08-01,box_antilles,2.8749040635324175,64.0,gpcc2025
1956-09-01,box_antilles,4.644416158063719,64.0,gpcc2025
1956-10-01,box_antilles,7.710976230963326,64.0,gpcc2025
1956-11-01,box_antilles,2.5080926542737663,64.0,gpcc2025
1956-12-01,box_antilles,1.1698198614080186,63.0,gpcc2025
1957-01-01,box_antilles,0.9490248130388973,65.0,gpcc2025
1957-02-01,box_antilles,2.23916134918472,65.0,gpcc2025
1957-03-01,box_antilles,1.1644808289151753,65.0,gpcc2025
1957-04-01,box_antilles,3.4705087291185337,65.0,gpcc2025
1957-05-01,box_antilles,6.358328216366385,65.0,gpcc2025
1957-06-01,box_antilles,5.173670929481337,64.0,gpcc2025
1957-07-01,box_antilles,3.24972668575327,65.0,gpcc2025
1957-08-01,box_antilles,3.6462096345010293,65.0,gpcc2025
1957-09-01,box_antilles,4.5293740081259255,65.0,gpcc2025
1957-10-01,box_antilles,5.119550277017242,65.0,gpcc2025
1957-11-01,box_antilles,1.2027092996440358,63.0,gpcc2025
1957-12-01,box_antilles,2.9465612830698062,64.0,gpcc2025
1958-01-01,box_antilles,5.022199978746279,64.0,gpcc2025
1958-02-01,box_antilles,1.8504912339426036,64.0,gpcc2025
1958-03-01,box_antilles,2.239184931744263,61.0,gpcc2025
1958-04-01,box_antilles,1.077083608652411,62.0,gpcc2025
1958-05-01,box_antilles,8.388868839316794,61.0,gpcc2025
1958-06-01,box_antilles,6.10168143942205,59.0,gpcc2025
1958-07-01,box_antilles,2.783284196381227,58.0,gpcc2025
1958-08-01,box_antilles,3.6077525537917023,57.0,gpcc2025
1958-09-01,box_antilles,5.864347721375074,57.0,gpcc2025
1958-10-01,box_antilles,6.349791101216859,57.0,gpcc2025
1958-11-01,box_antilles,2.5995096595310736,57.0,gpcc2025
1958-12-01,box_antilles,2.12853461211373,58.0,gpcc2025
1959-01-01,box_antilles,0.8453628626914804,66.0,gpcc2025
1959-02-01,box_antilles,0.723377843115126,66.0,gpcc2025
1959-03-01,box_antilles,1.5058793885177417,66.0,gpcc2025
1959-04-01,box_antilles,3.167927379606086,65.0,gpcc2025
1959-05-01,box_antilles,4.3332129838663205,66.0,gpcc2025
1959-06-01,box_antilles,3.8613436916675608,65.0,gpcc2025
1959-07-01,box_antilles,4.774511964640484,66.0,gpcc2025
1959-08-01,box_antilles,4.0202378198422934,66.0,gpcc2025
1959-09-01,box_antilles,4.757700176903025,66.0,gpcc2025
1959-10-01,box_antilles,4.855118539654094,66.0,gpcc2025
1959-11-01,box_antilles,4.923031380564217,66.0,gpcc2025
1959-12-01,box_antilles,2.3834862334162015,66.0,gpcc2025
1960-01-01,box_antilles,1.8176054000457975,69.0,gpcc2025
1960-02-01,box_antilles,1.2186856018656902,69.0,gpcc2025
1960-03-01,box_antilles,2.436078217286712,70.0,gpcc2025
1960-04-01,box_antilles,4.83678266322838,66.0,gpcc2025
1960-05-01,box_antilles,5.711284462221174,68.0,gpcc2025
1960-06-01,box_antilles,8.988176814505417,67.0,gpcc2025
1960-07-01,box_antilles,4.2380424941822925,66.0,gpcc2025
1960-08-01,box_antilles,4.354824036110378,65.0,gpcc2025
1960-09-01,box_antilles,7.5040684411836,66.0,gpcc2025
1960-10-01,box_antilles,5.174843132194272,64.0,gpcc2025
1960-11-01,box_antilles,3.630900950925146,62.0,gpcc2025
1960-12-01,box_antilles,2.0868380231465635,62.0,gpcc2025
1956-01-01,box_inlandnw,2.7348932793715957,706.0,gpcc2025
1956-02-01,box_inlandnw,2.0917919257262523,710.0,gpcc2025
1956-03-01,box_inlandnw,2.2745708178579216,710.0,gpcc2025
1956-04-01,box_inlandnw,0.7050476933185285,719.0,gpcc2025
1956-05-01,box_inlandnw,0.9287639474499712,736.0,gpcc2025
1956-06-01,box_inlandnw,2.9778746556219895,743.0,gpcc2025
1956-07-01,box_inlandnw,1.3450196747434493,742.0,gpcc2025
1956-08-01,box_inlandnw,1.6986242901809034,743.0,gpcc2025
1956-09-01,box_inlandnw,1.4065638131909808,735.0,gpcc2025
1956-10-01,box_inlandnw,2.4145022130813736,721.0,gpcc2025
1956-11-01,box_inlandnw,1.2052923782541027,716.0,gpcc2025
1956-12-01,box_inlandnw,3.0462895936946017,712.0,gpcc2025
1957-01-01,box_inlandnw,1.4778502823668347,710.0,gpcc2025
1957-02-01,box_inlandnw,2.204690981580991,705.0,gpcc2025
1957-03-01,box_inlandnw,1.9227681220873487,701.0,gpcc2025
1957-04-01,box_inlandnw,1.2310220659715467,710.0,gpcc2025
1957-05-01,box_inlandnw,1.5875447209275593,746.0,gpcc2025
1957-06-01,box_inlandnw,2.1100827374371187,748.0,gpcc2025
1957-07-01,box_inlandnw,1.728763621795583,745.0,gpcc2025
1957-08-01,box_inlandnw,1.8673997760059868,746.0,gpcc2025
1957-09-01,box_inlandnw,0.853179693285027,733.0,gpcc2025
1957-10-01,box_inlandnw,2.078901069524373,718.0,gpcc2025
1957-11-01,box_inlandnw,1.6996148899785963,714.0,gpcc2025
1957-12-01,box_inlandnw,2.9050051509061086,715.0,gpcc2025
1958-01-01,box_inlandnw,2.5401882254495622,710.0,gpcc2025
1958-02-01,box_inlandnw,2.439424022732315,717.0,gpcc2025
1958-03-01,box_inlandnw,1.3520243844743027,713.0,gpcc2025
1958-04-01,box_inlandnw,1.8026349395105887,717.0,gpcc2025
1958-05-01,box_inlandnw,0.9445884892607639,748.0,gpcc2025
1958-06-01,box_inlandnw,2.255832104597125,751.0,gpcc2025
1958-07-01,box_inlandnw,0.9937727708238545,762.0,gpcc2025
1958-08-01,box_inlandnw,0.8776699883272301,760.0,gpcc2025
1958-09-01,box_inlandnw,1.8322185168332283,743.0,gpcc2025
1958-10-01,box_inlandnw,1.5137972861320401,725.0,gpcc2025
1958-11-01,box_inlandnw,3.193577345886063,722.0,gpcc2025
1958-12-01,box_inlandnw,2.791654102191337,715.0,gpcc2025
1959-01-01,box_inlandnw,2.992965679679842,720.0,gpcc2025
1959-02-01,box_inlandnw,1.6667267591664552,716.0,gpcc2025
1959-03-01,box_inlandnw,1.6809713233035786,715.0,gpcc2025
1959-04-01,box_inlandnw,1.6928790327241905,734.0,gpcc2025
1959-05-01,box_inlandnw,1.8365990792748115,760.0,gpcc2025
1959-06-01,box_inlandnw,2.194685885051833,774.0,gpcc2025
1959-07-01,box_inlandnw,0.9729429730919641,781.0,gpcc2025
1959-08-01,box_inlandnw,2.0172125746994576,784.0,gpcc2025
1959-09-01,box_inlandnw,2.6077122032336595,762.0,gpcc2025
1959-10-01,box_inlandnw,2.1800571085354488,748.0,gpcc2025
1959-11-01,box_inlandnw,2.696400588424602,737.0,gpcc2025
1959-12-01,box_inlandnw,1.7146165158279723,740.0,gpcc2025
1960-01-01,box_inlandnw,1.7463286086800633,744.0,gpcc2025
1960-02-01,box_inlandnw,1.8841661029908796,744.0,gpcc2025
1960-03-01,box_inlandnw,1.7351035033786955,737.0,gpcc2025
1960-04-01,box_inlandnw,1.6002746760656064,741.0,gpcc2025
1960-05-01,box_inlandnw,2.55591352833147,772.0,gpcc2025
1960-06-01,box_inlandnw,1.7617960952241238,788.0,gpcc2025
1960-07-01,box_inlandnw,0.7085049238381773,797.0,gpcc2025
1960-08-01,box_inlandnw,2.0155428929777583,792.0,gpcc2025
1960-09-01,box_inlandnw,1.0881828490076622,769.0,gpcc2025
1960-10-01,box_inlandnw,1.8656979850483937,757.0,gpcc2025
1960-11-01,box_inlandnw,2.833054810650955,754.0,gpcc2025
1960-12-01,box_inlandnw,1.6073065645179287,753.0,gpcc2025
1956-01-01,box_srilanka,2.5524036118802704,17.0,gpcc2025
1956-02-01,box_srilanka,1.228392192152671,17.0,gpcc2025
1956-03-01,box_srilanka,2.371375805293822,17.0,gpcc2025
1956-04-01,box_srilanka,3.3995923954200253,17.0,gpcc2025
1956-05-01,box_srilanka,1.5157304711944162,17.0,gpcc2025
1956-06-01,box_srilanka,4.7814454437148735,17.0,gpcc2025
1956-07-01,box_srilanka,1.1117893275427562,17.0,gpcc2025
1956-08-01,box_srilanka,3.005352481833635,17.0,gpcc2025
1956-09-01,box_srilanka,2.5911161293984604,17.0,gpcc2025
1956-10-01,box_srilanka,6.227776105784627,17.0,gpcc2025
1956-11-01,box_srilanka,10.050273872147184,17.0,gpcc2025
1956-12-01,box_srilanka,6.379535431263491,17.0,gpcc2025
1957-01-01,box_srilanka,3.163920852119157,17.0,gpcc2025
1957-02-01,box_srilanka,3.9429006882386344,17.0,gpcc2025
1957-03-01,box_srilanka,0.6114434500618415,17.0,gpcc2025
1957-04-01,box_srilanka,3.384143217424144,17.0,gpcc2025
1957-05-01,box_srilanka,5.763501863627028,17.0,gpcc2025
1957-06-01,box_srilanka,2.9989315358894735,17.0,gpcc2025
1957-07-01,box_srilanka,2.297051319996044,17.0,gpcc2025
1957-08-01,box_srilanka,1.1549443416955285,17.0,gpcc2025
1957-09-01,box_srilanka,1.1305226605632546,17.0,gpcc2025
1957-10-01,box_srilanka,8.131685077603036,17.0,gpcc2025
1957-11-01,box_srilanka,17.60730426265218,17.0,gpcc2025
1957-12-01,box_srilanka,22.676594538681666,17.0,gpcc2025
1958-01-01,box_srilanka,3.03205731622681,16.0,gpcc2025
1958-02-01,box_srilanka,2.1380880451003748,16.0,gpcc2025
1958-03-01,box_srilanka,3.730400043797945,16.0,gpcc2025
1958-04-01,box_srilanka,5.597020422708872,16.0,gpcc2025
1958-05-01,box_srilanka,6.053474932608441,16.0,gpcc2025
1958-06-01,box_srilanka,2.478279906760549,16.0,gpcc2025
1958-07-01,box_srilanka,1.0344804211974767,16.0,gpcc2025
1958-08-01,box_srilanka,3.2503744970382233,16.0,gpcc2025
1958-09-01,box_srilanka,1.993875088377842,16.0,gpcc2025
1958-10-01,box_srilanka,7.839101033321501,16.0,gpcc2025
1958-11-01,box_srilanka,8.0994849328016,16.0,gpcc2025
1958-12-01,box_srilanka,4.849310242798805,16.0,gpcc2025
1959-01-01,box_srilanka,2.867518711175323,17.0,gpcc2025
1959-02-01,box_srilanka,1.9531828587022713,16.0,gpcc2025
1959-03-01,box_srilanka,0.7552805258966401,17.0,gpcc2025
1959-04-01,box_srilanka,7.961685774613593,17.0,gpcc2025
1959-05-01,box_srilanka,5.3987815118539135,17.0,gpcc2025
1959-06-01,box_srilanka,5.245216746422609,17.0,gpcc2025
1959-07-01,box_srilanka,2.6108993957622775,17.0,gpcc2025
1959-08-01,box_srilanka,2.2062368040833666,17.0,gpcc2025
1959-09-01,box_srilanka,3.882551816440261,17.0,gpcc2025
1959-10-01,box_srilanka,7.832354378737612,17.0,gpcc2025
1959-11-01,box_srilanka,10.27396008875487,17.0,gpcc2025
1959-12-01,box_srilanka,5.091487994775825,17.0,gpcc2025
1960-01-01,box_srilanka,5.81362123097677,20.0,gpcc2025
1960-02-01,box_srilanka,8.460764896246792,20.0,gpcc2025
1960-03-01,box_srilanka,1.2476951019687008,20.0,gpcc2025
1960-04-01,box_srilanka,5.370399623302677,20.0,gpcc2025
1960-05-01,box_srilanka,4.092720247861461,20.0,gpcc2025
1960-06-01,box_srilanka,1.9404996797347178,20.0,gpcc2025
1960-07-01,box_srilanka,6.129342137860274,20.0,gpcc2025
1960-08-01,box_srilanka,1.0176669485456833,20.0,gpcc2025
1960-09-01,box_srilanka,3.114764036617203,20.0,gpcc2025
1960-10-01,box_srilanka,6.245351490917075,20.0,gpcc2025
1960-11-01,box_srilanka,11.24414901626988,20.0,gpcc2025
1960-12-01,box_srilanka,2.456534268401032,20.0,gpcc2025
1956-01-01,box_seaustralia,2.606241575242518,1072.0,gpcc2025
1956-02-01,box_seaustralia,1.931060542484285,1072.0,gpcc2025
1956-03-01,box_seaustralia,3.521595304701389,1069.0,gpcc2025
1956-04-01,box_seaustralia,4.120711028154228,1071.0,gpcc2025
1956-05-01,box_seaustralia,4.194676746488799,1065.0,gpcc2025
1956-06-01,box_seaustralia,5.075197718551047,1064.0,gpcc2025
1956-07-01,box_seaustralia,3.2161548648586145,1064.0,gpcc2025
1956-08-01,box_seaustralia,3.6251819668950462,1066.0,gpcc2025
1956-09-01,box_seaustralia,2.828158171246106,1063.0,gpcc2025
1956-10-01,box_seaustralia,3.2395664445041286,1066.0,gpcc2025
1956-11-01,box_seaustralia,2.428151813562001,1062.0,gpcc2025
1956-12-01,box_seaustralia,1.9507888014832109,1052.0,gpcc2025
1957-01-01,box_seaustralia,0.7943439959448801,1068.0,gpcc2025
1957-02-01,box_seaustralia,1.8932950689641488,1071.0,gpcc2025
1957-03-01,box_seaustralia,1.866150052584579,1071.0,gpcc2025
1957-04-01,box_seaustralia,2.90512598887881,1072.0,gpcc2025
1957-05-01,box_seaustralia,2.1540989910411854,1069.0,gpcc2025
1957-06-01,box_seaustralia,2.485931734782846,1071.0,gpcc2025
1957-07-01,box_seaustralia,2.046689182568907,1064.0,gpcc2025
1957-08-01,box_seaustralia,2.021203231202309,1065.0,gpcc2025
1957-09-01,box_seaustralia,3.092661074301149,1070.0,gpcc2025
1957-10-01,box_seaustralia,2.261991906402989,1071.0,gpcc2025
1957-11-01,box_seaustralia,2.434748454633898,1069.0,gpcc2025
1957-12-01,box_seaustralia,2.195509826816946,1062.0,gpcc2025
1958-01-01,box_seaustralia,1.1779434666485387,1066.0,gpcc2025
1958-02-01,box_seaustralia,1.6916636444941482,1075.0,gpcc2025
1958-03-01,box_seaustralia,1.7304539976337963,1070.0,gpcc2025
1958-04-01,box_seaustralia,0.9436442628251894,1079.0,gpcc2025
1958-05-01,box_seaustralia,5.274285020897814,1077.0,gpcc2025
1958-06-01,box_seaustralia,2.175983303735467,1075.0,gpcc2025
1958-07-01,box_seaustralia,3.9712017209866923,1078.0,gpcc2025
1958-08-01,box_seaustralia,4.252715238667682,1073.0,gpcc2025
1958-09-01,box_seaustralia,1.9250874772751734,1076.0,gpcc2025
1958-10-01,box_seaustralia,4.242638404971476,1077.0,gpcc2025
1958-11-01,box_seaustralia,2.2016535567091946,1080.0,gpcc2025
1958-12-01,box_seaustralia,1.7437143855978212,1068.0,gpcc2025
1959-01-01,box_seaustralia,0.902830656632873,1077.0,gpcc2025
1959-02-01,box_seaustralia,2.3664763026323685,1084.0,gpcc2025
1959-03-01,box_seaustralia,2.325441169521626,1086.0,gpcc2025
1959-04-01,box_seaustralia,1.5176144733930854,1090.0,gpcc2025
1959-05-01,box_seaustralia,0.7644001474134884,1087.0,gpcc2025
1959-06-01,box_seaustralia,2.478281702570138,1092.0,gpcc2025
1959-07-01,box_seaustralia,2.157371419718477,1094.0,gpcc2025
1959-08-01,box_seaustralia,3.1058140253606714,1091.0,gpcc2025
1959-09-01,box_seaustralia,3.1007321696003967,1088.0,gpcc2025
1959-10-01,box_seaustralia,2.3428532604420775,1085.0,gpcc2025
1959-11-01,box_seaustralia,1.2341732618947943,1080.0,gpcc2025
1959-12-01,box_seaustralia,2.69052111056422,1082.0,gpcc2025
1960-01-01,box_seaustralia,1.8018683164144877,1085.0,gpcc2025
1960-02-01,box_seaustralia,1.4292838169847946,1087.0,gpcc2025
1960-03-01,box_seaustralia,1.2224905358693265,1089.0,gpcc2025
1960-04-01,box_seaustralia,4.616484430390478,1091.0,gpcc2025
1960-05-01,box_seaustralia,4.857862191562031,1086.0,gpcc2025
1960-06-01,box_seaustralia,2.3849676853899306,1087.0,gpcc2025
1960-07-01,box_seaustralia,4.088327807864152,1081.0,gpcc2025
1960-08-01,box_seaustralia,2.2084275951566843,1083.0,gpcc2025
1960-09-01,box_seaustralia,3.517259748860022,1086.0,gpcc2025
1960-10-01,box_seaustralia,2.0953954149667178,1087.0,gpcc2025
1960-11-01,box_seaustralia,2.8828134149268347,1082.0,gpcc2025
1960-12-01,box_seaustralia,1.1178277126104996,1079.0,gpcc2025
1956-01-01,box_ccanada,1.0580570819357296,94.0,gpcc2025
1956-02-01,box_ccanada,0.7344234935790497,100.0,gpcc2025
1956-03-01,box_ccanada,0.5160599136018175,99.0,gpcc2025
1956-04-01,box_ccanada,0.8968608175226683,107.0,gpcc2025
1956-05-01,box_ccanada,1.602040487785911,108.0,gpcc2025
1956-06-01,box_ccanada,1.841280679976471,104.0,gpcc2025
1956-07-01,box_ccanada,1.454006634476329,108.0,gpcc2025
1956-08-01,box_ccanada,2.184652798912015,111.0,gpcc2025
1956-09-01,box_ccanada,1.3979238181152227,107.0,gpcc2025
1956-10-01,box_ccanada,1.242760322397769,108.0,gpcc2025
1956-11-01,box_ccanada,1.3904337707387577,103.0,gpcc2025
1956-12-01,box_ccanada,1.1189371449969656,100.0,gpcc2025
1957-01-01,box_ccanada,0.48228131232615495,97.0,gpcc2025
1957-02-01,box_ccanada,0.8906500511494746,94.0,gpcc2025
1957-03-01,box_ccanada,0.8768352368103157,94.0,gpcc2025
1957-04-01,box_ccanada,1.2123516566513437,104.0,gpcc2025
1957-05-01,box_ccanada,1.320855725689469,111.0,gpcc2025
1957-06-01,box_ccanada,2.5197941096644154,109.0,gpcc2025
1957-07-01,box_ccanada,2.2947020510864604,110.0,gpcc2025
1957-08-01,box_ccanada,2.0813819492256482,110.0,gpcc2025
1957-09-01,box_ccanada,1.6728185978853147,106.0,gpcc2025
1957-10-01,box_ccanada,1.0064868776229765,112.0,gpcc2025
1957-11-01,box_ccanada,1.6547882747554163,100.0,gpcc2025
1957-12-01,box_ccanada,1.1519347581365902,100.0,gpcc2025
1958-01-01,box_ccanada,0.8630353555362769,97.0,gpcc2025
1958-02-01,box_ccanada,0.9322504899520018,94.0,gpcc2025
1958-03-01,box_ccanada,0.5675547914688541,100.0,gpcc2025
1958-04-01,box_ccanada,1.1567313097785423,104.0,gpcc2025
1958-05-01,box_ccanada,1.2267250362683297,107.0,gpcc2025
1958-06-01,box_ccanada,1.8962082985148903,108.0,gpcc2025
1958-07-01,box_ccanada,2.493743550913791,110.0,gpcc2025
1958-08-01,box_ccanada,2.3892632341232343,108.0,gpcc2025
1958-09-01,box_ccanada,2.348267830875202,104.0,gpcc2025
1958-10-01,box_ccanada,1.2066412878040433,105.0,gpcc2025
1958-11-01,box_ccanada,1.5563440494864857,102.0,gpcc2025
1958-12-01,box_ccanada,0.9431277456784385,105.0,gpcc2025
1959-01-01,box_ccanada,0.6410675812045337,102.0,gpcc2025
1959-02-01,box_ccanada,0.4433946112187485,98.0,gpcc2025
1959-03-01,box_ccanada,0.698624335986097,100.0,gpcc2025
1959-04-01,box_ccanada,0.8753834348682741,104.0,gpcc2025
1959-05-01,box_ccanada,2.493631220002483,109.0,gpcc2025
1959-06-01,box_ccanada,2.2793100632919834,110.0,gpcc2025
1959-07-01,box_ccanada,2.8007106860382636,106.0,gpcc2025
1959-08-01,box_ccanada,3.1666499150521066,105.0,gpcc2025
1959-09-01,box_ccanada,2.8464430745616567,106.0,gpcc2025
1959-10-01,box_ccanada,1.9799471542500215,107.0,gpcc2025
1959-11-01,box_ccanada,1.2744358663822213,99.0,gpcc2025
1959-12-01,box_ccanada,0.7136974111381238,105.0,gpcc2025
1960-01-01,box_ccanada,0.7788888060096476,108.0,gpcc2025
1960-02-01,box_ccanada,0.6157313658460108,110.0,gpcc2025
1960-03-01,box_ccanada,0.6958835168688041,105.0,gpcc2025
1960-04-01,box_ccanada,1.2805341484758876,110.0,gpcc2025
1960-05-01,box_ccanada,1.4544971039062102,112.0,gpcc2025
1960-06-01,box_ccanada,1.9707694709267556,110.0,gpcc2025
1960-07-01,box_ccanada,2.038634639627445,116.0,gpcc2025
1960-08-01,box_ccanada,2.096407709232022,119.0,gpcc2025
1960-09-01,box_ccanada,1.7449370282190309,114.0,gpcc2025
1960-10-01,box_ccanada,1.6926288451004285,116.0,gpcc2025
1960-11-01,box_ccanada,1.3795656059799897,111.0,gpcc2025
1960-12-01,box_ccanada,0.7153171345299898,109.0,gpcc2025
1956-01-01,box_hawaii,,227.0,gpcc2025
1956-02-01,box_hawaii,,221.0,gpcc2025
1956-03-01,box_hawaii,,225.0,gpcc2025
1956-04-01,box_hawaii,,229.0,gpcc2025
1956-05-01,box_hawaii,,230.0,gpcc2025
1956-06-01,box_hawaii,,232.0,gpcc2025
1956-07-01,box_hawaii,,228.0,gpcc2025
1956-08-01,box_hawaii,,235.0,gpcc2025
1956-09-01,box_hawaii,,225.0,gpcc2025
1956-10-01,box_hawaii,,234.0,gpcc2025
1956-11-01,box_hawaii,,230.0,gpcc2025
1956-12-01,box_hawaii,,218.0,gpcc2025
1957-01-01,box_hawaii,,233.0,gpcc2025
1957-02-01,box_hawaii,,229.0,gpcc2025
1957-03-01,box_hawaii,,230.0,gpcc2025
1957-04-01,box_hawaii,,235.0,gpcc2025
1957-05-01,box_hawaii,,234.0,gpcc2025
1957-06-01,box_hawaii,,237.0,gpcc2025
1957-07-01,box_hawaii,,235.0,gpcc2025
1957-08-01,box_hawaii,,235.0,gpcc2025
1957-09-01,box_hawaii,,233.0,gpcc2025
1957-10-01,box_hawaii,,239.0,gpcc2025
1957-11-01,box_hawaii,,232.0,gpcc2025
1957-12-01,box_hawaii,,219.0,gpcc2025
1958-01-01,box_hawaii,,242.0,gpcc2025
1958-02-01,box_hawaii,,233.0,gpcc2025
1958-03-01,box_hawaii,,226.0,gpcc2025
1958-04-01,box_hawaii,,229.0,gpcc2025
1958-05-01,box_hawaii,,231.0,gpcc2025
1958-06-01,box_hawaii,,238.0,gpcc2025
1958-07-01,box_hawaii,,236.0,gpcc2025
1958-08-01,box_hawaii,,228.0,gpcc2025
1958-09-01,box_hawaii,,233.0,gpcc2025
1958-10-01,box_hawaii,,234.0,gpcc2025
1958-11-01,box_hawaii,,231.0,gpcc2025
1958-12-01,box_hawaii,,234.0,gpcc2025
1959-01-01,box_hawaii,,235.0,gpcc2025
1959-02-01,box_hawaii,,237.0,gpcc2025
1959-03-01,box_hawaii,,226.0,gpcc2025
1959-04-01,box_hawaii,,237.0,gpcc2025
1959-05-01,box_hawaii,,239.0,gpcc2025
1959-06-01,box_hawaii,,240.0,gpcc2025
1959-07-01,box_hawaii,,230.0,gpcc2025
1959-08-01,box_hawaii,,233.0,gpcc2025
1959-09-01,box_hawaii,,239.0,gpcc2025
1959-10-01,box_hawaii,,237.0,gpcc2025
1959-11-01,box_hawaii,,229.0,gpcc2025
1959-12-01,box_hawaii,,235.0,gpcc2025
1960-01-01,box_hawaii,,231.0,gpcc2025
1960-02-01,box_hawaii,,237.0,gpcc2025
1960-03-01,box_hawaii,,239.0,gpcc2025
1960-04-01,box_hawaii,,226.0,gpcc2025
1960-05-01,box_hawaii,,237.0,gpcc2025
1960-06-01,box_hawaii,,238.0,gpcc2025
1960-07-01,box_hawaii,,227.0,gpcc2025
1960-08-01,box_hawaii,,234.0,gpcc2025
1960-09-01,box_hawaii,,234.0,gpcc2025
1960-10-01,box_hawaii,,220.0,gpcc2025
1960-11-01,box_hawaii,,224.0,gpcc2025
1960-12-01,box_hawaii,,214.0,gpcc2025
1956-01-01,drycorridor_wet,3.067423076520063,322.0,gpcc2025
1956-02-01,drycorridor_wet,2.5996129508456045,320.0,gpcc2025
1956-03-01,drycorridor_wet,1.9123031223292195,323.0,gpcc2025
1956-04-01,drycorridor_wet,1.5896818317412555,322.0,gpcc2025
1956-05-01,drycorridor_wet,10.269062215497135,324.0,gpcc2025
1956-06-01,drycorridor_wet,11.59120596239422,330.0,gpcc2025
1956-07-01,drycorridor_wet,9.519506957655786,331.0,gpcc2025
1956-08-01,drycorridor_wet,8.187632978817309,330.0,gpcc2025
1956-09-01,drycorridor_wet,10.37094431789127,333.0,gpcc2025
1956-10-01,drycorridor_wet,10.16540192617318,333.0,gpcc2025
1956-11-01,drycorridor_wet,8.524768305419274,334.0,gpcc2025
1956-12-01,drycorridor_wet,6.5590298178078585,333.0,gpcc2025
1957-01-01,drycorridor_wet,4.766498351422051,339.0,gpcc2025
1957-02-01,drycorridor_wet,3.2337868551069464,341.0,gpcc2025
1957-03-01,drycorridor_wet,1.4604165645910907,339.0,gpcc2025
1957-04-01,drycorridor_wet,1.566487718212866,332.0,gpcc2025
1957-05-01,drycorridor_wet,5.672212984252518,338.0,gpcc2025
1957-06-01,drycorridor_wet,7.338259514924702,342.0,gpcc2025
1957-07-01,drycorridor_wet,10.166831564965321,339.0,gpcc2025
1957-08-01,drycorridor_wet,9.03727160682887,343.0,gpcc2025
1957-09-01,drycorridor_wet,10.569728299751747,341.0,gpcc2025
1957-10-01,drycorridor_wet,8.412981974531341,340.0,gpcc2025
1957-11-01,drycorridor_wet,5.787047433667668,343.0,gpcc2025
1957-12-01,drycorridor_wet,5.449067285351255,341.0,gpcc2025
1958-01-01,drycorridor_wet,2.9284361712222537,360.0,gpcc2025
1958-02-01,drycorridor_wet,2.083915005770133,357.0,gpcc2025
1958-03-01,drycorridor_wet,2.0668664026216934,358.0,gpcc2025
1958-04-01,drycorridor_wet,1.5571121633210616,353.0,gpcc2025
1958-05-01,drycorridor_wet,7.97828386223119,357.0,gpcc2025
1958-06-01,drycorridor_wet,9.790146111609689,360.0,gpcc2025
1958-07-01,drycorridor_wet,13.351630599147976,363.0,gpcc2025
1958-08-01,drycorridor_wet,7.959042833645989,364.0,gpcc2025
1958-09-01,drycorridor_wet,8.129811171711973,365.0,gpcc2025
1958-10-01,drycorridor_wet,9.476603651737017,364.0,gpcc2025
1958-11-01,drycorridor_wet,6.839920529736895,364.0,gpcc2025
1958-12-01,drycorridor_wet,5.944756232642999,360.0,gpcc2025
1959-01-01,drycorridor_wet,4.375746219420534,360.0,gpcc2025
1959-02-01,drycorridor_wet,1.8173817366804372,362.0,gpcc2025
1959-03-01,drycorridor_wet,1.8625160525829947,363.0,gpcc2025
1959-04-01,drycorridor_wet,4.0403734886141125,362.0,gpcc2025
1959-05-01,drycorridor_wet,5.116128190774121,363.0,gpcc2025
1959-06-01,drycorridor_wet,9.423424957873022,364.0,gpcc2025
1959-07-01,drycorridor_wet,7.980955861254134,363.0,gpcc2025
1959-08-01,drycorridor_wet,7.638532969933094,364.0,gpcc2025
1959-09-01,drycorridor_wet,7.576724190083676,366.0,gpcc2025
1959-10-01,drycorridor_wet,9.41599777721934,365.0,gpcc2025
1959-11-01,drycorridor_wet,8.282687701736165,366.0,gpcc2025
1959-12-01,drycorridor_wet,4.560064603002582,362.0,gpcc2025
1960-01-01,drycorridor_wet,4.08590447632158,379.0,gpcc2025
1960-02-01,drycorridor_wet,2.3519817038088573,380.0,gpcc2025
1960-03-01,drycorridor_wet,2.5596369863726203,383.0,gpcc2025
1960-04-01,drycorridor_wet,4.038512974002561,384.0,gpcc2025
1960-05-01,drycorridor_wet,6.10108748175321,384.0,gpcc2025
1960-06-01,drycorridor_wet,9.85791795461788,384.0,gpcc2025
1960-07-01,drycorridor_wet,9.352002869568642,383.0,gpcc2025
1960-08-01,drycorridor_wet,10.904678358465032,384.0,gpcc2025
1960-09-01,drycorridor_wet,9.253198568515769,384.0,gpcc2025
1960-10-01,drycorridor_wet,10.678785588745201,385.0,gpcc2025
1960-11-01,drycorridor_wet,8.90477234786717,385.0,gpcc2025
1960-12-01,drycorridor_wet,5.84406465514832,381.0,gpcc2025
1961-01-01,box_antilles,1.3974556701365668,62.0,gpcc2025
1961-02-01,box_antilles,1.8853122915380365,65.0,gpcc2025
1961-03-01,box_antilles,1.6778249156213536,63.0,gpcc2025
1961-04-01,box_antilles,2.11672311232707,63.0,gpcc2025
1961-05-01,box_antilles,5.076333367480105,61.0,gpcc2025
1961-06-01,box_antilles,4.472619377590573,65.0,gpcc2025
1961-07-01,box_antilles,2.409276995837692,65.0,gpcc2025
1961-08-01,box_antilles,4.491160383616225,65.0,gpcc2025
1961-09-01,box_antilles,4.895330405108674,63.0,gpcc2025
1961-10-01,box_antilles,8.110767682804767,64.0,gpcc2025
1961-11-01,box_antilles,2.080482185519692,62.0,gpcc2025
1961-12-01,box_antilles,2.144365888489794,66.0,gpcc2025
1962-01-01,box_antilles,1.2717228029850218,65.0,gpcc2025
1962-02-01,box_antilles,0.6385799275116365,60.0,gpcc2025
1962-03-01,box_antilles,0.8525386130772994,65.0,gpcc2025
1962-04-01,box_antilles,2.1181165252985723,65.0,gpcc2025
1962-05-01,box_antilles,2.2752486130043534,65.0,gpcc2025
1962-06-01,box_antilles,5.106379396060265,66.0,gpcc2025
1962-07-01,box_antilles,2.3465292053645515,65.0,gpcc2025
1962-08-01,box_antilles,5.078615858570592,65.0,gpcc2025
1962-09-01,box_antilles,4.169700635233889,64.0,gpcc2025
1962-10-01,box_antilles,5.25726629166841,67.0,gpcc2025
1962-11-01,box_antilles,2.1658600250316735,64.0,gpcc2025
1962-12-01,box_antilles,1.6248448374565174,59.0,gpcc2025
1963-01-01,box_antilles,0.6677092246285607,51.0,gpcc2025
1963-02-01,box_antilles,1.8955104562615486,50.0,gpcc2025
1963-03-01,box_antilles,1.338871232616311,51.0,gpcc2025
1963-04-01,box_antilles,1.540096257274906,52.0,gpcc2025
1963-05-01,box_antilles,5.196511610764593,52.0,gpcc2025
1963-06-01,box_antilles,5.537742164737209,51.0,gpcc2025
1963-07-01,box_antilles,2.756423130594598,51.0,gpcc2025
1963-08-01,box_antilles,4.456770506006951,51.0,gpcc2025
1963-09-01,box_antilles,5.50278380832288,50.0,gpcc2025
1963-10-01,box_antilles,11.175691614538879,49.0,gpcc2025
1963-11-01,box_antilles,3.5576436810616863,50.0,gpcc2025
1963-12-01,box_antilles,3.959264437039283,52.0,gpcc2025
1964-01-01,box_antilles,1.2630537192119065,51.0,gpcc2025
1964-02-01,box_antilles,1.7943183500616247,52.0,gpcc2025
1964-03-01,box_antilles,1.2966152709556515,52.0,gpcc2025
1964-04-01,box_antilles,2.5493770132739844,52.0,gpcc2025
1964-05-01,box_antilles,4.576656442848084,50.0,gpcc2025
1964-06-01,box_antilles,4.242581251324754,52.0,gpcc2025
1964-07-01,box_antilles,3.651350333731154,51.0,gpcc2025
1964-08-01,box_antilles,4.943951162625966,51.0,gpcc2025
1964-09-01,box_antilles,5.772755849057235,51.0,gpcc2025
1964-10-01,box_antilles,7.5960260561854565,51.0,gpcc2025
1964-11-01,box_antilles,2.3338615267348453,52.0,gpcc2025
1964-12-01,box_antilles,1.5768831044914013,51.0,gpcc2025
1965-01-01,box_antilles,0.868460243115448,53.0,gpcc2025
1965-02-01,box_antilles,0.34246114276290035,52.0,gpcc2025
1965-03-01,box_antilles,0.6293372971239768,52.0,gpcc2025
1965-04-01,box_antilles,1.4175930495482936,52.0,gpcc2025
1965-05-01,box_antilles,3.7036593064160623,52.0,gpcc2025
1965-06-01,box_antilles,5.2418920542911875,51.0,gpcc2025
1965-07-01,box_antilles,3.0478460026120078,49.0,gpcc2025
1965-08-01,box_antilles,3.830315216177345,49.0,gpcc2025
1965-09-01,box_antilles,4.1256124442945366,50.0,gpcc2025
1965-10-01,box_antilles,4.834702828270782,51.0,gpcc2025
1965-11-01,box_antilles,2.334421861837304,51.0,gpcc2025
1965-12-01,box_antilles,1.3567590372668585,51.0,gpcc2025
1961-01-01,box_inlandnw,2.380863328375295,755.0,gpcc2025
1961-02-01,box_inlandnw,3.8061307372945423,750.0,gpcc2025
1961-03-01,box_inlandnw,1.942008865034953,746.0,gpcc2025
1961-04-01,box_inlandnw,1.508693377269291,743.0,gpcc2025
1961-05-01,box_inlandnw,1.9355121083796922,813.0,gpcc2025
1961-06-01,box_inlandnw,1.6110178213086248,816.0,gpcc2025
1961-07-01,box_inlandnw,1.531926969274865,832.0,gpcc2025
1961-08-01,box_inlandnw,0.8310380507416668,821.0,gpcc2025
1961-09-01,box_inlandnw,1.4955406446868027,790.0,gpcc2025
1961-10-01,box_inlandnw,2.2762926009116873,782.0,gpcc2025
1961-11-01,box_inlandnw,2.2797157159261174,771.0,gpcc2025
1961-12-01,box_inlandnw,2.7049707030556758,765.0,gpcc2025
1962-01-01,box_inlandnw,2.0200101139831133,772.0,gpcc2025
1962-02-01,box_inlandnw,1.3360881862498235,783.0,gpcc2025
1962-03-01,box_inlandnw,1.61090283983877,781.0,gpcc2025
1962-04-01,box_inlandnw,1.5276525955800977,793.0,gpcc2025
1962-05-01,box_inlandnw,2.052549317710042,849.0,gpcc2025
1962-06-01,box_inlandnw,1.7394171884533598,860.0,gpcc2025
1962-07-01,box_inlandnw,1.7640750317352683,865.0,gpcc2025
1962-08-01,box_inlandnw,1.8712685043626143,861.0,gpcc2025
1962-09-01,box_inlandnw,1.3501496726010331,831.0,gpcc2025
1962-10-01,box_inlandnw,1.9296961393743262,805.0,gpcc2025
1962-11-01,box_inlandnw,3.232235939230604,789.0,gpcc2025
1962-12-01,box_inlandnw,2.3333145863079103,795.0,gpcc2025
1963-01-01,box_inlandnw,1.3532336474803028,786.0,gpcc2025
1963-02-01,box_inlandnw,2.2860303260442185,794.0,gpcc2025
1963-03-01,box_inlandnw,1.6367342559248952,790.0,gpcc2025
1963-04-01,box_inlandnw,1.713118890574224,790.0,gpcc2025
1963-05-01,box_inlandnw,1.156910192394758,836.0,gpcc2025
1963-06-01,box_inlandnw,2.2395442325461343,851.0,gpcc2025
1963-07-01,box_inlandnw,1.9196792146776103,844.0,gpcc2025
1963-08-01,box_inlandnw,1.2182989988465551,847.0,gpcc2025
1963-09-01,box_inlandnw,1.3378364356928123,825.0,gpcc2025
1963-10-01,box_inlandnw,1.9075434996201157,803.0,gpcc2025
1963-11-01,box_inlandnw,2.957400860589021,802.0,gpcc2025
1963-12-01,box_inlandnw,2.156371090262747,785.0,gpcc2025
1964-01-01,box_inlandnw,3.208480972259528,797.0,gpcc2025
1964-02-01,box_inlandnw,1.1290110826031392,796.0,gpcc2025
1964-03-01,box_inlandnw,1.8884580907820523,799.0,gpcc2025
1964-04-01,box_inlandnw,1.478880664249293,804.0,gpcc2025
1964-05-01,box_inlandnw,1.9418584499926612,862.0,gpcc2025
1964-06-01,box_inlandnw,2.7356907601103257,874.0,gpcc2025
1964-07-01,box_inlandnw,2.193394163221898,860.0,gpcc2025
1964-08-01,box_inlandnw,1.8817302363394177,862.0,gpcc2025
1964-09-01,box_inlandnw,2.136762685481571,851.0,gpcc2025
1964-10-01,box_inlandnw,1.111132707701509,826.0,gpcc2025
1964-11-01,box_inlandnw,2.645626583731944,815.0,gpcc2025
1964-12-01,box_inlandnw,3.061054750650983,805.0,gpcc2025
1965-01-01,box_inlandnw,3.1553579316958698,820.0,gpcc2025
1965-02-01,box_inlandnw,2.4391795826314584,816.0,gpcc2025
1965-03-01,box_inlandnw,0.6209038360766651,819.0,gpcc2025
1965-04-01,box_inlandnw,1.5475763393862236,819.0,gpcc2025
1965-05-01,box_inlandnw,1.6560714761597806,868.0,gpcc2025
1965-06-01,box_inlandnw,2.3163830989305954,885.0,gpcc2025
1965-07-01,box_inlandnw,1.5456992661662106,891.0,gpcc2025
1965-08-01,box_inlandnw,2.180354083038995,884.0,gpcc2025
1965-09-01,box_inlandnw,1.38469575369242,854.0,gpcc2025
1965-10-01,box_inlandnw,1.5033940447227967,831.0,gpcc2025
1965-11-01,box_inlandnw,2.464497213969848,823.0,gpcc2025
1965-12-01,box_inlandnw,2.2246499070570653,811.0,gpcc2025
1961-01-01,box_srilanka,6.098196953299952,20.0,gpcc2025
1961-02-01,box_srilanka,4.164138054298015,20.0,gpcc2025
1961-03-01,box_srilanka,3.161691427917473,20.0,gpcc2025
1961-04-01,box_srilanka,5.000977712995221,20.0,gpcc2025
1961-05-01,box_srilanka,5.836344311117647,20.0,gpcc2025
1961-06-01,box_srilanka,2.7688570098420504,20.0,gpcc2025
1961-07-01,box_srilanka,2.7947347566173137,20.0,gpcc2025
1961-08-01,box_srilanka,3.01912655024314,20.0,gpcc2025
1961-09-01,box_srilanka,4.643820708087748,20.0,gpcc2025
1961-10-01,box_srilanka,7.058367925202798,20.0,gpcc2025
1961-11-01,box_srilanka,11.027788791755139,20.0,gpcc2025
1961-12-01,box_srilanka,8.563752596808156,20.0,gpcc2025
1962-01-01,box_srilanka,5.543093411504833,20.0,gpcc2025
1962-02-01,box_srilanka,2.142748987547623,20.0,gpcc2025
1962-03-01,box_srilanka,2.205469935647805,20.0,gpcc2025
1962-04-01,box_srilanka,4.469484290934656,20.0,gpcc2025
1962-05-01,box_srilanka,7.111254733922194,20.0,gpcc2025
1962-06-01,box_srilanka,2.7912741608893215,20.0,gpcc2025
1962-07-01,box_srilanka,1.3968393523088596,20.0,gpcc2025
1962-08-01,box_srilanka,4.284875698669415,20.0,gpcc2025
1962-09-01,box_srilanka,3.027280149407125,20.0,gpcc2025
1962-10-01,box_srilanka,10.538439704663903,20.0,gpcc2025
1962-11-01,box_srilanka,7.132658281959141,20.0,gpcc2025
1962-12-01,box_srilanka,5.372693036879845,20.0,gpcc2025
1963-01-01,box_srilanka,9.406219064150523,19.0,gpcc2025
1963-02-01,box_srilanka,4.620941311082427,19.0,gpcc2025
1963-03-01,box_srilanka,3.7783528322771236,19.0,gpcc2025
1963-04-01,box_srilanka,5.553440327397839,19.0,gpcc2025
1963-05-01,box_srilanka,4.675683540734545,19.0,gpcc2025
1963-06-01,box_srilanka,2.520712098644503,19.0,gpcc2025
1963-07-01,box_srilanka,3.373857673950175,19.0,gpcc2025
1963-08-01,box_srilanka,2.8747823213316996,19.0,gpcc2025
1963-09-01,box_srilanka,5.427812060584902,19.0,gpcc2025
1963-10-01,box_srilanka,8.872679333301594,19.0,gpcc2025
1963-11-01,box_srilanka,14.465384335411716,19.0,gpcc2025
1963-12-01,box_srilanka,10.359576466928926,19.0,gpcc2025
1964-01-01,box_srilanka,3.4594075617391566,19.0,gpcc2025
1964-02-01,box_srilanka,3.9367616977752142,19.0,gpcc2025
1964-03-01,box_srilanka,3.6401021402554252,19.0,gpcc2025
1964-04-01,box_srilanka,3.4125317774829456,19.0,gpcc2025
1964-05-01,box_srilanka,3.774075323805663,19.0,gpcc2025
1964-06-01,box_srilanka,1.874989781078049,19.0,gpcc2025
1964-07-01,box_srilanka,4.981666855841404,19.0,gpcc2025
1964-08-01,box_srilanka,2.2507962954060563,19.0,gpcc2025
1964-09-01,box_srilanka,3.469842470031207,19.0,gpcc2025
1964-10-01,box_srilanka,6.776606580858832,19.0,gpcc2025
1964-11-01,box_srilanka,5.568860736369945,19.0,gpcc2025
1964-12-01,box_srilanka,4.998005318541884,19.0,gpcc2025
1965-01-01,box_srilanka,1.2190862914621383,20.0,gpcc2025
1965-02-01,box_srilanka,5.924010582854456,20.0,gpcc2025
1965-03-01,box_srilanka,1.9869491753564252,20.0,gpcc2025
1965-04-01,box_srilanka,6.055999253271588,20.0,gpcc2025
1965-05-01,box_srilanka,5.691320381406112,20.0,gpcc2025
1965-06-01,box_srilanka,1.2668139952599395,20.0,gpcc2025
1965-07-01,box_srilanka,0.7055565308533783,20.0,gpcc2025
1965-08-01,box_srilanka,5.921340938840471,20.0,gpcc2025
1965-09-01,box_srilanka,3.112391698402019,20.0,gpcc2025
1965-10-01,box_srilanka,10.28759784115258,20.0,gpcc2025
1965-11-01,box_srilanka,11.275424920102097,20.0,gpcc2025
1965-12-01,box_srilanka,10.10148174481784,20.0,gpcc2025
1961-01-01,box_seaustralia,0.6963257349765594,1089.0,gpcc2025
1961-02-01,box_seaustralia,1.286943898153395,1099.0,gpcc2025
1961-03-01,box_seaustralia,1.895990899525874,1093.0,gpcc2025
1961-04-01,box_seaustralia,3.248598717592924,1099.0,gpcc2025
1961-05-01,box_seaustralia,1.658450045323336,1101.0,gpcc2025
1961-06-01,box_seaustralia,3.3280216885016816,1099.0,gpcc2025
1961-07-01,box_seaustralia,3.488413314047729,1098.0,gpcc2025
1961-08-01,box_seaustralia,2.2912557026222564,1107.0,gpcc2025
1961-09-01,box_seaustralia,1.8949937087634652,1102.0,gpcc2025
1961-10-01,box_seaustralia,1.994847434131269,1107.0,gpcc2025
1961-11-01,box_seaustralia,1.6913424577500422,1105.0,gpcc2025
1961-12-01,box_seaustralia,2.052566997235847,1103.0,gpcc2025
1962-01-01,box_seaustralia,2.009968028965918,1112.0,gpcc2025
1962-02-01,box_seaustralia,1.7030647876377818,1113.0,gpcc2025
1962-03-01,box_seaustralia,1.587384968300743,1112.0,gpcc2025
1962-04-01,box_seaustralia,1.2359849780036842,1119.0,gpcc2025
1962-05-01,box_seaustralia,3.759457088039517,1123.0,gpcc2025
1962-06-01,box_seaustralia,4.074285449408149,1136.0,gpcc2025
1962-07-01,box_seaustralia,2.6503481557772317,1138.0,gpcc2025
1962-08-01,box_seaustralia,2.835281150625675,1143.0,gpcc2025
1962-09-01,box_seaustralia,2.972210015059154,1141.0,gpcc2025
1962-10-01,box_seaustralia,3.0253685826041474,1146.0,gpcc2025
1962-11-01,box_seaustralia,1.3627422452858897,1142.0,gpcc2025
1962-12-01,box_seaustralia,1.8575512565534358,1136.0,gpcc2025
1963-01-01,box_seaustralia,3.0278572143232387,1143.0,gpcc2025
1963-02-01,box_seaustralia,1.3838451748038891,1144.0,gpcc2025
1963-03-01,box_seaustralia,1.551985850391784,1147.0,gpcc2025
1963-04-01,box_seaustralia,1.2754440352053755,1146.0,gpcc2025
1963-05-01,box_seaustralia,2.9297279520713064,1145.0,gpcc2025
1963-06-01,box_seaustralia,2.338008011939356,1145.0,gpcc2025
1963-07-01,box_seaustralia,3.847275249029422,1142.0,gpcc2025
1963-08-01,box_seaustralia,2.7090146768887657,1141.0,gpcc2025
1963-09-01,box_seaustralia,3.2517798911487996,1133.0,gpcc2025
1963-10-01,box_seaustralia,1.7301253249342132,1141.0,gpcc2025
1963-11-01,box_seaustralia,1.386970090445746,1141.0,gpcc2025
1963-12-01,box_seaustralia,1.1647230895173857,1134.0,gpcc2025
1964-01-01,box_seaustralia,1.16245553277334,1147.0,gpcc2025
1964-02-01,box_seaustralia,3.438390627800089,1147.0,gpcc2025
1964-03-01,box_seaustralia,1.4197195979952628,1144.0,gpcc2025
1964-04-01,box_seaustralia,2.709802662651677,1149.0,gpcc2025
1964-05-01,box_seaustralia,2.773003235119265,1158.0,gpcc2025
1964-06-01,box_seaustralia,3.285930577677521,1151.0,gpcc2025
1964-07-01,box_seaustralia,4.835917946142261,1155.0,gpcc2025
1964-08-01,box_seaustralia,3.5208448318239207,1160.0,gpcc2025
1964-09-01,box_seaustralia,3.7900996532772337,1153.0,gpcc2025
1964-10-01,box_seaustralia,3.0369125581660774,1150.0,gpcc2025
1964-11-01,box_seaustralia,2.1108499006584807,1155.0,gpcc2025
1964-12-01,box_seaustralia,2.570958957587315,1151.0,gpcc2025
1965-01-01,box_seaustralia,1.0520031932313418,1161.0,gpcc2025
1965-02-01,box_seaustralia,0.3922077048882439,1165.0,gpcc2025
1965-03-01,box_seaustralia,1.6012508239666374,1177.0,gpcc2025
1965-04-01,box_seaustralia,3.045283566219953,1179.0,gpcc2025
1965-05-01,box_seaustralia,3.350609185618087,1175.0,gpcc2025
1965-06-01,box_seaustralia,1.9798883546115027,1176.0,gpcc2025
1965-07-01,box_seaustralia,2.5452559578210967,1178.0,gpcc2025
1965-08-01,box_seaustralia,2.704298041549207,1176.0,gpcc2025
1965-09-01,box_seaustralia,2.68520487097418,1180.0,gpcc2025
1965-10-01,box_seaustralia,1.1492425639359767,1180.0,gpcc2025
1965-11-01,box_seaustralia,2.978428700661275,1181.0,gpcc2025
1965-12-01,box_seaustralia,1.3949337207689845,1174.0,gpcc2025
1961-01-01,box_ccanada,0.5812176279833996,108.0,gpcc2025
1961-02-01,box_ccanada,1.0524563359312638,109.0,gpcc2025
1961-03-01,box_ccanada,1.263317674195548,105.0,gpcc2025
1961-04-01,box_ccanada,1.1769265414866716,108.0,gpcc2025
1961-05-01,box_ccanada,0.9258677042370959,118.0,gpcc2025
1961-06-01,box_ccanada,0.9937646073226115,119.0,gpcc2025
1961-07-01,box_ccanada,2.013346778608665,122.0,gpcc2025
1961-08-01,box_ccanada,1.374805657529735,126.0,gpcc2025
1961-09-01,box_ccanada,2.3771937538254124,125.0,gpcc2025
1961-10-01,box_ccanada,1.8020536819471349,123.0,gpcc2025
1961-11-01,box_ccanada,1.3607008631259128,112.0,gpcc2025
1961-12-01,box_ccanada,1.3126618168495967,107.0,gpcc2025
1962-01-01,box_ccanada,0.7514916374918468,111.0,gpcc2025
1962-02-01,box_ccanada,0.7644368592647645,114.0,gpcc2025
1962-03-01,box_ccanada,0.7662416306142884,112.0,gpcc2025
1962-04-01,box_ccanada,0.9072999847258824,111.0,gpcc2025
1962-05-01,box_ccanada,1.9660533529415505,126.0,gpcc2025
1962-06-01,box_ccanada,1.6934592257417207,126.0,gpcc2025
1962-07-01,box_ccanada,2.656207704296384,131.0,gpcc2025
1962-08-01,box_ccanada,3.1595379139857336,131.0,gpcc2025
1962-09-01,box_ccanada,1.7928150097836764,131.0,gpcc2025
1962-10-01,box_ccanada,1.236569145039513,124.0,gpcc2025
1962-11-01,box_ccanada,1.1505947371337664,108.0,gpcc2025
1962-12-01,box_ccanada,1.1838357189575512,112.0,gpcc2025
1963-01-01,box_ccanada,0.5889427019164415,107.0,gpcc2025
1963-02-01,box_ccanada,0.6679437401033094,114.0,gpcc2025
1963-03-01,box_ccanada,0.727836550808762,117.0,gpcc2025
1963-04-01,box_ccanada,1.2703605643833098,123.0,gpcc2025
1963-05-01,box_ccanada,1.5851965825763534,130.0,gpcc2025
1963-06-01,box_ccanada,2.3979882928737477,127.0,gpcc2025
1963-07-01,box_ccanada,2.3278380813919157,127.0,gpcc2025
1963-08-01,box_ccanada,2.0326981205076797,134.0,gpcc2025
1963-09-01,box_ccanada,1.6595160798692896,130.0,gpcc2025
1963-10-01,box_ccanada,0.7128585962228944,132.0,gpcc2025
1963-11-01,box_ccanada,1.4680864517401515,131.0,gpcc2025
1963-12-01,box_ccanada,0.6604884066770949,121.0,gpcc2025
1964-01-01,box_ccanada,1.2865505291648909,125.0,gpcc2025
1964-02-01,box_ccanada,0.7068179409110618,122.0,gpcc2025
1964-03-01,box_ccanada,0.8903060118704476,127.0,gpcc2025
1964-04-01,box_ccanada,1.2130330905488143,129.0,gpcc2025
1964-05-01,box_ccanada,1.840636039343713,138.0,gpcc2025
1964-06-01,box_ccanada,2.2337095749130786,133.0,gpcc2025
1964-07-01,box_ccanada,2.380135932338864,140.0,gpcc2025
1964-08-01,box_ccanada,3.1209004313419237,141.0,gpcc2025
1964-09-01,box_ccanada,2.5195988602081587,141.0,gpcc2025
1964-10-01,box_ccanada,1.1920851405739634,136.0,gpcc2025
1964-11-01,box_ccanada,1.3089991919465156,137.0,gpcc2025
1964-12-01,box_ccanada,1.0244550956998375,138.0,gpcc2025
1965-01-01,box_ccanada,0.8879536036152388,135.0,gpcc2025
1965-02-01,box_ccanada,1.4190561729243836,135.0,gpcc2025
1965-03-01,box_ccanada,0.4091616643044346,134.0,gpcc2025
1965-04-01,box_ccanada,0.7696377682218318,134.0,gpcc2025
1965-05-01,box_ccanada,2.4574867703408203,141.0,gpcc2025
1965-06-01,box_ccanada,2.1306505935708784,144.0,gpcc2025
1965-07-01,box_ccanada,2.5672516083106753,143.0,gpcc2025
1965-08-01,box_ccanada,2.0543399159972098,143.0,gpcc2025
1965-09-01,box_ccanada,2.606157516447718,144.0,gpcc2025
1965-10-01,box_ccanada,1.6163747865801825,144.0,gpcc2025
1965-11-01,box_ccanada,1.5108691188781127,133.0,gpcc2025
1965-12-01,box_ccanada,0.9957309512590982,133.0,gpcc2025
1961-01-01,box_hawaii,,229.0,gpcc2025
1961-02-01,box_hawaii,,234.0,gpcc2025
1961-03-01,box_hawaii,,236.0,gpcc2025
1961-04-01,box_hawaii,,219.0,gpcc2025
1961-05-01,box_hawaii,,232.0,gpcc2025
1961-06-01,box_hawaii,,233.0,gpcc2025
1961-07-01,box_hawaii,,220.0,gpcc2025
1961-08-01,box_hawaii,,233.0,gpcc2025
1961-09-01,box_hawaii,,222.0,gpcc2025
1961-10-01,box_hawaii,,231.0,gpcc2025
1961-11-01,box_hawaii,,216.0,gpcc2025
1961-12-01,box_hawaii,,228.0,gpcc2025
1962-01-01,box_hawaii,,231.0,gpcc2025
1962-02-01,box_hawaii,,232.0,gpcc2025
1962-03-01,box_hawaii,,229.0,gpcc2025
1962-04-01,box_hawaii,,223.0,gpcc2025
1962-05-01,box_hawaii,,232.0,gpcc2025
1962-06-01,box_hawaii,,233.0,gpcc2025
1962-07-01,box_hawaii,,218.0,gpcc2025
1962-08-01,box_hawaii,,231.0,gpcc2025
1962-09-01,box_hawaii,,216.0,gpcc2025
1962-10-01,box_hawaii,,231.0,gpcc2025
1962-11-01,box_hawaii,,219.0,gpcc2025
1962-12-01,box_hawaii,,213.0,gpcc2025
1963-01-01,box_hawaii,,234.0,gpcc2025
1963-02-01,box_hawaii,,233.0,gpcc2025
1963-03-01,box_hawaii,,224.0,gpcc2025
1963-04-01,box_hawaii,,234.0,gpcc2025
1963-05-01,box_hawaii,,215.0,gpcc2025
1963-06-01,box_hawaii,,209.0,gpcc2025
1963-07-01,box_hawaii,,214.0,gpcc2025
1963-08-01,box_hawaii,,216.0,gpcc2025
1963-09-01,box_hawaii,,209.0,gpcc2025
1963-10-01,box_hawaii,,211.0,gpcc2025
1963-11-01,box_hawaii,,210.0,gpcc2025
1963-12-01,box_hawaii,,210.0,gpcc2025
1964-01-01,box_hawaii,,212.0,gpcc2025
1964-02-01,box_hawaii,,215.0,gpcc2025
1964-03-01,box_hawaii,,202.0,gpcc2025
1964-04-01,box_hawaii,,216.0,gpcc2025
1964-05-01,box_hawaii,,216.0,gpcc2025
1964-06-01,box_hawaii,,214.0,gpcc2025
1964-07-01,box_hawaii,,214.0,gpcc2025
1964-08-01,box_hawaii,,195.0,gpcc2025
1964-09-01,box_hawaii,,213.0,gpcc2025
1964-10-01,box_hawaii,,216.0,gpcc2025
1964-11-01,box_hawaii,,193.0,gpcc2025
1964-12-01,box_hawaii,,214.0,gpcc2025
1965-01-01,box_hawaii,,207.0,gpcc2025
1965-02-01,box_hawaii,,217.0,gpcc2025
1965-03-01,box_hawaii,,219.0,gpcc2025
1965-04-01,box_hawaii,,214.0,gpcc2025
1965-05-01,box_hawaii,,204.0,gpcc2025
1965-06-01,box_hawaii,,218.0,gpcc2025
1965-07-01,box_hawaii,,208.0,gpcc2025
1965-08-01,box_hawaii,,216.0,gpcc2025
1965-09-01,box_hawaii,,218.0,gpcc2025
1965-10-01,box_hawaii,,209.0,gpcc2025
1965-11-01,box_hawaii,,192.0,gpcc2025
1965-12-01,box_hawaii,,198.0,gpcc2025
1961-01-01,drycorridor_wet,5.248357659525258,398.0,gpcc2025
1961-02-01,drycorridor_wet,3.3299477420895296,397.0,gpcc2025
1961-03-01,drycorridor_wet,2.0724942508941484,395.0,gpcc2025
1961-04-01,drycorridor_wet,2.600247945623378,398.0,gpcc2025
1961-05-01,drycorridor_wet,4.200332595921645,393.0,gpcc2025
1961-06-01,drycorridor_wet,9.459387103307227,396.0,gpcc2025
1961-07-01,drycorridor_wet,11.63503782988315,401.0,gpcc2025
1961-08-01,drycorridor_wet,9.098395137027818,402.0,gpcc2025
1961-09-01,drycorridor_wet,9.146663072924916,401.0,gpcc2025
1961-10-01,drycorridor_wet,10.088670059583054,402.0,gpcc2025
1961-11-01,drycorridor_wet,6.890364449034135,402.0,gpcc2025
1961-12-01,drycorridor_wet,5.6103694477821895,396.0,gpcc2025
1962-01-01,drycorridor_wet,4.986693386741214,401.0,gpcc2025
1962-02-01,drycorridor_wet,1.259006519219481,398.0,gpcc2025
1962-03-01,drycorridor_wet,2.1192248741920774,399.0,gpcc2025
1962-04-01,drycorridor_wet,4.715637056989894,399.0,gpcc2025
1962-05-01,drycorridor_wet,6.217918817890262,401.0,gpcc2025
1962-06-01,drycorridor_wet,9.676804600321285,401.0,gpcc2025
1962-07-01,drycorridor_wet,8.853137445400963,399.0,gpcc2025
1962-08-01,drycorridor_wet,7.999600320244365,406.0,gpcc2025
1962-09-01,drycorridor_wet,9.841207066651103,407.0,gpcc2025
1962-10-01,drycorridor_wet,10.199199649250184,410.0,gpcc2025
1962-11-01,drycorridor_wet,6.086900689437494,411.0,gpcc2025
1962-12-01,drycorridor_wet,4.004517149289396,410.0,gpcc2025
1963-01-01,drycorridor_wet,3.0329917489528944,416.0,gpcc2025
1963-02-01,drycorridor_wet,3.0874864757546403,414.0,gpcc2025
1963-03-01,drycorridor_wet,2.735014779575888,415.0,gpcc2025
1963-04-01,drycorridor_wet,3.2512103764823888,422.0,gpcc2025
1963-05-01,drycorridor_wet,5.334972706169141,422.0,gpcc2025
1963-06-01,drycorridor_wet,7.854145113792554,421.0,gpcc2025
1963-07-01,drycorridor_wet,10.397629643790744,419.0,gpcc2025
1963-08-01,drycorridor_wet,7.886257501619926,418.0,gpcc2025
1963-09-01,drycorridor_wet,11.27497843774998,418.0,gpcc2025
1963-10-01,drycorridor_wet,9.568470233487053,419.0,gpcc2025
1963-11-01,drycorridor_wet,7.860649840781767,419.0,gpcc2025
1963-12-01,drycorridor_wet,4.441352747030544,417.0,gpcc2025
1964-01-01,drycorridor_wet,2.7109307542508234,423.0,gpcc2025
1964-02-01,drycorridor_wet,2.201887428613921,420.0,gpcc2025
1964-03-01,drycorridor_wet,1.3549876386152064,423.0,gpcc2025
1964-04-01,drycorridor_wet,2.7455084724120598,425.0,gpcc2025
1964-05-01,drycorridor_wet,5.004727926418565,426.0,gpcc2025
1964-06-01,drycorridor_wet,11.263426514481766,430.0,gpcc2025
1964-07-01,drycorridor_wet,10.802395921208555,431.0,gpcc2025
1964-08-01,drycorridor_wet,8.22597372635534,431.0,gpcc2025
1964-09-01,drycorridor_wet,8.446689368195843,438.0,gpcc2025
1964-10-01,drycorridor_wet,9.276381812931865,438.0,gpcc2025
1964-11-01,drycorridor_wet,8.062669636309847,439.0,gpcc2025
1964-12-01,drycorridor_wet,5.659926162933972,439.0,gpcc2025
1965-01-01,drycorridor_wet,3.9870165774194266,426.0,gpcc2025
1965-02-01,drycorridor_wet,2.8878248531789437,428.0,gpcc2025
1965-03-01,drycorridor_wet,1.4869317110372893,429.0,gpcc2025
1965-04-01,drycorridor_wet,1.3722398196963013,441.0,gpcc2025
1965-05-01,drycorridor_wet,4.890059254247092,443.0,gpcc2025
1965-06-01,drycorridor_wet,9.21665009180531,442.0,gpcc2025
1965-07-01,drycorridor_wet,8.227096687504858,443.0,gpcc2025
1965-08-01,drycorridor_wet,8.664263709597922,446.0,gpcc2025
1965-09-01,drycorridor_wet,9.621089618031483,446.0,gpcc2025
1965-10-01,drycorridor_wet,9.982564053284124,442.0,gpcc2025
1965-11-01,drycorridor_wet,7.85635013476555,448.0,gpcc2025
1965-12-01,drycorridor_wet,6.155599345955732,454.0,gpcc2025
1966-01-01,box_antilles,3.0598072424790925,50.0,gpcc2025
1966-02-01,box_antilles,1.3688182039034278,51.0,gpcc2025
1966-03-01,box_antilles,1.582779797407361,50.0,gpcc2025
1966-04-01,box_antilles,2.494602872893722,50.0,gpcc2025
1966-05-01,box_antilles,8.524769490802727,50.0,gpcc2025
1966-06-01,box_antilles,6.342089056608576,51.0,gpcc2025
1966-07-01,box_antilles,4.474791940067662,50.0,gpcc2025
1966-08-01,box_antilles,3.3530550491325175,51.0,gpcc2025
1966-09-01,box_antilles,3.9771512961827296,50.0,gpcc2025
1966-10-01,box_antilles,5.656701703908516,51.0,gpcc2025
1966-11-01,box_antilles,4.154769379384146,51.0,gpcc2025
1966-12-01,box_antilles,1.2231545106572326,50.0,gpcc2025
1967-01-01,box_antilles,1.029067017510119,52.0,gpcc2025
1967-02-01,box_antilles,1.819610891921629,51.0,gpcc2025
1967-03-01,box_antilles,1.7805509052981425,51.0,gpcc2025
1967-04-01,box_antilles,1.4500528675438842,51.0,gpcc2025
1967-05-01,box_antilles,2.9621808114263057,50.0,gpcc2025
1967-06-01,box_antilles,6.04605166563148,49.0,gpcc2025
1967-07-01,box_antilles,1.963313466569945,51.0,gpcc2025
1967-08-01,box_antilles,3.596022665849141,51.0,gpcc2025
1967-09-01,box_antilles,4.438623220401537,51.0,gpcc2025
1967-10-01,box_antilles,3.756636953537533,51.0,gpcc2025
1967-11-01,box_antilles,2.9430083430252485,51.0,gpcc2025
1967-12-01,box_antilles,1.02508425843768,50.0,gpcc2025
1968-01-01,box_antilles,1.5714914989378896,54.0,gpcc2025
1968-02-01,box_antilles,1.6621252412061758,53.0,gpcc2025
1968-03-01,box_antilles,1.0684532365727117,53.0,gpcc2025
1968-04-01,box_antilles,0.5194341310946066,53.0,gpcc2025
1968-05-01,box_antilles,6.143369970996509,54.0,gpcc2025
1968-06-01,box_antilles,5.629958475852518,54.0,gpcc2025
1968-07-01,box_antilles,3.5509323188454873,54.0,gpcc2025
1968-08-01,box_antilles,4.362655040113483,55.0,gpcc2025
1968-09-01,box_antilles,6.018261219416971,53.0,gpcc2025
1968-10-01,box_antilles,6.997900101986762,54.0,gpcc2025
1968-11-01,box_antilles,3.540577867444638,54.0,gpcc2025
1968-12-01,box_antilles,0.9175524054381572,54.0,gpcc2025
1969-01-01,box_antilles,3.1360680357771877,56.0,gpcc2025
1969-02-01,box_antilles,0.9020969029516807,53.0,gpcc2025
1969-03-01,box_antilles,0.8590707953315955,55.0,gpcc2025
1969-04-01,box_antilles,3.397243963486057,54.0,gpcc2025
1969-05-01,box_antilles,7.468607446069989,55.0,gpcc2025
1969-06-01,box_antilles,11.246030137751303,55.0,gpcc2025
1969-07-01,box_antilles,3.7408251188740436,55.0,gpcc2025
1969-08-01,box_antilles,4.850520983038819,54.0,gpcc2025
1969-09-01,box_antilles,5.4828204165986,55.0,gpcc2025
1969-10-01,box_antilles,6.577814674943263,56.0,gpcc2025
1969-11-01,box_antilles,2.9770497041148807,55.0,gpcc2025
1969-12-01,box_antilles,1.4408350758131176,54.0,gpcc2025
1970-01-01,box_antilles,3.057213780444673,62.0,gpcc2025
1970-02-01,box_antilles,1.7115990164748338,62.0,gpcc2025
1970-03-01,box_antilles,1.269870096027014,62.0,gpcc2025
1970-04-01,box_antilles,0.7293112992244216,62.0,gpcc2025
1970-05-01,box_antilles,3.7660233721063436,62.0,gpcc2025
1970-06-01,box_antilles,3.3811376896148384,62.0,gpcc2025
1970-07-01,box_antilles,5.399296550475906,62.0,gpcc2025
1970-08-01,box_antilles,4.104507090505004,61.0,gpcc2025
1970-09-01,box_antilles,6.01558391334313,62.0,gpcc2025
1970-10-01,box_antilles,3.277846888990149,62.0,gpcc2025
1970-11-01,box_antilles,2.237031005553779,62.0,gpcc2025
1970-12-01,box_antilles,0.6034925675301392,62.0,gpcc2025
1966-01-01,box_inlandnw,3.0408580267110734,819.0,gpcc2025
1966-02-01,box_inlandnw,1.3978988346139756,818.0,gpcc2025
1966-03-01,box_inlandnw,1.8150868724649247,825.0,gpcc2025
1966-04-01,box_inlandnw,1.1470522616591825,834.0,gpcc2025
1966-05-01,box_inlandnw,1.3636506271849778,878.0,gpcc2025
1966-06-01,box_inlandnw,1.8808043080329429,888.0,gpcc2025
1966-07-01,box_inlandnw,1.9263137652985756,898.0,gpcc2025
1966-08-01,box_inlandnw,1.7360995520357339,897.0,gpcc2025
1966-09-01,box_inlandnw,0.886207410429878,861.0,gpcc2025
1966-10-01,box_inlandnw,1.8021796418100375,836.0,gpcc2025
1966-11-01,box_inlandnw,2.966642808933796,838.0,gpcc2025
1966-12-01,box_inlandnw,3.0725707725685223,832.0,gpcc2025
1967-01-01,box_inlandnw,3.4152366170036683,838.0,gpcc2025
1967-02-01,box_inlandnw,1.877243361593308,834.0,gpcc2025
1967-03-01,box_inlandnw,2.207664363342988,834.0,gpcc2025
1967-04-01,box_inlandnw,1.4244159197195336,846.0,gpcc2025
1967-05-01,box_inlandnw,1.229105619224628,897.0,gpcc2025
1967-06-01,box_inlandnw,1.5335564199090221,911.0,gpcc2025
1967-07-01,box_inlandnw,0.8731293751363306,914.0,gpcc2025
1967-08-01,box_inlandnw,0.45500713638576895,912.0,gpcc2025
1967-09-01,box_inlandnw,0.8968954255015604,876.0,gpcc2025
1967-10-01,box_inlandnw,3.553438032120561,852.0,gpcc2025
1967-11-01,box_inlandnw,1.6579160087784082,844.0,gpcc2025
1967-12-01,box_inlandnw,2.841527086083341,837.0,gpcc2025
1968-01-01,box_inlandnw,2.7691870252420263,830.0,gpcc2025
1968-02-01,box_inlandnw,1.9787088637317705,823.0,gpcc2025
1968-03-01,box_inlandnw,1.839565108174883,838.0,gpcc2025
1968-04-01,box_inlandnw,1.3734883906122046,842.0,gpcc2025
1968-05-01,box_inlandnw,1.6021472470966118,899.0,gpcc2025
1968-06-01,box_inlandnw,2.417671796911296,912.0,gpcc2025
1968-07-01,box_inlandnw,1.315432698370409,918.0,gpcc2025
1968-08-01,box_inlandnw,2.1543951110184656,911.0,gpcc2025
1968-09-01,box_inlandnw,2.204596042779502,872.0,gpcc2025
1968-10-01,box_inlandnw,2.3013386367819804,849.0,gpcc2025
1968-11-01,box_inlandnw,2.449097610883011,842.0,gpcc2025
1968-12-01,box_inlandnw,3.1455834310951265,837.0,gpcc2025
1969-01-01,box_inlandnw,2.7604278698816045,835.0,gpcc2025
1969-02-01,box_inlandnw,1.4983772712848376,836.0,gpcc2025
1969-03-01,box_inlandnw,1.1727848054934347,843.0,gpcc2025
1969-04-01,box_inlandnw,1.821141675638362,848.0,gpcc2025
1969-05-01,box_inlandnw,1.2947195353760568,902.0,gpcc2025
1969-06-01,box_inlandnw,2.220525653648534,922.0,gpcc2025
1969-07-01,box_inlandnw,1.4188672199014642,921.0,gpcc2025
1969-08-01,box_inlandnw,1.1021336524443692,915.0,gpcc2025
1969-09-01,box_inlandnw,2.6381999857347576,877.0,gpcc2025
1969-10-01,box_inlandnw,1.473665285133816,857.0,gpcc2025
1969-11-01,box_inlandnw,1.6189185660919536,857.0,gpcc2025
1969-12-01,box_inlandnw,2.1494890249106042,856.0,gpcc2025
1970-01-01,box_inlandnw,2.853275774007748,856.0,gpcc2025
1970-02-01,box_inlandnw,1.2574192285656622,859.0,gpcc2025
1970-03-01,box_inlandnw,1.4671408287313323,852.0,gpcc2025
1970-04-01,box_inlandnw,1.6967071113282546,866.0,gpcc2025
1970-05-01,box_inlandnw,1.240480589975328,915.0,gpcc2025
1970-06-01,box_inlandnw,2.310599861163929,944.0,gpcc2025
1970-07-01,box_inlandnw,1.4986803498455372,948.0,gpcc2025
1970-08-01,box_inlandnw,0.5502609447712422,937.0,gpcc2025
1970-09-01,box_inlandnw,1.646849949606792,887.0,gpcc2025
1970-10-01,box_inlandnw,1.558165044161209,875.0,gpcc2025
1970-11-01,box_inlandnw,2.483912788070143,867.0,gpcc2025
1970-12-01,box_inlandnw,2.819807739013429,861.0,gpcc2025
1966-01-01,box_srilanka,3.5358711898681365,20.0,gpcc2025
1966-02-01,box_srilanka,1.642268748882025,20.0,gpcc2025
1966-03-01,box_srilanka,4.263566177736881,20.0,gpcc2025
1966-04-01,box_srilanka,5.888077583283222,20.0,gpcc2025
1966-05-01,box_srilanka,1.0930372823158319,18.0,gpcc2025
1966-06-01,box_srilanka,1.4944069305015242,20.0,gpcc2025
1966-07-01,box_srilanka,0.8232997546142492,20.0,gpcc2025
1966-08-01,box_srilanka,2.603910381922591,20.0,gpcc2025
1966-09-01,box_srilanka,6.3094678196970015,20.0,gpcc2025
1966-10-01,box_srilanka,9.929682542142643,20.0,gpcc2025
1966-11-01,box_srilanka,8.51715461538405,20.0,gpcc2025
1966-12-01,box_srilanka,6.664508793294898,20.0,gpcc2025
1967-01-01,box_srilanka,2.306428933193592,20.0,gpcc2025
1967-02-01,box_srilanka,3.9136013183713154,20.0,gpcc2025
1967-03-01,box_srilanka,2.4868896961038667,20.0,gpcc2025
1967-04-01,box_srilanka,2.9979875201211295,20.0,gpcc2025
1967-05-01,box_srilanka,4.258982112637561,20.0,gpcc2025
1967-06-01,box_srilanka,2.961449143374733,20.0,gpcc2025
1967-07-01,box_srilanka,2.9284281840344506,20.0,gpcc2025
1967-08-01,box_srilanka,2.2706182123238445,20.0,gpcc2025
1967-09-01,box_srilanka,2.9745147560613856,20.0,gpcc2025
1967-10-01,box_srilanka,10.867937447690808,20.0,gpcc2025
1967-11-01,box_srilanka,11.807466333204555,20.0,gpcc2025
1967-12-01,box_srilanka,10.560786666811834,20.0,gpcc2025
1968-01-01,box_srilanka,2.1860785091571904,20.0,gpcc2025
1968-02-01,box_srilanka,0.70874001267924,20.0,gpcc2025
1968-03-01,box_srilanka,3.4566883357881375,20.0,gpcc2025
1968-04-01,box_srilanka,3.8764756656587522,19.0,gpcc2025
1968-05-01,box_srilanka,2.204686764320035,20.0,gpcc2025
1968-06-01,box_srilanka,3.757822455249286,20.0,gpcc2025
1968-07-01,box_srilanka,2.738483920804397,20.0,gpcc2025
1968-08-01,box_srilanka,1.3388975478366938,20.0,gpcc2025
1968-09-01,box_srilanka,3.7133660278222536,20.0,gpcc2025
1968-10-01,box_srilanka,6.852740082146296,20.0,gpcc2025
1968-11-01,box_srilanka,7.867438611448301,20.0,gpcc2025
1968-12-01,box_srilanka,5.213043000824624,19.0,gpcc2025
1969-01-01,box_srilanka,2.803723514784303,20.0,gpcc2025
1969-02-01,box_srilanka,2.413811691779172,20.0,gpcc2025
1969-03-01,box_srilanka,1.0972276694600531,20.0,gpcc2025
1969-04-01,box_srilanka,5.1522031168654,20.0,gpcc2025
1969-05-01,box_srilanka,5.5466824064735105,20.0,gpcc2025
1969-06-01,box_srilanka,1.6024513147929398,19.0,gpcc2025
1969-07-01,box_srilanka,0.6703261380609151,19.0,gpcc2025
1969-08-01,box_srilanka,4.264743569797239,19.0,gpcc2025
1969-09-01,box_srilanka,1.8292666610084745,19.0,gpcc2025
1969-10-01,box_srilanka,12.167149569894626,19.0,gpcc2025
1969-11-01,box_srilanka,6.609374700225952,19.0,gpcc2025
1969-12-01,box_srilanka,14.83967950685108,19.0,gpcc2025
1970-01-01,box_srilanka,3.9967293369062995,20.0,gpcc2025
1970-02-01,box_srilanka,5.644031883627135,20.0,gpcc2025
1970-03-01,box_srilanka,3.085262502253888,20.0,gpcc2025
1970-04-01,box_srilanka,6.224213999463027,20.0,gpcc2025
1970-05-01,box_srilanka,4.627356050577166,20.0,gpcc2025
1970-06-01,box_srilanka,1.5520135345115342,20.0,gpcc2025
1970-07-01,box_srilanka,2.355748363986815,19.0,gpcc2025
1970-08-01,box_srilanka,3.103379711507878,19.0,gpcc2025
1970-09-01,box_srilanka,2.6914353820036143,19.0,gpcc2025
1970-10-01,box_srilanka,6.775112737621135,20.0,gpcc2025
1970-11-01,box_srilanka,13.31605133917743,20.0,gpcc2025
1970-12-01,box_srilanka,6.276429388386032,20.0,gpcc2025
1966-01-01,box_seaustralia,1.1137052061453616,1173.0,gpcc2025
1966-02-01,box_seaustralia,1.80228104856206,1177.0,gpcc2025
1966-03-01,box_seaustralia,2.3576760350371435,1177.0,gpcc2025
1966-04-01,box_seaustralia,2.2137010304508054,1177.0,gpcc2025
1966-05-01,box_seaustralia,2.118230871324102,1175.0,gpcc2025
1966-06-01,box_seaustralia,2.1990397973913876,1172.0,gpcc2025
1966-07-01,box_seaustralia,3.507435681295641,1170.0,gpcc2025
1966-08-01,box_seaustralia,2.674483117430304,1170.0,gpcc2025
1966-09-01,box_seaustralia,3.2587344873385016,1170.0,gpcc2025
1966-10-01,box_seaustralia,2.74521729089591,1173.0,gpcc2025
1966-11-01,box_seaustralia,2.4391419689036,1166.0,gpcc2025
1966-12-01,box_seaustralia,2.8750551358913903,1169.0,gpcc2025
1967-01-01,box_seaustralia,1.2112583033574176,1172.0,gpcc2025
1967-02-01,box_seaustralia,0.7035211475580575,1173.0,gpcc2025
1967-03-01,box_seaustralia,1.1504095348744705,1178.0,gpcc2025
1967-04-01,box_seaustralia,0.8060737006843404,1182.0,gpcc2025
1967-05-01,box_seaustralia,1.3195340572372372,1177.0,gpcc2025
1967-06-01,box_seaustralia,2.1276636381677814,1177.0,gpcc2025
1967-07-01,box_seaustralia,2.8544801618981124,1179.0,gpcc2025
1967-08-01,box_seaustralia,3.2187015515645725,1184.0,gpcc2025
1967-09-01,box_seaustralia,2.1009161260285625,1178.0,gpcc2025
1967-10-01,box_seaustralia,1.1229760776924433,1183.0,gpcc2025
1967-11-01,box_seaustralia,1.5032933745519739,1184.0,gpcc2025
1967-12-01,box_seaustralia,1.8815394881584202,1184.0,gpcc2025
1968-01-01,box_seaustralia,0.9654721726993987,1199.0,gpcc2025
1968-02-01,box_seaustralia,1.0080410215931288,1205.0,gpcc2025
1968-03-01,box_seaustralia,1.9408276802057123,1213.0,gpcc2025
1968-04-01,box_seaustralia,3.0544443606638825,1216.0,gpcc2025
1968-05-01,box_seaustralia,4.95239633126572,1222.0,gpcc2025
1968-06-01,box_seaustralia,3.1728146138560818,1222.0,gpcc2025
1968-07-01,box_seaustralia,2.7014346880150284,1223.0,gpcc2025
1968-08-01,box_seaustralia,4.140008476660188,1225.0,gpcc2025
1968-09-01,box_seaustralia,2.222027009246052,1223.0,gpcc2025
1968-10-01,box_seaustralia,3.0522270905662587,1222.0,gpcc2025
1968-11-01,box_seaustralia,3.5369900742283265,1224.0,gpcc2025
1968-12-01,box_seaustralia,1.6077947757036701,1233.0,gpcc2025
1969-01-01,box_seaustralia,1.290926164555799,1247.0,gpcc2025
1969-02-01,box_seaustralia,3.602239077268543,1248.0,gpcc2025
1969-03-01,box_seaustralia,2.3274541034355973,1256.0,gpcc2025
1969-04-01,box_seaustralia,2.4891636637384393,1259.0,gpcc2025
1969-05-01,box_seaustralia,3.799602430832786,1256.0,gpcc2025
1969-06-01,box_seaustralia,1.51386167316429,1253.0,gpcc2025
1969-07-01,box_seaustralia,2.8395164014235363,1258.0,gpcc2025
1969-08-01,box_seaustralia,2.5801364770515933,1252.0,gpcc2025
1969-09-01,box_seaustralia,2.9980197108329754,1266.0,gpcc2025
1969-10-01,box_seaustralia,1.5996032442719768,1270.0,gpcc2025
1969-11-01,box_seaustralia,2.8079247563802125,1273.0,gpcc2025
1969-12-01,box_seaustralia,2.338950606063272,1260.0,gpcc2025
1970-01-01,box_seaustralia,2.289806335542871,1272.0,gpcc2025
1970-02-01,box_seaustralia,0.966303070158746,1277.0,gpcc2025
1970-03-01,box_seaustralia,3.4204076747700616,1279.0,gpcc2025
1970-04-01,box_seaustralia,3.0727999452492623,1274.0,gpcc2025
1970-05-01,box_seaustralia,2.7265281189677735,1278.0,gpcc2025
1970-06-01,box_seaustralia,2.8868638107684825,1275.0,gpcc2025
1970-07-01,box_seaustralia,3.5220322910512754,1281.0,gpcc2025
1970-08-01,box_seaustralia,4.887544796031742,1281.0,gpcc2025
1970-09-01,box_seaustralia,3.105179194259569,1283.0,gpcc2025
1970-10-01,box_seaustralia,1.7613841206497718,1281.0,gpcc2025
1970-11-01,box_seaustralia,2.5915694541471326,1282.0,gpcc2025
1970-12-01,box_seaustralia,3.9306044947986942,1277.0,gpcc2025
1966-01-01,box_ccanada,0.9605705774517592,134.0,gpcc2025
1966-02-01,box_ccanada,0.6235945705999433,135.0,gpcc2025
1966-03-01,box_ccanada,1.2652099887032304,134.0,gpcc2025
1966-04-01,box_ccanada,1.299929528754255,139.0,gpcc2025
1966-05-01,box_ccanada,1.0775571694669988,145.0,gpcc2025
1966-06-01,box_ccanada,2.9583965649740933,147.0,gpcc2025
1966-07-01,box_ccanada,2.686637796834324,144.0,gpcc2025
1966-08-01,box_ccanada,2.221441193015158,146.0,gpcc2025
1966-09-01,box_ccanada,1.6231427059899877,145.0,gpcc2025
1966-10-01,box_ccanada,1.9027306559115633,146.0,gpcc2025
1966-11-01,box_ccanada,1.4292545549789222,137.0,gpcc2025
1966-12-01,box_ccanada,1.167083601629925,140.0,gpcc2025
1967-01-01,box_ccanada,1.0561082369356265,140.0,gpcc2025
1967-02-01,box_ccanada,0.533464779194266,139.0,gpcc2025
1967-03-01,box_ccanada,1.0548149409785028,139.0,gpcc2025
1967-04-01,box_ccanada,1.4946236872945486,140.0,gpcc2025
1967-05-01,box_ccanada,1.0354510981073568,151.0,gpcc2025
1967-06-01,box_ccanada,1.7726646414221423,153.0,gpcc2025
1967-07-01,box_ccanada,2.4992163074362135,152.0,gpcc2025
1967-08-01,box_ccanada,2.053296086959063,149.0,gpcc2025
1967-09-01,box_ccanada,1.030515714516642,150.0,gpcc2025
1967-10-01,box_ccanada,1.7780246474491561,151.0,gpcc2025
1967-11-01,box_ccanada,1.101245109820265,140.0,gpcc2025
1967-12-01,box_ccanada,1.239673235872457,145.0,gpcc2025
1968-01-01,box_ccanada,0.8101469960882842,146.0,gpcc2025
1968-02-01,box_ccanada,0.5258887650434861,151.0,gpcc2025
1968-03-01,box_ccanada,0.897271085909191,145.0,gpcc2025
1968-04-01,box_ccanada,1.268792355920072,149.0,gpcc2025
1968-05-01,box_ccanada,1.3440712463550517,151.0,gpcc2025
1968-06-01,box_ccanada,2.2555831304782243,151.0,gpcc2025
1968-07-01,box_ccanada,3.2630930366254898,152.0,gpcc2025
1968-08-01,box_ccanada,3.006961049992621,151.0,gpcc2025
1968-09-01,box_ccanada,2.040148919617019,150.0,gpcc2025
1968-10-01,box_ccanada,2.425109108106117,151.0,gpcc2025
1968-11-01,box_ccanada,0.9060260443843364,153.0,gpcc2025
1968-12-01,box_ccanada,0.8914750727120846,149.0,gpcc2025
1969-01-01,box_ccanada,1.791624202200104,151.0,gpcc2025
1969-02-01,box_ccanada,0.4654499605350581,149.0,gpcc2025
1969-03-01,box_ccanada,0.3607594284226057,144.0,gpcc2025
1969-04-01,box_ccanada,0.41753811263463464,152.0,gpcc2025
1969-05-01,box_ccanada,1.785255783601411,155.0,gpcc2025
1969-06-01,box_ccanada,2.4863571077487334,154.0,gpcc2025
1969-07-01,box_ccanada,1.9545882015765337,154.0,gpcc2025
1969-08-01,box_ccanada,3.1281033340652953,158.0,gpcc2025
1969-09-01,box_ccanada,3.044057302701533,156.0,gpcc2025
1969-10-01,box_ccanada,1.39639854599616,156.0,gpcc2025
1969-11-01,box_ccanada,1.3155640591693325,156.0,gpcc2025
1969-12-01,box_ccanada,0.7946192353607829,158.0,gpcc2025
1970-01-01,box_ccanada,0.7004117062479694,155.0,gpcc2025
1970-02-01,box_ccanada,0.644965370968784,155.0,gpcc2025
1970-03-01,box_ccanada,0.6635785375827644,155.0,gpcc2025
1970-04-01,box_ccanada,1.1982645242820291,158.0,gpcc2025
1970-05-01,box_ccanada,1.6212741738795826,158.0,gpcc2025
1970-06-01,box_ccanada,2.18333886277447,169.0,gpcc2025
1970-07-01,box_ccanada,2.6694954718253587,170.0,gpcc2025
1970-08-01,box_ccanada,2.2755065764148523,175.0,gpcc2025
1970-09-01,box_ccanada,2.6053283905581766,176.0,gpcc2025
1970-10-01,box_ccanada,2.3992857283742133,173.0,gpcc2025
1970-11-01,box_ccanada,1.2394680862230552,173.0,gpcc2025
1970-12-01,box_ccanada,1.286604892338244,177.0,gpcc2025
1966-01-01,box_hawaii,,211.0,gpcc2025
1966-02-01,box_hawaii,,216.0,gpcc2025
1966-03-01,box_hawaii,,215.0,gpcc2025
1966-04-01,box_hawaii,,213.0,gpcc2025
1966-05-01,box_hawaii,,210.0,gpcc2025
1966-06-01,box_hawaii,,216.0,gpcc2025
1966-07-01,box_hawaii,,198.0,gpcc2025
1966-08-01,box_hawaii,,212.0,gpcc2025
1966-09-01,box_hawaii,,216.0,gpcc2025
1966-10-01,box_hawaii,,210.0,gpcc2025
1966-11-01,box_hawaii,,192.0,gpcc2025
1966-12-01,box_hawaii,,208.0,gpcc2025
1967-01-01,box_hawaii,,200.0,gpcc2025
1967-02-01,box_hawaii,,215.0,gpcc2025
1967-03-01,box_hawaii,,205.0,gpcc2025
1967-04-01,box_hawaii,,204.0,gpcc2025
1967-05-01,box_hawaii,,215.0,gpcc2025
1967-06-01,box_hawaii,,213.0,gpcc2025
1967-07-01,box_hawaii,,187.0,gpcc2025
1967-08-01,box_hawaii,,217.0,gpcc2025
1967-09-01,box_hawaii,,201.0,gpcc2025
1967-10-01,box_hawaii,,216.0,gpcc2025
1967-11-01,box_hawaii,,189.0,gpcc2025
1967-12-01,box_hawaii,,184.0,gpcc2025
1968-01-01,box_hawaii,,207.0,gpcc2025
1968-02-01,box_hawaii,,213.0,gpcc2025
1968-03-01,box_hawaii,,198.0,gpcc2025
1968-04-01,box_hawaii,,212.0,gpcc2025
1968-05-01,box_hawaii,,213.0,gpcc2025
1968-06-01,box_hawaii,,213.0,gpcc2025
1968-07-01,box_hawaii,,196.0,gpcc2025
1968-08-01,box_hawaii,,215.0,gpcc2025
1968-09-01,box_hawaii,,201.0,gpcc2025
1968-10-01,box_hawaii,,209.0,gpcc2025
1968-11-01,box_hawaii,,189.0,gpcc2025
1968-12-01,box_hawaii,,193.0,gpcc2025
1969-01-01,box_hawaii,,210.0,gpcc2025
1969-02-01,box_hawaii,,206.0,gpcc2025
1969-03-01,box_hawaii,,186.0,gpcc2025
1969-04-01,box_hawaii,,207.0,gpcc2025
1969-05-01,box_hawaii,,211.0,gpcc2025
1969-06-01,box_hawaii,,209.0,gpcc2025
1969-07-01,box_hawaii,,212.0,gpcc2025
1969-08-01,box_hawaii,,187.0,gpcc2025
1969-09-01,box_hawaii,,212.0,gpcc2025
1969-10-01,box_hawaii,,214.0,gpcc2025
1969-11-01,box_hawaii,,196.0,gpcc2025
1969-12-01,box_hawaii,,199.0,gpcc2025
1970-01-01,box_hawaii,,191.0,gpcc2025
1970-02-01,box_hawaii,,213.0,gpcc2025
1970-03-01,box_hawaii,,206.0,gpcc2025
1970-04-01,box_hawaii,,212.0,gpcc2025
1970-05-01,box_hawaii,,188.0,gpcc2025
1970-06-01,box_hawaii,,213.0,gpcc2025
1970-07-01,box_hawaii,,211.0,gpcc2025
1970-08-01,box_hawaii,,192.0,gpcc2025
1970-09-01,box_hawaii,,210.0,gpcc2025
1970-10-01,box_hawaii,,211.0,gpcc2025
1970-11-01,box_hawaii,,182.0,gpcc2025
1970-12-01,box_hawaii,,191.0,gpcc2025
1966-01-01,drycorridor_wet,4.818976887030792,458.0,gpcc2025
1966-02-01,drycorridor_wet,3.2071977704531096,455.0,gpcc2025
1966-03-01,drycorridor_wet,3.387230206888456,455.0,gpcc2025
1966-04-01,drycorridor_wet,3.2933955370158627,455.0,gpcc2025
1966-05-01,drycorridor_wet,7.562282097456311,456.0,gpcc2025
1966-06-01,drycorridor_wet,13.739474152360687,455.0,gpcc2025
1966-07-01,drycorridor_wet,9.080705114108767,455.0,gpcc2025
1966-08-01,drycorridor_wet,8.523094641428802,456.0,gpcc2025
1966-09-01,drycorridor_wet,10.855528172376024,462.0,gpcc2025
1966-10-01,drycorridor_wet,10.248554488943498,461.0,gpcc2025
1966-11-01,drycorridor_wet,6.2955861331046785,458.0,gpcc2025
1966-12-01,drycorridor_wet,5.558408910450351,460.0,gpcc2025
1967-01-01,drycorridor_wet,5.337050225418017,465.0,gpcc2025
1967-02-01,drycorridor_wet,3.213080699475056,464.0,gpcc2025
1967-03-01,drycorridor_wet,1.7865039951820458,462.0,gpcc2025
1967-04-01,drycorridor_wet,4.053112404303305,460.0,gpcc2025
1967-05-01,drycorridor_wet,3.592019151214544,465.0,gpcc2025
1967-06-01,drycorridor_wet,10.271017964855986,465.0,gpcc2025
1967-07-01,drycorridor_wet,8.874635431292141,470.0,gpcc2025
1967-08-01,drycorridor_wet,8.609748158794384,470.0,gpcc2025
1967-09-01,drycorridor_wet,8.684557291714354,469.0,gpcc2025
1967-10-01,drycorridor_wet,10.379601615822004,471.0,gpcc2025
1967-11-01,drycorridor_wet,8.393916949459726,467.0,gpcc2025
1967-12-01,drycorridor_wet,4.624745627438925,465.0,gpcc2025
1968-01-01,drycorridor_wet,4.163473133844119,444.0,gpcc2025
1968-02-01,drycorridor_wet,2.6689357179961832,444.0,gpcc2025
1968-03-01,drycorridor_wet,2.7109935575394943,464.0,gpcc2025
1968-04-01,drycorridor_wet,1.8146866966223294,461.0,gpcc2025
1968-05-01,drycorridor_wet,7.570948115439281,463.0,gpcc2025
1968-06-01,drycorridor_wet,9.914478591846539,469.0,gpcc2025
1968-07-01,drycorridor_wet,8.88747682152654,468.0,gpcc2025
1968-08-01,drycorridor_wet,9.139236538991543,469.0,gpcc2025
1968-09-01,drycorridor_wet,10.274243529577626,469.0,gpcc2025
1968-10-01,drycorridor_wet,10.64673070452323,467.0,gpcc2025
1968-11-01,drycorridor_wet,7.060830966654994,464.0,gpcc2025
1968-12-01,drycorridor_wet,5.894022977242706,458.0,gpcc2025
1969-01-01,drycorridor_wet,3.1073275597939674,478.0,gpcc2025
1969-02-01,drycorridor_wet,1.737750213521022,467.0,gpcc2025
1969-03-01,drycorridor_wet,2.5005831976576207,477.0,gpcc2025
1969-04-01,drycorridor_wet,2.1553025198700904,480.0,gpcc2025
1969-05-01,drycorridor_wet,6.977748776508114,480.0,gpcc2025
1969-06-01,drycorridor_wet,9.124677107142487,484.0,gpcc2025
1969-07-01,drycorridor_wet,9.285404570271687,479.0,gpcc2025
1969-08-01,drycorridor_wet,10.996981355810188,480.0,gpcc2025
1969-09-01,drycorridor_wet,12.8016984599547,485.0,gpcc2025
1969-10-01,drycorridor_wet,8.693801694466835,481.0,gpcc2025
1969-11-01,drycorridor_wet,10.449336741015495,492.0,gpcc2025
1969-12-01,drycorridor_wet,4.174189185796755,476.0,gpcc2025
1970-01-01,drycorridor_wet,4.783031974472384,478.0,gpcc2025
1970-02-01,drycorridor_wet,3.3423279666453847,474.0,gpcc2025
1970-03-01,drycorridor_wet,1.9110484774367902,470.0,gpcc2025
1970-04-01,drycorridor_wet,3.7670333295553955,475.0,gpcc2025
1970-05-01,drycorridor_wet,6.723780450263836,476.0,gpcc2025
1970-06-01,drycorridor_wet,9.570787827955117,483.0,gpcc2025
1970-07-01,drycorridor_wet,11.788247179648272,486.0,gpcc2025
1970-08-01,drycorridor_wet,10.082849676128399,490.0,gpcc2025
1970-09-01,drycorridor_wet,11.027660829887616,491.0,gpcc2025
1970-10-01,drycorridor_wet,8.734434625371959,490.0,gpcc2025
1970-11-01,drycorridor_wet,8.00943017825823,492.0,gpcc2025
1970-12-01,drycorridor_wet,7.620240649943592,490.0,gpcc2025
1971-01-01,box_antilles,0.7512824381994216,54.0,gpcc2025
1971-02-01,box_antilles,1.552963785876621,54.0,gpcc2025
1971-03-01,box_antilles,0.8614745594250375,54.0,gpcc2025
1971-04-01,box_antilles,1.9145852946444621,54.0,gpcc2025
1971-05-01,box_antilles,3.5481561693569,52.0,gpcc2025
1971-06-01,box_antilles,3.254578348633184,53.0,gpcc2025
1971-07-01,box_antilles,3.031883669841441,54.0,gpcc2025
1971-08-01,box_antilles,3.941928024277245,53.0,gpcc2025
1971-09-01,box_antilles,3.858357011363183,53.0,gpcc2025
1971-10-01,box_antilles,6.16430946845011,54.0,gpcc2025
1971-11-01,box_antilles,5.26443870180978,54.0,gpcc2025
1971-12-01,box_antilles,1.453737811598207,53.0,gpcc2025
1972-01-01,box_antilles,1.5060105264095585,54.0,gpcc2025
1972-02-01,box_antilles,2.3935809891043927,53.0,gpcc2025
1972-03-01,box_antilles,2.1148501510412574,54.0,gpcc2025
1972-04-01,box_antilles,2.7064968733324286,53.0,gpcc2025
1972-05-01,box_antilles,6.116392985253049,51.0,gpcc2025
1972-06-01,box_antilles,7.520559921947066,50.0,gpcc2025
1972-07-01,box_antilles,3.990489323388006,52.0,gpcc2025
1972-08-01,box_antilles,3.3339879637626217,53.0,gpcc2025
1972-09-01,box_antilles,5.4527883895181075,53.0,gpcc2025
1972-10-01,box_antilles,4.674750235938177,53.0,gpcc2025
1972-11-01,box_antilles,2.0866306024732393,50.0,gpcc2025
1972-12-01,box_antilles,2.1330910107368135,53.0,gpcc2025
1973-01-01,box_antilles,1.9400113697189028,54.0,gpcc2025
1973-02-01,box_antilles,1.4605891820730228,52.0,gpcc2025
1973-03-01,box_antilles,1.1933473305428277,52.0,gpcc2025
1973-04-01,box_antilles,1.4245357288266887,52.0,gpcc2025
1973-05-01,box_antilles,2.9700482582928593,52.0,gpcc2025
1973-06-01,box_antilles,4.714678357278208,53.0,gpcc2025
1973-07-01,box_antilles,4.24532724870481,53.0,gpcc2025
1973-08-01,box_antilles,5.828844867772308,52.0,gpcc2025
1973-09-01,box_antilles,5.464489688225809,54.0,gpcc2025
1973-10-01,box_antilles,6.441641393736058,54.0,gpcc2025
1973-11-01,box_antilles,1.4582274238065756,53.0,gpcc2025
1973-12-01,box_antilles,1.900814601876104,54.0,gpcc2025
1974-01-01,box_antilles,0.49933176996637785,67.0,gpcc2025
1974-02-01,box_antilles,1.3993555203246681,67.0,gpcc2025
1974-03-01,box_antilles,1.0682844055689544,67.0,gpcc2025
1974-04-01,box_antilles,1.907440153684919,66.0,gpcc2025
1974-05-01,box_antilles,4.599664946037677,67.0,gpcc2025
1974-06-01,box_antilles,4.2512832667869285,67.0,gpcc2025
1974-07-01,box_antilles,2.711092863647355,67.0,gpcc2025
1974-08-01,box_antilles,3.3235186423736582,67.0,gpcc2025
1974-09-01,box_antilles,5.045307101133969,67.0,gpcc2025
1974-10-01,box_antilles,6.062961190213717,66.0,gpcc2025
1974-11-01,box_antilles,2.3977520751745525,66.0,gpcc2025
1974-12-01,box_antilles,0.9244941088594818,67.0,gpcc2025
1975-01-01,box_antilles,0.5279071212221679,62.0,gpcc2025
1975-02-01,box_antilles,1.3700876265770228,63.0,gpcc2025
1975-03-01,box_antilles,0.6458690070870359,63.0,gpcc2025
1975-04-01,box_antilles,0.8507239449085328,63.0,gpcc2025
1975-05-01,box_antilles,3.949355777445379,63.0,gpcc2025
1975-06-01,box_antilles,3.385015550710702,63.0,gpcc2025
1975-07-01,box_antilles,3.4690792411129148,63.0,gpcc2025
1975-08-01,box_antilles,3.7007171411553115,63.0,gpcc2025
1975-09-01,box_antilles,5.653924194655021,63.0,gpcc2025
1975-10-01,box_antilles,3.8686533762806876,63.0,gpcc2025
1975-11-01,box_antilles,3.2747667203041746,63.0,gpcc2025
1975-12-01,box_antilles,1.262712127271573,63.0,gpcc2025
1971-01-01,box_inlandnw,3.95709983519978,864.0,gpcc2025
1971-02-01,box_inlandnw,1.8196302618288311,867.0,gpcc2025
1971-03-01,box_inlandnw,2.3299678714093055,871.0,gpcc2025
1971-04-01,box_inlandnw,1.1447412705087807,881.0,gpcc2025
1971-05-01,box_inlandnw,1.29692204415037,931.0,gpcc2025
1971-06-01,box_inlandnw,2.9160989853222703,944.0,gpcc2025
1971-07-01,box_inlandnw,1.6511241369741836,942.0,gpcc2025
1971-08-01,box_inlandnw,1.0165422361677414,949.0,gpcc2025
1971-09-01,box_inlandnw,1.688518081244092,912.0,gpcc2025
1971-10-01,box_inlandnw,1.6888492971333116,866.0,gpcc2025
1971-11-01,box_inlandnw,2.384479156204738,882.0,gpcc2025
1971-12-01,box_inlandnw,3.213785293469658,864.0,gpcc2025
1972-01-01,box_inlandnw,3.0038937818468137,864.0,gpcc2025
1972-02-01,box_inlandnw,3.168409808074956,875.0,gpcc2025
1972-03-01,box_inlandnw,2.5733805994005783,874.0,gpcc2025
1972-04-01,box_inlandnw,1.7145579662396984,882.0,gpcc2025
1972-05-01,box_inlandnw,1.139998062080639,941.0,gpcc2025
1972-06-01,box_inlandnw,2.430288786020976,948.0,gpcc2025
1972-07-01,box_inlandnw,1.7918991248680105,951.0,gpcc2025
1972-08-01,box_inlandnw,1.1270173971033588,947.0,gpcc2025
1972-09-01,box_inlandnw,2.023873036604533,905.0,gpcc2025
1972-10-01,box_inlandnw,0.9724176834672326,879.0,gpcc2025
1972-11-01,box_inlandnw,1.8023327566176095,870.0,gpcc2025
1972-12-01,box_inlandnw,3.2079826297232974,860.0,gpcc2025
1973-01-01,box_inlandnw,1.8919120812332917,866.0,gpcc2025
1973-02-01,box_inlandnw,1.191149717327572,870.0,gpcc2025
1973-03-01,box_inlandnw,1.2244640850133575,858.0,gpcc2025
1973-04-01,box_inlandnw,1.082365607258553,877.0,gpcc2025
1973-05-01,box_inlandnw,1.3949769232462252,921.0,gpcc2025
1973-06-01,box_inlandnw,2.346862457738118,928.0,gpcc2025
1973-07-01,box_inlandnw,0.8307538234075887,936.0,gpcc2025
1973-08-01,box_inlandnw,1.4123550441260628,942.0,gpcc2025
1973-09-01,box_inlandnw,1.5215093679421112,908.0,gpcc2025
1973-10-01,box_inlandnw,2.1232450859452716,868.0,gpcc2025
1973-11-01,box_inlandnw,3.8698512998823587,865.0,gpcc2025
1973-12-01,box_inlandnw,3.1495069226439325,863.0,gpcc2025
1974-01-01,box_inlandnw,4.021655184545564,871.0,gpcc2025
1974-02-01,box_inlandnw,2.38956802617859,884.0,gpcc2025
1974-03-01,box_inlandnw,2.5750779001063195,874.0,gpcc2025
1974-04-01,box_inlandnw,1.7267945520988108,871.0,gpcc2025
1974-05-01,box_inlandnw,1.9218953856396206,933.0,gpcc2025
1974-06-01,box_inlandnw,1.2744271999874652,953.0,gpcc2025
1974-07-01,box_inlandnw,1.8557866404278716,947.0,gpcc2025
1974-08-01,box_inlandnw,1.0705337838973616,949.0,gpcc2025
1974-09-01,box_inlandnw,0.9140343280587896,900.0,gpcc2025
1974-10-01,box_inlandnw,0.7813623536599289,891.0,gpcc2025
1974-11-01,box_inlandnw,2.474794493984037,888.0,gpcc2025
1974-12-01,box_inlandnw,2.817280500384084,885.0,gpcc2025
1975-01-01,box_inlandnw,2.7499052200527485,882.0,gpcc2025
1975-02-01,box_inlandnw,2.223028777373122,886.0,gpcc2025
1975-03-01,box_inlandnw,1.6285832424045448,879.0,gpcc2025
1975-04-01,box_inlandnw,1.3262035358782225,880.0,gpcc2025
1975-05-01,box_inlandnw,1.6564473494840153,926.0,gpcc2025
1975-06-01,box_inlandnw,2.386378593381548,946.0,gpcc2025
1975-07-01,box_inlandnw,1.4151438449544627,949.0,gpcc2025
1975-08-01,box_inlandnw,2.3826699155797653,951.0,gpcc2025
1975-09-01,box_inlandnw,0.4283497921229786,910.0,gpcc2025
1975-10-01,box_inlandnw,3.3728152994105165,876.0,gpcc2025
1975-11-01,box_inlandnw,3.108205875299083,877.0,gpcc2025
1975-12-01,box_inlandnw,3.377011421785083,873.0,gpcc2025
1971-01-01,box_srilanka,5.604398847788628,19.0,gpcc2025
1971-02-01,box_srilanka,2.950225080974107,19.0,gpcc2025
1971-03-01,box_srilanka,1.932972339173691,19.0,gpcc2025
1971-04-01,box_srilanka,5.467981934105603,20.0,gpcc2025
1971-05-01,box_srilanka,2.753576551598623,19.0,gpcc2025
1971-06-01,box_srilanka,2.700324095864777,20.0,gpcc2025
1971-07-01,box_srilanka,2.6044302217645017,20.0,gpcc2025
1971-08-01,box_srilanka,4.139944455136213,20.0,gpcc2025
1971-09-01,box_srilanka,6.497342531356108,20.0,gpcc2025
1971-10-01,box_srilanka,6.22391789992328,20.0,gpcc2025
1971-11-01,box_srilanka,5.077312329738835,20.0,gpcc2025
1971-12-01,box_srilanka,12.684235395804041,20.0,gpcc2025
1972-01-01,box_srilanka,1.1820521008292697,20.0,gpcc2025
1972-02-01,box_srilanka,0.5839788936574026,20.0,gpcc2025
1972-03-01,box_srilanka,1.0012680633933178,20.0,gpcc2025
1972-04-01,box_srilanka,3.8330665112235383,20.0,gpcc2025
1972-05-01,box_srilanka,7.928973067572251,20.0,gpcc2025
1972-06-01,box_srilanka,2.3018291541833844,19.0,gpcc2025
1972-07-01,box_srilanka,2.4161716093796155,20.0,gpcc2025
1972-08-01,box_srilanka,1.2207669047815408,20.0,gpcc2025
1972-09-01,box_srilanka,5.203499548228083,20.0,gpcc2025
1972-10-01,box_srilanka,14.574387256754397,20.0,gpcc2025
1972-11-01,box_srilanka,9.563002740200536,20.0,gpcc2025
1972-12-01,box_srilanka,6.812694959151948,20.0,gpcc2025
1973-01-01,box_srilanka,0.6072432925519579,20.0,gpcc2025
1973-02-01,box_srilanka,1.1284779598996568,20.0,gpcc2025
1973-03-01,box_srilanka,2.784363216754065,20.0,gpcc2025
1973-04-01,box_srilanka,3.4757247676032472,20.0,gpcc2025
1973-05-01,box_srilanka,3.583179036558153,20.0,gpcc2025
1973-06-01,box_srilanka,4.054858787415266,20.0,gpcc2025
1973-07-01,box_srilanka,2.321188525070205,20.0,gpcc2025
1973-08-01,box_srilanka,2.164954603600092,20.0,gpcc2025
1973-09-01,box_srilanka,2.0909198551844304,19.0,gpcc2025
1973-10-01,box_srilanka,8.363812008109608,20.0,gpcc2025
1973-11-01,box_srilanka,6.472890777851711,20.0,gpcc2025
1973-12-01,box_srilanka,12.091623347598697,20.0,gpcc2025
1974-01-01,box_srilanka,0.29679725172025434,20.0,gpcc2025
1974-02-01,box_srilanka,2.963294355584664,20.0,gpcc2025
1974-03-01,box_srilanka,1.275228815756717,20.0,gpcc2025
1974-04-01,box_srilanka,6.781994995193179,20.0,gpcc2025
1974-05-01,box_srilanka,4.722404170414835,20.0,gpcc2025
1974-06-01,box_srilanka,2.4808345929420934,20.0,gpcc2025
1974-07-01,box_srilanka,3.205465544625932,20.0,gpcc2025
1974-08-01,box_srilanka,2.152597796979334,20.0,gpcc2025
1974-09-01,box_srilanka,5.280449326634623,20.0,gpcc2025
1974-10-01,box_srilanka,2.2451325672860434,19.0,gpcc2025
1974-11-01,box_srilanka,4.243157649826619,20.0,gpcc2025
1974-12-01,box_srilanka,8.27108120733117,20.0,gpcc2025
1975-01-01,box_srilanka,2.5475139261237483,20.0,gpcc2025
1975-02-01,box_srilanka,2.5662323002323433,20.0,gpcc2025
1975-03-01,box_srilanka,3.8495058261536967,20.0,gpcc2025
1975-04-01,box_srilanka,5.6530748406213025,20.0,gpcc2025
1975-05-01,box_srilanka,4.41129654507061,20.0,gpcc2025
1975-06-01,box_srilanka,3.3854245411102553,20.0,gpcc2025
1975-07-01,box_srilanka,2.4348577747235316,20.0,gpcc2025
1975-08-01,box_srilanka,2.9280786802717653,19.0,gpcc2025
1975-09-01,box_srilanka,4.00513050158786,20.0,gpcc2025
1975-10-01,box_srilanka,5.320247734725224,20.0,gpcc2025
1975-11-01,box_srilanka,10.583502065433072,20.0,gpcc2025
1975-12-01,box_srilanka,6.194251731890041,20.0,gpcc2025
1971-01-01,box_seaustralia,2.6490697650301165,1291.0,gpcc2025
1971-02-01,box_seaustralia,2.4083546032117593,1297.0,gpcc2025
1971-03-01,box_seaustralia,1.1752283953766143,1295.0,gpcc2025
1971-04-01,box_seaustralia,3.1087555337391977,1295.0,gpcc2025
1971-05-01,box_seaustralia,3.769401175381349,1299.0,gpcc2025
1971-06-01,box_seaustralia,3.4400928386520233,1295.0,gpcc2025
1971-07-01,box_seaustralia,1.8073084425511292,1292.0,gpcc2025
1971-08-01,box_seaustralia,3.305768933827883,1291.0,gpcc2025
1971-09-01,box_seaustralia,3.4224825164686328,1293.0,gpcc2025
1971-10-01,box_seaustralia,3.5058808812406648,1290.0,gpcc2025
1971-11-01,box_seaustralia,3.3869819885493073,1290.0,gpcc2025
1971-12-01,box_seaustralia,2.627885101597139,1289.0,gpcc2025
1972-01-01,box_seaustralia,1.6706473343780384,1291.0,gpcc2025
1972-02-01,box_seaustralia,2.380356259885782,1289.0,gpcc2025
1972-03-01,box_seaustralia,0.8849021205273676,1294.0,gpcc2025
1972-04-01,box_seaustralia,2.142826696977475,1299.0,gpcc2025
1972-05-01,box_seaustralia,1.1300779872750113,1301.0,gpcc2025
1972-06-01,box_seaustralia,1.8281568519959253,1303.0,gpcc2025
1972-07-01,box_seaustralia,3.634755421830408,1304.0,gpcc2025
1972-08-01,box_seaustralia,2.8618751294592903,1297.0,gpcc2025
1972-09-01,box_seaustralia,1.8371508491813675,1298.0,gpcc2025
1972-10-01,box_seaustralia,1.3773538183119836,1298.0,gpcc2025
1972-11-01,box_seaustralia,1.6686380272621533,1294.0,gpcc2025
1972-12-01,box_seaustralia,0.62231665146879,1291.0,gpcc2025
1973-01-01,box_seaustralia,1.9077469542324887,1308.0,gpcc2025
1973-02-01,box_seaustralia,4.332132882573296,1311.0,gpcc2025
1973-03-01,box_seaustralia,2.4196680104078334,1307.0,gpcc2025
1973-04-01,box_seaustralia,2.987692851937952,1312.0,gpcc2025
1973-05-01,box_seaustralia,3.4653541635840535,1313.0,gpcc2025
1973-06-01,box_seaustralia,3.477787995200628,1305.0,gpcc2025
1973-07-01,box_seaustralia,2.1128430832378204,1302.0,gpcc2025
1973-08-01,box_seaustralia,3.17750964815129,1301.0,gpcc2025
1973-09-01,box_seaustralia,3.1979818368842823,1297.0,gpcc2025
1973-10-01,box_seaustralia,3.3461382807221343,1295.0,gpcc2025
1973-11-01,box_seaustralia,2.4059614095767463,1290.0,gpcc2025
1973-12-01,box_seaustralia,2.2679039194991693,1293.0,gpcc2025
1974-01-01,box_seaustralia,2.0122578543983494,1295.0,gpcc2025
1974-02-01,box_seaustralia,1.4796205002834573,1288.0,gpcc2025
1974-03-01,box_seaustralia,1.5560330467363666,1288.0,gpcc2025
1974-04-01,box_seaustralia,4.496093445638173,1286.0,gpcc2025
1974-05-01,box_seaustralia,2.8046359748259118,1289.0,gpcc2025
1974-06-01,box_seaustralia,2.5868147874941907,1284.0,gpcc2025
1974-07-01,box_seaustralia,5.556595330645579,1282.0,gpcc2025
1974-08-01,box_seaustralia,3.556053114525779,1293.0,gpcc2025
1974-09-01,box_seaustralia,3.8830509323045965,1295.0,gpcc2025
1974-10-01,box_seaustralia,3.096114767149063,1290.0,gpcc2025
1974-11-01,box_seaustralia,1.8453047276518155,1294.0,gpcc2025
1974-12-01,box_seaustralia,2.645935787440188,1294.0,gpcc2025
1975-01-01,box_seaustralia,1.7567775929306615,1279.0,gpcc2025
1975-02-01,box_seaustralia,0.8510310426527893,1285.0,gpcc2025
1975-03-01,box_seaustralia,3.2622744243756125,1287.0,gpcc2025
1975-04-01,box_seaustralia,1.616695588309893,1281.0,gpcc2025
1975-05-01,box_seaustralia,3.740037819149841,1279.0,gpcc2025
1975-06-01,box_seaustralia,3.0690246716427314,1275.0,gpcc2025
1975-07-01,box_seaustralia,4.4411289553222515,1276.0,gpcc2025
1975-08-01,box_seaustralia,3.6664472559747336,1272.0,gpcc2025
1975-09-01,box_seaustralia,3.512504268906181,1270.0,gpcc2025
1975-10-01,box_seaustralia,4.303683359966157,1265.0,gpcc2025
1975-11-01,box_seaustralia,2.7390651948150735,1262.0,gpcc2025
1975-12-01,box_seaustralia,1.6988991211613726,1263.0,gpcc2025
1971-01-01,box_ccanada,0.6730485958292116,178.0,gpcc2025
1971-02-01,box_ccanada,1.1265244283976261,176.0,gpcc2025
1971-03-01,box_ccanada,0.5379354359833959,175.0,gpcc2025
1971-04-01,box_ccanada,1.4139214688917683,177.0,gpcc2025
1971-05-01,box_ccanada,1.2211281453411769,178.0,gpcc2025
1971-06-01,box_ccanada,2.1152209249607905,182.0,gpcc2025
1971-07-01,box_ccanada,3.175934589014461,180.0,gpcc2025
1971-08-01,box_ccanada,1.5916221492842095,178.0,gpcc2025
1971-09-01,box_ccanada,2.76116181185283,176.0,gpcc2025
1971-10-01,box_ccanada,2.7669340582904574,178.0,gpcc2025
1971-11-01,box_ccanada,1.505308048465927,160.0,gpcc2025
1971-12-01,box_ccanada,1.3359834541169648,170.0,gpcc2025
1972-01-01,box_ccanada,0.9983663150046878,174.0,gpcc2025
1972-02-01,box_ccanada,0.55602382824107,173.0,gpcc2025
1972-03-01,box_ccanada,0.6918633106431361,172.0,gpcc2025
1972-04-01,box_ccanada,0.41812107467919807,172.0,gpcc2025
1972-05-01,box_ccanada,1.160688881465753,179.0,gpcc2025
1972-06-01,box_ccanada,1.8676997522845362,179.0,gpcc2025
1972-07-01,box_ccanada,2.5499850936824004,179.0,gpcc2025
1972-08-01,box_ccanada,2.0156498733073804,178.0,gpcc2025
1972-09-01,box_ccanada,2.6635443657545452,175.0,gpcc2025
1972-10-01,box_ccanada,1.2639890862217233,176.0,gpcc2025
1972-11-01,box_ccanada,0.9195841884185451,173.0,gpcc2025
1972-12-01,box_ccanada,0.8513060884823611,172.0,gpcc2025
1973-01-01,box_ccanada,0.5354369453793751,177.0,gpcc2025
1973-02-01,box_ccanada,0.7529732256422911,176.0,gpcc2025
1973-03-01,box_ccanada,0.7883041570193264,176.0,gpcc2025
1973-04-01,box_ccanada,1.4501985660411625,178.0,gpcc2025
1973-05-01,box_ccanada,0.9019644261508292,186.0,gpcc2025
1973-06-01,box_ccanada,2.5042996216988653,187.0,gpcc2025
1973-07-01,box_ccanada,2.2472123511433924,191.0,gpcc2025
1973-08-01,box_ccanada,2.4831624185483627,187.0,gpcc2025
1973-09-01,box_ccanada,2.6024344053022395,187.0,gpcc2025
1973-10-01,box_ccanada,1.8005069290321956,186.0,gpcc2025
1973-11-01,box_ccanada,2.027345524369754,179.0,gpcc2025
1973-12-01,box_ccanada,0.816687484501671,182.0,gpcc2025
1974-01-01,box_ccanada,0.8966352617901332,184.0,gpcc2025
1974-02-01,box_ccanada,0.5364860574910872,182.0,gpcc2025
1974-03-01,box_ccanada,1.0020287114684896,178.0,gpcc2025
1974-04-01,box_ccanada,1.1691024251182427,185.0,gpcc2025
1974-05-01,box_ccanada,1.7810594111016766,187.0,gpcc2025
1974-06-01,box_ccanada,2.060036541335316,188.0,gpcc2025
1974-07-01,box_ccanada,2.5291280525537267,188.0,gpcc2025
1974-08-01,box_ccanada,3.518256141620023,189.0,gpcc2025
1974-09-01,box_ccanada,1.8577044211649065,189.0,gpcc2025
1974-10-01,box_ccanada,0.9589960232675996,185.0,gpcc2025
1974-11-01,box_ccanada,1.1211517226506043,187.0,gpcc2025
1974-12-01,box_ccanada,0.8447134562404713,185.0,gpcc2025
1975-01-01,box_ccanada,1.268490324850634,184.0,gpcc2025
1975-02-01,box_ccanada,0.5739798050705732,184.0,gpcc2025
1975-03-01,box_ccanada,0.769082612381941,182.0,gpcc2025
1975-04-01,box_ccanada,0.7040465284116213,184.0,gpcc2025
1975-05-01,box_ccanada,1.5137652050640142,188.0,gpcc2025
1975-06-01,box_ccanada,2.630083606369902,189.0,gpcc2025
1975-07-01,box_ccanada,3.261147282961455,186.0,gpcc2025
1975-08-01,box_ccanada,3.2524642449244925,190.0,gpcc2025
1975-09-01,box_ccanada,1.7808853386373105,190.0,gpcc2025
1975-10-01,box_ccanada,1.3798382734778618,188.0,gpcc2025
1975-11-01,box_ccanada,1.0404878214565196,185.0,gpcc2025
1975-12-01,box_ccanada,0.9235076666904826,189.0,gpcc2025
1971-01-01,box_hawaii,,187.0,gpcc2025
1971-02-01,box_hawaii,,207.0,gpcc2025
1971-03-01,box_hawaii,,205.0,gpcc2025
1971-04-01,box_hawaii,,204.0,gpcc2025
1971-05-01,box_hawaii,,198.0,gpcc2025
1971-06-01,box_hawaii,,204.0,gpcc2025
1971-07-01,box_hawaii,,204.0,gpcc2025
1971-08-01,box_hawaii,,207.0,gpcc2025
1971-09-01,box_hawaii,,205.0,gpcc2025
1971-10-01,box_hawaii,,198.0,gpcc2025
1971-11-01,box_hawaii,,183.0,gpcc2025
1971-12-01,box_hawaii,,183.0,gpcc2025
1972-01-01,box_hawaii,,186.0,gpcc2025
1972-02-01,box_hawaii,,204.0,gpcc2025
1972-03-01,box_hawaii,,206.0,gpcc2025
1972-04-01,box_hawaii,,181.0,gpcc2025
1972-05-01,box_hawaii,,207.0,gpcc2025
1972-06-01,box_hawaii,,206.0,gpcc2025
1972-07-01,box_hawaii,,189.0,gpcc2025
1972-08-01,box_hawaii,,206.0,gpcc2025
1972-09-01,box_hawaii,,198.0,gpcc2025
1972-10-01,box_hawaii,,207.0,gpcc2025
1972-11-01,box_hawaii,,187.0,gpcc2025
1972-12-01,box_hawaii,,182.0,gpcc2025
1973-01-01,box_hawaii,,195.0,gpcc2025
1973-02-01,box_hawaii,,201.0,gpcc2025
1973-03-01,box_hawaii,,193.0,gpcc2025
1973-04-01,box_hawaii,,183.0,gpcc2025
1973-05-01,box_hawaii,,196.0,gpcc2025
1973-06-01,box_hawaii,,195.0,gpcc2025
1973-07-01,box_hawaii,,193.0,gpcc2025
1973-08-01,box_hawaii,,201.0,gpcc2025
1973-09-01,box_hawaii,,184.0,gpcc2025
1973-10-01,box_hawaii,,194.0,gpcc2025
1973-11-01,box_hawaii,,187.0,gpcc2025
1973-12-01,box_hawaii,,181.0,gpcc2025
1974-01-01,box_hawaii,,184.0,gpcc2025
1974-02-01,box_hawaii,,195.0,gpcc2025
1974-03-01,box_hawaii,,179.0,gpcc2025
1974-04-01,box_hawaii,,189.0,gpcc2025
1974-05-01,box_hawaii,,191.0,gpcc2025
1974-06-01,box_hawaii,,178.0,gpcc2025
1974-07-01,box_hawaii,,192.0,gpcc2025
1974-08-01,box_hawaii,,198.0,gpcc2025
1974-09-01,box_hawaii,,190.0,gpcc2025
1974-10-01,box_hawaii,,186.0,gpcc2025
1974-11-01,box_hawaii,,181.0,gpcc2025
1974-12-01,box_hawaii,,178.0,gpcc2025
1975-01-01,box_hawaii,,182.0,gpcc2025
1975-02-01,box_hawaii,,196.0,gpcc2025
1975-03-01,box_hawaii,,176.0,gpcc2025
1975-04-01,box_hawaii,,196.0,gpcc2025
1975-05-01,box_hawaii,,198.0,gpcc2025
1975-06-01,box_hawaii,,194.0,gpcc2025
1975-07-01,box_hawaii,,194.0,gpcc2025
1975-08-01,box_hawaii,,184.0,gpcc2025
1975-09-01,box_hawaii,,202.0,gpcc2025
1975-10-01,box_hawaii,,196.0,gpcc2025
1975-11-01,box_hawaii,,175.0,gpcc2025
1975-12-01,box_hawaii,,198.0,gpcc2025
1971-01-01,drycorridor_wet,3.776743599613441,473.0,gpcc2025
1971-02-01,drycorridor_wet,2.3798040397583917,478.0,gpcc2025
1971-03-01,drycorridor_wet,2.3061343675758725,470.0,gpcc2025
1971-04-01,drycorridor_wet,2.5951938230317935,475.0,gpcc2025
1971-05-01,drycorridor_wet,4.773990363929522,481.0,gpcc2025
1971-06-01,drycorridor_wet,8.625347671320457,485.0,gpcc2025
1971-07-01,drycorridor_wet,10.234228679257049,488.0,gpcc2025
1971-08-01,drycorridor_wet,9.05011816268692,486.0,gpcc2025
1971-09-01,drycorridor_wet,9.867731357646312,487.0,gpcc2025
1971-10-01,drycorridor_wet,8.621379961127506,487.0,gpcc2025
1971-11-01,drycorridor_wet,7.229986969103695,489.0,gpcc2025
1971-12-01,drycorridor_wet,4.162712857720271,487.0,gpcc2025
1972-01-01,drycorridor_wet,5.600932871147597,429.0,gpcc2025
1972-02-01,drycorridor_wet,2.7915109515167793,436.0,gpcc2025
1972-03-01,drycorridor_wet,1.3410607406461048,435.0,gpcc2025
1972-04-01,drycorridor_wet,3.149775878785755,435.0,gpcc2025
1972-05-01,drycorridor_wet,5.703966968195907,434.0,gpcc2025
1972-06-01,drycorridor_wet,7.923255694990368,437.0,gpcc2025
1972-07-01,drycorridor_wet,10.138972071418104,440.0,gpcc2025
1972-08-01,drycorridor_wet,9.372600658346979,446.0,gpcc2025
1972-09-01,drycorridor_wet,9.016005634128904,455.0,gpcc2025
1972-10-01,drycorridor_wet,7.774002627045182,454.0,gpcc2025
1972-11-01,drycorridor_wet,6.9714027272420145,453.0,gpcc2025
1972-12-01,drycorridor_wet,6.385184912488576,451.0,gpcc2025
1973-01-01,drycorridor_wet,2.6515845718989355,443.0,gpcc2025
1973-02-01,drycorridor_wet,1.984295757958432,446.0,gpcc2025
1973-03-01,drycorridor_wet,1.0140462086417432,446.0,gpcc2025
1973-04-01,drycorridor_wet,2.3337305588546804,446.0,gpcc2025
1973-05-01,drycorridor_wet,6.841053784286882,445.0,gpcc2025
1973-06-01,drycorridor_wet,9.532606017728437,448.0,gpcc2025
1973-07-01,drycorridor_wet,9.90617572865835,447.0,gpcc2025
1973-08-01,drycorridor_wet,11.379012011794245,448.0,gpcc2025
1973-09-01,drycorridor_wet,8.701232335402185,448.0,gpcc2025
1973-10-01,drycorridor_wet,11.941389315917645,444.0,gpcc2025
1973-11-01,drycorridor_wet,8.98391689912999,443.0,gpcc2025
1973-12-01,drycorridor_wet,4.214625269279797,436.0,gpcc2025
1974-01-01,drycorridor_wet,4.707518414749508,446.0,gpcc2025
1974-02-01,drycorridor_wet,2.9791111803401504,445.0,gpcc2025
1974-03-01,drycorridor_wet,1.8993920407128646,443.0,gpcc2025
1974-04-01,drycorridor_wet,2.371672853232611,441.0,gpcc2025
1974-05-01,drycorridor_wet,6.084796888757201,444.0,gpcc2025
1974-06-01,drycorridor_wet,9.992286582885704,449.0,gpcc2025
1974-07-01,drycorridor_wet,8.41813625948743,449.0,gpcc2025
1974-08-01,drycorridor_wet,8.57826154243445,451.0,gpcc2025
1974-09-01,drycorridor_wet,10.856812831332752,450.0,gpcc2025
1974-10-01,drycorridor_wet,12.254320313659829,447.0,gpcc2025
1974-11-01,drycorridor_wet,5.786100453981573,450.0,gpcc2025
1974-12-01,drycorridor_wet,3.4376994231813427,446.0,gpcc2025
1975-01-01,drycorridor_wet,4.732495238449441,459.0,gpcc2025
1975-02-01,drycorridor_wet,1.6910131479007975,459.0,gpcc2025
1975-03-01,drycorridor_wet,1.290058744087454,452.0,gpcc2025
1975-04-01,drycorridor_wet,1.076435551461662,448.0,gpcc2025
1975-05-01,drycorridor_wet,4.017838185915673,454.0,gpcc2025
1975-06-01,drycorridor_wet,7.148641160696665,462.0,gpcc2025
1975-07-01,drycorridor_wet,7.3741968774252,463.0,gpcc2025
1975-08-01,drycorridor_wet,9.08887471758135,465.0,gpcc2025
1975-09-01,drycorridor_wet,11.318967391040424,461.0,gpcc2025
1975-10-01,drycorridor_wet,12.649597737314084,461.0,gpcc2025
1975-11-01,drycorridor_wet,10.01146554049655,459.0,gpcc2025
1975-12-01,drycorridor_wet,4.624974987170652,457.0,gpcc2025
1976-01-01,box_antilles,1.4580070297210055,66.0,gpcc2025
1976-02-01,box_antilles,1.587623048767979,66.0,gpcc2025
1976-03-01,box_antilles,0.9557271994049888,66.0,gpcc2025
1976-04-01,box_antilles,2.775937715454089,66.0,gpcc2025
1976-05-01,box_antilles,4.386987813625919,66.0,gpcc2025
1976-06-01,box_antilles,6.535856235967446,66.0,gpcc2025
1976-07-01,box_antilles,2.05121943039345,66.0,gpcc2025
1976-08-01,box_antilles,3.985542006017178,66.0,gpcc2025
1976-09-01,box_antilles,3.639847533599046,64.0,gpcc2025
1976-10-01,box_antilles,5.038833193450296,66.0,gpcc2025
1976-11-01,box_antilles,2.0505067131162327,64.0,gpcc2025
1976-12-01,box_antilles,1.8909345069217478,65.0,gpcc2025
1977-01-01,box_antilles,1.109014099324592,64.0,gpcc2025
1977-02-01,box_antilles,2.030449525192068,61.0,gpcc2025
1977-03-01,box_antilles,0.5117187521152575,63.0,gpcc2025
1977-04-01,box_antilles,4.457083492781411,62.0,gpcc2025
1977-05-01,box_antilles,10.568329481700031,64.0,gpcc2025
1977-06-01,box_antilles,3.0831183419842882,63.0,gpcc2025
1977-07-01,box_antilles,2.884794687419905,62.0,gpcc2025
1977-08-01,box_antilles,4.876802306481839,64.0,gpcc2025
1977-09-01,box_antilles,4.9484232769410434,62.0,gpcc2025
1977-10-01,box_antilles,4.182922003370307,63.0,gpcc2025
1977-11-01,box_antilles,2.6961434338652603,61.0,gpcc2025
1977-12-01,box_antilles,2.5636312284326466,60.0,gpcc2025
1978-01-01,box_antilles,2.7822565621000983,60.0,gpcc2025
1978-02-01,box_antilles,2.8800209827146377,61.0,gpcc2025
1978-03-01,box_antilles,2.477965071672739,61.0,gpcc2025
1978-04-01,box_antilles,2.947392657688249,61.0,gpcc2025
1978-05-01,box_antilles,4.693124424334467,62.0,gpcc2025
1978-06-01,box_antilles,4.363356189705878,62.0,gpcc2025
1978-07-01,box_antilles,3.2946650319265327,61.0,gpcc2025
1978-08-01,box_antilles,3.8765227918710816,59.0,gpcc2025
1978-09-01,box_antilles,5.198478522021905,59.0,gpcc2025
1978-10-01,box_antilles,8.311714672806703,57.0,gpcc2025
1978-11-01,box_antilles,2.7919524968914735,57.0,gpcc2025
1978-12-01,box_antilles,1.4584941299030487,57.0,gpcc2025
1979-01-01,box_antilles,1.8093849210762998,57.0,gpcc2025
1979-02-01,box_antilles,1.8323528671139748,57.0,gpcc2025
1979-03-01,box_antilles,1.8880468991493669,57.0,gpcc2025
1979-04-01,box_antilles,4.067019116426566,57.0,gpcc2025
1979-05-01,box_antilles,4.021953734886053,57.0,gpcc2025
1979-06-01,box_antilles,5.338972608837017,57.0,gpcc2025
1979-07-01,box_antilles,4.400621914952409,57.0,gpcc2025
1979-08-01,box_antilles,4.189407255207747,57.0,gpcc2025
1979-09-01,box_antilles,9.64065208818822,55.0,gpcc2025
1979-10-01,box_antilles,6.500122343219154,56.0,gpcc2025
1979-11-01,box_antilles,3.2955544757933763,55.0,gpcc2025
1979-12-01,box_antilles,1.3370916043285275,54.0,gpcc2025
1980-01-01,box_antilles,1.5967901307322134,57.0,gpcc2025
1980-02-01,box_antilles,1.7437101521181102,57.0,gpcc2025
1980-03-01,box_antilles,0.6601294460468762,57.0,gpcc2025
1980-04-01,box_antilles,2.9214029113510747,58.0,gpcc2025
1980-05-01,box_antilles,5.05154816033397,58.0,gpcc2025
1980-06-01,box_antilles,4.481699775104913,58.0,gpcc2025
1980-07-01,box_antilles,3.535958027857098,57.0,gpcc2025
1980-08-01,box_antilles,4.954376628221523,58.0,gpcc2025
1980-09-01,box_antilles,5.796533573335049,58.0,gpcc2025
1980-10-01,box_antilles,5.7401782629235925,57.0,gpcc2025
1980-11-01,box_antilles,5.101667674748161,58.0,gpcc2025
1980-12-01,box_antilles,2.6499640817647,57.0,gpcc2025
1976-01-01,box_inlandnw,2.4267490136556757,874.0,gpcc2025
1976-02-01,box_inlandnw,2.2784247165942024,879.0,gpcc2025
1976-03-01,box_inlandnw,1.7224659151161605,876.0,gpcc2025
1976-04-01,box_inlandnw,1.198158627544833,883.0,gpcc2025
1976-05-01,box_inlandnw,1.5716151013653483,932.0,gpcc2025
1976-06-01,box_inlandnw,2.3664648815841365,935.0,gpcc2025
1976-07-01,box_inlandnw,1.5704647513889525,934.0,gpcc2025
1976-08-01,box_inlandnw,2.888394997622161,934.0,gpcc2025
1976-09-01,box_inlandnw,0.9767814255720879,903.0,gpcc2025
1976-10-01,box_inlandnw,1.0638654271728123,879.0,gpcc2025
1976-11-01,box_inlandnw,0.9749738047203046,873.0,gpcc2025
1976-12-01,box_inlandnw,1.728861397615126,867.0,gpcc2025
1977-01-01,box_inlandnw,1.1035971881966438,855.0,gpcc2025
1977-02-01,box_inlandnw,1.244245829551468,874.0,gpcc2025
1977-03-01,box_inlandnw,1.9272576565027204,866.0,gpcc2025
1977-04-01,box_inlandnw,0.6719659969098799,866.0,gpcc2025
1977-05-01,box_inlandnw,2.8277999680873864,926.0,gpcc2025
1977-06-01,box_inlandnw,1.2485277691744443,929.0,gpcc2025
1977-07-01,box_inlandnw,1.9827137084475346,918.0,gpcc2025
1977-08-01,box_inlandnw,1.917161701010605,926.0,gpcc2025
1977-09-01,box_inlandnw,1.9972548553192708,882.0,gpcc2025
1977-10-01,box_inlandnw,1.3926165686324419,855.0,gpcc2025
1977-11-01,box_inlandnw,2.844359000542419,827.0,gpcc2025
1977-12-01,box_inlandnw,3.2292297551086153,836.0,gpcc2025
1978-01-01,box_inlandnw,1.9843317698531469,840.0,gpcc2025
1978-02-01,box_inlandnw,1.3327219050520844,844.0,gpcc2025
1978-03-01,box_inlandnw,1.2900396614990688,838.0,gpcc2025
1978-04-01,box_inlandnw,1.8197120607221788,835.0,gpcc2025
1978-05-01,box_inlandnw,2.15387232868371,894.0,gpcc2025
1978-06-01,box_inlandnw,1.6197730680948657,906.0,gpcc2025
1978-07-01,box_inlandnw,1.7337270182542572,916.0,gpcc2025
1978-08-01,box_inlandnw,2.1581003565711625,911.0,gpcc2025
1978-09-01,box_inlandnw,2.8096992799436986,876.0,gpcc2025
1978-10-01,box_inlandnw,0.8796967588595815,850.0,gpcc2025
1978-11-01,box_inlandnw,1.977174432591656,829.0,gpcc2025
1978-12-01,box_inlandnw,1.710209155870072,813.0,gpcc2025
1979-01-01,box_inlandnw,1.0365319712180612,823.0,gpcc2025
1979-02-01,box_inlandnw,3.3207717952080875,817.0,gpcc2025
1979-03-01,box_inlandnw,1.0694488134343108,831.0,gpcc2025
1979-04-01,box_inlandnw,1.5572943135265633,824.0,gpcc2025
1979-05-01,box_inlandnw,1.3459646532635177,871.0,gpcc2025
1979-06-01,box_inlandnw,1.6828252582231824,891.0,gpcc2025
1979-07-01,box_inlandnw,1.3595565749807677,883.0,gpcc2025
1979-08-01,box_inlandnw,1.1078898447416714,887.0,gpcc2025
1979-09-01,box_inlandnw,1.3197151497323334,838.0,gpcc2025
1979-10-01,box_inlandnw,1.7855249766935952,818.0,gpcc2025
1979-11-01,box_inlandnw,0.9655792816455979,808.0,gpcc2025
1979-12-01,box_inlandnw,3.4141146352937533,809.0,gpcc2025
1980-01-01,box_inlandnw,1.8480982959462582,793.0,gpcc2025
1980-02-01,box_inlandnw,2.0342222707988142,806.0,gpcc2025
1980-03-01,box_inlandnw,1.7759622175635004,808.0,gpcc2025
1980-04-01,box_inlandnw,1.1984378437775869,818.0,gpcc2025
1980-05-01,box_inlandnw,2.2969234986758336,866.0,gpcc2025
1980-06-01,box_inlandnw,3.0328164695764452,874.0,gpcc2025
1980-07-01,box_inlandnw,1.43446346510651,868.0,gpcc2025
1980-08-01,box_inlandnw,1.933517643898029,865.0,gpcc2025
1980-09-01,box_inlandnw,1.9966854328341768,840.0,gpcc2025
1980-10-01,box_inlandnw,1.0003966746001436,804.0,gpcc2025
1980-11-01,box_inlandnw,2.8136406618295755,811.0,gpcc2025
1980-12-01,box_inlandnw,3.819157611021939,805.0,gpcc2025
1976-01-01,box_srilanka,3.2053908091835788,20.0,gpcc2025
1976-02-01,box_srilanka,0.6588850467104921,20.0,gpcc2025
1976-03-01,box_srilanka,1.9639185638057508,20.0,gpcc2025
1976-04-01,box_srilanka,4.80372210073999,19.0,gpcc2025
1976-05-01,box_srilanka,2.125296569423684,20.0,gpcc2025
1976-06-01,box_srilanka,1.0519158491924503,20.0,gpcc2025
1976-07-01,box_srilanka,1.5410677664314025,18.0,gpcc2025
1976-08-01,box_srilanka,2.1865003455363454,19.0,gpcc2025
1976-09-01,box_srilanka,1.2254573608165482,19.0,gpcc2025
1976-10-01,box_srilanka,7.426231937810211,19.0,gpcc2025
1976-11-01,box_srilanka,11.434705067333365,18.0,gpcc2025
1976-12-01,box_srilanka,7.960360418950425,19.0,gpcc2025
1977-01-01,box_srilanka,0.7694463142776797,19.0,gpcc2025
1977-02-01,box_srilanka,3.204487934727421,19.0,gpcc2025
1977-03-01,box_srilanka,2.9961708821261466,19.0,gpcc2025
1977-04-01,box_srilanka,3.8578296509441157,19.0,gpcc2025
1977-05-01,box_srilanka,7.77180172594518,19.0,gpcc2025
1977-06-01,box_srilanka,2.208400182804823,19.0,gpcc2025
1977-07-01,box_srilanka,1.684572874808671,17.0,gpcc2025
1977-08-01,box_srilanka,1.7934692147771563,19.0,gpcc2025
1977-09-01,box_srilanka,2.8986325957374928,19.0,gpcc2025
1977-10-01,box_srilanka,13.711025361464365,19.0,gpcc2025
1977-11-01,box_srilanka,9.025918163590562,19.0,gpcc2025
1977-12-01,box_srilanka,6.062615008482526,19.0,gpcc2025
1978-01-01,box_srilanka,1.7266749227813891,19.0,gpcc2025
1978-02-01,box_srilanka,1.8730273854229325,19.0,gpcc2025
1978-03-01,box_srilanka,3.0376774568573484,17.0,gpcc2025
1978-04-01,box_srilanka,3.287665759223465,19.0,gpcc2025
1978-05-01,box_srilanka,7.033993480377398,19.0,gpcc2025
1978-06-01,box_srilanka,1.47000132471305,19.0,gpcc2025
1978-07-01,box_srilanka,1.625082358005731,17.0,gpcc2025
1978-08-01,box_srilanka,1.4772193747378244,18.0,gpcc2025
1978-09-01,box_srilanka,2.775901325630469,18.0,gpcc2025
1978-10-01,box_srilanka,6.904123209207337,18.0,gpcc2025
1978-11-01,box_srilanka,13.362020351284322,18.0,gpcc2025
1978-12-01,box_srilanka,7.826859664124068,18.0,gpcc2025
1979-01-01,box_srilanka,1.3100037679911223,17.0,gpcc2025
1979-02-01,box_srilanka,2.9347376229281172,19.0,gpcc2025
1979-03-01,box_srilanka,1.4493388160125562,19.0,gpcc2025
1979-04-01,box_srilanka,3.377895857281057,19.0,gpcc2025
1979-05-01,box_srilanka,2.859899602589608,18.0,gpcc2025
1979-06-01,box_srilanka,2.454630418552319,19.0,gpcc2025
1979-07-01,box_srilanka,2.0410178314073715,18.0,gpcc2025
1979-08-01,box_srilanka,1.1886510161706696,18.0,gpcc2025
1979-09-01,box_srilanka,7.784882139874244,19.0,gpcc2025
1979-10-01,box_srilanka,8.905730821415817,19.0,gpcc2025
1979-11-01,box_srilanka,14.277637282288008,18.0,gpcc2025
1979-12-01,box_srilanka,6.887923727476638,18.0,gpcc2025
1980-01-01,box_srilanka,0.6493670726987791,18.0,gpcc2025
1980-02-01,box_srilanka,0.28643787170819657,18.0,gpcc2025
1980-03-01,box_srilanka,1.6382616517275108,18.0,gpcc2025
1980-04-01,box_srilanka,6.219566432574386,18.0,gpcc2025
1980-05-01,box_srilanka,3.0889440362323284,18.0,gpcc2025
1980-06-01,box_srilanka,2.30220314448343,18.0,gpcc2025
1980-07-01,box_srilanka,1.086915053147314,18.0,gpcc2025
1980-08-01,box_srilanka,1.5596447391413963,16.0,gpcc2025
1980-09-01,box_srilanka,3.8113391573830393,19.0,gpcc2025
1980-10-01,box_srilanka,7.433017477470891,19.0,gpcc2025
1980-11-01,box_srilanka,8.86579269168419,19.0,gpcc2025
1980-12-01,box_srilanka,4.5542115489498975,19.0,gpcc2025
1976-01-01,box_seaustralia,1.3128400102554008,1263.0,gpcc2025
1976-02-01,box_seaustralia,1.390623266520533,1253.0,gpcc2025
1976-03-01,box_seaustralia,1.5665506815350443,1252.0,gpcc2025
1976-04-01,box_seaustralia,1.4493280027351256,1253.0,gpcc2025
1976-05-01,box_seaustralia,1.9064298514796223,1253.0,gpcc2025
1976-06-01,box_seaustralia,2.7863862153548355,1253.0,gpcc2025
1976-07-01,box_seaustralia,1.912986098031764,1244.0,gpcc2025
1976-08-01,box_seaustralia,3.005549657582713,1248.0,gpcc2025
1976-09-01,box_seaustralia,2.760958674433136,1253.0,gpcc2025
1976-10-01,box_seaustralia,3.3551002529953102,1249.0,gpcc2025
1976-11-01,box_seaustralia,2.948386126881751,1246.0,gpcc2025
1976-12-01,box_seaustralia,2.788535996428054,1238.0,gpcc2025
1977-01-01,box_seaustralia,1.7306128383818289,1238.0,gpcc2025
1977-02-01,box_seaustralia,2.1317608358409816,1239.0,gpcc2025
1977-03-01,box_seaustralia,2.704784388442641,1231.0,gpcc2025
1977-04-01,box_seaustralia,1.8017944829580188,1220.0,gpcc2025
1977-05-01,box_seaustralia,3.102220832639757,1225.0,gpcc2025
1977-06-01,box_seaustralia,3.59538578958167,1229.0,gpcc2025
1977-07-01,box_seaustralia,2.7537528331896324,1225.0,gpcc2025
1977-08-01,box_seaustralia,1.8174283273078997,1221.0,gpcc2025
1977-09-01,box_seaustralia,1.660982987567106,1225.0,gpcc2025
1977-10-01,box_seaustralia,1.5984030233976507,1222.0,gpcc2025
1977-11-01,box_seaustralia,2.4690159136224086,1223.0,gpcc2025
1977-12-01,box_seaustralia,1.0431081987211641,1208.0,gpcc2025
1978-01-01,box_seaustralia,1.6717487157381876,1229.0,gpcc2025
1978-02-01,box_seaustralia,1.8901090532363014,1231.0,gpcc2025
1978-03-01,box_seaustralia,2.2737972207711525,1231.0,gpcc2025
1978-04-01,box_seaustralia,2.6704119409883864,1228.0,gpcc2025
1978-05-01,box_seaustralia,3.287412193520783,1229.0,gpcc2025
1978-06-01,box_seaustralia,3.550819752453932,1226.0,gpcc2025
1978-07-01,box_seaustralia,3.9983498981628003,1221.0,gpcc2025
1978-08-01,box_seaustralia,3.061897837839074,1218.0,gpcc2025
1978-09-01,box_seaustralia,2.605733580156977,1215.0,gpcc2025
1978-10-01,box_seaustralia,2.257664670153885,1211.0,gpcc2025
1978-11-01,box_seaustralia,3.1000375702121414,1209.0,gpcc2025
1978-12-01,box_seaustralia,2.508107519815127,1206.0,gpcc2025
1979-01-01,box_seaustralia,1.521828847850475,1201.0,gpcc2025
1979-02-01,box_seaustralia,1.3386369072371493,1205.0,gpcc2025
1979-03-01,box_seaustralia,2.4877666230272837,1201.0,gpcc2025
1979-04-01,box_seaustralia,2.031796164530007,1204.0,gpcc2025
1979-05-01,box_seaustralia,2.4306690506004816,1207.0,gpcc2025
1979-06-01,box_seaustralia,2.154775517852389,1199.0,gpcc2025
1979-07-01,box_seaustralia,1.9633445642817917,1203.0,gpcc2025
1979-08-01,box_seaustralia,3.389896537921629,1204.0,gpcc2025
1979-09-01,box_seaustralia,4.188951423410218,1201.0,gpcc2025
1979-10-01,box_seaustralia,3.0188315224041027,1200.0,gpcc2025
1979-11-01,box_seaustralia,1.7633980755923107,1192.0,gpcc2025
1979-12-01,box_seaustralia,1.4511635733992752,1189.0,gpcc2025
1980-01-01,box_seaustralia,1.9373757599191972,1190.0,gpcc2025
1980-02-01,box_seaustralia,0.9317354109015001,1192.0,gpcc2025
1980-03-01,box_seaustralia,1.3150713769696931,1194.0,gpcc2025
1980-04-01,box_seaustralia,2.599338852182996,1197.0,gpcc2025
1980-05-01,box_seaustralia,2.424250468894553,1195.0,gpcc2025
1980-06-01,box_seaustralia,2.8696392055616244,1187.0,gpcc2025
1980-07-01,box_seaustralia,2.947168246264545,1193.0,gpcc2025
1980-08-01,box_seaustralia,3.2490905074012537,1194.0,gpcc2025
1980-09-01,box_seaustralia,3.3920876232852937,1190.0,gpcc2025
1980-10-01,box_seaustralia,2.882765722798095,1192.0,gpcc2025
1980-11-01,box_seaustralia,1.6704224109598609,1196.0,gpcc2025
1980-12-01,box_seaustralia,1.8122294330749125,1193.0,gpcc2025
1976-01-01,box_ccanada,0.9623810075498602,187.0,gpcc2025
1976-02-01,box_ccanada,0.7828948940468506,189.0,gpcc2025
1976-03-01,box_ccanada,1.0184398947079438,188.0,gpcc2025
1976-04-01,box_ccanada,1.1038523467921515,184.0,gpcc2025
1976-05-01,box_ccanada,0.7850324576544692,188.0,gpcc2025
1976-06-01,box_ccanada,3.0375640751843234,189.0,gpcc2025
1976-07-01,box_ccanada,2.3666980574606735,187.0,gpcc2025
1976-08-01,box_ccanada,1.9405348164840055,186.0,gpcc2025
1976-09-01,box_ccanada,1.493656962673982,183.0,gpcc2025
1976-10-01,box_ccanada,1.0779913736228661,184.0,gpcc2025
1976-11-01,box_ccanada,0.8717495876954384,176.0,gpcc2025
1976-12-01,box_ccanada,1.1065966408091643,178.0,gpcc2025
1977-01-01,box_ccanada,0.7852638615457394,176.0,gpcc2025
1977-02-01,box_ccanada,1.1646260713500396,180.0,gpcc2025
1977-03-01,box_ccanada,0.8688933184928166,175.0,gpcc2025
1977-04-01,box_ccanada,0.746175996305064,178.0,gpcc2025
1977-05-01,box_ccanada,1.748290238036411,184.0,gpcc2025
1977-06-01,box_ccanada,2.4137612608336787,183.0,gpcc2025
1977-07-01,box_ccanada,2.9191311879917454,184.0,gpcc2025
1977-08-01,box_ccanada,3.0970851519935247,181.0,gpcc2025
1977-09-01,box_ccanada,2.067404866990317,181.0,gpcc2025
1977-10-01,box_ccanada,1.0455491969035473,181.0,gpcc2025
1977-11-01,box_ccanada,1.5602388285529982,176.0,gpcc2025
1977-12-01,box_ccanada,0.893767806607353,175.0,gpcc2025
1978-01-01,box_ccanada,0.4121762684059399,176.0,gpcc2025
1978-02-01,box_ccanada,0.3916570811082131,177.0,gpcc2025
1978-03-01,box_ccanada,0.8804291872073627,179.0,gpcc2025
1978-04-01,box_ccanada,0.954448822417342,178.0,gpcc2025
1978-05-01,box_ccanada,1.8894800119989834,180.0,gpcc2025
1978-06-01,box_ccanada,2.1506084341249974,181.0,gpcc2025
1978-07-01,box_ccanada,3.063323483131622,182.0,gpcc2025
1978-08-01,box_ccanada,2.9670077277278732,182.0,gpcc2025
1978-09-01,box_ccanada,2.2135804160879595,181.0,gpcc2025
1978-10-01,box_ccanada,1.5605917819118293,177.0,gpcc2025
1978-11-01,box_ccanada,1.0807872686144353,185.0,gpcc2025
1978-12-01,box_ccanada,0.862373862688971,182.0,gpcc2025
1979-01-01,box_ccanada,0.37489468301292506,180.0,gpcc2025
1979-02-01,box_ccanada,0.6382247472788609,178.0,gpcc2025
1979-03-01,box_ccanada,1.4564165706605805,181.0,gpcc2025
1979-04-01,box_ccanada,1.1132644644941176,181.0,gpcc2025
1979-05-01,box_ccanada,2.003769850451304,187.0,gpcc2025
1979-06-01,box_ccanada,1.8343619927974433,185.0,gpcc2025
1979-07-01,box_ccanada,2.168960878919617,186.0,gpcc2025
1979-08-01,box_ccanada,2.5409026776942096,191.0,gpcc2025
1979-09-01,box_ccanada,2.282848621604163,182.0,gpcc2025
1979-10-01,box_ccanada,2.1078750572114067,185.0,gpcc2025
1979-11-01,box_ccanada,1.2341209391680796,185.0,gpcc2025
1979-12-01,box_ccanada,0.8948615321616337,186.0,gpcc2025
1980-01-01,box_ccanada,1.0270957708336224,187.0,gpcc2025
1980-02-01,box_ccanada,0.46416012182129784,185.0,gpcc2025
1980-03-01,box_ccanada,0.7349564335254641,179.0,gpcc2025
1980-04-01,box_ccanada,0.3636401173475624,189.0,gpcc2025
1980-05-01,box_ccanada,0.9288847715710645,188.0,gpcc2025
1980-06-01,box_ccanada,2.1121669489654575,187.0,gpcc2025
1980-07-01,box_ccanada,2.387595570252203,187.0,gpcc2025
1980-08-01,box_ccanada,3.030402816687283,187.0,gpcc2025
1980-09-01,box_ccanada,3.2245425389470705,187.0,gpcc2025
1980-10-01,box_ccanada,1.701174823804213,186.0,gpcc2025
1980-11-01,box_ccanada,0.8829280463339638,181.0,gpcc2025
1980-12-01,box_ccanada,1.015585259762393,184.0,gpcc2025
1976-01-01,box_hawaii,,182.0,gpcc2025
1976-02-01,box_hawaii,,188.0,gpcc2025
1976-03-01,box_hawaii,,190.0,gpcc2025
1976-04-01,box_hawaii,,185.0,gpcc2025
1976-05-01,box_hawaii,,170.0,gpcc2025
1976-06-01,box_hawaii,,186.0,gpcc2025
1976-07-01,box_hawaii,,165.0,gpcc2025
1976-08-01,box_hawaii,,191.0,gpcc2025
1976-09-01,box_hawaii,,189.0,gpcc2025
1976-10-01,box_hawaii,,177.0,gpcc2025
1976-11-01,box_hawaii,,173.0,gpcc2025
1976-12-01,box_hawaii,,178.0,gpcc2025
1977-01-01,box_hawaii,,182.0,gpcc2025
1977-02-01,box_hawaii,,196.0,gpcc2025
1977-03-01,box_hawaii,,191.0,gpcc2025
1977-04-01,box_hawaii,,190.0,gpcc2025
1977-05-01,box_hawaii,,190.0,gpcc2025
1977-06-01,box_hawaii,,193.0,gpcc2025
1977-07-01,box_hawaii,,183.0,gpcc2025
1977-08-01,box_hawaii,,196.0,gpcc2025
1977-09-01,box_hawaii,,195.0,gpcc2025
1977-10-01,box_hawaii,,186.0,gpcc2025
1977-11-01,box_hawaii,,181.0,gpcc2025
1977-12-01,box_hawaii,,183.0,gpcc2025
1978-01-01,box_hawaii,,186.0,gpcc2025
1978-02-01,box_hawaii,,192.0,gpcc2025
1978-03-01,box_hawaii,,191.0,gpcc2025
1978-04-01,box_hawaii,,184.0,gpcc2025
1978-05-01,box_hawaii,,182.0,gpcc2025
1978-06-01,box_hawaii,,183.0,gpcc2025
1978-07-01,box_hawaii,,173.0,gpcc2025
1978-08-01,box_hawaii,,179.0,gpcc2025
1978-09-01,box_hawaii,,167.0,gpcc2025
1978-10-01,box_hawaii,,179.0,gpcc2025
1978-11-01,box_hawaii,,171.0,gpcc2025
1978-12-01,box_hawaii,,178.0,gpcc2025
1979-01-01,box_hawaii,,172.0,gpcc2025
1979-02-01,box_hawaii,,177.0,gpcc2025
1979-03-01,box_hawaii,,186.0,gpcc2025
1979-04-01,box_hawaii,,175.0,gpcc2025
1979-05-01,box_hawaii,,186.0,gpcc2025
1979-06-01,box_hawaii,,182.0,gpcc2025
1979-07-01,box_hawaii,,172.0,gpcc2025
1979-08-01,box_hawaii,,182.0,gpcc2025
1979-09-01,box_hawaii,,174.0,gpcc2025
1979-10-01,box_hawaii,,177.0,gpcc2025
1979-11-01,box_hawaii,,165.0,gpcc2025
1979-12-01,box_hawaii,,175.0,gpcc2025
1980-01-01,box_hawaii,,178.0,gpcc2025
1980-02-01,box_hawaii,,183.0,gpcc2025
1980-03-01,box_hawaii,,162.0,gpcc2025
1980-04-01,box_hawaii,,176.0,gpcc2025
1980-05-01,box_hawaii,,173.0,gpcc2025
1980-06-01,box_hawaii,,178.0,gpcc2025
1980-07-01,box_hawaii,,179.0,gpcc2025
1980-08-01,box_hawaii,,171.0,gpcc2025
1980-09-01,box_hawaii,,179.0,gpcc2025
1980-10-01,box_hawaii,,179.0,gpcc2025
1980-11-01,box_hawaii,,171.0,gpcc2025
1980-12-01,box_hawaii,,178.0,gpcc2025
1976-01-01,drycorridor_wet,4.6082370097638705,463.0,gpcc2025
1976-02-01,drycorridor_wet,2.616298588997999,457.0,gpcc2025
1976-03-01,drycorridor_wet,1.2110176895303635,454.0,gpcc2025
1976-04-01,drycorridor_wet,2.616152089873525,458.0,gpcc2025
1976-05-01,drycorridor_wet,5.51365130517698,459.0,gpcc2025
1976-06-01,drycorridor_wet,12.199567269821845,461.0,gpcc2025
1976-07-01,drycorridor_wet,8.211729515229873,457.0,gpcc2025
1976-08-01,drycorridor_wet,7.187346378150653,462.0,gpcc2025
1976-09-01,drycorridor_wet,7.694762815040528,463.0,gpcc2025
1976-10-01,drycorridor_wet,8.235432066089372,462.0,gpcc2025
1976-11-01,drycorridor_wet,8.615910582612935,458.0,gpcc2025
1976-12-01,drycorridor_wet,5.785455089280515,448.0,gpcc2025
1977-01-01,drycorridor_wet,1.7912934797439235,465.0,gpcc2025
1977-02-01,drycorridor_wet,2.4571575826382364,468.0,gpcc2025
1977-03-01,drycorridor_wet,1.428722665494313,466.0,gpcc2025
1977-04-01,drycorridor_wet,3.0682130075693266,469.0,gpcc2025
1977-05-01,drycorridor_wet,5.283346826622399,469.0,gpcc2025
1977-06-01,drycorridor_wet,11.488054352175983,474.0,gpcc2025
1977-07-01,drycorridor_wet,7.599416723454274,473.0,gpcc2025
1977-08-01,drycorridor_wet,8.054033068657729,477.0,gpcc2025
1977-09-01,drycorridor_wet,8.52199441895305,476.0,gpcc2025
1977-10-01,drycorridor_wet,7.536756834141893,477.0,gpcc2025
1977-11-01,drycorridor_wet,7.706345458319924,476.0,gpcc2025
1977-12-01,drycorridor_wet,5.223278305405405,472.0,gpcc2025
1978-01-01,drycorridor_wet,2.8493557152012885,472.0,gpcc2025
1978-02-01,drycorridor_wet,2.6815996502984585,470.0,gpcc2025
1978-03-01,drycorridor_wet,3.4943630424241987,470.0,gpcc2025
1978-04-01,drycorridor_wet,2.700702086117244,466.0,gpcc2025
1978-05-01,drycorridor_wet,7.648077522716947,471.0,gpcc2025
1978-06-01,drycorridor_wet,9.272112605486393,470.0,gpcc2025
1978-07-01,drycorridor_wet,11.5223177960611,469.0,gpcc2025
1978-08-01,drycorridor_wet,9.140348577968387,465.0,gpcc2025
1978-09-01,drycorridor_wet,10.436220530147668,461.0,gpcc2025
1978-10-01,drycorridor_wet,9.760533223767565,461.0,gpcc2025
1978-11-01,drycorridor_wet,7.719765147460212,457.0,gpcc2025
1978-12-01,drycorridor_wet,5.698635215293017,459.0,gpcc2025
1979-01-01,drycorridor_wet,2.7690781035706302,459.0,gpcc2025
1979-02-01,drycorridor_wet,3.098790955578938,458.0,gpcc2025
1979-03-01,drycorridor_wet,2.574968156048645,460.0,gpcc2025
1979-04-01,drycorridor_wet,5.769598971973532,444.0,gpcc2025
1979-05-01,drycorridor_wet,5.683135504167815,452.0,gpcc2025
1979-06-01,drycorridor_wet,11.986945011477196,452.0,gpcc2025
1979-07-01,drycorridor_wet,8.699971205205772,445.0,gpcc2025
1979-08-01,drycorridor_wet,11.614774083699903,454.0,gpcc2025
1979-09-01,drycorridor_wet,10.585424362924593,447.0,gpcc2025
1979-10-01,drycorridor_wet,10.595985906938255,454.0,gpcc2025
1979-11-01,drycorridor_wet,9.61571352891095,436.0,gpcc2025
1979-12-01,drycorridor_wet,7.637236001998838,448.0,gpcc2025
1980-01-01,drycorridor_wet,3.212923546248207,443.0,gpcc2025
1980-02-01,drycorridor_wet,2.8269802873290626,449.0,gpcc2025
1980-03-01,drycorridor_wet,1.2100058281265658,442.0,gpcc2025
1980-04-01,drycorridor_wet,3.0262800501210108,445.0,gpcc2025
1980-05-01,drycorridor_wet,6.146887697400546,450.0,gpcc2025
1980-06-01,drycorridor_wet,11.452587026529892,450.0,gpcc2025
1980-07-01,drycorridor_wet,10.386190871937682,453.0,gpcc2025
1980-08-01,drycorridor_wet,8.505727657066572,450.0,gpcc2025
1980-09-01,drycorridor_wet,11.64072096553866,453.0,gpcc2025
1980-10-01,drycorridor_wet,11.438815908557968,439.0,gpcc2025
1980-11-01,drycorridor_wet,10.737069380418001,448.0,gpcc2025
1980-12-01,drycorridor_wet,7.203310954304705,454.0,gpcc2025
1981-01-01,box_antilles,1.476207921613761,53.0,gpcc2025
1981-02-01,box_antilles,1.1187022948226644,53.0,gpcc2025
1981-03-01,box_antilles,1.6739358082148712,53.0,gpcc2025
1981-04-01,box_antilles,1.2301418364891983,52.0,gpcc2025
1981-05-01,box_antilles,3.2965366229639677,52.0,gpcc2025
1981-06-01,box_antilles,3.673327085329597,52.0,gpcc2025
1981-07-01,box_antilles,4.1409615416732235,50.0,gpcc2025
1981-08-01,box_antilles,5.609795126683065,52.0,gpcc2025
1981-09-01,box_antilles,6.101103798613074,53.0,gpcc2025
1981-10-01,box_antilles,4.373209346319995,53.0,gpcc2025
1981-11-01,box_antilles,3.3491176235516797,52.0,gpcc2025
1981-12-01,box_antilles,0.9389586802457973,50.0,gpcc2025
1982-01-01,box_antilles,1.5544697951489608,38.0,gpcc2025
1982-02-01,box_antilles,0.9144352457252062,38.0,gpcc2025
1982-03-01,box_antilles,1.0555818477067531,38.0,gpcc2025
1982-04-01,box_antilles,2.5847031447861544,38.0,gpcc2025
1982-05-01,box_antilles,6.329710008171962,37.0,gpcc2025
1982-06-01,box_antilles,4.7211770204558645,38.0,gpcc2025
1982-07-01,box_antilles,3.1590880086194524,37.0,gpcc2025
1982-08-01,box_antilles,2.6341456327624075,38.0,gpcc2025
1982-09-01,box_antilles,5.367522414940544,36.0,gpcc2025
1982-10-01,box_antilles,5.554087658788102,39.0,gpcc2025
1982-11-01,box_antilles,2.2390882661771747,38.0,gpcc2025
1982-12-01,box_antilles,1.1342968053949936,39.0,gpcc2025
1983-01-01,box_antilles,2.854944587717712,39.0,gpcc2025
1983-02-01,box_antilles,5.469864102582922,37.0,gpcc2025
1983-03-01,box_antilles,2.7777938396387154,39.0,gpcc2025
1983-04-01,box_antilles,2.5424456871423375,39.0,gpcc2025
1983-05-01,box_antilles,2.2362098716732155,39.0,gpcc2025
1983-06-01,box_antilles,4.915753612554242,40.0,gpcc2025
1983-07-01,box_antilles,2.4607373898009146,39.0,gpcc2025
1983-08-01,box_antilles,4.041024755663627,39.0,gpcc2025
1983-09-01,box_antilles,4.548750353956294,39.0,gpcc2025
1983-10-01,box_antilles,5.457261475258666,40.0,gpcc2025
1983-11-01,box_antilles,2.484390779236534,40.0,gpcc2025
1983-12-01,box_antilles,1.6699257496201199,40.0,gpcc2025
1984-01-01,box_antilles,1.4583555987640833,39.0,gpcc2025
1984-02-01,box_antilles,2.4465807316490573,38.0,gpcc2025
1984-03-01,box_antilles,1.8475447575456512,38.0,gpcc2025
1984-04-01,box_antilles,2.212488418585948,35.0,gpcc2025
1984-05-01,box_antilles,4.07604630870931,36.0,gpcc2025
1984-06-01,box_antilles,4.668521567330615,36.0,gpcc2025
1984-07-01,box_antilles,3.3062594911183885,39.0,gpcc2025
1984-08-01,box_antilles,3.5155584477966526,33.0,gpcc2025
1984-09-01,box_antilles,6.4048157107755985,34.0,gpcc2025
1984-10-01,box_antilles,3.712149397271939,32.0,gpcc2025
1984-11-01,box_antilles,2.317821548840511,32.0,gpcc2025
1984-12-01,box_antilles,0.9637978640324233,35.0,gpcc2025
1985-01-01,box_antilles,0.977513801588207,33.0,gpcc2025
1985-02-01,box_antilles,1.2901427764081987,34.0,gpcc2025
1985-03-01,box_antilles,0.9877804469518512,35.0,gpcc2025
1985-04-01,box_antilles,3.8734067649641006,34.0,gpcc2025
1985-05-01,box_antilles,5.6603114946116175,36.0,gpcc2025
1985-06-01,box_antilles,2.891175661306758,33.0,gpcc2025
1985-07-01,box_antilles,2.9585972084374417,34.0,gpcc2025
1985-08-01,box_antilles,4.740966101251183,33.0,gpcc2025
1985-09-01,box_antilles,5.642071236906082,35.0,gpcc2025
1985-10-01,box_antilles,4.383402800241907,34.0,gpcc2025
1985-11-01,box_antilles,2.952272136143438,34.0,gpcc2025
1985-12-01,box_antilles,1.3230597383146685,33.0,gpcc2025
1981-01-01,box_inlandnw,0.8860089108443616,816.0,gpcc2025
1981-02-01,box_inlandnw,2.1640251589032835,812.0,gpcc2025
1981-03-01,box_inlandnw,1.2900376434543517,820.0,gpcc2025
1981-04-01,box_inlandnw,1.8690779125070587,809.0,gpcc2025
1981-05-01,box_inlandnw,2.4769674727241155,865.0,gpcc2025
1981-06-01,box_inlandnw,2.68573733042406,872.0,gpcc2025
1981-07-01,box_inlandnw,1.9677948026618552,874.0,gpcc2025
1981-08-01,box_inlandnw,0.618240802509168,882.0,gpcc2025
1981-09-01,box_inlandnw,1.476013411246981,847.0,gpcc2025
1981-10-01,box_inlandnw,2.311921492818984,809.0,gpcc2025
1981-11-01,box_inlandnw,2.0589913319400743,808.0,gpcc2025
1981-12-01,box_inlandnw,2.802395775201636,790.0,gpcc2025
1982-01-01,box_inlandnw,3.5929833284417345,781.0,gpcc2025
1982-02-01,box_inlandnw,3.0585434464262113,798.0,gpcc2025
1982-03-01,box_inlandnw,1.7988378216228535,766.0,gpcc2025
1982-04-01,box_inlandnw,1.4592627920354242,775.0,gpcc2025
1982-05-01,box_inlandnw,1.2696896210444462,824.0,gpcc2025
1982-06-01,box_inlandnw,1.5485053402156934,860.0,gpcc2025
1982-07-01,box_inlandnw,2.762708918299268,871.0,gpcc2025
1982-08-01,box_inlandnw,1.7261142849054119,872.0,gpcc2025
1982-09-01,box_inlandnw,1.9289135614341255,830.0,gpcc2025
1982-10-01,box_inlandnw,2.0772414360628946,802.0,gpcc2025
1982-11-01,box_inlandnw,1.8158765301169149,798.0,gpcc2025
1982-12-01,box_inlandnw,2.4306867586935548,784.0,gpcc2025
1983-01-01,box_inlandnw,2.6099706566754692,790.0,gpcc2025
1983-02-01,box_inlandnw,2.4780799240387843,787.0,gpcc2025
1983-03-01,box_inlandnw,2.1573368369650052,789.0,gpcc2025
1983-04-01,box_inlandnw,1.1880912655317757,798.0,gpcc2025
1983-05-01,box_inlandnw,1.0369360671951873,852.0,gpcc2025
1983-06-01,box_inlandnw,2.966654659934997,865.0,gpcc2025
1983-07-01,box_inlandnw,3.1598682110286984,862.0,gpcc2025
1983-08-01,box_inlandnw,0.9972722471945893,861.0,gpcc2025
1983-09-01,box_inlandnw,1.5739286046980012,813.0,gpcc2025
1983-10-01,box_inlandnw,1.3564992478088105,793.0,gpcc2025
1983-11-01,box_inlandnw,3.653168751479713,782.0,gpcc2025
1983-12-01,box_inlandnw,1.8311688608002323,743.0,gpcc2025
1984-01-01,box_inlandnw,2.4797158070721803,754.0,gpcc2025
1984-02-01,box_inlandnw,1.7062283384806387,771.0,gpcc2025
1984-03-01,box_inlandnw,1.7161926165419181,759.0,gpcc2025
1984-04-01,box_inlandnw,1.536981332252697,766.0,gpcc2025
1984-05-01,box_inlandnw,2.5217272691590047,825.0,gpcc2025
1984-06-01,box_inlandnw,2.483836725288142,858.0,gpcc2025
1984-07-01,box_inlandnw,0.8160064542110131,856.0,gpcc2025
1984-08-01,box_inlandnw,1.2251855433674452,853.0,gpcc2025
1984-09-01,box_inlandnw,2.324653540089931,802.0,gpcc2025
1984-10-01,box_inlandnw,2.4537555063322065,762.0,gpcc2025
1984-11-01,box_inlandnw,3.118749213157426,735.0,gpcc2025
1984-12-01,box_inlandnw,2.2666861758650954,728.0,gpcc2025
1985-01-01,box_inlandnw,0.5475674731959755,741.0,gpcc2025
1985-02-01,box_inlandnw,1.6864622346683624,748.0,gpcc2025
1985-03-01,box_inlandnw,1.182650847411206,731.0,gpcc2025
1985-04-01,box_inlandnw,1.4081209599871858,738.0,gpcc2025
1985-05-01,box_inlandnw,1.28209895628797,809.0,gpcc2025
1985-06-01,box_inlandnw,1.6154645394756288,836.0,gpcc2025
1985-07-01,box_inlandnw,0.5128574601594352,857.0,gpcc2025
1985-08-01,box_inlandnw,1.761520667172359,850.0,gpcc2025
1985-09-01,box_inlandnw,2.606766967733226,782.0,gpcc2025
1985-10-01,box_inlandnw,2.8117095818113347,742.0,gpcc2025
1985-11-01,box_inlandnw,1.783187675423178,722.0,gpcc2025
1985-12-01,box_inlandnw,0.9258777421380643,749.0,gpcc2025
1981-01-01,box_srilanka,2.0861892993911275,8.0,gpcc2025
1981-02-01,box_srilanka,3.112871347922489,8.0,gpcc2025
1981-03-01,box_srilanka,1.3734438345463769,8.0,gpcc2025
1981-04-01,box_srilanka,5.208637754906994,8.0,gpcc2025
1981-05-01,box_srilanka,7.307943799630363,7.0,gpcc2025
1981-06-01,box_srilanka,2.2920469409861144,8.0,gpcc2025
1981-07-01,box_srilanka,2.0001950472125767,8.0,gpcc2025
1981-08-01,box_srilanka,1.797538770541199,8.0,gpcc2025
1981-09-01,box_srilanka,4.189082483189328,8.0,gpcc2025
1981-10-01,box_srilanka,6.3694635351376645,8.0,gpcc2025
1981-11-01,box_srilanka,8.754540122733586,8.0,gpcc2025
1981-12-01,box_srilanka,4.713153143213338,8.0,gpcc2025
1982-01-01,box_srilanka,0.3855413023759076,13.0,gpcc2025
1982-02-01,box_srilanka,0.5134961474408499,13.0,gpcc2025
1982-03-01,box_srilanka,3.905804519598186,13.0,gpcc2025
1982-04-01,box_srilanka,3.656159850401706,12.0,gpcc2025
1982-05-01,box_srilanka,4.281948050699997,12.0,gpcc2025
1982-06-01,box_srilanka,3.16057487533502,8.0,gpcc2025
1982-07-01,box_srilanka,1.5693208690545903,13.0,gpcc2025
1982-08-01,box_srilanka,1.7157747591900974,13.0,gpcc2025
1982-09-01,box_srilanka,2.4300745134319883,14.0,gpcc2025
1982-10-01,box_srilanka,4.932466121707701,8.0,gpcc2025
1982-11-01,box_srilanka,11.602995482194718,13.0,gpcc2025
1982-12-01,box_srilanka,7.809491249438002,13.0,gpcc2025
1983-01-01,box_srilanka,0.6271706434503003,13.0,gpcc2025
1983-02-01,box_srilanka,0.5726313974484076,14.0,gpcc2025
1983-03-01,box_srilanka,0.6876555315216348,14.0,gpcc2025
1983-04-01,box_srilanka,1.8874329941502597,14.0,gpcc2025
1983-05-01,box_srilanka,3.760362621921157,14.0,gpcc2025
1983-06-01,box_srilanka,2.418928080076014,13.0,gpcc2025
1983-07-01,box_srilanka,1.98969830769789,4.0,gpcc2025
1983-08-01,box_srilanka,2.0213273235581037,8.0,gpcc2025
1983-09-01,box_srilanka,3.1953244474865925,11.0,gpcc2025
1983-10-01,box_srilanka,3.026861414375104,12.0,gpcc2025
1983-11-01,box_srilanka,6.971080791395034,11.0,gpcc2025
1983-12-01,box_srilanka,14.830821753046553,11.0,gpcc2025
1984-01-01,box_srilanka,8.61045886568473,10.0,gpcc2025
1984-02-01,box_srilanka,10.804467304579351,8.0,gpcc2025
1984-03-01,box_srilanka,4.852675392094281,12.0,gpcc2025
1984-04-01,box_srilanka,7.411784985996509,11.0,gpcc2025
1984-05-01,box_srilanka,4.524208430708495,8.0,gpcc2025
1984-06-01,box_srilanka,2.036754593454012,8.0,gpcc2025
1984-07-01,box_srilanka,5.186849889171196,11.0,gpcc2025
1984-08-01,box_srilanka,1.870276746789213,14.0,gpcc2025
1984-09-01,box_srilanka,5.086580748720279,10.0,gpcc2025
1984-10-01,box_srilanka,4.195987503135503,14.0,gpcc2025
1984-11-01,box_srilanka,12.398907215702025,9.0,gpcc2025
1984-12-01,box_srilanka,2.7974954704852313,13.0,gpcc2025
1985-01-01,box_srilanka,3.0768199455022756,13.0,gpcc2025
1985-02-01,box_srilanka,4.566116480891632,14.0,gpcc2025
1985-03-01,box_srilanka,2.703655482618771,13.0,gpcc2025
1985-04-01,box_srilanka,2.909038869719311,13.0,gpcc2025
1985-05-01,box_srilanka,3.2096420600732913,12.0,gpcc2025
1985-06-01,box_srilanka,3.6435171088677203,12.0,gpcc2025
1985-07-01,box_srilanka,1.4023047712481336,13.0,gpcc2025
1985-08-01,box_srilanka,2.1303157818186294,12.0,gpcc2025
1985-09-01,box_srilanka,4.152371252641168,13.0,gpcc2025
1985-10-01,box_srilanka,6.40787024321455,13.0,gpcc2025
1985-11-01,box_srilanka,8.428961156680025,13.0,gpcc2025
1985-12-01,box_srilanka,6.464588971654835,8.0,gpcc2025
1981-01-01,box_seaustralia,1.5835756523302351,1193.0,gpcc2025
1981-02-01,box_seaustralia,1.161815430458408,1192.0,gpcc2025
1981-03-01,box_seaustralia,2.214310095568736,1196.0,gpcc2025
1981-04-01,box_seaustralia,1.7424626238345275,1197.0,gpcc2025
1981-05-01,box_seaustralia,2.980111539413882,1194.0,gpcc2025
1981-06-01,box_seaustralia,3.992428165724137,1195.0,gpcc2025
1981-07-01,box_seaustralia,3.878963334957653,1188.0,gpcc2025
1981-08-01,box_seaustralia,4.709744039632118,1187.0,gpcc2025
1981-09-01,box_seaustralia,1.9531736573785066,1187.0,gpcc2025
1981-10-01,box_seaustralia,1.9347574546760835,1187.0,gpcc2025
1981-11-01,box_seaustralia,1.9943660721127174,1191.0,gpcc2025
1981-12-01,box_seaustralia,1.458224327562876,1185.0,gpcc2025
1982-01-01,box_seaustralia,1.4844615071633949,1189.0,gpcc2025
1982-02-01,box_seaustralia,0.729060616882126,1189.0,gpcc2025
1982-03-01,box_seaustralia,2.640279832463332,1190.0,gpcc2025
1982-04-01,box_seaustralia,1.7527367650824237,1189.0,gpcc2025
1982-05-01,box_seaustralia,2.8543453502850564,1186.0,gpcc2025
1982-06-01,box_seaustralia,2.1690656129338026,1184.0,gpcc2025
1982-07-01,box_seaustralia,1.6943745817057096,1185.0,gpcc2025
1982-08-01,box_seaustralia,0.8990453204733555,1183.0,gpcc2025
1982-09-01,box_seaustralia,2.3068368611139096,1182.0,gpcc2025
1982-10-01,box_seaustralia,1.2708575484391573,1185.0,gpcc2025
1982-11-01,box_seaustralia,1.0520948320598493,1176.0,gpcc2025
1982-12-01,box_seaustralia,1.4322260291091666,1177.0,gpcc2025
1983-01-01,box_seaustralia,1.3554290604157786,1170.0,gpcc2025
1983-02-01,box_seaustralia,0.5434788964895312,1166.0,gpcc2025
1983-03-01,box_seaustralia,3.3487753730071113,1169.0,gpcc2025
1983-04-01,box_seaustralia,2.8668255948536823,1169.0,gpcc2025
1983-05-01,box_seaustralia,3.4335437009694423,1169.0,gpcc2025
1983-06-01,box_seaustralia,3.1898389186699876,1169.0,gpcc2025
1983-07-01,box_seaustralia,2.4466409790989996,1169.0,gpcc2025
1983-08-01,box_seaustralia,2.7325319187226187,1164.0,gpcc2025
1983-09-01,box_seaustralia,3.822412862365252,1163.0,gpcc2025
1983-10-01,box_seaustralia,2.1318157126309725,1165.0,gpcc2025
1983-11-01,box_seaustralia,2.761690910602531,1166.0,gpcc2025
1983-12-01,box_seaustralia,0.8326110361448836,1161.0,gpcc2025
1984-01-01,box_seaustralia,2.202528215088778,1161.0,gpcc2025
1984-02-01,box_seaustralia,1.2448353845343385,1164.0,gpcc2025
1984-03-01,box_seaustralia,2.590568671973755,1165.0,gpcc2025
1984-04-01,box_seaustralia,1.9475463133597184,1162.0,gpcc2025
1984-05-01,box_seaustralia,1.6177850342584097,1163.0,gpcc2025
1984-06-01,box_seaustralia,1.8478896364424138,1161.0,gpcc2025
1984-07-01,box_seaustralia,3.5775238343684186,1162.0,gpcc2025
1984-08-01,box_seaustralia,4.480461029661508,1161.0,gpcc2025
1984-09-01,box_seaustralia,3.9188787853017377,1157.0,gpcc2025
1984-10-01,box_seaustralia,1.8215962537853727,1153.0,gpcc2025
1984-11-01,box_seaustralia,1.7986482909378523,1153.0,gpcc2025
1984-12-01,box_seaustralia,2.2215877243408815,1147.0,gpcc2025
1985-01-01,box_seaustralia,1.3492103075322228,1141.0,gpcc2025
1985-02-01,box_seaustralia,0.7536393117415079,1136.0,gpcc2025
1985-03-01,box_seaustralia,1.8258952874555503,1137.0,gpcc2025
1985-04-01,box_seaustralia,2.514098045666747,1134.0,gpcc2025
1985-05-01,box_seaustralia,2.619979436829385,1133.0,gpcc2025
1985-06-01,box_seaustralia,3.0989401499158737,1128.0,gpcc2025
1985-07-01,box_seaustralia,2.5777070279402103,1130.0,gpcc2025
1985-08-01,box_seaustralia,3.174827328917922,1132.0,gpcc2025
1985-09-01,box_seaustralia,1.49361600464007,1131.0,gpcc2025
1985-10-01,box_seaustralia,2.77884200673327,1124.0,gpcc2025
1985-11-01,box_seaustralia,2.8313836528592953,1129.0,gpcc2025
1985-12-01,box_seaustralia,4.419052569077742,1122.0,gpcc2025
1981-01-01,box_ccanada,0.4204633461281002,185.0,gpcc2025
1981-02-01,box_ccanada,0.8218399285095803,191.0,gpcc2025
1981-03-01,box_ccanada,0.6051606788034453,189.0,gpcc2025
1981-04-01,box_ccanada,0.9662423861719833,187.0,gpcc2025
1981-05-01,box_ccanada,0.8210086083159808,189.0,gpcc2025
1981-06-01,box_ccanada,2.3564425282353856,190.0,gpcc2025
1981-07-01,box_ccanada,1.8286917930638968,188.0,gpcc2025
1981-08-01,box_ccanada,1.7869168651169378,188.0,gpcc2025
1981-09-01,box_ccanada,2.47295640963723,191.0,gpcc2025
1981-10-01,box_ccanada,1.8298838620164006,187.0,gpcc2025
1981-11-01,box_ccanada,0.9935191728418536,192.0,gpcc2025
1981-12-01,box_ccanada,0.7111783528247106,191.0,gpcc2025
1982-01-01,box_ccanada,0.852411457420507,190.0,gpcc2025
1982-02-01,box_ccanada,0.6594914616150411,186.0,gpcc2025
1982-03-01,box_ccanada,1.012952321799285,191.0,gpcc2025
1982-04-01,box_ccanada,0.9799915693697833,190.0,gpcc2025
1982-05-01,box_ccanada,1.8108837369333504,190.0,gpcc2025
1982-06-01,box_ccanada,2.5820884125940737,187.0,gpcc2025
1982-07-01,box_ccanada,3.1033600415467344,192.0,gpcc2025
1982-08-01,box_ccanada,2.671516312871555,193.0,gpcc2025
1982-09-01,box_ccanada,2.3046172819503554,194.0,gpcc2025
1982-10-01,box_ccanada,1.7607205328737703,191.0,gpcc2025
1982-11-01,box_ccanada,1.166678926206099,193.0,gpcc2025
1982-12-01,box_ccanada,1.4285419660971497,194.0,gpcc2025
1983-01-01,box_ccanada,0.8607138141497956,190.0,gpcc2025
1983-02-01,box_ccanada,0.6896812698513105,193.0,gpcc2025
1983-03-01,box_ccanada,1.0119159908914832,192.0,gpcc2025
1983-04-01,box_ccanada,0.7421037030872022,198.0,gpcc2025
1983-05-01,box_ccanada,1.442862906238925,200.0,gpcc2025
1983-06-01,box_ccanada,2.3061458966722084,199.0,gpcc2025
1983-07-01,box_ccanada,2.4619177302553936,195.0,gpcc2025
1983-08-01,box_ccanada,2.291483202875305,198.0,gpcc2025
1983-09-01,box_ccanada,3.007243573994567,198.0,gpcc2025
1983-10-01,box_ccanada,1.5857337472402462,193.0,gpcc2025
1983-11-01,box_ccanada,2.124218876491689,191.0,gpcc2025
1983-12-01,box_ccanada,0.6253405085794894,189.0,gpcc2025
1984-01-01,box_ccanada,0.8286839799734265,200.0,gpcc2025
1984-02-01,box_ccanada,0.7522690655696802,197.0,gpcc2025
1984-03-01,box_ccanada,0.6151000687238519,194.0,gpcc2025
1984-04-01,box_ccanada,1.140935071375079,197.0,gpcc2025
1984-05-01,box_ccanada,1.3882574215933037,195.0,gpcc2025
1984-06-01,box_ccanada,3.2302224815242124,195.0,gpcc2025
1984-07-01,box_ccanada,2.385045484073389,196.0,gpcc2025
1984-08-01,box_ccanada,1.918670669980259,194.0,gpcc2025
1984-09-01,box_ccanada,2.0562969401793842,198.0,gpcc2025
1984-10-01,box_ccanada,1.886147927344129,199.0,gpcc2025
1984-11-01,box_ccanada,1.7001475348341069,192.0,gpcc2025
1984-12-01,box_ccanada,1.2698809334673224,190.0,gpcc2025
1985-01-01,box_ccanada,0.7176434306161488,196.0,gpcc2025
1985-02-01,box_ccanada,0.8567498618206386,196.0,gpcc2025
1985-03-01,box_ccanada,0.6380386909382808,196.0,gpcc2025
1985-04-01,box_ccanada,1.3506958887161187,194.0,gpcc2025
1985-05-01,box_ccanada,1.7925442233020397,197.0,gpcc2025
1985-06-01,box_ccanada,3.3569520685789067,198.0,gpcc2025
1985-07-01,box_ccanada,2.20494872830815,198.0,gpcc2025
1985-08-01,box_ccanada,2.869475388209488,198.0,gpcc2025
1985-09-01,box_ccanada,2.9590565587522897,199.0,gpcc2025
1985-10-01,box_ccanada,1.3256720753190883,200.0,gpcc2025
1985-11-01,box_ccanada,1.4292187831124705,200.0,gpcc2025
1985-12-01,box_ccanada,0.8073944731030629,197.0,gpcc2025
1981-01-01,box_hawaii,,179.0,gpcc2025
1981-02-01,box_hawaii,,183.0,gpcc2025
1981-03-01,box_hawaii,,172.0,gpcc2025
1981-04-01,box_hawaii,,171.0,gpcc2025
1981-05-01,box_hawaii,,170.0,gpcc2025
1981-06-01,box_hawaii,,176.0,gpcc2025
1981-07-01,box_hawaii,,180.0,gpcc2025
1981-08-01,box_hawaii,,166.0,gpcc2025
1981-09-01,box_hawaii,,177.0,gpcc2025
1981-10-01,box_hawaii,,172.0,gpcc2025
1981-11-01,box_hawaii,,160.0,gpcc2025
1981-12-01,box_hawaii,,164.0,gpcc2025
1982-01-01,box_hawaii,,156.0,gpcc2025
1982-02-01,box_hawaii,,180.0,gpcc2025
1982-03-01,box_hawaii,,157.0,gpcc2025
1982-04-01,box_hawaii,,167.0,gpcc2025
1982-05-01,box_hawaii,,167.0,gpcc2025
1982-06-01,box_hawaii,,180.0,gpcc2025
1982-07-01,box_hawaii,,168.0,gpcc2025
1982-08-01,box_hawaii,,175.0,gpcc2025
1982-09-01,box_hawaii,,183.0,gpcc2025
1982-10-01,box_hawaii,,169.0,gpcc2025
1982-11-01,box_hawaii,,158.0,gpcc2025
1982-12-01,box_hawaii,,155.0,gpcc2025
1983-01-01,box_hawaii,,168.0,gpcc2025
1983-02-01,box_hawaii,,184.0,gpcc2025
1983-03-01,box_hawaii,,182.0,gpcc2025
1983-04-01,box_hawaii,,173.0,gpcc2025
1983-05-01,box_hawaii,,175.0,gpcc2025
1983-06-01,box_hawaii,,182.0,gpcc2025
1983-07-01,box_hawaii,,165.0,gpcc2025
1983-08-01,box_hawaii,,174.0,gpcc2025
1983-09-01,box_hawaii,,177.0,gpcc2025
1983-10-01,box_hawaii,,163.0,gpcc2025
1983-11-01,box_hawaii,,164.0,gpcc2025
1983-12-01,box_hawaii,,161.0,gpcc2025
1984-01-01,box_hawaii,,161.0,gpcc2025
1984-02-01,box_hawaii,,178.0,gpcc2025
1984-03-01,box_hawaii,,181.0,gpcc2025
1984-04-01,box_hawaii,,162.0,gpcc2025
1984-05-01,box_hawaii,,178.0,gpcc2025
1984-06-01,box_hawaii,,180.0,gpcc2025
1984-07-01,box_hawaii,,169.0,gpcc2025
1984-08-01,box_hawaii,,179.0,gpcc2025
1984-09-01,box_hawaii,,175.0,gpcc2025
1984-10-01,box_hawaii,,181.0,gpcc2025
1984-11-01,box_hawaii,,162.0,gpcc2025
1984-12-01,box_hawaii,,148.0,gpcc2025
1985-01-01,box_hawaii,,165.0,gpcc2025
1985-02-01,box_hawaii,,171.0,gpcc2025
1985-03-01,box_hawaii,,159.0,gpcc2025
1985-04-01,box_hawaii,,177.0,gpcc2025
1985-05-01,box_hawaii,,174.0,gpcc2025
1985-06-01,box_hawaii,,178.0,gpcc2025
1985-07-01,box_hawaii,,175.0,gpcc2025
1985-08-01,box_hawaii,,177.0,gpcc2025
1985-09-01,box_hawaii,,170.0,gpcc2025
1985-10-01,box_hawaii,,174.0,gpcc2025
1985-11-01,box_hawaii,,160.0,gpcc2025
1985-12-01,box_hawaii,,173.0,gpcc2025
1981-01-01,drycorridor_wet,2.3547575573336936,453.0,gpcc2025
1981-02-01,drycorridor_wet,4.944669005966782,444.0,gpcc2025
1981-03-01,drycorridor_wet,2.2405764449027052,449.0,gpcc2025
1981-04-01,drycorridor_wet,5.120747513960433,448.0,gpcc2025
1981-05-01,drycorridor_wet,6.863468391857248,454.0,gpcc2025
1981-06-01,drycorridor_wet,13.025593240564081,454.0,gpcc2025
1981-07-01,drycorridor_wet,10.252429683060921,444.0,gpcc2025
1981-08-01,drycorridor_wet,11.562859526731845,446.0,gpcc2025
1981-09-01,drycorridor_wet,9.752785596405522,450.0,gpcc2025
1981-10-01,drycorridor_wet,10.389228881518513,446.0,gpcc2025
1981-11-01,drycorridor_wet,7.404576416909061,442.0,gpcc2025
1981-12-01,drycorridor_wet,6.077998912114583,448.0,gpcc2025
1982-01-01,drycorridor_wet,4.02200866051575,445.0,gpcc2025
1982-02-01,drycorridor_wet,3.6865314157342697,450.0,gpcc2025
1982-03-01,drycorridor_wet,2.192556851712275,450.0,gpcc2025
1982-04-01,drycorridor_wet,2.5007367130790477,448.0,gpcc2025
1982-05-01,drycorridor_wet,8.204290183009238,450.0,gpcc2025
1982-06-01,drycorridor_wet,9.981513670539902,443.0,gpcc2025
1982-07-01,drycorridor_wet,11.649284959023987,442.0,gpcc2025
1982-08-01,drycorridor_wet,9.099497319181758,443.0,gpcc2025
1982-09-01,drycorridor_wet,11.603902250645753,447.0,gpcc2025
1982-10-01,drycorridor_wet,9.7192265808489,448.0,gpcc2025
1982-11-01,drycorridor_wet,6.267515394783031,449.0,gpcc2025
1982-12-01,drycorridor_wet,4.6884451479741305,446.0,gpcc2025
1983-01-01,drycorridor_wet,3.5481371687448693,442.0,gpcc2025
1983-02-01,drycorridor_wet,2.0251253209369775,443.0,gpcc2025
1983-03-01,drycorridor_wet,1.7531254941683068,440.0,gpcc2025
1983-04-01,drycorridor_wet,1.8000750449690706,447.0,gpcc2025
1983-05-01,drycorridor_wet,4.135560402550397,445.0,gpcc2025
1983-06-01,drycorridor_wet,8.687774127718003,447.0,gpcc2025
1983-07-01,drycorridor_wet,12.540728925499204,449.0,gpcc2025
1983-08-01,drycorridor_wet,9.31780743771685,448.0,gpcc2025
1983-09-01,drycorridor_wet,10.54396609546364,438.0,gpcc2025
1983-10-01,drycorridor_wet,11.003444179510796,446.0,gpcc2025
1983-11-01,drycorridor_wet,6.484955023547835,437.0,gpcc2025
1983-12-01,drycorridor_wet,6.055658745709634,439.0,gpcc2025
1984-01-01,drycorridor_wet,4.5740964847720305,427.0,gpcc2025
1984-02-01,drycorridor_wet,4.634102334561302,424.0,gpcc2025
1984-03-01,drycorridor_wet,2.0872129149611762,428.0,gpcc2025
1984-04-01,drycorridor_wet,1.6259164974711944,422.0,gpcc2025
1984-05-01,drycorridor_wet,8.136254552502592,419.0,gpcc2025
1984-06-01,drycorridor_wet,9.72220443454592,418.0,gpcc2025
1984-07-01,drycorridor_wet,10.94786301567619,423.0,gpcc2025
1984-08-01,drycorridor_wet,10.55500107588627,419.0,gpcc2025
1984-09-01,drycorridor_wet,10.84061287953383,425.0,gpcc2025
1984-10-01,drycorridor_wet,9.519417137921709,424.0,gpcc2025
1984-11-01,drycorridor_wet,6.842050736245725,421.0,gpcc2025
1984-12-01,drycorridor_wet,5.0057284387500145,416.0,gpcc2025
1985-01-01,drycorridor_wet,3.106981888147517,416.0,gpcc2025
1985-02-01,drycorridor_wet,3.301552150060787,415.0,gpcc2025
1985-03-01,drycorridor_wet,2.0940817706821058,412.0,gpcc2025
1985-04-01,drycorridor_wet,2.508249931316053,408.0,gpcc2025
1985-05-01,drycorridor_wet,4.778114248842947,408.0,gpcc2025
1985-06-01,drycorridor_wet,10.059609177027324,408.0,gpcc2025
1985-07-01,drycorridor_wet,8.958369165398482,396.0,gpcc2025
1985-08-01,drycorridor_wet,8.451998046754714,400.0,gpcc2025
1985-09-01,drycorridor_wet,8.150602648594633,402.0,gpcc2025
1985-10-01,drycorridor_wet,8.948352637311473,401.0,gpcc2025
1985-11-01,drycorridor_wet,5.752959779168312,399.0,gpcc2025
1985-12-01,drycorridor_wet,5.388918734786983,399.0,gpcc2025
1986-01-01,box_antilles,1.6537454488511099,48.0,gpcc2025
1986-02-01,box_antilles,1.2960130446982423,48.0,gpcc2025
1986-03-01,box_antilles,2.144093732614788,50.0,gpcc2025
1986-04-01,box_antilles,1.4103625728984646,50.0,gpcc2025
1986-05-01,box_antilles,4.5220762170798166,51.0,gpcc2025
1986-06-01,box_antilles,5.9503839961180915,51.0,gpcc2025
1986-07-01,box_antilles,2.2578456366097948,52.0,gpcc2025
1986-08-01,box_antilles,3.457492996817895,51.0,gpcc2025
1986-09-01,box_antilles,2.6448250380320983,53.0,gpcc2025
1986-10-01,box_antilles,3.81876023327614,51.0,gpcc2025
1986-11-01,box_antilles,1.2998552664580714,52.0,gpcc2025
1986-12-01,box_antilles,1.8480708193091064,53.0,gpcc2025
1987-01-01,box_antilles,1.9421531375049201,41.0,gpcc2025
1987-02-01,box_antilles,1.379849375018812,41.0,gpcc2025
1987-03-01,box_antilles,3.999020531896487,40.0,gpcc2025
1987-04-01,box_antilles,2.335373985995223,40.0,gpcc2025
1987-05-01,box_antilles,3.1307547486486076,42.0,gpcc2025
1987-06-01,box_antilles,3.9480210116761376,41.0,gpcc2025
1987-07-01,box_antilles,2.2566230099550753,42.0,gpcc2025
1987-08-01,box_antilles,3.4213017443326184,40.0,gpcc2025
1987-09-01,box_antilles,5.173455085624946,39.0,gpcc2025
1987-10-01,box_antilles,9.23732818587076,40.0,gpcc2025
1987-11-01,box_antilles,3.448542761056074,41.0,gpcc2025
1987-12-01,box_antilles,2.561011326564415,41.0,gpcc2025
1988-01-01,box_antilles,1.6680316729328237,40.0,gpcc2025
1988-02-01,box_antilles,0.8940404588394337,40.0,gpcc2025
1988-03-01,box_antilles,1.270025100447977,41.0,gpcc2025
1988-04-01,box_antilles,1.0385471744400592,41.0,gpcc2025
1988-05-01,box_antilles,7.582741439102893,38.0,gpcc2025
1988-06-01,box_antilles,7.408212418457385,40.0,gpcc2025
1988-07-01,box_antilles,4.3604013521538985,42.0,gpcc2025
1988-08-01,box_antilles,5.324843442655855,40.0,gpcc2025
1988-09-01,box_antilles,4.989666174955602,39.0,gpcc2025
1988-10-01,box_antilles,4.548861025541333,40.0,gpcc2025
1988-11-01,box_antilles,2.913063236332351,39.0,gpcc2025
1988-12-01,box_antilles,1.7155815729516681,39.0,gpcc2025
1989-01-01,box_antilles,0.9882926984215066,40.0,gpcc2025
1989-02-01,box_antilles,1.953881991561591,40.0,gpcc2025
1989-03-01,box_antilles,2.109558610039703,40.0,gpcc2025
1989-04-01,box_antilles,2.572061525129248,41.0,gpcc2025
1989-05-01,box_antilles,3.9748069583572336,41.0,gpcc2025
1989-06-01,box_antilles,2.284838560768487,40.0,gpcc2025
1989-07-01,box_antilles,3.69756265067163,41.0,gpcc2025
1989-08-01,box_antilles,4.485027650636658,41.0,gpcc2025
1989-09-01,box_antilles,5.035966218240206,40.0,gpcc2025
1989-10-01,box_antilles,3.3074212488781036,40.0,gpcc2025
1989-11-01,box_antilles,3.1991704911377306,40.0,gpcc2025
1989-12-01,box_antilles,2.4133277996348865,40.0,gpcc2025
1990-01-01,box_antilles,1.631060499080871,40.0,gpcc2025
1990-02-01,box_antilles,2.008840962316507,41.0,gpcc2025
1990-03-01,box_antilles,2.0410762868445853,40.0,gpcc2025
1990-04-01,box_antilles,2.5542889316062083,40.0,gpcc2025
1990-05-01,box_antilles,5.477063351895276,40.0,gpcc2025
1990-06-01,box_antilles,3.326778446769459,39.0,gpcc2025
1990-07-01,box_antilles,3.284836690335339,41.0,gpcc2025
1990-08-01,box_antilles,3.2022477162925096,39.0,gpcc2025
1990-09-01,box_antilles,4.759974236338041,40.0,gpcc2025
1990-10-01,box_antilles,6.72774303202861,40.0,gpcc2025
1990-11-01,box_antilles,3.065665440461213,38.0,gpcc2025
1990-12-01,box_antilles,1.4653077189556618,38.0,gpcc2025
1986-01-01,box_inlandnw,2.6063401054488224,797.0,gpcc2025
1986-02-01,box_inlandnw,2.525088375172859,797.0,gpcc2025
1986-03-01,box_inlandnw,1.7054777656567963,793.0,gpcc2025
1986-04-01,box_inlandnw,1.471380536348282,809.0,gpcc2025
1986-05-01,box_inlandnw,1.9342863313927825,855.0,gpcc2025
1986-06-01,box_inlandnw,1.6680473004502339,872.0,gpcc2025
1986-07-01,box_inlandnw,2.5267741020764865,875.0,gpcc2025
1986-08-01,box_inlandnw,0.6052718787578364,876.0,gpcc2025
1986-09-01,box_inlandnw,2.616144476222192,827.0,gpcc2025
1986-10-01,box_inlandnw,1.184040082726449,824.0,gpcc2025
1986-11-01,box_inlandnw,3.176017364046601,812.0,gpcc2025
1986-12-01,box_inlandnw,1.4551415546476265,807.0,gpcc2025
1987-01-01,box_inlandnw,2.0401298352122783,809.0,gpcc2025
1987-02-01,box_inlandnw,1.3897315577825462,801.0,gpcc2025
1987-03-01,box_inlandnw,2.2157085654566617,808.0,gpcc2025
1987-04-01,box_inlandnw,1.2530284313696933,809.0,gpcc2025
1987-05-01,box_inlandnw,1.715352963712807,859.0,gpcc2025
1987-06-01,box_inlandnw,1.2595944141783577,872.0,gpcc2025
1987-07-01,box_inlandnw,2.450762019812687,874.0,gpcc2025
1987-08-01,box_inlandnw,1.5723628990737448,870.0,gpcc2025
1987-09-01,box_inlandnw,0.614881610672522,830.0,gpcc2025
1987-10-01,box_inlandnw,0.4542717192554048,823.0,gpcc2025
1987-11-01,box_inlandnw,1.532538172839657,818.0,gpcc2025
1987-12-01,box_inlandnw,2.4413019331476473,825.0,gpcc2025
1988-01-01,box_inlandnw,1.8442918921421045,820.0,gpcc2025
1988-02-01,box_inlandnw,1.4718454871003872,823.0,gpcc2025
1988-03-01,box_inlandnw,2.0452275646075098,817.0,gpcc2025
1988-04-01,box_inlandnw,1.7091086573565732,818.0,gpcc2025
1988-05-01,box_inlandnw,1.770456261456764,871.0,gpcc2025
1988-06-01,box_inlandnw,2.3504396860754677,878.0,gpcc2025
1988-07-01,box_inlandnw,1.3957430699805737,884.0,gpcc2025
1988-08-01,box_inlandnw,1.3079564817122225,883.0,gpcc2025
1988-09-01,box_inlandnw,1.5459481890804427,842.0,gpcc2025
1988-10-01,box_inlandnw,1.2466116363068098,826.0,gpcc2025
1988-11-01,box_inlandnw,2.990910595911066,822.0,gpcc2025
1988-12-01,box_inlandnw,1.9344383817573096,761.0,gpcc2025
1989-01-01,box_inlandnw,2.577040585842743,810.0,gpcc2025
1989-02-01,box_inlandnw,1.248789303984127,815.0,gpcc2025
1989-03-01,box_inlandnw,2.1133690583149454,814.0,gpcc2025
1989-04-01,box_inlandnw,1.252035359257008,826.0,gpcc2025
1989-05-01,box_inlandnw,1.9205354816095987,871.0,gpcc2025
1989-06-01,box_inlandnw,1.9004038909739422,877.0,gpcc2025
1989-07-01,box_inlandnw,1.628878002906739,884.0,gpcc2025
1989-08-01,box_inlandnw,2.721050382243945,887.0,gpcc2025
1989-09-01,box_inlandnw,0.9007764283329075,839.0,gpcc2025
1989-10-01,box_inlandnw,1.701178234276945,832.0,gpcc2025
1989-11-01,box_inlandnw,2.732077005147268,823.0,gpcc2025
1989-12-01,box_inlandnw,1.8633029030745398,832.0,gpcc2025
1990-01-01,box_inlandnw,3.1365262731424046,818.0,gpcc2025
1990-02-01,box_inlandnw,2.3850688738764023,817.0,gpcc2025
1990-03-01,box_inlandnw,1.2387514055672058,825.0,gpcc2025
1990-04-01,box_inlandnw,1.4768079093934132,829.0,gpcc2025
1990-05-01,box_inlandnw,2.316388736864204,877.0,gpcc2025
1990-06-01,box_inlandnw,2.4720640258170476,877.0,gpcc2025
1990-07-01,box_inlandnw,1.592074209008438,887.0,gpcc2025
1990-08-01,box_inlandnw,1.538744276522984,884.0,gpcc2025
1990-09-01,box_inlandnw,0.40285799426794944,838.0,gpcc2025
1990-10-01,box_inlandnw,2.790306525509257,818.0,gpcc2025
1990-11-01,box_inlandnw,4.132173898852081,810.0,gpcc2025
1990-12-01,box_inlandnw,2.6174197478499477,791.0,gpcc2025
1986-01-01,box_srilanka,7.968000440513634,19.0,gpcc2025
1986-02-01,box_srilanka,3.7785910972166206,17.0,gpcc2025
1986-03-01,box_srilanka,4.771298222058161,19.0,gpcc2025
1986-04-01,box_srilanka,3.3115196238877918,19.0,gpcc2025
1986-05-01,box_srilanka,3.4215778181293346,19.0,gpcc2025
1986-06-01,box_srilanka,0.8634115882621789,18.0,gpcc2025
1986-07-01,box_srilanka,1.2120585631915608,18.0,gpcc2025
1986-08-01,box_srilanka,2.093651636438185,18.0,gpcc2025
1986-09-01,box_srilanka,3.48264246851542,18.0,gpcc2025
1986-10-01,box_srilanka,8.419933956106956,19.0,gpcc2025
1986-11-01,box_srilanka,5.484186515440427,19.0,gpcc2025
1986-12-01,box_srilanka,4.86670134804638,19.0,gpcc2025
1987-01-01,box_srilanka,4.102359276160649,18.0,gpcc2025
1987-02-01,box_srilanka,1.0000480816782515,18.0,gpcc2025
1987-03-01,box_srilanka,1.81606800360174,18.0,gpcc2025
1987-04-01,box_srilanka,5.417527360895221,17.0,gpcc2025
1987-05-01,box_srilanka,3.9574739900568514,16.0,gpcc2025
1987-06-01,box_srilanka,1.865542227493318,18.0,gpcc2025
1987-07-01,box_srilanka,0.12690846503507333,18.0,gpcc2025
1987-08-01,box_srilanka,3.6954051261012433,17.0,gpcc2025
1987-09-01,box_srilanka,5.589560144504776,18.0,gpcc2025
1987-10-01,box_srilanka,12.205859318362457,15.0,gpcc2025
1987-11-01,box_srilanka,7.0834381699293925,15.0,gpcc2025
1987-12-01,box_srilanka,3.0447170579628002,18.0,gpcc2025
1988-01-01,box_srilanka,0.7039410046680901,19.0,gpcc2025
1988-02-01,box_srilanka,3.045581560772308,18.0,gpcc2025
1988-03-01,box_srilanka,3.3784712172794267,19.0,gpcc2025
1988-04-01,box_srilanka,7.428550981251112,19.0,gpcc2025
1988-05-01,box_srilanka,2.3270238076689695,19.0,gpcc2025
1988-06-01,box_srilanka,3.212227165952957,18.0,gpcc2025
1988-07-01,box_srilanka,2.8941837046346004,19.0,gpcc2025
1988-08-01,box_srilanka,5.1886666231046705,19.0,gpcc2025
1988-09-01,box_srilanka,5.2107001239698105,19.0,gpcc2025
1988-10-01,box_srilanka,2.9833186572752735,18.0,gpcc2025
1988-11-01,box_srilanka,8.744709904605147,18.0,gpcc2025
1988-12-01,box_srilanka,3.96044607278209,18.0,gpcc2025
1989-01-01,box_srilanka,2.7726395493327307,19.0,gpcc2025
1989-02-01,box_srilanka,0.5733236696605813,19.0,gpcc2025
1989-03-01,box_srilanka,2.080475395284569,19.0,gpcc2025
1989-04-01,box_srilanka,3.609400677172266,18.0,gpcc2025
1989-05-01,box_srilanka,3.431717013109749,19.0,gpcc2025
1989-06-01,box_srilanka,3.256236183658269,19.0,gpcc2025
1989-07-01,box_srilanka,5.292169277026921,19.0,gpcc2025
1989-08-01,box_srilanka,2.786992180684673,19.0,gpcc2025
1989-09-01,box_srilanka,5.0856227078912335,19.0,gpcc2025
1989-10-01,box_srilanka,7.803005438648042,19.0,gpcc2025
1989-11-01,box_srilanka,9.313327837836116,18.0,gpcc2025
1989-12-01,box_srilanka,2.494748329633638,19.0,gpcc2025
1990-01-01,box_srilanka,6.400571865098556,19.0,gpcc2025
1990-02-01,box_srilanka,1.2765363619383672,18.0,gpcc2025
1990-03-01,box_srilanka,3.4978892872724328,19.0,gpcc2025
1990-04-01,box_srilanka,3.1381458649306664,19.0,gpcc2025
1990-05-01,box_srilanka,5.947403958475449,19.0,gpcc2025
1990-06-01,box_srilanka,1.7752928755678963,15.0,gpcc2025
1990-07-01,box_srilanka,2.0246501274936324,15.0,gpcc2025
1990-08-01,box_srilanka,1.6543784479843682,17.0,gpcc2025
1990-09-01,box_srilanka,2.1424555250305857,18.0,gpcc2025
1990-10-01,box_srilanka,9.005711304063,18.0,gpcc2025
1990-11-01,box_srilanka,7.464279979752031,18.0,gpcc2025
1990-12-01,box_srilanka,8.5124689760968,18.0,gpcc2025
1986-01-01,box_seaustralia,1.57012696424618,1136.0,gpcc2025
1986-02-01,box_seaustralia,1.2957984678590169,1136.0,gpcc2025
1986-03-01,box_seaustralia,0.6660113150576299,1139.0,gpcc2025
1986-04-01,box_seaustralia,2.9954010116627514,1138.0,gpcc2025
1986-05-01,box_seaustralia,3.0645697533736573,1139.0,gpcc2025
1986-06-01,box_seaustralia,2.5447386149747584,1135.0,gpcc2025
1986-07-01,box_seaustralia,4.089715839757964,1135.0,gpcc2025
1986-08-01,box_seaustralia,2.2872499119833485,1135.0,gpcc2025
1986-09-01,box_seaustralia,2.759392458227962,1134.0,gpcc2025
1986-10-01,box_seaustralia,4.001737158890369,1127.0,gpcc2025
1986-11-01,box_seaustralia,1.2716775899227344,1130.0,gpcc2025
1986-12-01,box_seaustralia,3.0050495073055368,1123.0,gpcc2025
1987-01-01,box_seaustralia,2.2791512134483534,1126.0,gpcc2025
1987-02-01,box_seaustralia,2.086359860763971,1123.0,gpcc2025
1987-03-01,box_seaustralia,1.5649298114792407,1126.0,gpcc2025
1987-04-01,box_seaustralia,1.1731631603367183,1123.0,gpcc2025
1987-05-01,box_seaustralia,3.4252586998642993,1124.0,gpcc2025
1987-06-01,box_seaustralia,2.593926239665054,1123.0,gpcc2025
1987-07-01,box_seaustralia,2.9159221005728693,1121.0,gpcc2025
1987-08-01,box_seaustralia,1.8024988707911362,1120.0,gpcc2025
1987-09-01,box_seaustralia,1.7156772529869213,1122.0,gpcc2025
1987-10-01,box_seaustralia,1.8567321114154056,1127.0,gpcc2025
1987-11-01,box_seaustralia,2.461847717637576,1130.0,gpcc2025
1987-12-01,box_seaustralia,2.3037992548170747,1115.0,gpcc2025
1988-01-01,box_seaustralia,0.9618829368018321,1124.0,gpcc2025
1988-02-01,box_seaustralia,0.8846840351895713,1135.0,gpcc2025
1988-03-01,box_seaustralia,1.031265712057753,1142.0,gpcc2025
1988-04-01,box_seaustralia,1.7319824082386426,1136.0,gpcc2025
1988-05-01,box_seaustralia,3.9066754663199386,1139.0,gpcc2025
1988-06-01,box_seaustralia,3.0883067239648696,1142.0,gpcc2025
1988-07-01,box_seaustralia,3.5159197553406765,1139.0,gpcc2025
1988-08-01,box_seaustralia,2.5770229777892517,1135.0,gpcc2025
1988-09-01,box_seaustralia,3.098150509044152,1134.0,gpcc2025
1988-10-01,box_seaustralia,3.2080027685898553,1128.0,gpcc2025
1988-11-01,box_seaustralia,3.6069121432939464,1130.0,gpcc2025
1988-12-01,box_seaustralia,2.277478236320927,1126.0,gpcc2025
1989-01-01,box_seaustralia,1.6082869263441781,1134.0,gpcc2025
1989-02-01,box_seaustralia,1.0163924763826426,1133.0,gpcc2025
1989-03-01,box_seaustralia,3.143685550604769,1131.0,gpcc2025
1989-04-01,box_seaustralia,2.9939598754580206,1131.0,gpcc2025
1989-05-01,box_seaustralia,2.6604034159561927,1132.0,gpcc2025
1989-06-01,box_seaustralia,3.2479716268314194,1128.0,gpcc2025
1989-07-01,box_seaustralia,3.420792966770667,1117.0,gpcc2025
1989-08-01,box_seaustralia,2.775745515957316,1114.0,gpcc2025
1989-09-01,box_seaustralia,2.407992000338088,1112.0,gpcc2025
1989-10-01,box_seaustralia,3.845542668710337,1112.0,gpcc2025
1989-11-01,box_seaustralia,1.2405319728203585,1102.0,gpcc2025
1989-12-01,box_seaustralia,1.460025840934387,1102.0,gpcc2025
1990-01-01,box_seaustralia,1.1885536093280007,1111.0,gpcc2025
1990-02-01,box_seaustralia,2.5216240746290195,1108.0,gpcc2025
1990-03-01,box_seaustralia,1.2383466832126526,1103.0,gpcc2025
1990-04-01,box_seaustralia,3.0073209198370043,1114.0,gpcc2025
1990-05-01,box_seaustralia,1.8593715089551137,1106.0,gpcc2025
1990-06-01,box_seaustralia,3.096158533998791,1103.0,gpcc2025
1990-07-01,box_seaustralia,3.9067599135896924,1103.0,gpcc2025
1990-08-01,box_seaustralia,3.707959106277485,1100.0,gpcc2025
1990-09-01,box_seaustralia,2.3333530460650356,1098.0,gpcc2025
1990-10-01,box_seaustralia,2.8057734321282197,1097.0,gpcc2025
1990-11-01,box_seaustralia,1.4250542289945514,1097.0,gpcc2025
1990-12-01,box_seaustralia,1.6036394763430488,1091.0,gpcc2025
1986-01-01,box_ccanada,0.8397938542508133,195.0,gpcc2025
1986-02-01,box_ccanada,0.6748037530248057,198.0,gpcc2025
1986-03-01,box_ccanada,1.023620873686051,197.0,gpcc2025
1986-04-01,box_ccanada,2.178766550442529,198.0,gpcc2025
1986-05-01,box_ccanada,1.2480927012621204,197.0,gpcc2025
1986-06-01,box_ccanada,2.332475960331733,199.0,gpcc2025
1986-07-01,box_ccanada,3.0617891996760003,200.0,gpcc2025
1986-08-01,box_ccanada,2.200471103219692,200.0,gpcc2025
1986-09-01,box_ccanada,2.5306487572627403,203.0,gpcc2025
1986-10-01,box_ccanada,1.3435732020729227,202.0,gpcc2025
1986-11-01,box_ccanada,1.3547775395063841,197.0,gpcc2025
1986-12-01,box_ccanada,0.8720111566539864,198.0,gpcc2025
1987-01-01,box_ccanada,0.6576029571715798,195.0,gpcc2025
1987-02-01,box_ccanada,0.8506077137436385,196.0,gpcc2025
1987-03-01,box_ccanada,0.7566658239159847,194.0,gpcc2025
1987-04-01,box_ccanada,0.7013185952656406,197.0,gpcc2025
1987-05-01,box_ccanada,1.2771551316643144,201.0,gpcc2025
1987-06-01,box_ccanada,1.979002989848798,203.0,gpcc2025
1987-07-01,box_ccanada,2.5489688780450592,207.0,gpcc2025
1987-08-01,box_ccanada,3.262597762959438,209.0,gpcc2025
1987-09-01,box_ccanada,1.524323712144696,209.0,gpcc2025
1987-10-01,box_ccanada,1.4082501025482144,207.0,gpcc2025
1987-11-01,box_ccanada,0.8203215331942126,210.0,gpcc2025
1987-12-01,box_ccanada,0.8923065742595365,208.0,gpcc2025
1988-01-01,box_ccanada,0.7931306988626481,206.0,gpcc2025
1988-02-01,box_ccanada,0.6888401018776031,204.0,gpcc2025
1988-03-01,box_ccanada,1.25619603856809,205.0,gpcc2025
1988-04-01,box_ccanada,0.9248456450453264,207.0,gpcc2025
1988-05-01,box_ccanada,1.8876156420794932,210.0,gpcc2025
1988-06-01,box_ccanada,1.676107205829562,210.0,gpcc2025
1988-07-01,box_ccanada,2.4390177668818285,212.0,gpcc2025
1988-08-01,box_ccanada,2.318296854872646,212.0,gpcc2025
1988-09-01,box_ccanada,2.3104353082346543,212.0,gpcc2025
1988-10-01,box_ccanada,1.3982110245906598,209.0,gpcc2025
1988-11-01,box_ccanada,1.6361729631063506,208.0,gpcc2025
1988-12-01,box_ccanada,0.98251531723708,209.0,gpcc2025
1989-01-01,box_ccanada,0.934318348586764,208.0,gpcc2025
1989-02-01,box_ccanada,0.49851703827680094,208.0,gpcc2025
1989-03-01,box_ccanada,0.5453536214820027,210.0,gpcc2025
1989-04-01,box_ccanada,0.516085014805933,208.0,gpcc2025
1989-05-01,box_ccanada,1.6381840613902168,208.0,gpcc2025
1989-06-01,box_ccanada,1.9671609039020648,205.0,gpcc2025
1989-07-01,box_ccanada,1.516076492666951,204.0,gpcc2025
1989-08-01,box_ccanada,2.3409671311448395,202.0,gpcc2025
1989-09-01,box_ccanada,2.0126444515719317,202.0,gpcc2025
1989-10-01,box_ccanada,1.3638351422045871,203.0,gpcc2025
1989-11-01,box_ccanada,1.3049037736832692,206.0,gpcc2025
1989-12-01,box_ccanada,0.614938571652319,204.0,gpcc2025
1990-01-01,box_ccanada,1.2032077556337344,204.0,gpcc2025
1990-02-01,box_ccanada,0.657267062880674,201.0,gpcc2025
1990-03-01,box_ccanada,0.8421276889802982,201.0,gpcc2025
1990-04-01,box_ccanada,1.313361054480399,204.0,gpcc2025
1990-05-01,box_ccanada,0.8533197560540811,204.0,gpcc2025
1990-06-01,box_ccanada,2.7097827920929647,206.0,gpcc2025
1990-07-01,box_ccanada,2.2739581494080685,206.0,gpcc2025
1990-08-01,box_ccanada,2.082015827945623,205.0,gpcc2025
1990-09-01,box_ccanada,1.6631881984020918,201.0,gpcc2025
1990-10-01,box_ccanada,1.3999698378287129,202.0,gpcc2025
1990-11-01,box_ccanada,1.5130627617363777,199.0,gpcc2025
1990-12-01,box_ccanada,1.0049418360308553,196.0,gpcc2025
1986-01-01,box_hawaii,,175.0,gpcc2025
1986-02-01,box_hawaii,,178.0,gpcc2025
1986-03-01,box_hawaii,,175.0,gpcc2025
1986-04-01,box_hawaii,,175.0,gpcc2025
1986-05-01,box_hawaii,,172.0,gpcc2025
1986-06-01,box_hawaii,,173.0,gpcc2025
1986-07-01,box_hawaii,,172.0,gpcc2025
1986-08-01,box_hawaii,,170.0,gpcc2025
1986-09-01,box_hawaii,,175.0,gpcc2025
1986-10-01,box_hawaii,,172.0,gpcc2025
1986-11-01,box_hawaii,,152.0,gpcc2025
1986-12-01,box_hawaii,,161.0,gpcc2025
1987-01-01,box_hawaii,,129.0,gpcc2025
1987-02-01,box_hawaii,,146.0,gpcc2025
1987-03-01,box_hawaii,,144.0,gpcc2025
1987-04-01,box_hawaii,,143.0,gpcc2025
1987-05-01,box_hawaii,,138.0,gpcc2025
1987-06-01,box_hawaii,,143.0,gpcc2025
1987-07-01,box_hawaii,,143.0,gpcc2025
1987-08-01,box_hawaii,,135.0,gpcc2025
1987-09-01,box_hawaii,,141.0,gpcc2025
1987-10-01,box_hawaii,,139.0,gpcc2025
1987-11-01,box_hawaii,,121.0,gpcc2025
1987-12-01,box_hawaii,,129.0,gpcc2025
1988-01-01,box_hawaii,,112.0,gpcc2025
1988-02-01,box_hawaii,,139.0,gpcc2025
1988-03-01,box_hawaii,,143.0,gpcc2025
1988-04-01,box_hawaii,,123.0,gpcc2025
1988-05-01,box_hawaii,,134.0,gpcc2025
1988-06-01,box_hawaii,,148.0,gpcc2025
1988-07-01,box_hawaii,,137.0,gpcc2025
1988-08-01,box_hawaii,,148.0,gpcc2025
1988-09-01,box_hawaii,,146.0,gpcc2025
1988-10-01,box_hawaii,,145.0,gpcc2025
1988-11-01,box_hawaii,,122.0,gpcc2025
1988-12-01,box_hawaii,,140.0,gpcc2025
1989-01-01,box_hawaii,,125.0,gpcc2025
1989-02-01,box_hawaii,,148.0,gpcc2025
1989-03-01,box_hawaii,,146.0,gpcc2025
1989-04-01,box_hawaii,,133.0,gpcc2025
1989-05-01,box_hawaii,,145.0,gpcc2025
1989-06-01,box_hawaii,,149.0,gpcc2025
1989-07-01,box_hawaii,,128.0,gpcc2025
1989-08-01,box_hawaii,,145.0,gpcc2025
1989-09-01,box_hawaii,,134.0,gpcc2025
1989-10-01,box_hawaii,,137.0,gpcc2025
1989-11-01,box_hawaii,,141.0,gpcc2025
1989-12-01,box_hawaii,,141.0,gpcc2025
1990-01-01,box_hawaii,,129.0,gpcc2025
1990-02-01,box_hawaii,,143.0,gpcc2025
1990-03-01,box_hawaii,,139.0,gpcc2025
1990-04-01,box_hawaii,,139.0,gpcc2025
1990-05-01,box_hawaii,,143.0,gpcc2025
1990-06-01,box_hawaii,,138.0,gpcc2025
1990-07-01,box_hawaii,,127.0,gpcc2025
1990-08-01,box_hawaii,,145.0,gpcc2025
1990-09-01,box_hawaii,,131.0,gpcc2025
1990-10-01,box_hawaii,,136.0,gpcc2025
1990-11-01,box_hawaii,,122.0,gpcc2025
1990-12-01,box_hawaii,,121.0,gpcc2025
1986-01-01,drycorridor_wet,3.954786846123144,393.0,gpcc2025
1986-02-01,drycorridor_wet,1.6229504913597737,391.0,gpcc2025
1986-03-01,drycorridor_wet,2.926849927057881,390.0,gpcc2025
1986-04-01,drycorridor_wet,2.254202685541352,384.0,gpcc2025
1986-05-01,drycorridor_wet,7.199203351245005,388.0,gpcc2025
1986-06-01,drycorridor_wet,10.375287904864882,383.0,gpcc2025
1986-07-01,drycorridor_wet,9.485123001789248,385.0,gpcc2025
1986-08-01,drycorridor_wet,9.100757508272222,384.0,gpcc2025
1986-09-01,drycorridor_wet,10.177404011659752,382.0,gpcc2025
1986-10-01,drycorridor_wet,10.03991522966369,383.0,gpcc2025
1986-11-01,drycorridor_wet,6.966469486633449,385.0,gpcc2025
1986-12-01,drycorridor_wet,4.313906006326949,380.0,gpcc2025
1987-01-01,drycorridor_wet,2.570234425193675,317.0,gpcc2025
1987-02-01,drycorridor_wet,1.1196126183933708,314.0,gpcc2025
1987-03-01,drycorridor_wet,2.089547043650541,317.0,gpcc2025
1987-04-01,drycorridor_wet,2.8628619882688393,311.0,gpcc2025
1987-05-01,drycorridor_wet,4.607258640802075,313.0,gpcc2025
1987-06-01,drycorridor_wet,10.094151724421097,312.0,gpcc2025
1987-07-01,drycorridor_wet,13.534042734244125,310.0,gpcc2025
1987-08-01,drycorridor_wet,10.13518408762786,311.0,gpcc2025
1987-09-01,drycorridor_wet,8.36556761679896,310.0,gpcc2025
1987-10-01,drycorridor_wet,8.778848485390201,310.0,gpcc2025
1987-11-01,drycorridor_wet,5.55672245854941,310.0,gpcc2025
1987-12-01,drycorridor_wet,5.071024844168149,310.0,gpcc2025
1988-01-01,drycorridor_wet,5.457856429010998,325.0,gpcc2025
1988-02-01,drycorridor_wet,3.4058607758175863,322.0,gpcc2025
1988-03-01,drycorridor_wet,2.296034406562012,312.0,gpcc2025
1988-04-01,drycorridor_wet,1.8716737338962008,320.0,gpcc2025
1988-05-01,drycorridor_wet,5.249343418736898,320.0,gpcc2025
1988-06-01,drycorridor_wet,9.805434983208198,316.0,gpcc2025
1988-07-01,drycorridor_wet,9.765851867514838,316.0,gpcc2025
1988-08-01,drycorridor_wet,12.33205713672024,315.0,gpcc2025
1988-09-01,drycorridor_wet,11.35762450708034,322.0,gpcc2025
1988-10-01,drycorridor_wet,13.668299254929716,315.0,gpcc2025
1988-11-01,drycorridor_wet,6.704189558156036,316.0,gpcc2025
1988-12-01,drycorridor_wet,5.9596441443571155,316.0,gpcc2025
1989-01-01,drycorridor_wet,4.387445797877501,319.0,gpcc2025
1989-02-01,drycorridor_wet,3.114430727643185,321.0,gpcc2025
1989-03-01,drycorridor_wet,1.7566776545747707,318.0,gpcc2025
1989-04-01,drycorridor_wet,2.626068189372612,323.0,gpcc2025
1989-05-01,drycorridor_wet,5.583103392568311,316.0,gpcc2025
1989-06-01,drycorridor_wet,8.182454993014668,314.0,gpcc2025
1989-07-01,drycorridor_wet,9.923890507878124,312.0,gpcc2025
1989-08-01,drycorridor_wet,7.672229359225533,317.0,gpcc2025
1989-09-01,drycorridor_wet,11.45130927665014,315.0,gpcc2025
1989-10-01,drycorridor_wet,9.08887810254459,314.0,gpcc2025
1989-11-01,drycorridor_wet,7.926552883044345,307.0,gpcc2025
1989-12-01,drycorridor_wet,5.596870340526338,302.0,gpcc2025
1990-01-01,drycorridor_wet,5.505312893059374,326.0,gpcc2025
1990-02-01,drycorridor_wet,2.5693204387393287,326.0,gpcc2025
1990-03-01,drycorridor_wet,3.30246565371979,325.0,gpcc2025
1990-04-01,drycorridor_wet,3.0449585829256836,319.0,gpcc2025
1990-05-01,drycorridor_wet,7.427638944794918,320.0,gpcc2025
1990-06-01,drycorridor_wet,9.688184167203216,325.0,gpcc2025
1990-07-01,drycorridor_wet,8.05104221424902,322.0,gpcc2025
1990-08-01,drycorridor_wet,9.923665087361773,324.0,gpcc2025
1990-09-01,drycorridor_wet,9.051909994139995,326.0,gpcc2025
1990-10-01,drycorridor_wet,8.500926597326224,326.0,gpcc2025
1990-11-01,drycorridor_wet,11.672237444450818,325.0,gpcc2025
1990-12-01,drycorridor_wet,6.025793647427053,319.0,gpcc2025
1991-01-01,box_antilles,0.9270385252673471,36.0,gpcc2025
1991-02-01,box_antilles,1.0427124508796064,38.0,gpcc2025
1991-03-01,box_antilles,0.9592465418102643,37.0,gpcc2025
1991-04-01,box_antilles,2.355945318347737,35.0,gpcc2025
1991-05-01,box_antilles,6.607714689064074,36.0,gpcc2025
1991-06-01,box_antilles,4.609687569893381,35.0,gpcc2025
1991-07-01,box_antilles,2.9042605750836628,35.0,gpcc2025
1991-08-01,box_antilles,4.087590346874017,35.0,gpcc2025
1991-09-01,box_antilles,4.705387043005913,35.0,gpcc2025
1991-10-01,box_antilles,4.983444132185489,34.0,gpcc2025
1991-11-01,box_antilles,3.0711716250738297,34.0,gpcc2025
1991-12-01,box_antilles,1.6518867518822415,35.0,gpcc2025
1992-01-01,box_antilles,1.063088827883998,36.0,gpcc2025
1992-02-01,box_antilles,2.5865880388713376,34.0,gpcc2025
1992-03-01,box_antilles,1.551838124057999,33.0,gpcc2025
1992-04-01,box_antilles,2.5328082234779146,35.0,gpcc2025
1992-05-01,box_antilles,3.570704793347081,37.0,gpcc2025
1992-06-01,box_antilles,5.9335629049110725,32.0,gpcc2025
1992-07-01,box_antilles,2.7708292255763065,34.0,gpcc2025
1992-08-01,box_antilles,3.4840294512668764,35.0,gpcc2025
1992-09-01,box_antilles,5.4579062847608135,35.0,gpcc2025
1992-10-01,box_antilles,3.2907234308434914,35.0,gpcc2025
1992-11-01,box_antilles,3.0403739020436418,37.0,gpcc2025
1992-12-01,box_antilles,1.7160554181510823,33.0,gpcc2025
1993-01-01,box_antilles,3.104963346312133,38.0,gpcc2025
1993-02-01,box_antilles,1.5045187364970496,38.0,gpcc2025
1993-03-01,box_antilles,2.8611365486400997,36.0,gpcc2025
1993-04-01,box_antilles,3.599449042570725,35.0,gpcc2025
1993-05-01,box_antilles,6.480174526622579,37.0,gpcc2025
1993-06-01,box_antilles,3.161978864914828,37.0,gpcc2025
1993-07-01,box_antilles,2.2894652555331922,35.0,gpcc2025
1993-08-01,box_antilles,2.9253632564165946,35.0,gpcc2025
1993-09-01,box_antilles,4.602504601195023,37.0,gpcc2025
1993-10-01,box_antilles,5.023699107537766,35.0,gpcc2025
1993-11-01,box_antilles,5.376176964095933,34.0,gpcc2025
1993-12-01,box_antilles,1.956064244704042,31.0,gpcc2025
1994-01-01,box_antilles,1.8844956885268402,25.0,gpcc2025
1994-02-01,box_antilles,2.036176198887323,24.0,gpcc2025
1994-03-01,box_antilles,1.5363879986551316,25.0,gpcc2025
1994-04-01,box_antilles,3.0621252589946493,26.0,gpcc2025
1994-05-01,box_antilles,7.07557781242274,25.0,gpcc2025
1994-06-01,box_antilles,3.098886908684443,24.0,gpcc2025
1994-07-01,box_antilles,2.8685483792424185,24.0,gpcc2025
1994-08-01,box_antilles,3.595474484095302,24.0,gpcc2025
1994-09-01,box_antilles,5.921617780153012,25.0,gpcc2025
1994-10-01,box_antilles,3.42496624986602,20.0,gpcc2025
1994-11-01,box_antilles,4.433391470232365,18.0,gpcc2025
1994-12-01,box_antilles,1.6267811952777416,19.0,gpcc2025
1995-01-01,box_antilles,1.9892613071105538,18.0,gpcc2025
1995-02-01,box_antilles,1.2843802838813754,19.0,gpcc2025
1995-03-01,box_antilles,1.8268797450417749,24.0,gpcc2025
1995-04-01,box_antilles,2.271112894768669,27.0,gpcc2025
1995-05-01,box_antilles,3.3953652233917184,25.0,gpcc2025
1995-06-01,box_antilles,6.478031628343264,24.0,gpcc2025
1995-07-01,box_antilles,5.716267331319684,26.0,gpcc2025
1995-08-01,box_antilles,6.0536320996884925,27.0,gpcc2025
1995-09-01,box_antilles,5.624105295792139,19.0,gpcc2025
1995-10-01,box_antilles,5.791599405805497,27.0,gpcc2025
1995-11-01,box_antilles,2.3737719722920527,19.0,gpcc2025
1995-12-01,box_antilles,2.7206718101725604,20.0,gpcc2025
1991-01-01,box_inlandnw,1.713868048791624,808.0,gpcc2025
1991-02-01,box_inlandnw,2.153481221739306,819.0,gpcc2025
1991-03-01,box_inlandnw,1.4958868675652837,819.0,gpcc2025
1991-04-01,box_inlandnw,1.8849375824704795,821.0,gpcc2025
1991-05-01,box_inlandnw,2.1037798648024317,871.0,gpcc2025
1991-06-01,box_inlandnw,2.7447525491297657,879.0,gpcc2025
1991-07-01,box_inlandnw,1.1817202814013295,878.0,gpcc2025
1991-08-01,box_inlandnw,1.9186956782129732,879.0,gpcc2025
1991-09-01,box_inlandnw,0.6519284992038205,842.0,gpcc2025
1991-10-01,box_inlandnw,1.3455709324220004,823.0,gpcc2025
1991-11-01,box_inlandnw,3.0785359599757434,814.0,gpcc2025
1991-12-01,box_inlandnw,2.0379872683311047,814.0,gpcc2025
1992-01-01,box_inlandnw,2.88945876900021,806.0,gpcc2025
1992-02-01,box_inlandnw,1.5057905742258184,811.0,gpcc2025
1992-03-01,box_inlandnw,0.5446990668635647,815.0,gpcc2025
1992-04-01,box_inlandnw,1.9815806655336905,819.0,gpcc2025
1992-05-01,box_inlandnw,1.099881428249007,872.0,gpcc2025
1992-06-01,box_inlandnw,1.9305545509975865,878.0,gpcc2025
1992-07-01,box_inlandnw,1.7913258761822064,868.0,gpcc2025
1992-08-01,box_inlandnw,1.0199560956930276,881.0,gpcc2025
1992-09-01,box_inlandnw,1.8077639363933946,837.0,gpcc2025
1992-10-01,box_inlandnw,1.638102448361279,815.0,gpcc2025
1992-11-01,box_inlandnw,2.292428858326853,808.0,gpcc2025
1992-12-01,box_inlandnw,2.1989264464264036,801.0,gpcc2025
1993-01-01,box_inlandnw,1.577915853775884,799.0,gpcc2025
1993-02-01,box_inlandnw,0.5641657314434034,809.0,gpcc2025
1993-03-01,box_inlandnw,1.748896861941853,808.0,gpcc2025
1993-04-01,box_inlandnw,2.344167309110278,815.0,gpcc2025
1993-05-01,box_inlandnw,1.8362895578320557,855.0,gpcc2025
1993-06-01,box_inlandnw,3.104673096724642,853.0,gpcc2025
1993-07-01,box_inlandnw,2.8566776559639426,863.0,gpcc2025
1993-08-01,box_inlandnw,1.7585800072107651,867.0,gpcc2025
1993-09-01,box_inlandnw,0.7370240751701284,832.0,gpcc2025
1993-10-01,box_inlandnw,1.2033971064253735,805.0,gpcc2025
1993-11-01,box_inlandnw,1.3834463006943656,791.0,gpcc2025
1993-12-01,box_inlandnw,2.253716903572026,780.0,gpcc2025
1994-01-01,box_inlandnw,2.3952896842840024,764.0,gpcc2025
1994-02-01,box_inlandnw,2.585945312433005,748.0,gpcc2025
1994-03-01,box_inlandnw,1.2431907078300977,777.0,gpcc2025
1994-04-01,box_inlandnw,1.2919187126598337,771.0,gpcc2025
1994-05-01,box_inlandnw,1.6134423626199985,819.0,gpcc2025
1994-06-01,box_inlandnw,2.4537919936379677,829.0,gpcc2025
1994-07-01,box_inlandnw,1.2276777870773052,826.0,gpcc2025
1994-08-01,box_inlandnw,1.1742085990882358,835.0,gpcc2025
1994-09-01,box_inlandnw,1.0773993952454042,786.0,gpcc2025
1994-10-01,box_inlandnw,2.2924929102019957,755.0,gpcc2025
1994-11-01,box_inlandnw,2.79241848785345,737.0,gpcc2025
1994-12-01,box_inlandnw,2.698810189176504,730.0,gpcc2025
1995-01-01,box_inlandnw,2.0824233118624855,734.0,gpcc2025
1995-02-01,box_inlandnw,1.886723991791883,748.0,gpcc2025
1995-03-01,box_inlandnw,1.849851860772557,750.0,gpcc2025
1995-04-01,box_inlandnw,1.5420489733826772,735.0,gpcc2025
1995-05-01,box_inlandnw,1.2967997248197347,793.0,gpcc2025
1995-06-01,box_inlandnw,2.5448002805902945,790.0,gpcc2025
1995-07-01,box_inlandnw,2.1612466838179203,796.0,gpcc2025
1995-08-01,box_inlandnw,2.065132779630895,787.0,gpcc2025
1995-09-01,box_inlandnw,1.02341795912784,743.0,gpcc2025
1995-10-01,box_inlandnw,2.4293404996535637,714.0,gpcc2025
1995-11-01,box_inlandnw,4.571088227673951,717.0,gpcc2025
1995-12-01,box_inlandnw,2.708259126668991,660.0,gpcc2025
1991-01-01,box_srilanka,5.790998519324765,17.0,gpcc2025
1991-02-01,box_srilanka,1.345346942462219,18.0,gpcc2025
1991-03-01,box_srilanka,3.659442536204435,18.0,gpcc2025
1991-04-01,box_srilanka,3.2160090838987845,17.0,gpcc2025
1991-05-01,box_srilanka,3.8811486080040494,18.0,gpcc2025
1991-06-01,box_srilanka,3.649681063819557,18.0,gpcc2025
1991-07-01,box_srilanka,1.9432673560891212,17.0,gpcc2025
1991-08-01,box_srilanka,2.163972445691523,17.0,gpcc2025
1991-09-01,box_srilanka,2.339153425681483,17.0,gpcc2025
1991-10-01,box_srilanka,7.910675838957835,16.0,gpcc2025
1991-11-01,box_srilanka,8.787508413502374,17.0,gpcc2025
1991-12-01,box_srilanka,7.0193469509644935,17.0,gpcc2025
1992-01-01,box_srilanka,0.9719584522491531,16.0,gpcc2025
1992-02-01,box_srilanka,0.2271017482012426,15.0,gpcc2025
1992-03-01,box_srilanka,0.13523706444423245,16.0,gpcc2025
1992-04-01,box_srilanka,3.1091189375673376,16.0,gpcc2025
1992-05-01,box_srilanka,5.51360143634107,16.0,gpcc2025
1992-06-01,box_srilanka,2.4197426169534606,16.0,gpcc2025
1992-07-01,box_srilanka,2.656623872644502,16.0,gpcc2025
1992-08-01,box_srilanka,1.5856961360767747,16.0,gpcc2025
1992-09-01,box_srilanka,4.508525467356065,16.0,gpcc2025
1992-10-01,box_srilanka,5.103143456065068,16.0,gpcc2025
1992-11-01,box_srilanka,12.95478932558831,16.0,gpcc2025
1992-12-01,box_srilanka,6.211708787222348,16.0,gpcc2025
1993-01-01,box_srilanka,0.41313680762993604,16.0,gpcc2025
1993-02-01,box_srilanka,1.183551355778297,16.0,gpcc2025
1993-03-01,box_srilanka,1.5142975672138321,16.0,gpcc2025
1993-04-01,box_srilanka,3.0049859064054645,16.0,gpcc2025
1993-05-01,box_srilanka,6.494888789744827,16.0,gpcc2025
1993-06-01,box_srilanka,3.5374707775401038,15.0,gpcc2025
1993-07-01,box_srilanka,2.1109162789337024,16.0,gpcc2025
1993-08-01,box_srilanka,1.3082391621356428,16.0,gpcc2025
1993-09-01,box_srilanka,2.40616650102286,16.0,gpcc2025
1993-10-01,box_srilanka,9.236302797019563,17.0,gpcc2025
1993-11-01,box_srilanka,13.016346807309382,16.0,gpcc2025
1993-12-01,box_srilanka,12.477655886607167,16.0,gpcc2025
1994-01-01,box_srilanka,5.089125959789563,17.0,gpcc2025
1994-02-01,box_srilanka,5.885172359832994,16.0,gpcc2025
1994-03-01,box_srilanka,1.4309942465842012,17.0,gpcc2025
1994-04-01,box_srilanka,3.2748161621100453,17.0,gpcc2025
1994-05-01,box_srilanka,3.5910785260679234,17.0,gpcc2025
1994-06-01,box_srilanka,1.6757697171886377,16.0,gpcc2025
1994-07-01,box_srilanka,1.6808357697851326,16.0,gpcc2025
1994-08-01,box_srilanka,1.4239460163105804,16.0,gpcc2025
1994-09-01,box_srilanka,5.621494453276314,17.0,gpcc2025
1994-10-01,box_srilanka,10.263381371616791,17.0,gpcc2025
1994-11-01,box_srilanka,14.347813210900652,15.0,gpcc2025
1994-12-01,box_srilanka,4.9146249185130095,15.0,gpcc2025
1995-01-01,box_srilanka,5.092765587049173,21.0,gpcc2025
1995-02-01,box_srilanka,2.178914281913312,21.0,gpcc2025
1995-03-01,box_srilanka,1.3216465510338333,20.0,gpcc2025
1995-04-01,box_srilanka,7.137424801948587,18.0,gpcc2025
1995-05-01,box_srilanka,6.334173144219285,21.0,gpcc2025
1995-06-01,box_srilanka,3.5662483631529134,21.0,gpcc2025
1995-07-01,box_srilanka,1.584451929002379,20.0,gpcc2025
1995-08-01,box_srilanka,2.5270918776816713,21.0,gpcc2025
1995-09-01,box_srilanka,2.275491725735175,19.0,gpcc2025
1995-10-01,box_srilanka,7.091352674892182,17.0,gpcc2025
1995-11-01,box_srilanka,8.24754687045484,17.0,gpcc2025
1995-12-01,box_srilanka,2.9114682789944504,15.0,gpcc2025
1991-01-01,box_seaustralia,3.09094968558702,1090.0,gpcc2025
1991-02-01,box_seaustralia,0.5977533582145843,1089.0,gpcc2025
1991-03-01,box_seaustralia,1.817480056784312,1100.0,gpcc2025
1991-04-01,box_seaustralia,1.4476124912922161,1098.0,gpcc2025
1991-05-01,box_seaustralia,0.8255312607146479,1098.0,gpcc2025
1991-06-01,box_seaustralia,5.06174759988511,1100.0,gpcc2025
1991-07-01,box_seaustralia,3.5937991630672546,1092.0,gpcc2025
1991-08-01,box_seaustralia,5.145220403170592,1093.0,gpcc2025
1991-09-01,box_seaustralia,3.1990524178177306,1097.0,gpcc2025
1991-10-01,box_seaustralia,1.126273439249566,1100.0,gpcc2025
1991-11-01,box_seaustralia,2.046127390724106,1097.0,gpcc2025
1991-12-01,box_seaustralia,2.6014930997519135,1089.0,gpcc2025
1992-01-01,box_seaustralia,1.4979118136116023,1082.0,gpcc2025
1992-02-01,box_seaustralia,1.6537652362761577,1082.0,gpcc2025
1992-03-01,box_seaustralia,1.0505337051206973,1088.0,gpcc2025
1992-04-01,box_seaustralia,3.131237306341425,1089.0,gpcc2025
1992-05-01,box_seaustralia,2.823112433692153,1091.0,gpcc2025
1992-06-01,box_seaustralia,2.965959099303198,1090.0,gpcc2025
1992-07-01,box_seaustralia,3.137476620935657,1081.0,gpcc2025
1992-08-01,box_seaustralia,3.9614849387000253,1074.0,gpcc2025
1992-09-01,box_seaustralia,3.824769979772043,1074.0,gpcc2025
1992-10-01,box_seaustralia,3.169471144312396,1073.0,gpcc2025
1992-11-01,box_seaustralia,3.23939259985616,1078.0,gpcc2025
1992-12-01,box_seaustralia,2.8947916297784593,1075.0,gpcc2025
1993-01-01,box_seaustralia,2.153125301877451,1065.0,gpcc2025
1993-02-01,box_seaustralia,2.8701961837780785,1061.0,gpcc2025
1993-03-01,box_seaustralia,1.698723619442322,1063.0,gpcc2025
1993-04-01,box_seaustralia,0.7883546952482575,1066.0,gpcc2025
1993-05-01,box_seaustralia,1.8120451823408665,1058.0,gpcc2025
1993-06-01,box_seaustralia,2.7165969387960263,1061.0,gpcc2025
1993-07-01,box_seaustralia,3.225638039195477,1051.0,gpcc2025
1993-08-01,box_seaustralia,2.8862622265896034,1050.0,gpcc2025
1993-09-01,box_seaustralia,3.3872750798315137,1053.0,gpcc2025
1993-10-01,box_seaustralia,2.9832789310156085,1053.0,gpcc2025
1993-11-01,box_seaustralia,2.3047542921312982,1056.0,gpcc2025
1993-12-01,box_seaustralia,3.7671513344677785,1050.0,gpcc2025
1994-01-01,box_seaustralia,1.9132201936835298,1057.0,gpcc2025
1994-02-01,box_seaustralia,2.418319937831201,1059.0,gpcc2025
1994-03-01,box_seaustralia,0.9702763195180144,1056.0,gpcc2025
1994-04-01,box_seaustralia,1.7060402974850317,1059.0,gpcc2025
1994-05-01,box_seaustralia,3.249403763635764,1054.0,gpcc2025
1994-06-01,box_seaustralia,2.5267692821859837,1049.0,gpcc2025
1994-07-01,box_seaustralia,2.3280175596106556,1059.0,gpcc2025
1994-08-01,box_seaustralia,1.9175260780260874,1063.0,gpcc2025
1994-09-01,box_seaustralia,2.2933925245415003,1063.0,gpcc2025
1994-10-01,box_seaustralia,1.995866968698148,1050.0,gpcc2025
1994-11-01,box_seaustralia,2.751211169515304,1055.0,gpcc2025
1994-12-01,box_seaustralia,0.8746625743356039,1039.0,gpcc2025
1995-01-01,box_seaustralia,2.6419582687362992,1049.0,gpcc2025
1995-02-01,box_seaustralia,1.4031078434258342,1043.0,gpcc2025
1995-03-01,box_seaustralia,1.8211474050866205,1039.0,gpcc2025
1995-04-01,box_seaustralia,3.467933498760242,1043.0,gpcc2025
1995-05-01,box_seaustralia,2.10436853198256,1042.0,gpcc2025
1995-06-01,box_seaustralia,3.765773041025148,1059.0,gpcc2025
1995-07-01,box_seaustralia,3.430092734311936,1063.0,gpcc2025
1995-08-01,box_seaustralia,2.479621551017371,1060.0,gpcc2025
1995-09-01,box_seaustralia,1.891103336696337,1057.0,gpcc2025
1995-10-01,box_seaustralia,2.539129168934621,1066.0,gpcc2025
1995-11-01,box_seaustralia,2.5705290706244255,1073.0,gpcc2025
1995-12-01,box_seaustralia,2.3552112467257826,1075.0,gpcc2025
1991-01-01,box_ccanada,0.6825163547374568,195.0,gpcc2025
1991-02-01,box_ccanada,0.40578063195618047,195.0,gpcc2025
1991-03-01,box_ccanada,0.7285247047360618,200.0,gpcc2025
1991-04-01,box_ccanada,1.1832346977095325,205.0,gpcc2025
1991-05-01,box_ccanada,1.5759615676518677,204.0,gpcc2025
1991-06-01,box_ccanada,2.3339120786868888,200.0,gpcc2025
1991-07-01,box_ccanada,2.746025349082831,198.0,gpcc2025
1991-08-01,box_ccanada,1.6974289880893383,201.0,gpcc2025
1991-09-01,box_ccanada,2.793833113880338,198.0,gpcc2025
1991-10-01,box_ccanada,1.7633394714051616,192.0,gpcc2025
1991-11-01,box_ccanada,1.5452725685906679,193.0,gpcc2025
1991-12-01,box_ccanada,0.7352492281092888,191.0,gpcc2025
1992-01-01,box_ccanada,0.7243790758418311,194.0,gpcc2025
1992-02-01,box_ccanada,0.7153606814714117,193.0,gpcc2025
1992-03-01,box_ccanada,0.6496668401073941,191.0,gpcc2025
1992-04-01,box_ccanada,1.2765014001412909,192.0,gpcc2025
1992-05-01,box_ccanada,1.6551578120914594,194.0,gpcc2025
1992-06-01,box_ccanada,1.771760744197463,192.0,gpcc2025
1992-07-01,box_ccanada,2.605505218337191,194.0,gpcc2025
1992-08-01,box_ccanada,2.6799130157700946,190.0,gpcc2025
1992-09-01,box_ccanada,3.32073847810342,193.0,gpcc2025
1992-10-01,box_ccanada,0.8075501640375371,188.0,gpcc2025
1992-11-01,box_ccanada,1.077177642866566,184.0,gpcc2025
1992-12-01,box_ccanada,1.0393151622228556,185.0,gpcc2025
1993-01-01,box_ccanada,0.4531552199673524,184.0,gpcc2025
1993-02-01,box_ccanada,0.41051410742302386,184.0,gpcc2025
1993-03-01,box_ccanada,0.4750956466615181,186.0,gpcc2025
1993-04-01,box_ccanada,0.7455373293038555,188.0,gpcc2025
1993-05-01,box_ccanada,1.2383808908389895,183.0,gpcc2025
1993-06-01,box_ccanada,2.2658162615396082,188.0,gpcc2025
1993-07-01,box_ccanada,3.4516080963568867,189.0,gpcc2025
1993-08-01,box_ccanada,3.068164190096888,186.0,gpcc2025
1993-09-01,box_ccanada,2.4016819883361986,187.0,gpcc2025
1993-10-01,box_ccanada,1.4231980740027366,183.0,gpcc2025
1993-11-01,box_ccanada,0.858533402231013,186.0,gpcc2025
1993-12-01,box_ccanada,0.5293783092687024,187.0,gpcc2025
1994-01-01,box_ccanada,0.4478815617752497,180.0,gpcc2025
1994-02-01,box_ccanada,0.5217096372385953,182.0,gpcc2025
1994-03-01,box_ccanada,0.7722708602795965,185.0,gpcc2025
1994-04-01,box_ccanada,0.8676969002812457,186.0,gpcc2025
1994-05-01,box_ccanada,1.40651477894563,187.0,gpcc2025
1994-06-01,box_ccanada,1.742372385717602,187.0,gpcc2025
1994-07-01,box_ccanada,2.7383342319211526,186.0,gpcc2025
1994-08-01,box_ccanada,2.018875093554974,188.0,gpcc2025
1994-09-01,box_ccanada,1.824545407754909,187.0,gpcc2025
1994-10-01,box_ccanada,1.8423863783980938,186.0,gpcc2025
1994-11-01,box_ccanada,1.7323792970981495,186.0,gpcc2025
1994-12-01,box_ccanada,0.737937046957025,183.0,gpcc2025
1995-01-01,box_ccanada,1.0877864905993095,180.0,gpcc2025
1995-02-01,box_ccanada,0.8354673688986913,182.0,gpcc2025
1995-03-01,box_ccanada,0.7503834218985961,183.0,gpcc2025
1995-04-01,box_ccanada,0.6353248367942377,181.0,gpcc2025
1995-05-01,box_ccanada,1.2665159641878505,179.0,gpcc2025
1995-06-01,box_ccanada,1.6542217415869855,182.0,gpcc2025
1995-07-01,box_ccanada,2.4542612636578465,181.0,gpcc2025
1995-08-01,box_ccanada,2.6000225455402055,182.0,gpcc2025
1995-09-01,box_ccanada,1.9175156781355733,179.0,gpcc2025
1995-10-01,box_ccanada,1.7756116870372614,182.0,gpcc2025
1995-11-01,box_ccanada,1.312004754886509,175.0,gpcc2025
1995-12-01,box_ccanada,1.0249092412875471,173.0,gpcc2025
1991-01-01,box_hawaii,,129.0,gpcc2025
1991-02-01,box_hawaii,,139.0,gpcc2025
1991-03-01,box_hawaii,,126.0,gpcc2025
1991-04-01,box_hawaii,,139.0,gpcc2025
1991-05-01,box_hawaii,,133.0,gpcc2025
1991-06-01,box_hawaii,,125.0,gpcc2025
1991-07-01,box_hawaii,,136.0,gpcc2025
1991-08-01,box_hawaii,,137.0,gpcc2025
1991-09-01,box_hawaii,,130.0,gpcc2025
1991-10-01,box_hawaii,,142.0,gpcc2025
1991-11-01,box_hawaii,,135.0,gpcc2025
1991-12-01,box_hawaii,,120.0,gpcc2025
1992-01-01,box_hawaii,,137.0,gpcc2025
1992-02-01,box_hawaii,,144.0,gpcc2025
1992-03-01,box_hawaii,,144.0,gpcc2025
1992-04-01,box_hawaii,,141.0,gpcc2025
1992-05-01,box_hawaii,,129.0,gpcc2025
1992-06-01,box_hawaii,,142.0,gpcc2025
1992-07-01,box_hawaii,,142.0,gpcc2025
1992-08-01,box_hawaii,,113.0,gpcc2025
1992-09-01,box_hawaii,,118.0,gpcc2025
1992-10-01,box_hawaii,,126.0,gpcc2025
1992-11-01,box_hawaii,,124.0,gpcc2025
1992-12-01,box_hawaii,,114.0,gpcc2025
1993-01-01,box_hawaii,,134.0,gpcc2025
1993-02-01,box_hawaii,,143.0,gpcc2025
1993-03-01,box_hawaii,,147.0,gpcc2025
1993-04-01,box_hawaii,,134.0,gpcc2025
1993-05-01,box_hawaii,,126.0,gpcc2025
1993-06-01,box_hawaii,,134.0,gpcc2025
1993-07-01,box_hawaii,,125.0,gpcc2025
1993-08-01,box_hawaii,,143.0,gpcc2025
1993-09-01,box_hawaii,,140.0,gpcc2025
1993-10-01,box_hawaii,,129.0,gpcc2025
1993-11-01,box_hawaii,,128.0,gpcc2025
1993-12-01,box_hawaii,,121.0,gpcc2025
1994-01-01,box_hawaii,,137.0,gpcc2025
1994-02-01,box_hawaii,,142.0,gpcc2025
1994-03-01,box_hawaii,,141.0,gpcc2025
1994-04-01,box_hawaii,,125.0,gpcc2025
1994-05-01,box_hawaii,,140.0,gpcc2025
1994-06-01,box_hawaii,,144.0,gpcc2025
1994-07-01,box_hawaii,,129.0,gpcc2025
1994-08-01,box_hawaii,,145.0,gpcc2025
1994-09-01,box_hawaii,,141.0,gpcc2025
1994-10-01,box_hawaii,,135.0,gpcc2025
1994-11-01,box_hawaii,,128.0,gpcc2025
1994-12-01,box_hawaii,,135.0,gpcc2025
1995-01-01,box_hawaii,,144.0,gpcc2025
1995-02-01,box_hawaii,,137.0,gpcc2025
1995-03-01,box_hawaii,,142.0,gpcc2025
1995-04-01,box_hawaii,,125.0,gpcc2025
1995-05-01,box_hawaii,,140.0,gpcc2025
1995-06-01,box_hawaii,,142.0,gpcc2025
1995-07-01,box_hawaii,,127.0,gpcc2025
1995-08-01,box_hawaii,,140.0,gpcc2025
1995-09-01,box_hawaii,,137.0,gpcc2025
1995-10-01,box_hawaii,,139.0,gpcc2025
1995-11-01,box_hawaii,,136.0,gpcc2025
1995-12-01,box_hawaii,,129.0,gpcc2025
1991-01-01,drycorridor_wet,3.830118993143269,322.0,gpcc2025
1991-02-01,drycorridor_wet,1.9862766830176675,324.0,gpcc2025
1991-03-01,drycorridor_wet,1.3401677942707662,327.0,gpcc2025
1991-04-01,drycorridor_wet,2.1204829656484017,326.0,gpcc2025
1991-05-01,drycorridor_wet,6.414758999319036,322.0,gpcc2025
1991-06-01,drycorridor_wet,7.7418680416772645,327.0,gpcc2025
1991-07-01,drycorridor_wet,8.036119251104827,325.0,gpcc2025
1991-08-01,drycorridor_wet,8.064699461972854,318.0,gpcc2025
1991-09-01,drycorridor_wet,10.290151625085766,322.0,gpcc2025
1991-10-01,drycorridor_wet,9.053312922345672,318.0,gpcc2025
1991-11-01,drycorridor_wet,7.936208268833161,327.0,gpcc2025
1991-12-01,drycorridor_wet,5.9724524468361935,321.0,gpcc2025
1992-01-01,drycorridor_wet,2.8081157542363058,322.0,gpcc2025
1992-02-01,drycorridor_wet,2.015020379336679,322.0,gpcc2025
1992-03-01,drycorridor_wet,1.5431286319117468,324.0,gpcc2025
1992-04-01,drycorridor_wet,2.979191037697658,324.0,gpcc2025
1992-05-01,drycorridor_wet,4.84157073970279,318.0,gpcc2025
1992-06-01,drycorridor_wet,9.311653152599625,320.0,gpcc2025
1992-07-01,drycorridor_wet,10.495825942621524,320.0,gpcc2025
1992-08-01,drycorridor_wet,8.952225206094543,315.0,gpcc2025
1992-09-01,drycorridor_wet,10.452770185048973,314.0,gpcc2025
1992-10-01,drycorridor_wet,8.712050064503691,311.0,gpcc2025
1992-11-01,drycorridor_wet,7.017458146406787,312.0,gpcc2025
1992-12-01,drycorridor_wet,5.243479308313378,316.0,gpcc2025
1993-01-01,drycorridor_wet,3.792415356580851,319.0,gpcc2025
1993-02-01,drycorridor_wet,1.5786036582185095,323.0,gpcc2025
1993-03-01,drycorridor_wet,2.484269305848125,323.0,gpcc2025
1993-04-01,drycorridor_wet,2.757192305674798,324.0,gpcc2025
1993-05-01,drycorridor_wet,7.751548967447283,319.0,gpcc2025
1993-06-01,drycorridor_wet,11.50151816708158,321.0,gpcc2025
1993-07-01,drycorridor_wet,8.174986490979261,317.0,gpcc2025
1993-08-01,drycorridor_wet,11.578194625064718,313.0,gpcc2025
1993-09-01,drycorridor_wet,11.494779494281428,317.0,gpcc2025
1993-10-01,drycorridor_wet,9.293282897530107,314.0,gpcc2025
1993-11-01,drycorridor_wet,7.477045374592134,318.0,gpcc2025
1993-12-01,drycorridor_wet,4.74430814789154,307.0,gpcc2025
1994-01-01,drycorridor_wet,3.9568047907951653,238.0,gpcc2025
1994-02-01,drycorridor_wet,2.1704163169234487,241.0,gpcc2025
1994-03-01,drycorridor_wet,1.6665126144269145,240.0,gpcc2025
1994-04-01,drycorridor_wet,2.203052659693056,237.0,gpcc2025
1994-05-01,drycorridor_wet,6.116707680008611,234.0,gpcc2025
1994-06-01,drycorridor_wet,7.2323030015150085,235.0,gpcc2025
1994-07-01,drycorridor_wet,7.764937603030105,237.0,gpcc2025
1994-08-01,drycorridor_wet,8.431358677742756,239.0,gpcc2025
1994-09-01,drycorridor_wet,9.450162359880675,242.0,gpcc2025
1994-10-01,drycorridor_wet,7.0175473865763704,236.0,gpcc2025
1994-11-01,drycorridor_wet,7.887546156759062,234.0,gpcc2025
1994-12-01,drycorridor_wet,4.125970438323805,239.0,gpcc2025
1995-01-01,drycorridor_wet,2.680537167092039,249.0,gpcc2025
1995-02-01,drycorridor_wet,1.8380647475269345,251.0,gpcc2025
1995-03-01,drycorridor_wet,1.9798634010291343,252.0,gpcc2025
1995-04-01,drycorridor_wet,3.905443615832633,249.0,gpcc2025
1995-05-01,drycorridor_wet,4.233954251771301,246.0,gpcc2025
1995-06-01,drycorridor_wet,9.546002794564977,248.0,gpcc2025
1995-07-01,drycorridor_wet,10.444397380474921,246.0,gpcc2025
1995-08-01,drycorridor_wet,9.344387334743157,246.0,gpcc2025
1995-09-01,drycorridor_wet,10.774934658745734,245.0,gpcc2025
1995-10-01,drycorridor_wet,9.956292466387058,246.0,gpcc2025
1995-11-01,drycorridor_wet,6.530997851865469,242.0,gpcc2025
1995-12-01,drycorridor_wet,5.149393555952211,237.0,gpcc2025
1996-01-01,box_antilles,1.4880056918908404,19.0,gpcc2025
1996-02-01,box_antilles,1.2741331993394245,18.0,gpcc2025
1996-03-01,box_antilles,1.8202025640918569,18.0,gpcc2025
1996-04-01,box_antilles,2.5640476088173596,18.0,gpcc2025
1996-05-01,box_antilles,5.68765693404981,19.0,gpcc2025
1996-06-01,box_antilles,5.810733695002987,17.0,gpcc2025
1996-07-01,box_antilles,3.0027194281902854,17.0,gpcc2025
1996-08-01,box_antilles,3.5115559460251045,17.0,gpcc2025
1996-09-01,box_antilles,4.843441442429478,19.0,gpcc2025
1996-10-01,box_antilles,6.195638793723024,19.0,gpcc2025
1996-11-01,box_antilles,5.680469491322623,19.0,gpcc2025
1996-12-01,box_antilles,1.0081772111409681,18.0,gpcc2025
1997-01-01,box_antilles,2.0327046162335023,19.0,gpcc2025
1997-02-01,box_antilles,0.8226440753631931,19.0,gpcc2025
1997-03-01,box_antilles,1.214843229054651,19.0,gpcc2025
1997-04-01,box_antilles,1.7867814517169864,19.0,gpcc2025
1997-05-01,box_antilles,3.26135589338875,18.0,gpcc2025
1997-06-01,box_antilles,5.915826552684548,19.0,gpcc2025
1997-07-01,box_antilles,2.625659629575151,17.0,gpcc2025
1997-08-01,box_antilles,4.610609474236735,17.0,gpcc2025
1997-09-01,box_antilles,4.868498303991844,18.0,gpcc2025
1997-10-01,box_antilles,4.062301531114246,19.0,gpcc2025
1997-11-01,box_antilles,3.039590286809752,18.0,gpcc2025
1997-12-01,box_antilles,2.146307264922415,19.0,gpcc2025
1998-01-01,box_antilles,2.043290913349873,8.0,gpcc2025
1998-02-01,box_antilles,3.300095811154153,7.0,gpcc2025
1998-03-01,box_antilles,3.181308443460241,7.0,gpcc2025
1998-04-01,box_antilles,1.7998409722675321,6.0,gpcc2025
1998-05-01,box_antilles,3.0240385524191327,8.0,gpcc2025
1998-06-01,box_antilles,3.030308017434297,8.0,gpcc2025
1998-07-01,box_antilles,2.9181155858866563,7.0,gpcc2025
1998-08-01,box_antilles,4.84336548656576,8.0,gpcc2025
1998-09-01,box_antilles,6.13769084994147,8.0,gpcc2025
1998-10-01,box_antilles,5.601631133933806,8.0,gpcc2025
1998-11-01,box_antilles,2.5621446093765186,8.0,gpcc2025
1998-12-01,box_antilles,1.4551511371156727,8.0,gpcc2025
1999-01-01,box_antilles,1.9529316891363961,20.0,gpcc2025
1999-02-01,box_antilles,1.4387171613673355,18.0,gpcc2025
1999-03-01,box_antilles,1.3664144904180069,7.0,gpcc2025
1999-04-01,box_antilles,1.8554102685755147,18.0,gpcc2025
1999-05-01,box_antilles,4.42550266272266,18.0,gpcc2025
1999-06-01,box_antilles,5.842551228544815,19.0,gpcc2025
1999-07-01,box_antilles,2.898024087996336,21.0,gpcc2025
1999-08-01,box_antilles,4.840199707030195,17.0,gpcc2025
1999-09-01,box_antilles,5.684755560808939,8.0,gpcc2025
1999-10-01,box_antilles,9.598956935179718,7.0,gpcc2025
1999-11-01,box_antilles,3.2127427420439956,8.0,gpcc2025
1999-12-01,box_antilles,0.891105224918072,7.0,gpcc2025
2000-01-01,box_antilles,1.5389431907541125,7.0,gpcc2025
2000-02-01,box_antilles,0.9888610844696509,7.0,gpcc2025
2000-03-01,box_antilles,1.0357078720282482,12.0,gpcc2025
2000-04-01,box_antilles,2.6441021903305,15.0,gpcc2025
2000-05-01,box_antilles,3.5176173682831178,17.0,gpcc2025
2000-06-01,box_antilles,2.6797286719014184,14.0,gpcc2025
2000-07-01,box_antilles,3.523030692376564,19.0,gpcc2025
2000-08-01,box_antilles,4.017262678059963,18.0,gpcc2025
2000-09-01,box_antilles,6.382462659528287,18.0,gpcc2025
2000-10-01,box_antilles,4.459945111777435,17.0,gpcc2025
2000-11-01,box_antilles,1.1251651161267266,17.0,gpcc2025
2000-12-01,box_antilles,5.637370699335118,14.0,gpcc2025
1996-01-01,box_inlandnw,2.666890603585574,675.0,gpcc2025
1996-02-01,box_inlandnw,2.4771636923201186,704.0,gpcc2025
1996-03-01,box_inlandnw,1.1625358909043195,682.0,gpcc2025
1996-04-01,box_inlandnw,2.3293218687344033,698.0,gpcc2025
1996-05-01,box_inlandnw,2.5341095028982132,756.0,gpcc2025
1996-06-01,box_inlandnw,1.810539934368727,777.0,gpcc2025
1996-07-01,box_inlandnw,1.3247208878985115,789.0,gpcc2025
1996-08-01,box_inlandnw,1.2488250938074956,814.0,gpcc2025
1996-09-01,box_inlandnw,1.9357572699759087,742.0,gpcc2025
1996-10-01,box_inlandnw,2.3354371159976934,713.0,gpcc2025
1996-11-01,box_inlandnw,3.201041579467953,682.0,gpcc2025
1996-12-01,box_inlandnw,3.909930451367244,680.0,gpcc2025
1997-01-01,box_inlandnw,2.8098186777943237,696.0,gpcc2025
1997-02-01,box_inlandnw,1.4763853121751722,710.0,gpcc2025
1997-03-01,box_inlandnw,2.891657823806107,697.0,gpcc2025
1997-04-01,box_inlandnw,1.720531267403998,722.0,gpcc2025
1997-05-01,box_inlandnw,1.9247013509409205,766.0,gpcc2025
1997-06-01,box_inlandnw,2.8595423536364093,751.0,gpcc2025
1997-07-01,box_inlandnw,2.059006689384004,801.0,gpcc2025
1997-08-01,box_inlandnw,1.3547118343423916,792.0,gpcc2025
1997-09-01,box_inlandnw,2.3667855813296015,752.0,gpcc2025
1997-10-01,box_inlandnw,2.787299994551693,716.0,gpcc2025
1997-11-01,box_inlandnw,1.7266919276120976,721.0,gpcc2025
1997-12-01,box_inlandnw,1.8020952518056248,728.0,gpcc2025
1998-01-01,box_inlandnw,2.743480392705275,727.0,gpcc2025
1998-02-01,box_inlandnw,1.5832511015649653,725.0,gpcc2025
1998-03-01,box_inlandnw,1.7393362168321989,720.0,gpcc2025
1998-04-01,box_inlandnw,0.9855266435994632,744.0,gpcc2025
1998-05-01,box_inlandnw,2.0067154143996473,787.0,gpcc2025
1998-06-01,box_inlandnw,2.568703479041697,790.0,gpcc2025
1998-07-01,box_inlandnw,1.5569833038651517,797.0,gpcc2025
1998-08-01,box_inlandnw,0.6577850570196285,810.0,gpcc2025
1998-09-01,box_inlandnw,0.8923931688348704,773.0,gpcc2025
1998-10-01,box_inlandnw,1.707985742792685,734.0,gpcc2025
1998-11-01,box_inlandnw,3.549554935308841,728.0,gpcc2025
1998-12-01,box_inlandnw,3.5576230818066796,715.0,gpcc2025
1999-01-01,box_inlandnw,3.127246762846305,723.0,gpcc2025
1999-02-01,box_inlandnw,3.4257656534848686,740.0,gpcc2025
1999-03-01,box_inlandnw,1.6193409683200721,732.0,gpcc2025
1999-04-01,box_inlandnw,1.1175386495260768,737.0,gpcc2025
1999-05-01,box_inlandnw,1.7066839589968335,789.0,gpcc2025
1999-06-01,box_inlandnw,2.08078072583834,816.0,gpcc2025
1999-07-01,box_inlandnw,1.8358673820800215,825.0,gpcc2025
1999-08-01,box_inlandnw,1.6141976033516054,823.0,gpcc2025
1999-09-01,box_inlandnw,0.7611558993911358,786.0,gpcc2025
1999-10-01,box_inlandnw,1.59464691225824,759.0,gpcc2025
1999-11-01,box_inlandnw,3.137831776259921,720.0,gpcc2025
1999-12-01,box_inlandnw,2.5681291094471423,720.0,gpcc2025
2000-01-01,box_inlandnw,2.1831836554301973,700.0,gpcc2025
2000-02-01,box_inlandnw,1.607463409228463,721.0,gpcc2025
2000-03-01,box_inlandnw,1.6654763025281842,748.0,gpcc2025
2000-04-01,box_inlandnw,1.2603857156879217,745.0,gpcc2025
2000-05-01,box_inlandnw,1.9341047710922346,792.0,gpcc2025
2000-06-01,box_inlandnw,2.056502441453697,814.0,gpcc2025
2000-07-01,box_inlandnw,1.8564804365536736,814.0,gpcc2025
2000-08-01,box_inlandnw,1.1488740547039031,812.0,gpcc2025
2000-09-01,box_inlandnw,1.6700489780515995,787.0,gpcc2025
2000-10-01,box_inlandnw,1.6503435272222617,742.0,gpcc2025
2000-11-01,box_inlandnw,1.1791058119220432,730.0,gpcc2025
2000-12-01,box_inlandnw,1.599633175349581,703.0,gpcc2025
1996-01-01,box_srilanka,3.685421697122125,10.0,gpcc2025
1996-02-01,box_srilanka,3.13854881894009,10.0,gpcc2025
1996-03-01,box_srilanka,0.5616847371864975,12.0,gpcc2025
1996-04-01,box_srilanka,5.56743354223317,10.0,gpcc2025
1996-05-01,box_srilanka,2.1027741926743966,12.0,gpcc2025
1996-06-01,box_srilanka,3.460496922985997,11.0,gpcc2025
1996-07-01,box_srilanka,1.522192479034794,12.0,gpcc2025
1996-08-01,box_srilanka,3.772089346507729,12.0,gpcc2025
1996-09-01,box_srilanka,4.8507261345894905,12.0,gpcc2025
1996-10-01,box_srilanka,6.51730894966885,14.0,gpcc2025
1996-11-01,box_srilanka,8.615125386282166,12.0,gpcc2025
1996-12-01,box_srilanka,3.9552466552206527,14.0,gpcc2025
1997-01-01,box_srilanka,0.278270373666689,9.0,gpcc2025
1997-02-01,box_srilanka,1.0127659754278797,13.0,gpcc2025
1997-03-01,box_srilanka,1.4604281008027578,13.0,gpcc2025
1997-04-01,box_srilanka,4.3359239976228565,13.0,gpcc2025
1997-05-01,box_srilanka,4.798526315768776,12.0,gpcc2025
1997-06-01,box_srilanka,2.1090793578723983,12.0,gpcc2025
1997-07-01,box_srilanka,2.5536224446524662,12.0,gpcc2025
1997-08-01,box_srilanka,1.8361613243021901,11.0,gpcc2025
1997-09-01,box_srilanka,6.399644939564079,12.0,gpcc2025
1997-10-01,box_srilanka,9.177363157304692,13.0,gpcc2025
1997-11-01,box_srilanka,12.106383424262138,13.0,gpcc2025
1997-12-01,box_srilanka,7.456180391688295,9.0,gpcc2025
1998-01-01,box_srilanka,2.4583929473919985,14.0,gpcc2025
1998-02-01,box_srilanka,0.6725883332957128,12.0,gpcc2025
1998-03-01,box_srilanka,1.0924785480335417,10.0,gpcc2025
1998-04-01,box_srilanka,2.363224851274841,10.0,gpcc2025
1998-05-01,box_srilanka,5.3925525228335625,10.0,gpcc2025
1998-06-01,box_srilanka,3.216739192159472,11.0,gpcc2025
1998-07-01,box_srilanka,3.5301345980681957,14.0,gpcc2025
1998-08-01,box_srilanka,2.5959560570443707,14.0,gpcc2025
1998-09-01,box_srilanka,3.781973849525046,13.0,gpcc2025
1998-10-01,box_srilanka,4.2996183708065665,13.0,gpcc2025
1998-11-01,box_srilanka,7.751460283853283,13.0,gpcc2025
1998-12-01,box_srilanka,10.695343892533865,13.0,gpcc2025
1999-01-01,box_srilanka,5.6478550313852605,14.0,gpcc2025
1999-02-01,box_srilanka,4.8601515043665815,14.0,gpcc2025
1999-03-01,box_srilanka,1.2312165711707783,11.0,gpcc2025
1999-04-01,box_srilanka,5.518347779648546,13.0,gpcc2025
1999-05-01,box_srilanka,4.3315379995216166,13.0,gpcc2025
1999-06-01,box_srilanka,2.0742788372024226,12.0,gpcc2025
1999-07-01,box_srilanka,0.9294025403667286,10.0,gpcc2025
1999-08-01,box_srilanka,1.3246933239729406,10.0,gpcc2025
1999-09-01,box_srilanka,2.349345834508137,9.0,gpcc2025
1999-10-01,box_srilanka,8.276060198213761,8.0,gpcc2025
1999-11-01,box_srilanka,7.074934380454169,7.0,gpcc2025
1999-12-01,box_srilanka,5.615417630560623,6.0,gpcc2025
2000-01-01,box_srilanka,6.326090711559103,6.0,gpcc2025
2000-02-01,box_srilanka,5.018288935743613,12.0,gpcc2025
2000-03-01,box_srilanka,2.6040570170023227,7.0,gpcc2025
2000-04-01,box_srilanka,3.0559363119974603,10.0,gpcc2025
2000-05-01,box_srilanka,1.864184553933843,8.0,gpcc2025
2000-06-01,box_srilanka,2.9565906157484525,7.0,gpcc2025
2000-07-01,box_srilanka,0.620491478371534,5.0,gpcc2025
2000-08-01,box_srilanka,3.6469598841651867,7.0,gpcc2025
2000-09-01,box_srilanka,5.00062447876357,7.0,gpcc2025
2000-10-01,box_srilanka,3.9124776996240054,14.0,gpcc2025
2000-11-01,box_srilanka,8.910242737863753,14.0,gpcc2025
2000-12-01,box_srilanka,5.9836638510365905,14.0,gpcc2025
1996-01-01,box_seaustralia,2.377149530924302,1076.0,gpcc2025
1996-02-01,box_seaustralia,2.3361876550470044,1077.0,gpcc2025
1996-03-01,box_seaustralia,2.1418113799201013,1073.0,gpcc2025
1996-04-01,box_seaustralia,2.600969185986881,1073.0,gpcc2025
1996-05-01,box_seaustralia,1.2379982375369645,1091.0,gpcc2025
1996-06-01,box_seaustralia,3.2363412530902975,1076.0,gpcc2025
1996-07-01,box_seaustralia,4.0604620688267445,1076.0,gpcc2025
1996-08-01,box_seaustralia,3.573171661700576,1068.0,gpcc2025
1996-09-01,box_seaustralia,4.557003625407077,1068.0,gpcc2025
1996-10-01,box_seaustralia,1.7902467407024103,1067.0,gpcc2025
1996-11-01,box_seaustralia,2.4464004965264947,1058.0,gpcc2025
1996-12-01,box_seaustralia,1.1674364388339677,1054.0,gpcc2025
1997-01-01,box_seaustralia,1.9931512575961554,1050.0,gpcc2025
1997-02-01,box_seaustralia,0.9532464709133179,1064.0,gpcc2025
1997-03-01,box_seaustralia,1.7264716662199728,1065.0,gpcc2025
1997-04-01,box_seaustralia,1.1507945575113578,1059.0,gpcc2025
1997-05-01,box_seaustralia,3.064274207241663,1055.0,gpcc2025
1997-06-01,box_seaustralia,1.913628028750583,1065.0,gpcc2025
1997-07-01,box_seaustralia,1.628250202966465,1070.0,gpcc2025
1997-08-01,box_seaustralia,2.7786780161482474,1055.0,gpcc2025
1997-09-01,box_seaustralia,2.6771627385439207,1057.0,gpcc2025
1997-10-01,box_seaustralia,2.386766399087187,1074.0,gpcc2025
1997-11-01,box_seaustralia,1.561551592875273,1069.0,gpcc2025
1997-12-01,box_seaustralia,0.9986911823954863,1071.0,gpcc2025
1998-01-01,box_seaustralia,1.5432049133615022,1084.0,gpcc2025
1998-02-01,box_seaustralia,1.8842202389777072,1083.0,gpcc2025
1998-03-01,box_seaustralia,0.928784582311056,1092.0,gpcc2025
1998-04-01,box_seaustralia,2.401279809495398,1093.0,gpcc2025
1998-05-01,box_seaustralia,1.598071535109075,1094.0,gpcc2025
1998-06-01,box_seaustralia,3.5994991964638023,1095.0,gpcc2025
1998-07-01,box_seaustralia,2.814045036866949,1072.0,gpcc2025
1998-08-01,box_seaustralia,1.7243595371141274,1075.0,gpcc2025
1998-09-01,box_seaustralia,3.084171643060974,1063.0,gpcc2025
1998-10-01,box_seaustralia,3.0294448466552533,1072.0,gpcc2025
1998-11-01,box_seaustralia,2.6663457704304334,1076.0,gpcc2025
1998-12-01,box_seaustralia,2.0472269950407274,1089.0,gpcc2025
1999-01-01,box_seaustralia,1.247000606296469,1084.0,gpcc2025
1999-02-01,box_seaustralia,2.5720052024368085,1086.0,gpcc2025
1999-03-01,box_seaustralia,2.100658089546259,1072.0,gpcc2025
1999-04-01,box_seaustralia,1.441142002680287,1091.0,gpcc2025
1999-05-01,box_seaustralia,3.0101062566501415,1092.0,gpcc2025
1999-06-01,box_seaustralia,2.177733761167022,1086.0,gpcc2025
1999-07-01,box_seaustralia,1.9139012383557696,1088.0,gpcc2025
1999-08-01,box_seaustralia,2.611264852053156,1093.0,gpcc2025
1999-09-01,box_seaustralia,1.7497849811826123,1090.0,gpcc2025
1999-10-01,box_seaustralia,2.341272729239502,1082.0,gpcc2025
1999-11-01,box_seaustralia,1.8326697703303898,1090.0,gpcc2025
1999-12-01,box_seaustralia,2.32794025985536,1098.0,gpcc2025
2000-01-01,box_seaustralia,1.684152129810905,1091.0,gpcc2025
2000-02-01,box_seaustralia,1.419494293540954,1086.0,gpcc2025
2000-03-01,box_seaustralia,1.4978178757055065,1091.0,gpcc2025
2000-04-01,box_seaustralia,1.9037351192166054,1092.0,gpcc2025
2000-05-01,box_seaustralia,3.764613192895622,1091.0,gpcc2025
2000-06-01,box_seaustralia,2.283027610145013,1098.0,gpcc2025
2000-07-01,box_seaustralia,3.270471382313432,1087.0,gpcc2025
2000-08-01,box_seaustralia,2.678868816327557,1091.0,gpcc2025
2000-09-01,box_seaustralia,3.9534292985236887,1081.0,gpcc2025
2000-10-01,box_seaustralia,3.0060014936777004,1091.0,gpcc2025
2000-11-01,box_seaustralia,1.8589289223194971,1088.0,gpcc2025
2000-12-01,box_seaustralia,1.3158700696172725,1113.0,gpcc2025
1996-01-01,box_ccanada,0.9977352874471082,181.0,gpcc2025
1996-02-01,box_ccanada,1.1938228337302788,187.0,gpcc2025
1996-03-01,box_ccanada,0.8553417039492007,186.0,gpcc2025
1996-04-01,box_ccanada,0.7828436343200504,186.0,gpcc2025
1996-05-01,box_ccanada,1.1653246158866968,190.0,gpcc2025
1996-06-01,box_ccanada,2.3237274110891746,193.0,gpcc2025
1996-07-01,box_ccanada,2.015424990686086,191.0,gpcc2025
1996-08-01,box_ccanada,1.836647262555314,190.0,gpcc2025
1996-09-01,box_ccanada,1.7029744628672487,186.0,gpcc2025
1996-10-01,box_ccanada,2.331704254203414,191.0,gpcc2025
1996-11-01,box_ccanada,1.374144684611395,187.0,gpcc2025
1996-12-01,box_ccanada,1.1714622422521292,185.0,gpcc2025
1997-01-01,box_ccanada,1.0679586055933092,179.0,gpcc2025
1997-02-01,box_ccanada,0.6030089845676747,189.0,gpcc2025
1997-03-01,box_ccanada,0.7328652498770394,185.0,gpcc2025
1997-04-01,box_ccanada,0.840123491122574,189.0,gpcc2025
1997-05-01,box_ccanada,0.7844888623008953,185.0,gpcc2025
1997-06-01,box_ccanada,1.7555558932248798,187.0,gpcc2025
1997-07-01,box_ccanada,1.9153912054107587,187.0,gpcc2025
1997-08-01,box_ccanada,2.1855014262638517,185.0,gpcc2025
1997-09-01,box_ccanada,2.4743627753680726,187.0,gpcc2025
1997-10-01,box_ccanada,2.5201022102339716,182.0,gpcc2025
1997-11-01,box_ccanada,1.0666237117582547,179.0,gpcc2025
1997-12-01,box_ccanada,0.6758915449400463,177.0,gpcc2025
1998-01-01,box_ccanada,0.8815431973726282,175.0,gpcc2025
1998-02-01,box_ccanada,0.8676442160343582,173.0,gpcc2025
1998-03-01,box_ccanada,0.5412496637895965,173.0,gpcc2025
1998-04-01,box_ccanada,0.7018602880632171,174.0,gpcc2025
1998-05-01,box_ccanada,1.5311778418975186,179.0,gpcc2025
1998-06-01,box_ccanada,2.173090219730725,179.0,gpcc2025
1998-07-01,box_ccanada,2.915722602826682,178.0,gpcc2025
1998-08-01,box_ccanada,2.504756605629026,178.0,gpcc2025
1998-09-01,box_ccanada,1.894900482114083,179.0,gpcc2025
1998-10-01,box_ccanada,1.932185958626435,176.0,gpcc2025
1998-11-01,box_ccanada,1.2034075298008502,165.0,gpcc2025
1998-12-01,box_ccanada,0.7592957113455355,166.0,gpcc2025
1999-01-01,box_ccanada,0.6388617536222267,165.0,gpcc2025
1999-02-01,box_ccanada,1.1295893799164016,166.0,gpcc2025
1999-03-01,box_ccanada,0.8131776295560783,167.0,gpcc2025
1999-04-01,box_ccanada,0.6438492312102989,173.0,gpcc2025
1999-05-01,box_ccanada,2.2207898969587045,177.0,gpcc2025
1999-06-01,box_ccanada,2.565352587572208,175.0,gpcc2025
1999-07-01,box_ccanada,3.3609222274807204,174.0,gpcc2025
1999-08-01,box_ccanada,1.862542161294057,178.0,gpcc2025
1999-09-01,box_ccanada,3.353543618333316,178.0,gpcc2025
1999-10-01,box_ccanada,1.6003346124447957,176.0,gpcc2025
1999-11-01,box_ccanada,1.1628215586582575,171.0,gpcc2025
1999-12-01,box_ccanada,1.0544253095479277,168.0,gpcc2025
2000-01-01,box_ccanada,0.7780472499245757,165.0,gpcc2025
2000-02-01,box_ccanada,0.6325995823043242,170.0,gpcc2025
2000-03-01,box_ccanada,0.8339817930985887,170.0,gpcc2025
2000-04-01,box_ccanada,0.8112743736344368,172.0,gpcc2025
2000-05-01,box_ccanada,2.06653572641655,175.0,gpcc2025
2000-06-01,box_ccanada,3.2131466304894385,176.0,gpcc2025
2000-07-01,box_ccanada,2.362227342809169,172.0,gpcc2025
2000-08-01,box_ccanada,3.309115543654192,171.0,gpcc2025
2000-09-01,box_ccanada,2.149836913611734,173.0,gpcc2025
2000-10-01,box_ccanada,0.8601905719693074,171.0,gpcc2025
2000-11-01,box_ccanada,1.41159573407236,169.0,gpcc2025
2000-12-01,box_ccanada,0.6979397102979956,161.0,gpcc2025
1996-01-01,box_hawaii,,135.0,gpcc2025
1996-02-01,box_hawaii,,144.0,gpcc2025
1996-03-01,box_hawaii,,137.0,gpcc2025
1996-04-01,box_hawaii,,140.0,gpcc2025
1996-05-01,box_hawaii,,142.0,gpcc2025
1996-06-01,box_hawaii,,135.0,gpcc2025
1996-07-01,box_hawaii,,133.0,gpcc2025
1996-08-01,box_hawaii,,146.0,gpcc2025
1996-09-01,box_hawaii,,135.0,gpcc2025
1996-10-01,box_hawaii,,142.0,gpcc2025
1996-11-01,box_hawaii,,117.0,gpcc2025
1996-12-01,box_hawaii,,112.0,gpcc2025
1997-01-01,box_hawaii,,132.0,gpcc2025
1997-02-01,box_hawaii,,132.0,gpcc2025
1997-03-01,box_hawaii,,110.0,gpcc2025
1997-04-01,box_hawaii,,133.0,gpcc2025
1997-05-01,box_hawaii,,125.0,gpcc2025
1997-06-01,box_hawaii,,132.0,gpcc2025
1997-07-01,box_hawaii,,129.0,gpcc2025
1997-08-01,box_hawaii,,122.0,gpcc2025
1997-09-01,box_hawaii,,131.0,gpcc2025
1997-10-01,box_hawaii,,131.0,gpcc2025
1997-11-01,box_hawaii,,124.0,gpcc2025
1997-12-01,box_hawaii,,128.0,gpcc2025
1998-01-01,box_hawaii,,138.0,gpcc2025
1998-02-01,box_hawaii,,146.0,gpcc2025
1998-03-01,box_hawaii,,142.0,gpcc2025
1998-04-01,box_hawaii,,133.0,gpcc2025
1998-05-01,box_hawaii,,115.0,gpcc2025
1998-06-01,box_hawaii,,135.0,gpcc2025
1998-07-01,box_hawaii,,144.0,gpcc2025
1998-08-01,box_hawaii,,124.0,gpcc2025
1998-09-01,box_hawaii,,140.0,gpcc2025
1998-10-01,box_hawaii,,133.0,gpcc2025
1998-11-01,box_hawaii,,120.0,gpcc2025
1998-12-01,box_hawaii,,120.0,gpcc2025
1999-01-01,box_hawaii,,116.0,gpcc2025
1999-02-01,box_hawaii,,137.0,gpcc2025
1999-03-01,box_hawaii,,137.0,gpcc2025
1999-04-01,box_hawaii,,133.0,gpcc2025
1999-05-01,box_hawaii,,136.0,gpcc2025
1999-06-01,box_hawaii,,139.0,gpcc2025
1999-07-01,box_hawaii,,121.0,gpcc2025
1999-08-01,box_hawaii,,137.0,gpcc2025
1999-09-01,box_hawaii,,131.0,gpcc2025
1999-10-01,box_hawaii,,109.0,gpcc2025
1999-11-01,box_hawaii,,123.0,gpcc2025
1999-12-01,box_hawaii,,119.0,gpcc2025
2000-01-01,box_hawaii,,125.0,gpcc2025
2000-02-01,box_hawaii,,137.0,gpcc2025
2000-03-01,box_hawaii,,130.0,gpcc2025
2000-04-01,box_hawaii,,126.0,gpcc2025
2000-05-01,box_hawaii,,132.0,gpcc2025
2000-06-01,box_hawaii,,131.0,gpcc2025
2000-07-01,box_hawaii,,118.0,gpcc2025
2000-08-01,box_hawaii,,133.0,gpcc2025
2000-09-01,box_hawaii,,130.0,gpcc2025
2000-10-01,box_hawaii,,135.0,gpcc2025
2000-11-01,box_hawaii,,118.0,gpcc2025
2000-12-01,box_hawaii,,133.0,gpcc2025
1996-01-01,drycorridor_wet,4.207227980333584,244.0,gpcc2025
1996-02-01,drycorridor_wet,3.274133941805732,242.0,gpcc2025
1996-03-01,drycorridor_wet,2.3105289995563947,246.0,gpcc2025
1996-04-01,drycorridor_wet,3.0993268737702313,247.0,gpcc2025
1996-05-01,drycorridor_wet,8.52550343757142,246.0,gpcc2025
1996-06-01,drycorridor_wet,8.024915366425745,242.0,gpcc2025
1996-07-01,drycorridor_wet,10.172266191672831,244.0,gpcc2025
1996-08-01,drycorridor_wet,8.77431028408646,243.0,gpcc2025
1996-09-01,drycorridor_wet,8.587798612588358,242.0,gpcc2025
1996-10-01,drycorridor_wet,8.930190238833084,246.0,gpcc2025
1996-11-01,drycorridor_wet,9.813530106476952,239.0,gpcc2025
1996-12-01,drycorridor_wet,4.887500552341924,237.0,gpcc2025
1997-01-01,drycorridor_wet,4.052000703380371,238.0,gpcc2025
1997-02-01,drycorridor_wet,4.099370824549881,239.0,gpcc2025
1997-03-01,drycorridor_wet,1.7199213805008349,238.0,gpcc2025
1997-04-01,drycorridor_wet,2.08107532166057,240.0,gpcc2025
1997-05-01,drycorridor_wet,4.447209881285866,236.0,gpcc2025
1997-06-01,drycorridor_wet,10.820460497430167,240.0,gpcc2025
1997-07-01,drycorridor_wet,8.86350160714835,238.0,gpcc2025
1997-08-01,drycorridor_wet,8.19306290885173,233.0,gpcc2025
1997-09-01,drycorridor_wet,9.073445232463152,239.0,gpcc2025
1997-10-01,drycorridor_wet,8.100818498933263,240.0,gpcc2025
1997-11-01,drycorridor_wet,10.498701917560778,244.0,gpcc2025
1997-12-01,drycorridor_wet,2.7574025312253476,241.0,gpcc2025
1998-01-01,drycorridor_wet,2.290244941071574,236.0,gpcc2025
1998-02-01,drycorridor_wet,0.9651740400847173,237.0,gpcc2025
1998-03-01,drycorridor_wet,1.7861474384969511,241.0,gpcc2025
1998-04-01,drycorridor_wet,1.7828797225412572,240.0,gpcc2025
1998-05-01,drycorridor_wet,4.7374830454751455,239.0,gpcc2025
1998-06-01,drycorridor_wet,8.538680570294593,245.0,gpcc2025
1998-07-01,drycorridor_wet,9.664105151652686,243.0,gpcc2025
1998-08-01,drycorridor_wet,7.905668410096094,240.0,gpcc2025
1998-09-01,drycorridor_wet,7.05849883340326,240.0,gpcc2025
1998-10-01,drycorridor_wet,14.631740773428115,237.0,gpcc2025
1998-11-01,drycorridor_wet,9.151153838817107,236.0,gpcc2025
1998-12-01,drycorridor_wet,7.235790374341475,234.0,gpcc2025
1999-01-01,drycorridor_wet,4.114021363347623,241.0,gpcc2025
1999-02-01,drycorridor_wet,3.386767738586952,241.0,gpcc2025
1999-03-01,drycorridor_wet,1.7313733047908118,240.0,gpcc2025
1999-04-01,drycorridor_wet,3.213374501119285,242.0,gpcc2025
1999-05-01,drycorridor_wet,4.9203409814907575,238.0,gpcc2025
1999-06-01,drycorridor_wet,9.616572533995642,235.0,gpcc2025
1999-07-01,drycorridor_wet,9.319657352190516,239.0,gpcc2025
1999-08-01,drycorridor_wet,8.848987439515556,238.0,gpcc2025
1999-09-01,drycorridor_wet,11.513588599673138,238.0,gpcc2025
1999-10-01,drycorridor_wet,10.361731207371635,229.0,gpcc2025
1999-11-01,drycorridor_wet,6.657108760117247,233.0,gpcc2025
1999-12-01,drycorridor_wet,5.507798338212932,227.0,gpcc2025
2000-01-01,drycorridor_wet,3.7239107944382526,228.0,gpcc2025
2000-02-01,drycorridor_wet,2.234124044561382,228.0,gpcc2025
2000-03-01,drycorridor_wet,1.1027603359185938,226.0,gpcc2025
2000-04-01,drycorridor_wet,2.2805721964356924,214.0,gpcc2025
2000-05-01,drycorridor_wet,8.455406732962354,216.0,gpcc2025
2000-06-01,drycorridor_wet,9.667092555054477,217.0,gpcc2025
2000-07-01,drycorridor_wet,8.11045247979625,214.0,gpcc2025
2000-08-01,drycorridor_wet,9.522200570960175,215.0,gpcc2025
2000-09-01,drycorridor_wet,10.09118260616821,223.0,gpcc2025
2000-10-01,drycorridor_wet,9.816934619298111,222.0,gpcc2025
2000-11-01,drycorridor_wet,5.680470607403035,220.0,gpcc2025
2000-12-01,drycorridor_wet,4.6936775201021215,216.0,gpcc2025
2001-01-01,box_antilles,1.5957159680894517,16.0,gpcc2025
2001-02-01,box_antilles,0.9859141198957582,17.0,gpcc2025
2001-03-01,box_antilles,2.084856752438251,14.0,gpcc2025
2001-04-01,box_antilles,2.4585792295028197,17.0,gpcc2025
2001-05-01,box_antilles,6.705736041148401,19.0,gpcc2025
2001-06-01,box_antilles,3.327280067530354,13.0,gpcc2025
2001-07-01,box_antilles,3.566724293611312,18.0,gpcc2025
2001-08-01,box_antilles,3.6588687842419914,18.0,gpcc2025
2001-09-01,box_antilles,5.462427749756092,16.0,gpcc2025
2001-10-01,box_antilles,5.378418171805263,17.0,gpcc2025
2001-11-01,box_antilles,3.715854236235612,15.0,gpcc2025
2001-12-01,box_antilles,2.0763244592195926,16.0,gpcc2025
2002-01-01,box_antilles,1.1914354501749185,14.0,gpcc2025
2002-02-01,box_antilles,1.3682519637412813,17.0,gpcc2025
2002-03-01,box_antilles,1.300275104813405,13.0,gpcc2025
2002-04-01,box_antilles,1.8901332602573235,13.0,gpcc2025
2002-05-01,box_antilles,7.808383742380533,15.0,gpcc2025
2002-06-01,box_antilles,5.01089234125892,15.0,gpcc2025
2002-07-01,box_antilles,3.538422588785669,11.0,gpcc2025
2002-08-01,box_antilles,4.5176637227041,4.0,gpcc2025
2002-09-01,box_antilles,7.894135712656632,5.0,gpcc2025
2002-10-01,box_antilles,3.463320548894761,4.0,gpcc2025
2002-11-01,box_antilles,4.899585938140408,5.0,gpcc2025
2002-12-01,box_antilles,1.4616980312457648,5.0,gpcc2025
2003-01-01,box_antilles,3.470977341915979,5.0,gpcc2025
2003-02-01,box_antilles,0.725517184929452,5.0,gpcc2025
2003-03-01,box_antilles,4.216974015254642,5.0,gpcc2025
2003-04-01,box_antilles,3.673459962593436,5.0,gpcc2025
2003-05-01,box_antilles,5.728845161789725,5.0,gpcc2025
2003-06-01,box_antilles,4.806462295370372,4.0,gpcc2025
2003-07-01,box_antilles,2.408395155186806,4.0,gpcc2025
2003-08-01,box_antilles,5.022556249634215,4.0,gpcc2025
2003-09-01,box_antilles,5.476574809943063,5.0,gpcc2025
2003-10-01,box_antilles,5.250223352068953,5.0,gpcc2025
2003-11-01,box_antilles,3.1119255457792705,5.0,gpcc2025
2003-12-01,box_antilles,1.308769764536909,5.0,gpcc2025
2004-01-01,box_antilles,1.383030709626411,3.0,gpcc2025
2004-02-01,box_antilles,0.925743065437166,4.0,gpcc2025
2004-03-01,box_antilles,1.4663989117585141,2.0,gpcc2025
2004-04-01,box_antilles,3.058007949081646,2.0,gpcc2025
2004-05-01,box_antilles,3.3379903126284307,2.0,gpcc2025
2004-06-01,box_antilles,3.17234203766725,2.0,gpcc2025
2004-07-01,box_antilles,6.258562746146934,3.0,gpcc2025
2004-08-01,box_antilles,3.5089884896404695,3.0,gpcc2025
2004-09-01,box_antilles,6.809568699298008,2.0,gpcc2025
2004-10-01,box_antilles,2.8422221829536713,13.0,gpcc2025
2004-11-01,box_antilles,1.3230258394551107,12.0,gpcc2025
2004-12-01,box_antilles,1.5333479495251907,10.0,gpcc2025
2005-01-01,box_antilles,1.052400696282089,15.0,gpcc2025
2005-02-01,box_antilles,0.6927083904740551,16.0,gpcc2025
2005-03-01,box_antilles,1.338345211267103,16.0,gpcc2025
2005-04-01,box_antilles,2.5809196665953276,17.0,gpcc2025
2005-05-01,box_antilles,4.2446588783969625,17.0,gpcc2025
2005-06-01,box_antilles,8.846177251323246,17.0,gpcc2025
2005-07-01,box_antilles,4.908807487718294,6.0,gpcc2025
2005-08-01,box_antilles,3.8793369423635267,13.0,gpcc2025
2005-09-01,box_antilles,5.278198370329573,17.0,gpcc2025
2005-10-01,box_antilles,9.680186221592352,12.0,gpcc2025
2005-11-01,box_antilles,4.234268026489536,4.0,gpcc2025
2005-12-01,box_antilles,1.7135761214168164,5.0,gpcc2025
2001-01-01,box_inlandnw,1.1837186269062934,749.0,gpcc2025
2001-02-01,box_inlandnw,0.9964023648285724,724.0,gpcc2025
2001-03-01,box_inlandnw,1.4488682232831018,728.0,gpcc2025
2001-04-01,box_inlandnw,1.5479663798079817,734.0,gpcc2025
2001-05-01,box_inlandnw,1.235694733056082,796.0,gpcc2025
2001-06-01,box_inlandnw,2.4868365576361406,802.0,gpcc2025
2001-07-01,box_inlandnw,2.1389110084954988,811.0,gpcc2025
2001-08-01,box_inlandnw,1.036256169284399,829.0,gpcc2025
2001-09-01,box_inlandnw,0.8256339240191728,773.0,gpcc2025
2001-10-01,box_inlandnw,1.9669320076052674,741.0,gpcc2025
2001-11-01,box_inlandnw,2.5824287276301843,734.0,gpcc2025
2001-12-01,box_inlandnw,2.5596146656943306,720.0,gpcc2025
2002-01-01,box_inlandnw,2.585881791977259,716.0,gpcc2025
2002-02-01,box_inlandnw,1.8826109068838475,741.0,gpcc2025
2002-03-01,box_inlandnw,1.9125868562325485,709.0,gpcc2025
2002-04-01,box_inlandnw,1.62082922343394,712.0,gpcc2025
2002-05-01,box_inlandnw,1.6455692882865165,762.0,gpcc2025
2002-06-01,box_inlandnw,1.9881471217628102,800.0,gpcc2025
2002-07-01,box_inlandnw,1.1008957115321452,813.0,gpcc2025
2002-08-01,box_inlandnw,1.1816059729637072,810.0,gpcc2025
2002-09-01,box_inlandnw,1.4668166481202753,767.0,gpcc2025
2002-10-01,box_inlandnw,0.6706047680964624,741.0,gpcc2025
2002-11-01,box_inlandnw,1.6881659051674702,734.0,gpcc2025
2002-12-01,box_inlandnw,2.32930926674039,714.0,gpcc2025
2003-01-01,box_inlandnw,2.849973642503092,727.0,gpcc2025
2003-02-01,box_inlandnw,1.3796296332947926,735.0,gpcc2025
2003-03-01,box_inlandnw,2.8313380791177014,710.0,gpcc2025
2003-04-01,box_inlandnw,2.181583048585436,733.0,gpcc2025
2003-05-01,box_inlandnw,1.415593892977895,768.0,gpcc2025
2003-06-01,box_inlandnw,1.6367959876367386,807.0,gpcc2025
2003-07-01,box_inlandnw,0.751830662126211,812.0,gpcc2025
2003-08-01,box_inlandnw,0.8774144191908085,816.0,gpcc2025
2003-09-01,box_inlandnw,1.2769034394941268,758.0,gpcc2025
2003-10-01,box_inlandnw,2.8211647628160326,723.0,gpcc2025
2003-11-01,box_inlandnw,2.326633233904866,718.0,gpcc2025
2003-12-01,box_inlandnw,2.08467464696743,702.0,gpcc2025
2004-01-01,box_inlandnw,2.5578864222045934,693.0,gpcc2025
2004-02-01,box_inlandnw,1.1988543751889738,722.0,gpcc2025
2004-03-01,box_inlandnw,1.434988450019645,740.0,gpcc2025
2004-04-01,box_inlandnw,0.9267649570785197,730.0,gpcc2025
2004-05-01,box_inlandnw,2.1840681302686304,779.0,gpcc2025
2004-06-01,box_inlandnw,1.7961558410963208,783.0,gpcc2025
2004-07-01,box_inlandnw,1.678684424096637,794.0,gpcc2025
2004-08-01,box_inlandnw,2.5447705588365506,793.0,gpcc2025
2004-09-01,box_inlandnw,2.3350715007008715,754.0,gpcc2025
2004-10-01,box_inlandnw,1.9486239283442837,756.0,gpcc2025
2004-11-01,box_inlandnw,1.8445253813879368,737.0,gpcc2025
2004-12-01,box_inlandnw,2.267695711832499,730.0,gpcc2025
2005-01-01,box_inlandnw,2.2138748194410396,715.0,gpcc2025
2005-02-01,box_inlandnw,0.7595076722007797,737.0,gpcc2025
2005-03-01,box_inlandnw,1.8431041769514798,748.0,gpcc2025
2005-04-01,box_inlandnw,1.4236353405779971,754.0,gpcc2025
2005-05-01,box_inlandnw,1.93722116443642,779.0,gpcc2025
2005-06-01,box_inlandnw,3.4480980153974405,774.0,gpcc2025
2005-07-01,box_inlandnw,1.5449871364769105,779.0,gpcc2025
2005-08-01,box_inlandnw,1.4256233568855932,783.0,gpcc2025
2005-09-01,box_inlandnw,1.840611596058232,746.0,gpcc2025
2005-10-01,box_inlandnw,2.269146604493751,735.0,gpcc2025
2005-11-01,box_inlandnw,2.0256139399039403,726.0,gpcc2025
2005-12-01,box_inlandnw,2.234018757583414,716.0,gpcc2025
2001-01-01,box_srilanka,5.361806838472557,10.0,gpcc2025
2001-02-01,box_srilanka,2.4159962337762058,11.0,gpcc2025
2001-03-01,box_srilanka,0.5922453691904432,11.0,gpcc2025
2001-04-01,box_srilanka,6.639497738302193,10.0,gpcc2025
2001-05-01,box_srilanka,2.1354640711726245,11.0,gpcc2025
2001-06-01,box_srilanka,3.249657580604175,11.0,gpcc2025
2001-07-01,box_srilanka,2.8959424329465495,11.0,gpcc2025
2001-08-01,box_srilanka,0.6513191211888898,12.0,gpcc2025
2001-09-01,box_srilanka,3.4863309977348225,11.0,gpcc2025
2001-10-01,box_srilanka,4.96029455277007,11.0,gpcc2025
2001-11-01,box_srilanka,7.018348264202785,11.0,gpcc2025
2001-12-01,box_srilanka,7.410808243477015,11.0,gpcc2025
2002-01-01,box_srilanka,1.970366641750126,11.0,gpcc2025
2002-02-01,box_srilanka,3.0653174764105495,10.0,gpcc2025
2002-03-01,box_srilanka,2.143133429990738,11.0,gpcc2025
2002-04-01,box_srilanka,5.989017690159587,13.0,gpcc2025
2002-05-01,box_srilanka,3.641484851129806,13.0,gpcc2025
2002-06-01,box_srilanka,1.2117717196345545,4.0,gpcc2025
2002-07-01,box_srilanka,0.6758110656840776,9.0,gpcc2025
2002-08-01,box_srilanka,1.5386283509926184,13.0,gpcc2025
2002-09-01,box_srilanka,1.5756723131650634,13.0,gpcc2025
2002-10-01,box_srilanka,9.481286001513036,13.0,gpcc2025
2002-11-01,box_srilanka,9.806748147074817,13.0,gpcc2025
2002-12-01,box_srilanka,9.939292960194864,13.0,gpcc2025
2003-01-01,box_srilanka,4.953352186424765,12.0,gpcc2025
2003-02-01,box_srilanka,3.1540654669723263,13.0,gpcc2025
2003-03-01,box_srilanka,3.468087165845926,13.0,gpcc2025
2003-04-01,box_srilanka,4.774045684625946,13.0,gpcc2025
2003-05-01,box_srilanka,3.329404299832334,13.0,gpcc2025
2003-06-01,box_srilanka,1.5619182816476458,11.0,gpcc2025
2003-07-01,box_srilanka,2.3467851544447673,13.0,gpcc2025
2003-08-01,box_srilanka,1.3989241494514646,13.0,gpcc2025
2003-09-01,box_srilanka,2.420801596039904,12.0,gpcc2025
2003-10-01,box_srilanka,4.576061002662457,13.0,gpcc2025
2003-11-01,box_srilanka,12.861781832116662,14.0,gpcc2025
2003-12-01,box_srilanka,1.7661455576496257,13.0,gpcc2025
2004-01-01,box_srilanka,1.4543422927576473,12.0,gpcc2025
2004-02-01,box_srilanka,1.930917193661867,13.0,gpcc2025
2004-03-01,box_srilanka,1.685683062312089,13.0,gpcc2025
2004-04-01,box_srilanka,4.187211256309449,14.0,gpcc2025
2004-05-01,box_srilanka,5.2842309591064245,14.0,gpcc2025
2004-06-01,box_srilanka,2.039207206003625,14.0,gpcc2025
2004-07-01,box_srilanka,1.5265288990206065,14.0,gpcc2025
2004-08-01,box_srilanka,1.7177984091846776,14.0,gpcc2025
2004-09-01,box_srilanka,6.81578358798196,13.0,gpcc2025
2004-10-01,box_srilanka,10.947218523614232,14.0,gpcc2025
2004-11-01,box_srilanka,9.330289432425525,14.0,gpcc2025
2004-12-01,box_srilanka,11.099380407494188,14.0,gpcc2025
2005-01-01,box_srilanka,3.7135225111294314,14.0,gpcc2025
2005-02-01,box_srilanka,1.0294531256670523,14.0,gpcc2025
2005-03-01,box_srilanka,2.831253870052644,14.0,gpcc2025
2005-04-01,box_srilanka,5.4845296381498825,14.0,gpcc2025
2005-05-01,box_srilanka,2.994562509043612,14.0,gpcc2025
2005-06-01,box_srilanka,1.6325033897538084,14.0,gpcc2025
2005-07-01,box_srilanka,2.1486415319241403,14.0,gpcc2025
2005-08-01,box_srilanka,1.1659281250896325,14.0,gpcc2025
2005-09-01,box_srilanka,1.9013104134025716,14.0,gpcc2025
2005-10-01,box_srilanka,8.430883291996912,14.0,gpcc2025
2005-11-01,box_srilanka,15.562512351352455,14.0,gpcc2025
2005-12-01,box_srilanka,4.883717664450662,14.0,gpcc2025
2001-01-01,box_seaustralia,1.212574492499994,1118.0,gpcc2025
2001-02-01,box_seaustralia,1.2046378604089063,1107.0,gpcc2025
2001-03-01,box_seaustralia,2.698655235271289,1115.0,gpcc2025
2001-04-01,box_seaustralia,2.4391608410217533,1110.0,gpcc2025
2001-05-01,box_seaustralia,1.2905195158723821,1108.0,gpcc2025
2001-06-01,box_seaustralia,3.1280171193904422,1112.0,gpcc2025
2001-07-01,box_seaustralia,2.4011078188968678,1114.0,gpcc2025
2001-08-01,box_seaustralia,4.313264226415924,1115.0,gpcc2025
2001-09-01,box_seaustralia,2.40445699896453,1115.0,gpcc2025
2001-10-01,box_seaustralia,3.7033545353334407,1125.0,gpcc2025
2001-11-01,box_seaustralia,2.8255401319044213,1112.0,gpcc2025
2001-12-01,box_seaustralia,1.9756406170086533,1098.0,gpcc2025
2002-01-01,box_seaustralia,1.6431530231491702,1125.0,gpcc2025
2002-02-01,box_seaustralia,2.1065805222901504,1126.0,gpcc2025
2002-03-01,box_seaustralia,0.9633478951158723,1127.0,gpcc2025
2002-04-01,box_seaustralia,1.6360678031701132,1128.0,gpcc2025
2002-05-01,box_seaustralia,1.7685573499473628,1135.0,gpcc2025
2002-06-01,box_seaustralia,3.7624939069116565,1138.0,gpcc2025
2002-07-01,box_seaustralia,3.104386483319327,1143.0,gpcc2025
2002-08-01,box_seaustralia,2.0553716893590175,1152.0,gpcc2025
2002-09-01,box_seaustralia,3.166566094212574,1156.0,gpcc2025
2002-10-01,box_seaustralia,2.326449466517025,1153.0,gpcc2025
2002-11-01,box_seaustralia,1.5002210212657856,1148.0,gpcc2025
2002-12-01,box_seaustralia,1.4299807920318823,1140.0,gpcc2025
2003-01-01,box_seaustralia,0.8477287594317865,1155.0,gpcc2025
2003-02-01,box_seaustralia,1.2112909014141793,1161.0,gpcc2025
2003-03-01,box_seaustralia,1.8245002256935807,1157.0,gpcc2025
2003-04-01,box_seaustralia,2.2556780519578292,1157.0,gpcc2025
2003-05-01,box_seaustralia,1.851976135127157,1155.0,gpcc2025
2003-06-01,box_seaustralia,3.468416076759799,1149.0,gpcc2025
2003-07-01,box_seaustralia,3.055702468195816,1154.0,gpcc2025
2003-08-01,box_seaustralia,3.9242621092123704,1157.0,gpcc2025
2003-09-01,box_seaustralia,3.307762875188476,1155.0,gpcc2025
2003-10-01,box_seaustralia,2.6713253598748934,1152.0,gpcc2025
2003-11-01,box_seaustralia,0.9441989640262244,1148.0,gpcc2025
2003-12-01,box_seaustralia,1.9062952070715427,1154.0,gpcc2025
2004-01-01,box_seaustralia,2.447786925502561,1153.0,gpcc2025
2004-02-01,box_seaustralia,1.0209680363568097,1159.0,gpcc2025
2004-03-01,box_seaustralia,1.0259848463589862,1157.0,gpcc2025
2004-04-01,box_seaustralia,2.0617050873980083,1153.0,gpcc2025
2004-05-01,box_seaustralia,2.335021890656478,1156.0,gpcc2025
2004-06-01,box_seaustralia,4.478705074915848,1159.0,gpcc2025
2004-07-01,box_seaustralia,2.8167010621007025,1159.0,gpcc2025
2004-08-01,box_seaustralia,2.801980914965279,1156.0,gpcc2025
2004-09-01,box_seaustralia,2.342280354905463,1147.0,gpcc2025
2004-10-01,box_seaustralia,1.7585839220511001,1149.0,gpcc2025
2004-11-01,box_seaustralia,3.1561729358745443,1155.0,gpcc2025
2004-12-01,box_seaustralia,1.8647470103917874,1150.0,gpcc2025
2005-01-01,box_seaustralia,1.4818060441803207,1146.0,gpcc2025
2005-02-01,box_seaustralia,2.9479240499694614,1153.0,gpcc2025
2005-03-01,box_seaustralia,0.9159078000389606,1147.0,gpcc2025
2005-04-01,box_seaustralia,1.594519902432021,1150.0,gpcc2025
2005-05-01,box_seaustralia,1.1049588534487367,1145.0,gpcc2025
2005-06-01,box_seaustralia,2.886623228746423,1148.0,gpcc2025
2005-07-01,box_seaustralia,2.71223246766255,1145.0,gpcc2025
2005-08-01,box_seaustralia,3.7639970053232044,1154.0,gpcc2025
2005-09-01,box_seaustralia,2.8073209631811618,1145.0,gpcc2025
2005-10-01,box_seaustralia,3.2403109880154313,1141.0,gpcc2025
2005-11-01,box_seaustralia,2.541164692156268,1146.0,gpcc2025
2005-12-01,box_seaustralia,2.5330625118865515,1138.0,gpcc2025
2001-01-01,box_ccanada,0.713643036679727,161.0,gpcc2025
2001-02-01,box_ccanada,0.7440226495920642,159.0,gpcc2025
2001-03-01,box_ccanada,0.8045506680687945,162.0,gpcc2025
2001-04-01,box_ccanada,1.1527277005155105,165.0,gpcc2025
2001-05-01,box_ccanada,2.398358968419999,167.0,gpcc2025
2001-06-01,box_ccanada,2.7686583066268917,166.0,gpcc2025
2001-07-01,box_ccanada,2.280923556533223,166.0,gpcc2025
2001-08-01,box_ccanada,2.474992270270959,166.0,gpcc2025
2001-09-01,box_ccanada,1.7542012924381025,167.0,gpcc2025
2001-10-01,box_ccanada,1.9333930445602288,161.0,gpcc2025
2001-11-01,box_ccanada,1.107726643905313,161.0,gpcc2025
2001-12-01,box_ccanada,1.3082205255022283,157.0,gpcc2025
2002-01-01,box_ccanada,0.5120624978213946,154.0,gpcc2025
2002-02-01,box_ccanada,0.7847680732838475,151.0,gpcc2025
2002-03-01,box_ccanada,0.8724215449887511,152.0,gpcc2025
2002-04-01,box_ccanada,1.4340104727356067,160.0,gpcc2025
2002-05-01,box_ccanada,1.5320948648731614,161.0,gpcc2025
2002-06-01,box_ccanada,2.210327679733509,160.0,gpcc2025
2002-07-01,box_ccanada,2.1457144765254075,159.0,gpcc2025
2002-08-01,box_ccanada,2.826323053905325,159.0,gpcc2025
2002-09-01,box_ccanada,2.4266539786379435,159.0,gpcc2025
2002-10-01,box_ccanada,1.4728300871438236,156.0,gpcc2025
2002-11-01,box_ccanada,1.0380246121360304,149.0,gpcc2025
2002-12-01,box_ccanada,1.1514207374035368,148.0,gpcc2025
2003-01-01,box_ccanada,0.5243408528144557,148.0,gpcc2025
2003-02-01,box_ccanada,0.6143461761567076,147.0,gpcc2025
2003-03-01,box_ccanada,0.6793495596869312,150.0,gpcc2025
2003-04-01,box_ccanada,0.7215864186061104,155.0,gpcc2025
2003-05-01,box_ccanada,0.89863036397565,158.0,gpcc2025
2003-06-01,box_ccanada,2.028359980782825,157.0,gpcc2025
2003-07-01,box_ccanada,2.6539372946014375,157.0,gpcc2025
2003-08-01,box_ccanada,2.007316072702815,157.0,gpcc2025
2003-09-01,box_ccanada,2.8268592117529696,157.0,gpcc2025
2003-10-01,box_ccanada,1.1255693572170131,157.0,gpcc2025
2003-11-01,box_ccanada,1.0362323904429276,148.0,gpcc2025
2003-12-01,box_ccanada,1.0480334594150527,145.0,gpcc2025
2004-01-01,box_ccanada,0.9434201683658315,149.0,gpcc2025
2004-02-01,box_ccanada,0.6641528178068689,148.0,gpcc2025
2004-03-01,box_ccanada,1.3416662229234266,149.0,gpcc2025
2004-04-01,box_ccanada,0.8239845059245119,148.0,gpcc2025
2004-05-01,box_ccanada,1.8890237514921633,150.0,gpcc2025
2004-06-01,box_ccanada,2.3150895694351328,149.0,gpcc2025
2004-07-01,box_ccanada,2.5516888046310604,150.0,gpcc2025
2004-08-01,box_ccanada,2.9576527751574213,148.0,gpcc2025
2004-09-01,box_ccanada,3.295030916632516,149.0,gpcc2025
2004-10-01,box_ccanada,2.033131411526387,143.0,gpcc2025
2004-11-01,box_ccanada,1.0605404319009755,140.0,gpcc2025
2004-12-01,box_ccanada,1.1835057653693144,141.0,gpcc2025
2005-01-01,box_ccanada,1.1458168850200663,124.0,gpcc2025
2005-02-01,box_ccanada,0.671036272734007,128.0,gpcc2025
2005-03-01,box_ccanada,0.691967180713052,142.0,gpcc2025
2005-04-01,box_ccanada,1.0508045712028777,133.0,gpcc2025
2005-05-01,box_ccanada,1.8256169911380489,136.0,gpcc2025
2005-06-01,box_ccanada,3.582862896192475,137.0,gpcc2025
2005-07-01,box_ccanada,3.0950790479211143,139.0,gpcc2025
2005-08-01,box_ccanada,2.641380341946326,139.0,gpcc2025
2005-09-01,box_ccanada,2.861628266874769,138.0,gpcc2025
2005-10-01,box_ccanada,1.5526551300742475,134.0,gpcc2025
2005-11-01,box_ccanada,1.567845006238062,124.0,gpcc2025
2005-12-01,box_ccanada,1.1062648016283825,132.0,gpcc2025
2001-01-01,box_hawaii,,125.0,gpcc2025
2001-02-01,box_hawaii,,129.0,gpcc2025
2001-03-01,box_hawaii,,124.0,gpcc2025
2001-04-01,box_hawaii,,122.0,gpcc2025
2001-05-01,box_hawaii,,128.0,gpcc2025
2001-06-01,box_hawaii,,126.0,gpcc2025
2001-07-01,box_hawaii,,128.0,gpcc2025
2001-08-01,box_hawaii,,130.0,gpcc2025
2001-09-01,box_hawaii,,118.0,gpcc2025
2001-10-01,box_hawaii,,126.0,gpcc2025
2001-11-01,box_hawaii,,127.0,gpcc2025
2001-12-01,box_hawaii,,112.0,gpcc2025
2002-01-01,box_hawaii,,122.0,gpcc2025
2002-02-01,box_hawaii,,129.0,gpcc2025
2002-03-01,box_hawaii,,119.0,gpcc2025
2002-04-01,box_hawaii,,131.0,gpcc2025
2002-05-01,box_hawaii,,126.0,gpcc2025
2002-06-01,box_hawaii,,119.0,gpcc2025
2002-07-01,box_hawaii,,125.0,gpcc2025
2002-08-01,box_hawaii,,126.0,gpcc2025
2002-09-01,box_hawaii,,123.0,gpcc2025
2002-10-01,box_hawaii,,130.0,gpcc2025
2002-11-01,box_hawaii,,127.0,gpcc2025
2002-12-01,box_hawaii,,126.0,gpcc2025
2003-01-01,box_hawaii,,126.0,gpcc2025
2003-02-01,box_hawaii,,130.0,gpcc2025
2003-03-01,box_hawaii,,124.0,gpcc2025
2003-04-01,box_hawaii,,129.0,gpcc2025
2003-05-01,box_hawaii,,124.0,gpcc2025
2003-06-01,box_hawaii,,124.0,gpcc2025
2003-07-01,box_hawaii,,121.0,gpcc2025
2003-08-01,box_hawaii,,113.0,gpcc2025
2003-09-01,box_hawaii,,125.0,gpcc2025
2003-10-01,box_hawaii,,120.0,gpcc2025
2003-11-01,box_hawaii,,111.0,gpcc2025
2003-12-01,box_hawaii,,120.0,gpcc2025
2004-01-01,box_hawaii,,118.0,gpcc2025
2004-02-01,box_hawaii,,120.0,gpcc2025
2004-03-01,box_hawaii,,119.0,gpcc2025
2004-04-01,box_hawaii,,126.0,gpcc2025
2004-05-01,box_hawaii,,120.0,gpcc2025
2004-06-01,box_hawaii,,117.0,gpcc2025
2004-07-01,box_hawaii,,114.0,gpcc2025
2004-08-01,box_hawaii,,116.0,gpcc2025
2004-09-01,box_hawaii,,126.0,gpcc2025
2004-10-01,box_hawaii,,123.0,gpcc2025
2004-11-01,box_hawaii,,128.0,gpcc2025
2004-12-01,box_hawaii,,131.0,gpcc2025
2005-01-01,box_hawaii,,122.0,gpcc2025
2005-02-01,box_hawaii,,136.0,gpcc2025
2005-03-01,box_hawaii,,134.0,gpcc2025
2005-04-01,box_hawaii,,136.0,gpcc2025
2005-05-01,box_hawaii,,133.0,gpcc2025
2005-06-01,box_hawaii,,130.0,gpcc2025
2005-07-01,box_hawaii,,122.0,gpcc2025
2005-08-01,box_hawaii,,134.0,gpcc2025
2005-09-01,box_hawaii,,129.0,gpcc2025
2005-10-01,box_hawaii,,122.0,gpcc2025
2005-11-01,box_hawaii,,123.0,gpcc2025
2005-12-01,box_hawaii,,134.0,gpcc2025
2001-01-01,drycorridor_wet,2.9963698682297433,203.0,gpcc2025
2001-02-01,drycorridor_wet,3.624479207937249,207.0,gpcc2025
2001-03-01,drycorridor_wet,1.3861685006726694,209.0,gpcc2025
2001-04-01,drycorridor_wet,2.396876861796641,215.0,gpcc2025
2001-05-01,drycorridor_wet,6.192645302728415,211.0,gpcc2025
2001-06-01,drycorridor_wet,6.60824801630912,211.0,gpcc2025
2001-07-01,drycorridor_wet,7.82136285320844,211.0,gpcc2025
2001-08-01,drycorridor_wet,9.391207030065665,211.0,gpcc2025
2001-09-01,drycorridor_wet,9.128344013703696,208.0,gpcc2025
2001-10-01,drycorridor_wet,12.064017004216218,211.0,gpcc2025
2001-11-01,drycorridor_wet,6.659656182898599,207.0,gpcc2025
2001-12-01,drycorridor_wet,5.749782515095808,205.0,gpcc2025
2002-01-01,drycorridor_wet,3.9756141667147076,192.0,gpcc2025
2002-02-01,drycorridor_wet,3.050708530831893,190.0,gpcc2025
2002-03-01,drycorridor_wet,1.9106815435156976,191.0,gpcc2025
2002-04-01,drycorridor_wet,2.031144575466153,188.0,gpcc2025
2002-05-01,drycorridor_wet,7.02660771344134,185.0,gpcc2025
2002-06-01,drycorridor_wet,8.61822966877236,182.0,gpcc2025
2002-07-01,drycorridor_wet,8.991814734183832,185.0,gpcc2025
2002-08-01,drycorridor_wet,8.63272100994593,183.0,gpcc2025
2002-09-01,drycorridor_wet,8.837286503226748,179.0,gpcc2025
2002-10-01,drycorridor_wet,9.029973425132765,184.0,gpcc2025
2002-11-01,drycorridor_wet,7.960400223823102,178.0,gpcc2025
2002-12-01,drycorridor_wet,3.6566652376892446,176.0,gpcc2025
2003-01-01,drycorridor_wet,3.8561600073235147,190.0,gpcc2025
2003-02-01,drycorridor_wet,1.5654681721063775,190.0,gpcc2025
2003-03-01,drycorridor_wet,1.9138446072976225,190.0,gpcc2025
2003-04-01,drycorridor_wet,2.2248456312109948,187.0,gpcc2025
2003-05-01,drycorridor_wet,6.821503401532892,190.0,gpcc2025
2003-06-01,drycorridor_wet,10.091814315483543,187.0,gpcc2025
2003-07-01,drycorridor_wet,8.697081251673296,191.0,gpcc2025
2003-08-01,drycorridor_wet,8.104705502618273,186.0,gpcc2025
2003-09-01,drycorridor_wet,8.311030405402068,184.0,gpcc2025
2003-10-01,drycorridor_wet,9.560042024278975,186.0,gpcc2025
2003-11-01,drycorridor_wet,10.778104742469111,185.0,gpcc2025
2003-12-01,drycorridor_wet,6.2077943209717885,179.0,gpcc2025
2004-01-01,drycorridor_wet,3.3325974979469373,176.0,gpcc2025
2004-02-01,drycorridor_wet,2.967395950864184,176.0,gpcc2025
2004-03-01,drycorridor_wet,3.2984961587293147,173.0,gpcc2025
2004-04-01,drycorridor_wet,3.0724133791517585,174.0,gpcc2025
2004-05-01,drycorridor_wet,8.612332701224558,172.0,gpcc2025
2004-06-01,drycorridor_wet,8.866809736869925,174.0,gpcc2025
2004-07-01,drycorridor_wet,8.353645014292612,169.0,gpcc2025
2004-08-01,drycorridor_wet,7.01106614433529,174.0,gpcc2025
2004-09-01,drycorridor_wet,7.874353264159435,177.0,gpcc2025
2004-10-01,drycorridor_wet,8.496754503924034,166.0,gpcc2025
2004-11-01,drycorridor_wet,6.897091986804847,174.0,gpcc2025
2004-12-01,drycorridor_wet,5.108009614011186,170.0,gpcc2025
2005-01-01,drycorridor_wet,4.7563257050440155,154.0,gpcc2025
2005-02-01,drycorridor_wet,1.4558548059597878,154.0,gpcc2025
2005-03-01,drycorridor_wet,1.83094659268782,154.0,gpcc2025
2005-04-01,drycorridor_wet,2.471036009671367,153.0,gpcc2025
2005-05-01,drycorridor_wet,6.2510972693706695,142.0,gpcc2025
2005-06-01,drycorridor_wet,11.636103469241103,140.0,gpcc2025
2005-07-01,drycorridor_wet,8.63290330805394,137.0,gpcc2025
2005-08-01,drycorridor_wet,10.062251793078612,136.0,gpcc2025
2005-09-01,drycorridor_wet,9.933220377461108,135.0,gpcc2025
2005-10-01,drycorridor_wet,10.980611267343175,133.0,gpcc2025
2005-11-01,drycorridor_wet,8.777326276900249,134.0,gpcc2025
2005-12-01,drycorridor_wet,4.063830015399269,134.0,gpcc2025
2006-01-01,box_antilles,0.7968476625190161,5.0,gpcc2025
2006-02-01,box_antilles,2.4100250039835354,6.0,gpcc2025
2006-03-01,box_antilles,0.7212918508411837,6.0,gpcc2025
2006-04-01,box_antilles,2.1758254008905387,6.0,gpcc2025
2006-05-01,box_antilles,5.439084943498963,5.0,gpcc2025
2006-06-01,box_antilles,10.931813915408807,4.0,gpcc2025
2006-07-01,box_antilles,4.31296245414415,5.0,gpcc2025
2006-08-01,box_antilles,5.078490869170802,6.0,gpcc2025
2006-09-01,box_antilles,3.410996997763088,5.0,gpcc2025
2006-10-01,box_antilles,4.488078383485979,7.0,gpcc2025
2006-11-01,box_antilles,4.105403333545129,5.0,gpcc2025
2006-12-01,box_antilles,1.6431494417546106,6.0,gpcc2025
2007-01-01,box_antilles,0.8274246016278823,6.0,gpcc2025
2007-02-01,box_antilles,2.053017208776065,7.0,gpcc2025
2007-03-01,box_antilles,2.9329298862303648,5.0,gpcc2025
2007-04-01,box_antilles,3.2920248884085805,4.0,gpcc2025
2007-05-01,box_antilles,6.128644410238619,8.0,gpcc2025
2007-06-01,box_antilles,4.2518213471812585,6.0,gpcc2025
2007-07-01,box_antilles,4.823497559941012,7.0,gpcc2025
2007-08-01,box_antilles,5.464381032933008,8.0,gpcc2025
2007-09-01,box_antilles,5.0508997758116125,8.0,gpcc2025
2007-10-01,box_antilles,15.021535781215613,8.0,gpcc2025
2007-11-01,box_antilles,2.9979061582436626,7.0,gpcc2025
2007-12-01,box_antilles,2.0775883261609325,8.0,gpcc2025
2008-01-01,box_antilles,1.2958034328030044,5.0,gpcc2025
2008-02-01,box_antilles,1.5509592153806935,5.0,gpcc2025
2008-03-01,box_antilles,1.6619462495013126,5.0,gpcc2025
2008-04-01,box_antilles,3.6407459368910446,8.0,gpcc2025
2008-05-01,box_antilles,5.260660962369018,5.0,gpcc2025
2008-06-01,box_antilles,3.717494205594909,7.0,gpcc2025
2008-07-01,box_antilles,3.81073388254268,20.0,gpcc2025
2008-08-01,box_antilles,5.215285049680509,22.0,gpcc2025
2008-09-01,box_antilles,8.76412164809259,20.0,gpcc2025
2008-10-01,box_antilles,4.898388432404892,23.0,gpcc2025
2008-11-01,box_antilles,3.883342858062739,14.0,gpcc2025
2008-12-01,box_antilles,1.6561093588615898,21.0,gpcc2025
2009-01-01,box_antilles,0.7613781421107452,15.0,gpcc2025
2009-02-01,box_antilles,0.7374627142059094,17.0,gpcc2025
2009-03-01,box_antilles,1.0178874514186593,20.0,gpcc2025
2009-04-01,box_antilles,1.8316665355948385,19.0,gpcc2025
2009-05-01,box_antilles,5.664694890771389,20.0,gpcc2025
2009-06-01,box_antilles,5.379476262054854,18.0,gpcc2025
2009-07-01,box_antilles,2.3884505607343365,18.0,gpcc2025
2009-08-01,box_antilles,3.182677587788659,19.0,gpcc2025
2009-09-01,box_antilles,5.537875879058789,17.0,gpcc2025
2009-10-01,box_antilles,3.3409115446921636,20.0,gpcc2025
2009-11-01,box_antilles,2.7191122022670564,20.0,gpcc2025
2009-12-01,box_antilles,2.536388693347349,20.0,gpcc2025
2010-01-01,box_antilles,1.393740107230009,18.0,gpcc2025
2010-02-01,box_antilles,3.415296993266854,17.0,gpcc2025
2010-03-01,box_antilles,1.2378992915214104,17.0,gpcc2025
2010-04-01,box_antilles,2.8495976324576304,18.0,gpcc2025
2010-05-01,box_antilles,3.0693075864090256,20.0,gpcc2025
2010-06-01,box_antilles,4.4864249606740385,20.0,gpcc2025
2010-07-01,box_antilles,5.172057983133531,23.0,gpcc2025
2010-08-01,box_antilles,4.445617859801254,21.0,gpcc2025
2010-09-01,box_antilles,9.063320407878766,23.0,gpcc2025
2010-10-01,box_antilles,6.400863036457139,23.0,gpcc2025
2010-11-01,box_antilles,2.3167934501764615,23.0,gpcc2025
2010-12-01,box_antilles,1.3512080574723981,23.0,gpcc2025
2006-01-01,box_inlandnw,3.636099906811548,721.0,gpcc2025
2006-02-01,box_inlandnw,1.5821927332993588,726.0,gpcc2025
2006-03-01,box_inlandnw,1.4467810867835496,724.0,gpcc2025
2006-04-01,box_inlandnw,1.522893535354289,730.0,gpcc2025
2006-05-01,box_inlandnw,1.7620196853712695,744.0,gpcc2025
2006-06-01,box_inlandnw,1.9964178168668874,765.0,gpcc2025
2006-07-01,box_inlandnw,1.2076756375082975,757.0,gpcc2025
2006-08-01,box_inlandnw,0.8389314301263633,748.0,gpcc2025
2006-09-01,box_inlandnw,1.3909162249134819,745.0,gpcc2025
2006-10-01,box_inlandnw,1.4225171158969585,739.0,gpcc2025
2006-11-01,box_inlandnw,4.851450369480919,713.0,gpcc2025
2006-12-01,box_inlandnw,2.4615046106626433,708.0,gpcc2025
2007-01-01,box_inlandnw,2.269657400093508,706.0,gpcc2025
2007-02-01,box_inlandnw,2.130319442722884,709.0,gpcc2025
2007-03-01,box_inlandnw,2.188965089316847,615.0,gpcc2025
2007-04-01,box_inlandnw,1.5262652554359994,595.0,gpcc2025
2007-05-01,box_inlandnw,1.65583402164909,642.0,gpcc2025
2007-06-01,box_inlandnw,2.279763102304675,648.0,gpcc2025
2007-07-01,box_inlandnw,1.1085278051572107,632.0,gpcc2025
2007-08-01,box_inlandnw,1.4458279460155141,652.0,gpcc2025
2007-09-01,box_inlandnw,1.4330782062404668,624.0,gpcc2025
2007-10-01,box_inlandnw,2.032893059773815,605.0,gpcc2025
2007-11-01,box_inlandnw,1.9867221855196704,577.0,gpcc2025
2007-12-01,box_inlandnw,3.0185849252202392,537.0,gpcc2025
2008-01-01,box_inlandnw,2.1866575171144853,556.0,gpcc2025
2008-02-01,box_inlandnw,1.6116719313486505,561.0,gpcc2025
2008-03-01,box_inlandnw,1.4783448213067811,564.0,gpcc2025
2008-04-01,box_inlandnw,1.1818784543738536,580.0,gpcc2025
2008-05-01,box_inlandnw,1.6564426293654508,592.0,gpcc2025
2008-06-01,box_inlandnw,1.9138287486872367,601.0,gpcc2025
2008-07-01,box_inlandnw,1.2529593749731107,606.0,gpcc2025
2008-08-01,box_inlandnw,1.9363898981340721,589.0,gpcc2025
2008-09-01,box_inlandnw,1.0229028791214456,590.0,gpcc2025
2008-10-01,box_inlandnw,1.2945736562988321,582.0,gpcc2025
2008-11-01,box_inlandnw,2.4795120997392948,586.0,gpcc2025
2008-12-01,box_inlandnw,2.594585012352628,572.0,gpcc2025
2009-01-01,box_inlandnw,2.291869332994263,594.0,gpcc2025
2009-02-01,box_inlandnw,1.1793443039415983,592.0,gpcc2025
2009-03-01,box_inlandnw,1.9057841811800829,597.0,gpcc2025
2009-04-01,box_inlandnw,1.214746695055852,613.0,gpcc2025
2009-05-01,box_inlandnw,1.463669965035802,588.0,gpcc2025
2009-06-01,box_inlandnw,1.2539805626459315,586.0,gpcc2025
2009-07-01,box_inlandnw,1.6842122812427915,604.0,gpcc2025
2009-08-01,box_inlandnw,1.2765291880071234,602.0,gpcc2025
2009-09-01,box_inlandnw,1.179510668124493,629.0,gpcc2025
2009-10-01,box_inlandnw,2.4463306992147507,598.0,gpcc2025
2009-11-01,box_inlandnw,2.9865468546730227,608.0,gpcc2025
2009-12-01,box_inlandnw,1.6785004228085114,584.0,gpcc2025
2010-01-01,box_inlandnw,2.2984662372789013,583.0,gpcc2025
2010-02-01,box_inlandnw,1.2541460002276685,597.0,gpcc2025
2010-03-01,box_inlandnw,1.3670495100173177,604.0,gpcc2025
2010-04-01,box_inlandnw,1.835766988334157,603.0,gpcc2025
2010-05-01,box_inlandnw,2.32147687897883,595.0,gpcc2025
2010-06-01,box_inlandnw,2.3987997609168494,584.0,gpcc2025
2010-07-01,box_inlandnw,1.246519906034932,601.0,gpcc2025
2010-08-01,box_inlandnw,1.512151299505871,602.0,gpcc2025
2010-09-01,box_inlandnw,2.253739294998191,595.0,gpcc2025
2010-10-01,box_inlandnw,1.5618976274423957,578.0,gpcc2025
2010-11-01,box_inlandnw,2.278064096392653,582.0,gpcc2025
2010-12-01,box_inlandnw,2.7245453107579687,580.0,gpcc2025
2006-01-01,box_srilanka,5.530119440766396,14.0,gpcc2025
2006-02-01,box_srilanka,2.386069375263277,14.0,gpcc2025
2006-03-01,box_srilanka,4.075361380497174,14.0,gpcc2025
2006-04-01,box_srilanka,2.8900041454850256,13.0,gpcc2025
2006-05-01,box_srilanka,3.379911251681932,14.0,gpcc2025
2006-06-01,box_srilanka,1.9303954490189823,14.0,gpcc2025
2006-07-01,box_srilanka,1.5569801770193603,14.0,gpcc2025
2006-08-01,box_srilanka,2.61546150856425,13.0,gpcc2025
2006-09-01,box_srilanka,3.655952721553869,13.0,gpcc2025
2006-10-01,box_srilanka,12.03720885109154,13.0,gpcc2025
2006-11-01,box_srilanka,11.940645956043811,13.0,gpcc2025
2006-12-01,box_srilanka,6.160474329629683,13.0,gpcc2025
2007-01-01,box_srilanka,3.7840799867454993,13.0,gpcc2025
2007-02-01,box_srilanka,1.8883862174589559,14.0,gpcc2025
2007-03-01,box_srilanka,1.0820430934064276,14.0,gpcc2025
2007-04-01,box_srilanka,6.870817734053887,12.0,gpcc2025
2007-05-01,box_srilanka,1.6604816793088697,13.0,gpcc2025
2007-06-01,box_srilanka,3.4898479604444317,13.0,gpcc2025
2007-07-01,box_srilanka,1.8029374579018245,19.0,gpcc2025
2007-08-01,box_srilanka,3.041055620752329,19.0,gpcc2025
2007-09-01,box_srilanka,3.434602879964434,19.0,gpcc2025
2007-10-01,box_srilanka,9.586340702437871,20.0,gpcc2025
2007-11-01,box_srilanka,5.058019430932659,20.0,gpcc2025
2007-12-01,box_srilanka,7.904555023166313,19.0,gpcc2025
2008-01-01,box_srilanka,3.5689513466162883,20.0,gpcc2025
2008-02-01,box_srilanka,4.03558636881108,20.0,gpcc2025
2008-03-01,box_srilanka,10.110093297112371,20.0,gpcc2025
2008-04-01,box_srilanka,6.866119084084685,20.0,gpcc2025
2008-05-01,box_srilanka,2.637050023669554,15.0,gpcc2025
2008-06-01,box_srilanka,2.911357624687764,19.0,gpcc2025
2008-07-01,box_srilanka,2.7858133355510195,19.0,gpcc2025
2008-08-01,box_srilanka,2.584920328232918,20.0,gpcc2025
2008-09-01,box_srilanka,1.6674703239234248,20.0,gpcc2025
2008-10-01,box_srilanka,7.776906662569998,20.0,gpcc2025
2008-11-01,box_srilanka,9.412987515434077,20.0,gpcc2025
2008-12-01,box_srilanka,5.684312716954925,20.0,gpcc2025
2009-01-01,box_srilanka,2.294049184420738,20.0,gpcc2025
2009-02-01,box_srilanka,0.38094304772346543,18.0,gpcc2025
2009-03-01,box_srilanka,4.686432868063688,20.0,gpcc2025
2009-04-01,box_srilanka,5.413595087124532,19.0,gpcc2025
2009-05-01,box_srilanka,2.7680372891988863,19.0,gpcc2025
2009-06-01,box_srilanka,2.21982037167919,20.0,gpcc2025
2009-07-01,box_srilanka,1.139775355878751,20.0,gpcc2025
2009-08-01,box_srilanka,3.3646914921252704,20.0,gpcc2025
2009-09-01,box_srilanka,2.1864659640112865,20.0,gpcc2025
2009-10-01,box_srilanka,4.423605060593632,19.0,gpcc2025
2009-11-01,box_srilanka,11.414234331997129,20.0,gpcc2025
2009-12-01,box_srilanka,8.764356589007763,6.0,gpcc2025
2010-01-01,box_srilanka,2.443536632258211,20.0,gpcc2025
2010-02-01,box_srilanka,0.8803883388681506,20.0,gpcc2025
2010-03-01,box_srilanka,2.066482675876377,20.0,gpcc2025
2010-04-01,box_srilanka,5.6931640952319835,20.0,gpcc2025
2010-05-01,box_srilanka,5.870746660504603,20.0,gpcc2025
2010-06-01,box_srilanka,2.560900814305424,20.0,gpcc2025
2010-07-01,box_srilanka,2.331705927442662,20.0,gpcc2025
2010-08-01,box_srilanka,3.1184643005946526,20.0,gpcc2025
2010-09-01,box_srilanka,5.378350475286688,20.0,gpcc2025
2010-10-01,box_srilanka,4.650714242683339,20.0,gpcc2025
2010-11-01,box_srilanka,13.472048983433744,20.0,gpcc2025
2010-12-01,box_srilanka,11.850495676123929,20.0,gpcc2025
2006-01-01,box_seaustralia,1.3194743930838317,1151.0,gpcc2025
2006-02-01,box_seaustralia,1.0404647631132231,1153.0,gpcc2025
2006-03-01,box_seaustralia,1.1505982717143093,1153.0,gpcc2025
2006-04-01,box_seaustralia,3.045420697161265,1145.0,gpcc2025
2006-05-01,box_seaustralia,2.308185868226051,1144.0,gpcc2025
2006-06-01,box_seaustralia,1.4079514386333492,1142.0,gpcc2025
2006-07-01,box_seaustralia,2.4369266934245597,1142.0,gpcc2025
2006-08-01,box_seaustralia,1.339552444560795,1136.0,gpcc2025
2006-09-01,box_seaustralia,2.0820659636211203,1137.0,gpcc2025
2006-10-01,box_seaustralia,0.9968171837165153,1136.0,gpcc2025
2006-11-01,box_seaustralia,1.088093767492075,1133.0,gpcc2025
2006-12-01,box_seaustralia,0.9594229787757482,1133.0,gpcc2025
2007-01-01,box_seaustralia,1.9485250527198636,1133.0,gpcc2025
2007-02-01,box_seaustralia,1.7277343896683117,1140.0,gpcc2025
2007-03-01,box_seaustralia,1.660761351264732,1131.0,gpcc2025
2007-04-01,box_seaustralia,1.3830840705261258,1133.0,gpcc2025
2007-05-01,box_seaustralia,3.8186362453414087,1137.0,gpcc2025
2007-06-01,box_seaustralia,2.887560834283921,1130.0,gpcc2025
2007-07-01,box_seaustralia,2.9428078823706576,1137.0,gpcc2025
2007-08-01,box_seaustralia,2.45429608919789,1135.0,gpcc2025
2007-09-01,box_seaustralia,2.2776991852790855,1134.0,gpcc2025
2007-10-01,box_seaustralia,1.789564435232602,1133.0,gpcc2025
2007-11-01,box_seaustralia,2.004946752634296,1141.0,gpcc2025
2007-12-01,box_seaustralia,2.385718815803875,1135.0,gpcc2025
2008-01-01,box_seaustralia,1.0812367412712545,1131.0,gpcc2025
2008-02-01,box_seaustralia,1.8701621879337154,1128.0,gpcc2025
2008-03-01,box_seaustralia,1.4196848493284147,1133.0,gpcc2025
2008-04-01,box_seaustralia,1.4621094448911294,1138.0,gpcc2025
2008-05-01,box_seaustralia,1.680967491483884,1131.0,gpcc2025
2008-06-01,box_seaustralia,2.2991775489766444,1135.0,gpcc2025
2008-07-01,box_seaustralia,2.7896782974813332,1128.0,gpcc2025
2008-08-01,box_seaustralia,2.622928537616153,1125.0,gpcc2025
2008-09-01,box_seaustralia,2.0603002954380503,1128.0,gpcc2025
2008-10-01,box_seaustralia,0.9341846039179623,1123.0,gpcc2025
2008-11-01,box_seaustralia,2.9999268633682212,1127.0,gpcc2025
2008-12-01,box_seaustralia,2.848589380152615,1120.0,gpcc2025
2009-01-01,box_seaustralia,0.6772731936648617,1124.0,gpcc2025
2009-02-01,box_seaustralia,0.78676390807214,1117.0,gpcc2025
2009-03-01,box_seaustralia,1.906623256405027,1114.0,gpcc2025
2009-04-01,box_seaustralia,2.5279143600849685,1124.0,gpcc2025
2009-05-01,box_seaustralia,1.6268549532133798,1117.0,gpcc2025
2009-06-01,box_seaustralia,3.16435079816892,1123.0,gpcc2025
2009-07-01,box_seaustralia,3.383568634364144,1113.0,gpcc2025
2009-08-01,box_seaustralia,4.668698711191941,1108.0,gpcc2025
2009-09-01,box_seaustralia,3.6083259681219397,1108.0,gpcc2025
2009-10-01,box_seaustralia,1.796633209370744,1106.0,gpcc2025
2009-11-01,box_seaustralia,2.2941998659490115,1106.0,gpcc2025
2009-12-01,box_seaustralia,1.7151364720100397,1106.0,gpcc2025
2010-01-01,box_seaustralia,0.7937351471763279,1109.0,gpcc2025
2010-02-01,box_seaustralia,2.7387397386579404,1112.0,gpcc2025
2010-03-01,box_seaustralia,2.2674452834097885,1106.0,gpcc2025
2010-04-01,box_seaustralia,2.4849099335933147,1112.0,gpcc2025
2010-05-01,box_seaustralia,2.3587157446839244,1102.0,gpcc2025
2010-06-01,box_seaustralia,2.7424951682081797,1093.0,gpcc2025
2010-07-01,box_seaustralia,2.3705838734479947,1092.0,gpcc2025
2010-08-01,box_seaustralia,4.339358315158024,1097.0,gpcc2025
2010-09-01,box_seaustralia,2.780219872483886,1087.0,gpcc2025
2010-10-01,box_seaustralia,3.3747528926387296,1080.0,gpcc2025
2010-11-01,box_seaustralia,3.082822916085535,1073.0,gpcc2025
2010-12-01,box_seaustralia,3.1733961627967293,1067.0,gpcc2025
2006-01-01,box_ccanada,0.8982598281271943,130.0,gpcc2025
2006-02-01,box_ccanada,0.5675660592253893,128.0,gpcc2025
2006-03-01,box_ccanada,0.9647481761165198,131.0,gpcc2025
2006-04-01,box_ccanada,0.6043627605929701,132.0,gpcc2025
2006-05-01,box_ccanada,2.018190169632245,131.0,gpcc2025
2006-06-01,box_ccanada,1.4671777251368738,135.0,gpcc2025
2006-07-01,box_ccanada,2.978962560531333,132.0,gpcc2025
2006-08-01,box_ccanada,2.378203441378658,132.0,gpcc2025
2006-09-01,box_ccanada,1.655918764797358,131.0,gpcc2025
2006-10-01,box_ccanada,2.081654935097264,128.0,gpcc2025
2006-11-01,box_ccanada,1.5188817125505796,127.0,gpcc2025
2006-12-01,box_ccanada,0.7160545164186786,128.0,gpcc2025
2007-01-01,box_ccanada,0.7102923975921469,121.0,gpcc2025
2007-02-01,box_ccanada,0.648060764198074,123.0,gpcc2025
2007-03-01,box_ccanada,1.1506656679030358,117.0,gpcc2025
2007-04-01,box_ccanada,0.8876339033772417,125.0,gpcc2025
2007-05-01,box_ccanada,1.94164151647369,130.0,gpcc2025
2007-06-01,box_ccanada,2.5934437802255954,127.0,gpcc2025
2007-07-01,box_ccanada,2.239255549280213,124.0,gpcc2025
2007-08-01,box_ccanada,2.785035982487951,126.0,gpcc2025
2007-09-01,box_ccanada,3.3952427533719733,128.0,gpcc2025
2007-10-01,box_ccanada,2.269879236117981,126.0,gpcc2025
2007-11-01,box_ccanada,0.97325651481637,120.0,gpcc2025
2007-12-01,box_ccanada,1.1050425858342097,77.0,gpcc2025
2008-01-01,box_ccanada,0.9041151199630728,71.0,gpcc2025
2008-02-01,box_ccanada,0.6636014788303526,69.0,gpcc2025
2008-03-01,box_ccanada,0.8638726201590327,75.0,gpcc2025
2008-04-01,box_ccanada,1.0548297940984184,71.0,gpcc2025
2008-05-01,box_ccanada,1.4155299580301377,75.0,gpcc2025
2008-06-01,box_ccanada,2.888747430137906,74.0,gpcc2025
2008-07-01,box_ccanada,3.4165113957156117,76.0,gpcc2025
2008-08-01,box_ccanada,2.1237217129712085,77.0,gpcc2025
2008-09-01,box_ccanada,2.543654512484403,76.0,gpcc2025
2008-10-01,box_ccanada,1.7101313679589916,73.0,gpcc2025
2008-11-01,box_ccanada,1.2784125673298816,69.0,gpcc2025
2008-12-01,box_ccanada,0.8307339924102987,75.0,gpcc2025
2009-01-01,box_ccanada,0.8081316773978702,78.0,gpcc2025
2009-02-01,box_ccanada,1.1005987807549333,78.0,gpcc2025
2009-03-01,box_ccanada,1.272676490022968,76.0,gpcc2025
2009-04-01,box_ccanada,0.9960684683282507,78.0,gpcc2025
2009-05-01,box_ccanada,1.6737200528686786,84.0,gpcc2025
2009-06-01,box_ccanada,2.3565038244104257,87.0,gpcc2025
2009-07-01,box_ccanada,3.305565491327113,88.0,gpcc2025
2009-08-01,box_ccanada,2.982906619674499,92.0,gpcc2025
2009-09-01,box_ccanada,1.362380639468565,90.0,gpcc2025
2009-10-01,box_ccanada,1.4554351614868366,74.0,gpcc2025
2009-11-01,box_ccanada,0.7490559154046788,87.0,gpcc2025
2009-12-01,box_ccanada,0.5344688117742045,85.0,gpcc2025
2010-01-01,box_ccanada,0.7658080964391837,80.0,gpcc2025
2010-02-01,box_ccanada,0.4075443818929614,80.0,gpcc2025
2010-03-01,box_ccanada,0.3955150969271329,81.0,gpcc2025
2010-04-01,box_ccanada,0.9549400348726588,83.0,gpcc2025
2010-05-01,box_ccanada,1.929297275444516,84.0,gpcc2025
2010-06-01,box_ccanada,1.8102457300598402,84.0,gpcc2025
2010-07-01,box_ccanada,3.2150946160444005,84.0,gpcc2025
2010-08-01,box_ccanada,3.755715773317608,82.0,gpcc2025
2010-09-01,box_ccanada,2.522814959926967,83.0,gpcc2025
2010-10-01,box_ccanada,1.1808159724259415,77.0,gpcc2025
2010-11-01,box_ccanada,1.2046141881059322,75.0,gpcc2025
2010-12-01,box_ccanada,0.7840495439248474,75.0,gpcc2025
2006-01-01,box_hawaii,,119.0,gpcc2025
2006-02-01,box_hawaii,,119.0,gpcc2025
2006-03-01,box_hawaii,,117.0,gpcc2025
2006-04-01,box_hawaii,,114.0,gpcc2025
2006-05-01,box_hawaii,,121.0,gpcc2025
2006-06-01,box_hawaii,,126.0,gpcc2025
2006-07-01,box_hawaii,,119.0,gpcc2025
2006-08-01,box_hawaii,,122.0,gpcc2025
2006-09-01,box_hawaii,,115.0,gpcc2025
2006-10-01,box_hawaii,,126.0,gpcc2025
2006-11-01,box_hawaii,,121.0,gpcc2025
2006-12-01,box_hawaii,,111.0,gpcc2025
2007-01-01,box_hawaii,,119.0,gpcc2025
2007-02-01,box_hawaii,,118.0,gpcc2025
2007-03-01,box_hawaii,,118.0,gpcc2025
2007-04-01,box_hawaii,,115.0,gpcc2025
2007-05-01,box_hawaii,,125.0,gpcc2025
2007-06-01,box_hawaii,,120.0,gpcc2025
2007-07-01,box_hawaii,,112.0,gpcc2025
2007-08-01,box_hawaii,,122.0,gpcc2025
2007-09-01,box_hawaii,,111.0,gpcc2025
2007-10-01,box_hawaii,,120.0,gpcc2025
2007-11-01,box_hawaii,,111.0,gpcc2025
2007-12-01,box_hawaii,,97.0,gpcc2025
2008-01-01,box_hawaii,,104.0,gpcc2025
2008-02-01,box_hawaii,,111.0,gpcc2025
2008-03-01,box_hawaii,,110.0,gpcc2025
2008-04-01,box_hawaii,,112.0,gpcc2025
2008-05-01,box_hawaii,,108.0,gpcc2025
2008-06-01,box_hawaii,,104.0,gpcc2025
2008-07-01,box_hawaii,,107.0,gpcc2025
2008-08-01,box_hawaii,,102.0,gpcc2025
2008-09-01,box_hawaii,,106.0,gpcc2025
2008-10-01,box_hawaii,,110.0,gpcc2025
2008-11-01,box_hawaii,,97.0,gpcc2025
2008-12-01,box_hawaii,,101.0,gpcc2025
2009-01-01,box_hawaii,,97.0,gpcc2025
2009-02-01,box_hawaii,,105.0,gpcc2025
2009-03-01,box_hawaii,,99.0,gpcc2025
2009-04-01,box_hawaii,,106.0,gpcc2025
2009-05-01,box_hawaii,,120.0,gpcc2025
2009-06-01,box_hawaii,,115.0,gpcc2025
2009-07-01,box_hawaii,,104.0,gpcc2025
2009-08-01,box_hawaii,,102.0,gpcc2025
2009-09-01,box_hawaii,,105.0,gpcc2025
2009-10-01,box_hawaii,,104.0,gpcc2025
2009-11-01,box_hawaii,,105.0,gpcc2025
2009-12-01,box_hawaii,,111.0,gpcc2025
2010-01-01,box_hawaii,,114.0,gpcc2025
2010-02-01,box_hawaii,,100.0,gpcc2025
2010-03-01,box_hawaii,,96.0,gpcc2025
2010-04-01,box_hawaii,,102.0,gpcc2025
2010-05-01,box_hawaii,,97.0,gpcc2025
2010-06-01,box_hawaii,,100.0,gpcc2025
2010-07-01,box_hawaii,,95.0,gpcc2025
2010-08-01,box_hawaii,,101.0,gpcc2025
2010-09-01,box_hawaii,,104.0,gpcc2025
2010-10-01,box_hawaii,,98.0,gpcc2025
2010-11-01,box_hawaii,,105.0,gpcc2025
2010-12-01,box_hawaii,,94.0,gpcc2025
2006-01-01,drycorridor_wet,5.659779236224559,134.0,gpcc2025
2006-02-01,drycorridor_wet,2.5927446233358356,130.0,gpcc2025
2006-03-01,drycorridor_wet,2.233802238209955,137.0,gpcc2025
2006-04-01,drycorridor_wet,2.5038439901934995,135.0,gpcc2025
2006-05-01,drycorridor_wet,6.146031886160012,138.0,gpcc2025
2006-06-01,drycorridor_wet,11.132583897520739,139.0,gpcc2025
2006-07-01,drycorridor_wet,9.333374574720729,134.0,gpcc2025
2006-08-01,drycorridor_wet,7.54317692766269,137.0,gpcc2025
2006-09-01,drycorridor_wet,8.102872630374446,135.0,gpcc2025
2006-10-01,drycorridor_wet,7.372421749534122,139.0,gpcc2025
2006-11-01,drycorridor_wet,6.38107655589671,135.0,gpcc2025
2006-12-01,drycorridor_wet,6.292722951994418,135.0,gpcc2025
2007-01-01,drycorridor_wet,3.3230466875710047,137.0,gpcc2025
2007-02-01,drycorridor_wet,1.6336337462140909,139.0,gpcc2025
2007-03-01,drycorridor_wet,2.2761500248840942,137.0,gpcc2025
2007-04-01,drycorridor_wet,2.6782277634852063,137.0,gpcc2025
2007-05-01,drycorridor_wet,5.924779542349756,132.0,gpcc2025
2007-06-01,drycorridor_wet,8.26727499964547,137.0,gpcc2025
2007-07-01,drycorridor_wet,7.845574713894835,135.0,gpcc2025
2007-08-01,drycorridor_wet,11.780663907761097,136.0,gpcc2025
2007-09-01,drycorridor_wet,10.68482689744954,137.0,gpcc2025
2007-10-01,drycorridor_wet,9.681744603211127,136.0,gpcc2025
2007-11-01,drycorridor_wet,9.624838337681004,136.0,gpcc2025
2007-12-01,drycorridor_wet,5.11940819357615,135.0,gpcc2025
2008-01-01,drycorridor_wet,3.750773415103388,133.0,gpcc2025
2008-02-01,drycorridor_wet,2.3204333529168832,133.0,gpcc2025
2008-03-01,drycorridor_wet,2.1901152308881198,131.0,gpcc2025
2008-04-01,drycorridor_wet,2.540104153035513,131.0,gpcc2025
2008-05-01,drycorridor_wet,7.192373368291161,116.0,gpcc2025
2008-06-01,drycorridor_wet,10.330963699093198,99.0,gpcc2025
2008-07-01,drycorridor_wet,11.455723670792912,61.0,gpcc2025
2008-08-01,drycorridor_wet,8.53795501260799,51.0,gpcc2025
2008-09-01,drycorridor_wet,10.09251040832344,53.0,gpcc2025
2008-10-01,drycorridor_wet,14.824032080462892,53.0,gpcc2025
2008-11-01,drycorridor_wet,8.195750040769017,50.0,gpcc2025
2008-12-01,drycorridor_wet,4.491172734238539,51.0,gpcc2025
2009-01-01,drycorridor_wet,4.224567243537432,34.0,gpcc2025
2009-02-01,drycorridor_wet,4.152945135685328,33.0,gpcc2025
2009-03-01,drycorridor_wet,1.8859953409029915,34.0,gpcc2025
2009-04-01,drycorridor_wet,1.7661486625953189,31.0,gpcc2025
2009-05-01,drycorridor_wet,5.7036522665642515,30.0,gpcc2025
2009-06-01,drycorridor_wet,8.934087375117116,30.0,gpcc2025
2009-07-01,drycorridor_wet,8.874259142540522,30.0,gpcc2025
2009-08-01,drycorridor_wet,8.132439261483826,29.0,gpcc2025
2009-09-01,drycorridor_wet,7.213939526567239,27.0,gpcc2025
2009-10-01,drycorridor_wet,8.572458895837398,29.0,gpcc2025
2009-11-01,drycorridor_wet,10.412037733031674,20.0,gpcc2025
2009-12-01,drycorridor_wet,4.014378738505421,29.0,gpcc2025
2010-01-01,drycorridor_wet,4.564958593152087,30.0,gpcc2025
2010-02-01,drycorridor_wet,2.766664851249724,29.0,gpcc2025
2010-03-01,drycorridor_wet,2.567321322556277,29.0,gpcc2025
2010-04-01,drycorridor_wet,4.759940959836231,22.0,gpcc2025
2010-05-01,drycorridor_wet,6.421563537897803,20.0,gpcc2025
2010-06-01,drycorridor_wet,9.782389400519069,22.0,gpcc2025
2010-07-01,drycorridor_wet,12.111014027675573,23.0,gpcc2025
2010-08-01,drycorridor_wet,11.992553011019538,23.0,gpcc2025
2010-09-01,drycorridor_wet,11.901487151696715,25.0,gpcc2025
2010-10-01,drycorridor_wet,7.681973103414957,20.0,gpcc2025
2010-11-01,drycorridor_wet,7.908748281909309,24.0,gpcc2025
2010-12-01,drycorridor_wet,5.0054505412439445,20.0,gpcc2025
2011-01-01,box_antilles,1.1484528098111053,23.0,gpcc2025
2011-02-01,box_antilles,0.925841056081452,23.0,gpcc2025
2011-03-01,box_antilles,1.0458578402792018,22.0,gpcc2025
2011-04-01,box_antilles,1.7583017090354418,23.0,gpcc2025
2011-05-01,box_antilles,3.071738683359991,23.0,gpcc2025
2011-06-01,box_antilles,7.375203606892584,23.0,gpcc2025
2011-07-01,box_antilles,5.45832047974228,23.0,gpcc2025
2011-08-01,box_antilles,5.730986742215765,23.0,gpcc2025
2011-09-01,box_antilles,4.985282570819479,23.0,gpcc2025
2011-10-01,box_antilles,7.750252591386773,22.0,gpcc2025
2011-11-01,box_antilles,1.9872767713492356,22.0,gpcc2025
2011-12-01,box_antilles,1.9047559629820916,21.0,gpcc2025
2012-01-01,box_antilles,0.7536520728760985,22.0,gpcc2025
2012-02-01,box_antilles,1.0269693493860428,22.0,gpcc2025
2012-03-01,box_antilles,1.2309854033552035,22.0,gpcc2025
2012-04-01,box_antilles,4.191117445348488,19.0,gpcc2025
2012-05-01,box_antilles,5.613344034695412,20.0,gpcc2025
2012-06-01,box_antilles,5.053537686634713,22.0,gpcc2025
2012-07-01,box_antilles,3.506886432790024,22.0,gpcc2025
2012-08-01,box_antilles,5.7627249484917265,23.0,gpcc2025
2012-09-01,box_antilles,4.642578623648908,22.0,gpcc2025
2012-10-01,box_antilles,7.0438467726382,23.0,gpcc2025
2012-11-01,box_antilles,3.7492191332509224,23.0,gpcc2025
2012-12-01,box_antilles,1.683713844876469,20.0,gpcc2025
2013-01-01,box_antilles,1.2336782560502715,23.0,gpcc2025
2013-02-01,box_antilles,1.1927485967457285,22.0,gpcc2025
2013-03-01,box_antilles,1.2178117483796151,22.0,gpcc2025
2013-04-01,box_antilles,2.3351237932921123,21.0,gpcc2025
2013-05-01,box_antilles,4.5439479748803855,19.0,gpcc2025
2013-06-01,box_antilles,5.298655756620558,19.0,gpcc2025
2013-07-01,box_antilles,4.516619402825112,21.0,gpcc2025
2013-08-01,box_antilles,4.444898774937233,22.0,gpcc2025
2013-09-01,box_antilles,4.992709427228218,19.0,gpcc2025
2013-10-01,box_antilles,3.9211059455590718,19.0,gpcc2025
2013-11-01,box_antilles,3.712840692848333,20.0,gpcc2025
2013-12-01,box_antilles,1.4874020307763394,19.0,gpcc2025
2014-01-01,box_antilles,2.67835609571364,19.0,gpcc2025
2014-02-01,box_antilles,2.1700422794031153,20.0,gpcc2025
2014-03-01,box_antilles,1.7161428442362512,19.0,gpcc2025
2014-04-01,box_antilles,2.8077912257065365,19.0,gpcc2025
2014-05-01,box_antilles,4.599709207797538,20.0,gpcc2025
2014-06-01,box_antilles,3.5699579143220816,20.0,gpcc2025
2014-07-01,box_antilles,2.921214502175953,20.0,gpcc2025
2014-08-01,box_antilles,4.955645846076045,20.0,gpcc2025
2014-09-01,box_antilles,4.393868687477455,20.0,gpcc2025
2014-10-01,box_antilles,4.5661199349554655,19.0,gpcc2025
2014-11-01,box_antilles,3.1342820374472504,20.0,gpcc2025
2014-12-01,box_antilles,1.2260253337347542,20.0,gpcc2025
2015-01-01,box_antilles,1.1443883929928633,20.0,gpcc2025
2015-02-01,box_antilles,1.7667627693580596,20.0,gpcc2025
2015-03-01,box_antilles,1.5769104271752594,20.0,gpcc2025
2015-04-01,box_antilles,1.6251455704806126,20.0,gpcc2025
2015-05-01,box_antilles,4.12012909717,19.0,gpcc2025
2015-06-01,box_antilles,3.8073751113488394,20.0,gpcc2025
2015-07-01,box_antilles,2.2562972260440506,20.0,gpcc2025
2015-08-01,box_antilles,4.102979931605232,18.0,gpcc2025
2015-09-01,box_antilles,4.17441634801015,20.0,gpcc2025
2015-10-01,box_antilles,5.876675417690192,20.0,gpcc2025
2015-11-01,box_antilles,3.495731063689751,19.0,gpcc2025
2015-12-01,box_antilles,3.302932988476648,19.0,gpcc2025
2011-01-01,box_inlandnw,2.9636886256364563,458.0,gpcc2025
2011-02-01,box_inlandnw,2.0353053044635603,457.0,gpcc2025
2011-03-01,box_inlandnw,2.3833433979231944,375.0,gpcc2025
2011-04-01,box_inlandnw,1.8106188241890249,263.0,gpcc2025
2011-05-01,box_inlandnw,2.3008202947440455,265.0,gpcc2025
2011-06-01,box_inlandnw,2.643433359338431,271.0,gpcc2025
2011-07-01,box_inlandnw,2.233176369948578,270.0,gpcc2025
2011-08-01,box_inlandnw,0.9441516471365797,268.0,gpcc2025
2011-09-01,box_inlandnw,1.0657351371191457,268.0,gpcc2025
2011-10-01,box_inlandnw,1.544423036477703,272.0,gpcc2025
2011-11-01,box_inlandnw,2.3153095225002316,269.0,gpcc2025
2011-12-01,box_inlandnw,1.571717357548403,267.0,gpcc2025
2012-01-01,box_inlandnw,2.3136737559907017,266.0,gpcc2025
2012-02-01,box_inlandnw,1.698484242990798,268.0,gpcc2025
2012-03-01,box_inlandnw,2.446945797996226,268.0,gpcc2025
2012-04-01,box_inlandnw,1.972935674174782,267.0,gpcc2025
2012-05-01,box_inlandnw,1.528569156165351,267.0,gpcc2025
2012-06-01,box_inlandnw,3.0813027684179426,271.0,gpcc2025
2012-07-01,box_inlandnw,2.0169539453299867,271.0,gpcc2025
2012-08-01,box_inlandnw,0.9404799423732365,272.0,gpcc2025
2012-09-01,box_inlandnw,0.6337961759452694,274.0,gpcc2025
2012-10-01,box_inlandnw,2.6609922577277683,273.0,gpcc2025
2012-11-01,box_inlandnw,2.5826000520802523,273.0,gpcc2025
2012-12-01,box_inlandnw,2.767206077328603,272.0,gpcc2025
2013-01-01,box_inlandnw,1.836321159156692,273.0,gpcc2025
2013-02-01,box_inlandnw,1.3652902236028104,273.0,gpcc2025
2013-03-01,box_inlandnw,1.6121603465683167,269.0,gpcc2025
2013-04-01,box_inlandnw,1.6761669421624774,270.0,gpcc2025
2013-05-01,box_inlandnw,2.0348796384309478,270.0,gpcc2025
2013-06-01,box_inlandnw,2.541430116819247,273.0,gpcc2025
2013-07-01,box_inlandnw,1.2683577127400762,273.0,gpcc2025
2013-08-01,box_inlandnw,1.5798364676156027,273.0,gpcc2025
2013-09-01,box_inlandnw,2.2602103624321477,274.0,gpcc2025
2013-10-01,box_inlandnw,1.0054992656029447,271.0,gpcc2025
2013-11-01,box_inlandnw,1.954919497990437,270.0,gpcc2025
2013-12-01,box_inlandnw,2.1559237491441845,264.0,gpcc2025
2014-01-01,box_inlandnw,1.9781601441450274,268.0,gpcc2025
2014-02-01,box_inlandnw,2.1905955276115745,264.0,gpcc2025
2014-03-01,box_inlandnw,2.2766645743578664,271.0,gpcc2025
2014-04-01,box_inlandnw,1.6783497016978333,274.0,gpcc2025
2014-05-01,box_inlandnw,1.6672716425114296,277.0,gpcc2025
2014-06-01,box_inlandnw,2.158597267771617,278.0,gpcc2025
2014-07-01,box_inlandnw,1.2424839480733785,276.0,gpcc2025
2014-08-01,box_inlandnw,1.496624206563287,280.0,gpcc2025
2014-09-01,box_inlandnw,1.5355290104481498,276.0,gpcc2025
2014-10-01,box_inlandnw,2.1700816641589795,280.0,gpcc2025
2014-11-01,box_inlandnw,2.807755504309372,277.0,gpcc2025
2014-12-01,box_inlandnw,2.5237773220605786,267.0,gpcc2025
2015-01-01,box_inlandnw,2.400041821167642,270.0,gpcc2025
2015-02-01,box_inlandnw,2.155514088089406,269.0,gpcc2025
2015-03-01,box_inlandnw,1.8409743322696286,272.0,gpcc2025
2015-04-01,box_inlandnw,1.0203395874854713,270.0,gpcc2025
2015-05-01,box_inlandnw,1.1554955994725757,273.0,gpcc2025
2015-06-01,box_inlandnw,1.2943039389845739,267.0,gpcc2025
2015-07-01,box_inlandnw,1.4113022094654408,272.0,gpcc2025
2015-08-01,box_inlandnw,1.4715861640261596,268.0,gpcc2025
2015-09-01,box_inlandnw,1.8260116207595862,270.0,gpcc2025
2015-10-01,box_inlandnw,1.646513177751656,273.0,gpcc2025
2015-11-01,box_inlandnw,2.3407741564306703,271.0,gpcc2025
2015-12-01,box_inlandnw,3.3330413414185784,269.0,gpcc2025
2011-01-01,box_srilanka,10.98818171382489,20.0,gpcc2025
2011-02-01,box_srilanka,8.155597113643669,20.0,gpcc2025
2011-03-01,box_srilanka,2.716325311248804,20.0,gpcc2025
2011-04-01,box_srilanka,7.840183116080665,20.0,gpcc2025
2011-05-01,box_srilanka,2.141520128802742,20.0,gpcc2025
2011-06-01,box_srilanka,1.1866864858147848,20.0,gpcc2025
2011-07-01,box_srilanka,1.3019233626723032,20.0,gpcc2025
2011-08-01,box_srilanka,2.4269860590405923,20.0,gpcc2025
2011-09-01,box_srilanka,2.090467396038418,20.0,gpcc2025
2011-10-01,box_srilanka,8.594671720350805,20.0,gpcc2025
2011-11-01,box_srilanka,10.031371699521076,20.0,gpcc2025
2011-12-01,box_srilanka,6.107039331246632,20.0,gpcc2025
2012-01-01,box_srilanka,1.2613674400112105,20.0,gpcc2025
2012-02-01,box_srilanka,3.48313040498137,20.0,gpcc2025
2012-03-01,box_srilanka,1.9107770232037626,20.0,gpcc2025
2012-04-01,box_srilanka,5.208066626174638,20.0,gpcc2025
2012-05-01,box_srilanka,0.7591865686975152,20.0,gpcc2025
2012-06-01,box_srilanka,1.2402555389192431,20.0,gpcc2025
2012-07-01,box_srilanka,1.1708273302949395,20.0,gpcc2025
2012-08-01,box_srilanka,2.2913975911452793,20.0,gpcc2025
2012-09-01,box_srilanka,3.683954856377961,20.0,gpcc2025
2012-10-01,box_srilanka,13.139384461234323,20.0,gpcc2025
2012-11-01,box_srilanka,6.587907431612799,20.0,gpcc2025
2012-12-01,box_srilanka,12.761731456173916,20.0,gpcc2025
2013-01-01,box_srilanka,5.4318119245292955,20.0,gpcc2025
2013-02-01,box_srilanka,6.0600909599888775,20.0,gpcc2025
2013-03-01,box_srilanka,4.483657281536588,20.0,gpcc2025
2013-04-01,box_srilanka,2.680403208795069,20.0,gpcc2025
2013-05-01,box_srilanka,4.37856010714207,20.0,gpcc2025
2013-06-01,box_srilanka,3.1301371258202773,20.0,gpcc2025
2013-07-01,box_srilanka,2.150099227736371,20.0,gpcc2025
2013-08-01,box_srilanka,2.1028923507562767,20.0,gpcc2025
2013-09-01,box_srilanka,3.579865660573687,20.0,gpcc2025
2013-10-01,box_srilanka,4.735376529736476,20.0,gpcc2025
2013-11-01,box_srilanka,6.42226714075509,20.0,gpcc2025
2013-12-01,box_srilanka,3.9225607330165198,21.0,gpcc2025
2014-01-01,box_srilanka,3.8571218308853292,21.0,gpcc2025
2014-02-01,box_srilanka,1.2153157552949667,21.0,gpcc2025
2014-03-01,box_srilanka,1.272684236739877,20.0,gpcc2025
2014-04-01,box_srilanka,5.020372758799113,20.0,gpcc2025
2014-05-01,box_srilanka,4.492754460969216,20.0,gpcc2025
2014-06-01,box_srilanka,2.3325746860468635,20.0,gpcc2025
2014-07-01,box_srilanka,0.8804405416298196,20.0,gpcc2025
2014-08-01,box_srilanka,3.9137760255711163,21.0,gpcc2025
2014-09-01,box_srilanka,5.245740564734437,20.0,gpcc2025
2014-10-01,box_srilanka,10.610168597516349,20.0,gpcc2025
2014-11-01,box_srilanka,11.13367381874176,20.0,gpcc2025
2014-12-01,box_srilanka,16.6306594834336,20.0,gpcc2025
2015-01-01,box_srilanka,0.5789722314804014,20.0,gpcc2025
2015-02-01,box_srilanka,4.4867341473996865,21.0,gpcc2025
2015-03-01,box_srilanka,2.643673128938331,21.0,gpcc2025
2015-04-01,box_srilanka,6.465898401048485,20.0,gpcc2025
2015-05-01,box_srilanka,5.265944264397209,20.0,gpcc2025
2015-06-01,box_srilanka,2.7954287149035744,20.0,gpcc2025
2015-07-01,box_srilanka,1.1355056051034962,21.0,gpcc2025
2015-08-01,box_srilanka,2.4881634869628755,21.0,gpcc2025
2015-09-01,box_srilanka,6.535322693489514,21.0,gpcc2025
2015-10-01,box_srilanka,10.461921257509395,20.0,gpcc2025
2015-11-01,box_srilanka,13.56089230401664,21.0,gpcc2025
2015-12-01,box_srilanka,8.188720783290819,21.0,gpcc2025
2011-01-01,box_seaustralia,3.49910601845744,1072.0,gpcc2025
2011-02-01,box_seaustralia,3.465987839607151,1072.0,gpcc2025
2011-03-01,box_seaustralia,2.9255920957306256,1055.0,gpcc2025
2011-04-01,box_seaustralia,2.4038821686994853,1064.0,gpcc2025
2011-05-01,box_seaustralia,1.8833066552357018,1067.0,gpcc2025
2011-06-01,box_seaustralia,2.9663469367604147,1067.0,gpcc2025
2011-07-01,box_seaustralia,3.007788776834196,1060.0,gpcc2025
2011-08-01,box_seaustralia,2.9274861706304716,1066.0,gpcc2025
2011-09-01,box_seaustralia,2.467591811321201,1057.0,gpcc2025
2011-10-01,box_seaustralia,2.219457920496669,1064.0,gpcc2025
2011-11-01,box_seaustralia,3.670637784943283,1058.0,gpcc2025
2011-12-01,box_seaustralia,1.3418727784854527,1052.0,gpcc2025
2012-01-01,box_seaustralia,1.518735041923412,1060.0,gpcc2025
2012-02-01,box_seaustralia,2.693174428536861,1057.0,gpcc2025
2012-03-01,box_seaustralia,2.94890564505296,1055.0,gpcc2025
2012-04-01,box_seaustralia,2.117350693644322,1052.0,gpcc2025
2012-05-01,box_seaustralia,3.293868848208262,1053.0,gpcc2025
2012-06-01,box_seaustralia,3.7533064034957704,1042.0,gpcc2025
2012-07-01,box_seaustralia,2.091160576323754,1036.0,gpcc2025
2012-08-01,box_seaustralia,3.18363883816174,1045.0,gpcc2025
2012-09-01,box_seaustralia,2.750874975004518,1040.0,gpcc2025
2012-10-01,box_seaustralia,1.695352529016285,1037.0,gpcc2025
2012-11-01,box_seaustralia,1.3199673332485176,1037.0,gpcc2025
2012-12-01,box_seaustralia,1.647278456573176,1033.0,gpcc2025
2013-01-01,box_seaustralia,0.9867447504709106,1032.0,gpcc2025
2013-02-01,box_seaustralia,1.3648480446846374,1034.0,gpcc2025
2013-03-01,box_seaustralia,1.717117088258012,1036.0,gpcc2025
2013-04-01,box_seaustralia,1.5424076672075542,1038.0,gpcc2025
2013-05-01,box_seaustralia,2.5585606631134543,1035.0,gpcc2025
2013-06-01,box_seaustralia,2.823744355344651,1036.0,gpcc2025
2013-07-01,box_seaustralia,3.666335093624794,1028.0,gpcc2025
2013-08-01,box_seaustralia,5.342197450009121,1026.0,gpcc2025
2013-09-01,box_seaustralia,3.41122664681529,1028.0,gpcc2025
2013-10-01,box_seaustralia,2.859752230084656,1014.0,gpcc2025
2013-11-01,box_seaustralia,2.8077657286580897,1014.0,gpcc2025
2013-12-01,box_seaustralia,1.9588753001731267,1010.0,gpcc2025
2014-01-01,box_seaustralia,0.944659990012348,1000.0,gpcc2025
2014-02-01,box_seaustralia,0.9895091559385859,1002.0,gpcc2025
2014-03-01,box_seaustralia,1.9258909709000944,997.0,gpcc2025
2014-04-01,box_seaustralia,3.058250063217439,999.0,gpcc2025
2014-05-01,box_seaustralia,2.3760337793372517,1000.0,gpcc2025
2014-06-01,box_seaustralia,3.2989337515087565,999.0,gpcc2025
2014-07-01,box_seaustralia,3.404399575593873,1000.0,gpcc2025
2014-08-01,box_seaustralia,1.3655896162920942,995.0,gpcc2025
2014-09-01,box_seaustralia,2.109998654160306,988.0,gpcc2025
2014-10-01,box_seaustralia,1.763357551098559,992.0,gpcc2025
2014-11-01,box_seaustralia,1.5351535588112577,992.0,gpcc2025
2014-12-01,box_seaustralia,2.173090721832405,993.0,gpcc2025
2015-01-01,box_seaustralia,2.478043386609033,982.0,gpcc2025
2015-02-01,box_seaustralia,1.5083655153977096,986.0,gpcc2025
2015-03-01,box_seaustralia,1.677766426130311,984.0,gpcc2025
2015-04-01,box_seaustralia,2.0609577348911032,981.0,gpcc2025
2015-05-01,box_seaustralia,3.3296939610171727,982.0,gpcc2025
2015-06-01,box_seaustralia,1.8574963096877588,979.0,gpcc2025
2015-07-01,box_seaustralia,3.0387665071985324,958.0,gpcc2025
2015-08-01,box_seaustralia,2.282512756702674,957.0,gpcc2025
2015-09-01,box_seaustralia,1.4024271722645771,955.0,gpcc2025
2015-10-01,box_seaustralia,0.6678154237193287,951.0,gpcc2025
2015-11-01,box_seaustralia,1.7762269493995337,957.0,gpcc2025
2015-12-01,box_seaustralia,1.1519823119883346,956.0,gpcc2025
2011-01-01,box_ccanada,0.9104275846316807,72.0,gpcc2025
2011-02-01,box_ccanada,0.8539338954160208,72.0,gpcc2025
2011-03-01,box_ccanada,0.5927405977539251,49.0,gpcc2025
2011-04-01,box_ccanada,1.0779717048931126,49.0,gpcc2025
2011-05-01,box_ccanada,1.332590962414888,58.0,gpcc2025
2011-06-01,box_ccanada,1.655791915788457,59.0,gpcc2025
2011-07-01,box_ccanada,2.367289062572447,59.0,gpcc2025
2011-08-01,box_ccanada,2.726355980599094,60.0,gpcc2025
2011-09-01,box_ccanada,1.72219450450592,60.0,gpcc2025
2011-10-01,box_ccanada,1.7547717178713975,57.0,gpcc2025
2011-11-01,box_ccanada,0.9603612433637466,57.0,gpcc2025
2011-12-01,box_ccanada,0.6859209016998267,57.0,gpcc2025
2012-01-01,box_ccanada,0.9641845807734744,56.0,gpcc2025
2012-02-01,box_ccanada,0.41438981079267684,59.0,gpcc2025
2012-03-01,box_ccanada,1.3215381426676194,58.0,gpcc2025
2012-04-01,box_ccanada,0.7291495186763811,62.0,gpcc2025
2012-05-01,box_ccanada,2.4296154883101777,60.0,gpcc2025
2012-06-01,box_ccanada,2.56498327356838,61.0,gpcc2025
2012-07-01,box_ccanada,2.15111001253556,62.0,gpcc2025
2012-08-01,box_ccanada,2.7219287554880744,61.0,gpcc2025
2012-09-01,box_ccanada,1.8996331497001775,60.0,gpcc2025
2012-10-01,box_ccanada,2.5619397759467972,62.0,gpcc2025
2012-11-01,box_ccanada,1.6722046234396788,61.0,gpcc2025
2012-12-01,box_ccanada,1.232519024960626,60.0,gpcc2025
2013-01-01,box_ccanada,0.9195899503279362,61.0,gpcc2025
2013-02-01,box_ccanada,0.568938598251229,61.0,gpcc2025
2013-03-01,box_ccanada,0.6650382881269516,60.0,gpcc2025
2013-04-01,box_ccanada,1.0723189920541139,64.0,gpcc2025
2013-05-01,box_ccanada,1.3536576916751792,63.0,gpcc2025
2013-06-01,box_ccanada,1.7319436519007672,64.0,gpcc2025
2013-07-01,box_ccanada,2.6924959889821847,64.0,gpcc2025
2013-08-01,box_ccanada,2.5651946114691575,61.0,gpcc2025
2013-09-01,box_ccanada,2.405232025449683,62.0,gpcc2025
2013-10-01,box_ccanada,1.2815253045438924,59.0,gpcc2025
2013-11-01,box_ccanada,1.5530620043039425,60.0,gpcc2025
2013-12-01,box_ccanada,0.6759259528247202,60.0,gpcc2025
2014-01-01,box_ccanada,1.1913582799501286,59.0,gpcc2025
2014-02-01,box_ccanada,0.8683154959863008,59.0,gpcc2025
2014-03-01,box_ccanada,0.6805595473104226,59.0,gpcc2025
2014-04-01,box_ccanada,0.9460111290208553,58.0,gpcc2025
2014-05-01,box_ccanada,1.7507030082282677,61.0,gpcc2025
2014-06-01,box_ccanada,3.047891928139869,62.0,gpcc2025
2014-07-01,box_ccanada,2.5434387236875358,62.0,gpcc2025
2014-08-01,box_ccanada,2.6459017773320688,60.0,gpcc2025
2014-09-01,box_ccanada,2.283973947565946,59.0,gpcc2025
2014-10-01,box_ccanada,2.21137938947637,61.0,gpcc2025
2014-11-01,box_ccanada,1.2265162619394165,60.0,gpcc2025
2014-12-01,box_ccanada,0.7668766636747669,64.0,gpcc2025
2015-01-01,box_ccanada,0.7179275524865477,63.0,gpcc2025
2015-02-01,box_ccanada,0.5993787536708909,63.0,gpcc2025
2015-03-01,box_ccanada,0.769415801173206,62.0,gpcc2025
2015-04-01,box_ccanada,1.057439567631263,64.0,gpcc2025
2015-05-01,box_ccanada,1.7125144932366676,62.0,gpcc2025
2015-06-01,box_ccanada,1.9915124790976109,62.0,gpcc2025
2015-07-01,box_ccanada,3.3662667722541877,62.0,gpcc2025
2015-08-01,box_ccanada,2.979975508992571,63.0,gpcc2025
2015-09-01,box_ccanada,2.581361945246334,63.0,gpcc2025
2015-10-01,box_ccanada,1.3790273719328006,63.0,gpcc2025
2015-11-01,box_ccanada,1.4370860769950051,64.0,gpcc2025
2015-12-01,box_ccanada,0.8536703065712602,62.0,gpcc2025
2011-01-01,box_hawaii,,41.0,gpcc2025
2011-02-01,box_hawaii,,43.0,gpcc2025
2011-03-01,box_hawaii,,35.0,gpcc2025
2011-04-01,box_hawaii,,5.0,gpcc2025
2011-05-01,box_hawaii,,5.0,gpcc2025
2011-06-01,box_hawaii,,5.0,gpcc2025
2011-07-01,box_hawaii,,5.0,gpcc2025
2011-08-01,box_hawaii,,5.0,gpcc2025
2011-09-01,box_hawaii,,5.0,gpcc2025
2011-10-01,box_hawaii,,5.0,gpcc2025
2011-11-01,box_hawaii,,5.0,gpcc2025
2011-12-01,box_hawaii,,5.0,gpcc2025
2012-01-01,box_hawaii,,5.0,gpcc2025
2012-02-01,box_hawaii,,5.0,gpcc2025
2012-03-01,box_hawaii,,5.0,gpcc2025
2012-04-01,box_hawaii,,5.0,gpcc2025
2012-05-01,box_hawaii,,5.0,gpcc2025
2012-06-01,box_hawaii,,5.0,gpcc2025
2012-07-01,box_hawaii,,5.0,gpcc2025
2012-08-01,box_hawaii,,5.0,gpcc2025
2012-09-01,box_hawaii,,5.0,gpcc2025
2012-10-01,box_hawaii,,5.0,gpcc2025
2012-11-01,box_hawaii,,5.0,gpcc2025
2012-12-01,box_hawaii,,5.0,gpcc2025
2013-01-01,box_hawaii,,5.0,gpcc2025
2013-02-01,box_hawaii,,5.0,gpcc2025
2013-03-01,box_hawaii,,5.0,gpcc2025
2013-04-01,box_hawaii,,5.0,gpcc2025
2013-05-01,box_hawaii,,5.0,gpcc2025
2013-06-01,box_hawaii,,5.0,gpcc2025
2013-07-01,box_hawaii,,5.0,gpcc2025
2013-08-01,box_hawaii,,5.0,gpcc2025
2013-09-01,box_hawaii,,5.0,gpcc2025
2013-10-01,box_hawaii,,5.0,gpcc2025
2013-11-01,box_hawaii,,5.0,gpcc2025
2013-12-01,box_hawaii,,5.0,gpcc2025
2014-01-01,box_hawaii,,5.0,gpcc2025
2014-02-01,box_hawaii,,5.0,gpcc2025
2014-03-01,box_hawaii,,5.0,gpcc2025
2014-04-01,box_hawaii,,5.0,gpcc2025
2014-05-01,box_hawaii,,5.0,gpcc2025
2014-06-01,box_hawaii,,5.0,gpcc2025
2014-07-01,box_hawaii,,5.0,gpcc2025
2014-08-01,box_hawaii,,5.0,gpcc2025
2014-09-01,box_hawaii,,5.0,gpcc2025
2014-10-01,box_hawaii,,5.0,gpcc2025
2014-11-01,box_hawaii,,5.0,gpcc2025
2014-12-01,box_hawaii,,5.0,gpcc2025
2015-01-01,box_hawaii,,5.0,gpcc2025
2015-02-01,box_hawaii,,5.0,gpcc2025
2015-03-01,box_hawaii,,5.0,gpcc2025
2015-04-01,box_hawaii,,5.0,gpcc2025
2015-05-01,box_hawaii,,5.0,gpcc2025
2015-06-01,box_hawaii,,5.0,gpcc2025
2015-07-01,box_hawaii,,5.0,gpcc2025
2015-08-01,box_hawaii,,5.0,gpcc2025
2015-09-01,box_hawaii,,5.0,gpcc2025
2015-10-01,box_hawaii,,5.0,gpcc2025
2015-11-01,box_hawaii,,5.0,gpcc2025
2015-12-01,box_hawaii,,5.0,gpcc2025
2011-01-01,drycorridor_wet,3.8529517600165355,21.0,gpcc2025
2011-02-01,drycorridor_wet,3.3825614331215808,21.0,gpcc2025
2011-03-01,drycorridor_wet,1.9242910506070348,21.0,gpcc2025
2011-04-01,drycorridor_wet,2.4845253677998618,20.0,gpcc2025
2011-05-01,drycorridor_wet,5.736297615495737,23.0,gpcc2025
2011-06-01,drycorridor_wet,9.550422094350088,23.0,gpcc2025
2011-07-01,drycorridor_wet,9.9386219759407,24.0,gpcc2025
2011-08-01,drycorridor_wet,9.039259197522785,21.0,gpcc2025
2011-09-01,drycorridor_wet,8.278096361635585,19.0,gpcc2025
2011-10-01,drycorridor_wet,13.11587084390036,20.0,gpcc2025
2011-11-01,drycorridor_wet,6.466351594584803,22.0,gpcc2025
2011-12-01,drycorridor_wet,4.942133966326344,22.0,gpcc2025
2012-01-01,drycorridor_wet,3.4544829946035374,22.0,gpcc2025
2012-02-01,drycorridor_wet,2.887070904833629,22.0,gpcc2025
2012-03-01,drycorridor_wet,2.2017314706176045,22.0,gpcc2025
2012-04-01,drycorridor_wet,3.3211302459790644,20.0,gpcc2025
2012-05-01,drycorridor_wet,8.463619146551284,20.0,gpcc2025
2012-06-01,drycorridor_wet,8.375271889803729,21.0,gpcc2025
2012-07-01,drycorridor_wet,8.729039676375951,24.0,gpcc2025
2012-08-01,drycorridor_wet,10.307278549501795,25.0,gpcc2025
2012-09-01,drycorridor_wet,6.869401677957854,22.0,gpcc2025
2012-10-01,drycorridor_wet,8.556942069919028,21.0,gpcc2025
2012-11-01,drycorridor_wet,5.55033885224193,23.0,gpcc2025
2012-12-01,drycorridor_wet,3.30875881345079,20.0,gpcc2025
2013-01-01,drycorridor_wet,4.028668242095701,20.0,gpcc2025
2013-02-01,drycorridor_wet,2.031448268643707,23.0,gpcc2025
2013-03-01,drycorridor_wet,2.7200507854455833,23.0,gpcc2025
2013-04-01,drycorridor_wet,2.2325793099304585,23.0,gpcc2025
2013-05-01,drycorridor_wet,5.29762796220899,23.0,gpcc2025
2013-06-01,drycorridor_wet,9.087694860161998,23.0,gpcc2025
2013-07-01,drycorridor_wet,9.293143523475706,21.0,gpcc2025
2013-08-01,drycorridor_wet,9.415772710205689,24.0,gpcc2025
2013-09-01,drycorridor_wet,9.254738126353994,23.0,gpcc2025
2013-10-01,drycorridor_wet,8.517982509014338,24.0,gpcc2025
2013-11-01,drycorridor_wet,7.971655121053831,23.0,gpcc2025
2013-12-01,drycorridor_wet,5.772410736067709,23.0,gpcc2025
2014-01-01,drycorridor_wet,4.3691052777060575,22.0,gpcc2025
2014-02-01,drycorridor_wet,2.259655337419344,23.0,gpcc2025
2014-03-01,drycorridor_wet,1.5332448006613257,23.0,gpcc2025
2014-04-01,drycorridor_wet,2.1081135798776662,23.0,gpcc2025
2014-05-01,drycorridor_wet,7.431217708683327,24.0,gpcc2025
2014-06-01,drycorridor_wet,8.993391776297042,23.0,gpcc2025
2014-07-01,drycorridor_wet,7.107799003973595,24.0,gpcc2025
2014-08-01,drycorridor_wet,7.419186095618396,22.0,gpcc2025
2014-09-01,drycorridor_wet,10.62182078866807,24.0,gpcc2025
2014-10-01,drycorridor_wet,11.604272884807287,24.0,gpcc2025
2014-11-01,drycorridor_wet,8.77187744202173,22.0,gpcc2025
2014-12-01,drycorridor_wet,5.86571099989782,23.0,gpcc2025
2015-01-01,drycorridor_wet,4.053566735586687,21.0,gpcc2025
2015-02-01,drycorridor_wet,2.5868186194691596,23.0,gpcc2025
2015-03-01,drycorridor_wet,2.766058562287428,23.0,gpcc2025
2015-04-01,drycorridor_wet,2.723860187762895,24.0,gpcc2025
2015-05-01,drycorridor_wet,4.336463235959355,23.0,gpcc2025
2015-06-01,drycorridor_wet,8.859686089415721,23.0,gpcc2025
2015-07-01,drycorridor_wet,5.8248670605478905,22.0,gpcc2025
2015-08-01,drycorridor_wet,6.030199625658641,21.0,gpcc2025
2015-09-01,drycorridor_wet,8.76465658514503,19.0,gpcc2025
2015-10-01,drycorridor_wet,9.463164682711856,17.0,gpcc2025
2015-11-01,drycorridor_wet,8.695309303536334,19.0,gpcc2025
2015-12-01,drycorridor_wet,4.562696377678681,17.0,gpcc2025
2016-01-01,box_antilles,3.011073190280694,17.0,gpcc2025
2016-02-01,box_antilles,1.5740038198695647,17.0,gpcc2025
2016-03-01,box_antilles,0.9924030163471385,17.0,gpcc2025
2016-04-01,box_antilles,2.274863384119853,17.0,gpcc2025
2016-05-01,box_antilles,5.009909932294035,9.0,gpcc2025
2016-06-01,box_antilles,4.513891148397505,9.0,gpcc2025
2016-07-01,box_antilles,2.821197882634204,9.0,gpcc2025
2016-08-01,box_antilles,4.2199124890858695,17.0,gpcc2025
2016-09-01,box_antilles,4.062791204077905,14.0,gpcc2025
2016-10-01,box_antilles,5.679875419739032,9.0,gpcc2025
2016-11-01,box_antilles,3.325691719224588,8.0,gpcc2025
2016-12-01,box_antilles,1.7654798919702634,9.0,gpcc2025
2017-01-01,box_antilles,0.7634447512734195,9.0,gpcc2025
2017-02-01,box_antilles,1.2019912772741026,9.0,gpcc2025
2017-03-01,box_antilles,1.5635114804280021,9.0,gpcc2025
2017-04-01,box_antilles,3.5380841243382695,9.0,gpcc2025
2017-05-01,box_antilles,4.938681708810672,9.0,gpcc2025
2017-06-01,box_antilles,5.3170740674389885,9.0,gpcc2025
2017-07-01,box_antilles,3.7805640402957836,9.0,gpcc2025
2017-08-01,box_antilles,4.437695661818813,9.0,gpcc2025
2017-09-01,box_antilles,7.927130284005186,9.0,gpcc2025
2017-10-01,box_antilles,5.177813198764504,9.0,gpcc2025
2017-11-01,box_antilles,7.86218237996476,9.0,gpcc2025
2017-12-01,box_antilles,1.6382571194599624,9.0,gpcc2025
2018-01-01,box_antilles,4.127234804595387,9.0,gpcc2025
2018-02-01,box_antilles,0.7505489210669337,9.0,gpcc2025
2018-03-01,box_antilles,1.4671136874834811,9.0,gpcc2025
2018-04-01,box_antilles,2.5665281600190366,9.0,gpcc2025
2018-05-01,box_antilles,8.02922303463918,8.0,gpcc2025
2018-06-01,box_antilles,3.0747012651561088,8.0,gpcc2025
2018-07-01,box_antilles,3.0231455570769135,8.0,gpcc2025
2018-08-01,box_antilles,3.7094380738708748,9.0,gpcc2025
2018-09-01,box_antilles,4.440734663432646,8.0,gpcc2025
2018-10-01,box_antilles,5.893672378898898,9.0,gpcc2025
2018-11-01,box_antilles,1.8406854016132181,8.0,gpcc2025
2018-12-01,box_antilles,1.4692326434820984,5.0,gpcc2025
2019-01-01,box_antilles,2.0202096976326955,9.0,gpcc2025
2019-02-01,box_antilles,1.8384833256513953,11.0,gpcc2025
2019-03-01,box_antilles,2.1919721931274747,9.0,gpcc2025
2019-04-01,box_antilles,2.399777909389711,10.0,gpcc2025
2019-05-01,box_antilles,5.4116385911641665,10.0,gpcc2025
2019-06-01,box_antilles,4.680901183441288,11.0,gpcc2025
2019-07-01,box_antilles,4.670005173450186,10.0,gpcc2025
2019-08-01,box_antilles,5.473443544232933,10.0,gpcc2025
2019-09-01,box_antilles,6.611935654244789,9.0,gpcc2025
2019-10-01,box_antilles,4.629200650886173,9.0,gpcc2025
2019-11-01,box_antilles,3.575990656383125,9.0,gpcc2025
2019-12-01,box_antilles,2.3719760307391353,9.0,gpcc2025
2020-01-01,box_antilles,0.9699205901303528,8.0,gpcc2025
2020-02-01,box_antilles,1.525048953605784,8.0,gpcc2025
2020-03-01,box_antilles,0.4540765276344616,8.0,gpcc2025
2020-04-01,box_antilles,1.1579986350127771,6.0,gpcc2025
2020-05-01,box_antilles,6.58975002255173,8.0,gpcc2025
2020-06-01,box_antilles,3.2845939394325887,8.0,gpcc2025
2020-07-01,box_antilles,6.01847546709522,8.0,gpcc2025
2020-08-01,box_antilles,4.537756633182537,8.0,gpcc2025
2020-09-01,box_antilles,8.360505892721049,8.0,gpcc2025
2020-10-01,box_antilles,7.876612254405365,8.0,gpcc2025
2020-11-01,box_antilles,8.648315861202063,9.0,gpcc2025
2020-12-01,box_antilles,1.78001139236111,9.0,gpcc2025
2016-01-01,box_inlandnw,2.56282629891366,269.0,gpcc2025
2016-02-01,box_inlandnw,1.961124014677882,274.0,gpcc2025
2016-03-01,box_inlandnw,2.2114951218895706,276.0,gpcc2025
2016-04-01,box_inlandnw,1.112657207911508,279.0,gpcc2025
2016-05-01,box_inlandnw,1.926971785529005,276.0,gpcc2025
2016-06-01,box_inlandnw,1.9511678524211429,275.0,gpcc2025
2016-07-01,box_inlandnw,2.076635059632836,274.0,gpcc2025
2016-08-01,box_inlandnw,1.6155194296710405,274.0,gpcc2025
2016-09-01,box_inlandnw,1.5913913077448685,273.0,gpcc2025
2016-10-01,box_inlandnw,3.5393945057623077,277.0,gpcc2025
2016-11-01,box_inlandnw,2.5761416214126505,268.0,gpcc2025
2016-12-01,box_inlandnw,2.0412251522925695,262.0,gpcc2025
2017-01-01,box_inlandnw,1.6619754639782864,262.0,gpcc2025
2017-02-01,box_inlandnw,2.651967493705019,264.0,gpcc2025
2017-03-01,box_inlandnw,2.7460237614581007,269.0,gpcc2025
2017-04-01,box_inlandnw,2.3953586169386276,267.0,gpcc2025
2017-05-01,box_inlandnw,1.7506779125746272,269.0,gpcc2025
2017-06-01,box_inlandnw,1.7718232524630069,270.0,gpcc2025
2017-07-01,box_inlandnw,1.0576002351419682,266.0,gpcc2025
2017-08-01,box_inlandnw,0.7673315239657754,267.0,gpcc2025
2017-09-01,box_inlandnw,1.5274218404441953,265.0,gpcc2025
2017-10-01,box_inlandnw,2.1471767959668173,268.0,gpcc2025
2017-11-01,box_inlandnw,3.1291620281788846,265.0,gpcc2025
2017-12-01,box_inlandnw,2.0675662887146298,261.0,gpcc2025
2018-01-01,box_inlandnw,2.8034842116549026,261.0,gpcc2025
2018-02-01,box_inlandnw,2.1642684167228707,256.0,gpcc2025
2018-03-01,box_inlandnw,1.5324578846692607,261.0,gpcc2025
2018-04-01,box_inlandnw,1.872407080738356,257.0,gpcc2025
2018-05-01,box_inlandnw,1.1057955888567446,262.0,gpcc2025
2018-06-01,box_inlandnw,2.069947238828792,262.0,gpcc2025
2018-07-01,box_inlandnw,1.4531155532961748,260.0,gpcc2025
2018-08-01,box_inlandnw,1.08448140212469,263.0,gpcc2025
2018-09-01,box_inlandnw,1.723575744215064,260.0,gpcc2025
2018-10-01,box_inlandnw,1.6215112138286951,263.0,gpcc2025
2018-11-01,box_inlandnw,2.6092907190434,263.0,gpcc2025
2018-12-01,box_inlandnw,2.6859457702763025,264.0,gpcc2025
2019-01-01,box_inlandnw,2.083487895443586,264.0,gpcc2025
2019-02-01,box_inlandnw,1.9223607778893836,265.0,gpcc2025
2019-03-01,box_inlandnw,0.8170258216667633,266.0,gpcc2025
2019-04-01,box_inlandnw,1.5707625967342886,266.0,gpcc2025
2019-05-01,box_inlandnw,1.2784088562597082,265.0,gpcc2025
2019-06-01,box_inlandnw,1.926064219109148,260.0,gpcc2025
2019-07-01,box_inlandnw,2.183822787816116,260.0,gpcc2025
2019-08-01,box_inlandnw,1.3824293370467793,256.0,gpcc2025
2019-09-01,box_inlandnw,2.24132469167901,255.0,gpcc2025
2019-10-01,box_inlandnw,1.6996172942245327,258.0,gpcc2025
2019-11-01,box_inlandnw,1.7014090582850279,258.0,gpcc2025
2019-12-01,box_inlandnw,2.3804558459338057,257.0,gpcc2025
2020-01-01,box_inlandnw,3.2576078859248225,238.0,gpcc2025
2020-02-01,box_inlandnw,1.7669963567572868,231.0,gpcc2025
2020-03-01,box_inlandnw,1.3955660242366585,227.0,gpcc2025
2020-04-01,box_inlandnw,0.8488825523991582,237.0,gpcc2025
2020-05-01,box_inlandnw,2.267250032956887,234.0,gpcc2025
2020-06-01,box_inlandnw,2.7618129459723595,241.0,gpcc2025
2020-07-01,box_inlandnw,1.7079584541972979,242.0,gpcc2025
2020-08-01,box_inlandnw,1.1369278228428337,239.0,gpcc2025
2020-09-01,box_inlandnw,1.2540631513516152,237.0,gpcc2025
2020-10-01,box_inlandnw,2.1073562503964736,239.0,gpcc2025
2020-11-01,box_inlandnw,2.555862779158154,243.0,gpcc2025
2020-12-01,box_inlandnw,2.361874719586232,243.0,gpcc2025
2016-01-01,box_srilanka,1.9265934267232436,22.0,gpcc2025
2016-02-01,box_srilanka,1.8368091027195141,22.0,gpcc2025
2016-03-01,box_srilanka,1.552743694704046,22.0,gpcc2025
2016-04-01,box_srilanka,2.498760413432304,22.0,gpcc2025
2016-05-01,box_srilanka,13.357730058913742,22.0,gpcc2025
2016-06-01,box_srilanka,1.418592002999982,22.0,gpcc2025
2016-07-01,box_srilanka,1.6192416103096823,22.0,gpcc2025
2016-08-01,box_srilanka,0.7086516491985552,22.0,gpcc2025
2016-09-01,box_srilanka,0.39628699536996076,22.0,gpcc2025
2016-10-01,box_srilanka,3.385052772684228,22.0,gpcc2025
2016-11-01,box_srilanka,7.81638349315803,22.0,gpcc2025
2016-12-01,box_srilanka,2.6393626791763527,22.0,gpcc2025
2017-01-01,box_srilanka,3.8640817263077265,21.0,gpcc2025
2017-02-01,box_srilanka,1.8173136244303763,22.0,gpcc2025
2017-03-01,box_srilanka,5.1501872749277275,22.0,gpcc2025
2017-04-01,box_srilanka,1.8291574084647746,22.0,gpcc2025
2017-05-01,box_srilanka,4.908447598387725,22.0,gpcc2025
2017-06-01,box_srilanka,1.898329665677071,22.0,gpcc2025
2017-07-01,box_srilanka,1.509855954221876,22.0,gpcc2025
2017-08-01,box_srilanka,3.2905046886835208,22.0,gpcc2025
2017-09-01,box_srilanka,4.2247382024839855,22.0,gpcc2025
2017-10-01,box_srilanka,7.097183051222834,22.0,gpcc2025
2017-11-01,box_srilanka,11.008509647118586,22.0,gpcc2025
2017-12-01,box_srilanka,4.432178489269351,22.0,gpcc2025
2018-01-01,box_srilanka,1.1644794053967267,22.0,gpcc2025
2018-02-01,box_srilanka,2.4519366566342358,22.0,gpcc2025
2018-03-01,box_srilanka,2.7511337715245987,22.0,gpcc2025
2018-04-01,box_srilanka,4.73547612606753,22.0,gpcc2025
2018-05-01,box_srilanka,8.95216169399514,22.0,gpcc2025
2018-06-01,box_srilanka,2.6069239140400606,22.0,gpcc2025
2018-07-01,box_srilanka,1.1681172896127718,22.0,gpcc2025
2018-08-01,box_srilanka,1.79075827030032,22.0,gpcc2025
2018-09-01,box_srilanka,3.014844053387221,22.0,gpcc2025
2018-10-01,box_srilanka,7.882543403410362,21.0,gpcc2025
2018-11-01,box_srilanka,8.420088633238327,20.0,gpcc2025
2018-12-01,box_srilanka,4.894344964059282,21.0,gpcc2025
2019-01-01,box_srilanka,1.0502995110795008,22.0,gpcc2025
2019-02-01,box_srilanka,4.050595374153544,22.0,gpcc2025
2019-03-01,box_srilanka,0.8226401098420127,22.0,gpcc2025
2019-04-01,box_srilanka,3.3511095330874654,22.0,gpcc2025
2019-05-01,box_srilanka,1.3443703316466116,22.0,gpcc2025
2019-06-01,box_srilanka,2.3614995095716793,21.0,gpcc2025
2019-07-01,box_srilanka,2.0046805242971666,22.0,gpcc2025
2019-08-01,box_srilanka,4.334115333747636,22.0,gpcc2025
2019-09-01,box_srilanka,8.092584224355722,22.0,gpcc2025
2019-10-01,box_srilanka,13.101887094296892,22.0,gpcc2025
2019-11-01,box_srilanka,9.93733024276424,22.0,gpcc2025
2019-12-01,box_srilanka,9.864754414438874,22.0,gpcc2025
2020-01-01,box_srilanka,1.649666451974527,22.0,gpcc2025
2020-02-01,box_srilanka,0.7621253465241516,22.0,gpcc2025
2020-03-01,box_srilanka,0.6403346654316134,22.0,gpcc2025
2020-04-01,box_srilanka,3.2498404906364473,22.0,gpcc2025
2020-05-01,box_srilanka,5.317655248753993,22.0,gpcc2025
2020-06-01,box_srilanka,2.568879361860028,22.0,gpcc2025
2020-07-01,box_srilanka,3.9885716413389267,22.0,gpcc2025
2020-08-01,box_srilanka,2.2347608501489398,22.0,gpcc2025
2020-09-01,box_srilanka,6.978046270965337,22.0,gpcc2025
2020-10-01,box_srilanka,2.20985004960349,22.0,gpcc2025
2020-11-01,box_srilanka,9.155894205028686,22.0,gpcc2025
2020-12-01,box_srilanka,10.043367109670069,22.0,gpcc2025
2016-01-01,box_seaustralia,2.9454184407920443,958.0,gpcc2025
2016-02-01,box_seaustralia,1.0524815355165438,944.0,gpcc2025
2016-03-01,box_seaustralia,1.7739630602380057,946.0,gpcc2025
2016-04-01,box_seaustralia,1.5646142680240738,940.0,gpcc2025
2016-05-01,box_seaustralia,4.321046864454291,943.0,gpcc2025
2016-06-01,box_seaustralia,5.435123277037206,947.0,gpcc2025
2016-07-01,box_seaustralia,4.4713790543978105,936.0,gpcc2025
2016-08-01,box_seaustralia,2.6359253315670577,918.0,gpcc2025
2016-09-01,box_seaustralia,4.214180459878234,901.0,gpcc2025
2016-10-01,box_seaustralia,3.6626991453151923,882.0,gpcc2025
2016-11-01,box_seaustralia,2.190094073706445,791.0,gpcc2025
2016-12-01,box_seaustralia,1.8171432840565054,806.0,gpcc2025
2017-01-01,box_seaustralia,1.4729547734328743,829.0,gpcc2025
2017-02-01,box_seaustralia,1.4374325802022578,805.0,gpcc2025
2017-03-01,box_seaustralia,1.6433980605967315,811.0,gpcc2025
2017-04-01,box_seaustralia,2.317779217751497,806.0,gpcc2025
2017-05-01,box_seaustralia,2.545340636399255,805.0,gpcc2025
2017-06-01,box_seaustralia,1.2388490066365891,794.0,gpcc2025
2017-07-01,box_seaustralia,2.893690531640311,764.0,gpcc2025
2017-08-01,box_seaustralia,3.2459806684296253,777.0,gpcc2025
2017-09-01,box_seaustralia,2.98581973499534,774.0,gpcc2025
2017-10-01,box_seaustralia,1.9863662924084986,811.0,gpcc2025
2017-11-01,box_seaustralia,1.551125787731079,814.0,gpcc2025
2017-12-01,box_seaustralia,2.554192271317434,805.0,gpcc2025
2018-01-01,box_seaustralia,1.3912028120323214,821.0,gpcc2025
2018-02-01,box_seaustralia,1.3732118467007435,804.0,gpcc2025
2018-03-01,box_seaustralia,1.637714568556828,797.0,gpcc2025
2018-04-01,box_seaustralia,1.3024899036053854,787.0,gpcc2025
2018-05-01,box_seaustralia,2.824443949223338,776.0,gpcc2025
2018-06-01,box_seaustralia,2.678856358269999,764.0,gpcc2025
2018-07-01,box_seaustralia,3.6802230276118704,751.0,gpcc2025
2018-08-01,box_seaustralia,3.106535542268449,739.0,gpcc2025
2018-09-01,box_seaustralia,1.3736981358539022,758.0,gpcc2025
2018-10-01,box_seaustralia,1.128361044602854,793.0,gpcc2025
2018-11-01,box_seaustralia,2.5651834027655687,789.0,gpcc2025
2018-12-01,box_seaustralia,2.418419891459789,757.0,gpcc2025
2019-01-01,box_seaustralia,0.46742194292689865,804.0,gpcc2025
2019-02-01,box_seaustralia,1.674047653766229,801.0,gpcc2025
2019-03-01,box_seaustralia,1.6391881886542976,794.0,gpcc2025
2019-04-01,box_seaustralia,1.3634727341908615,788.0,gpcc2025
2019-05-01,box_seaustralia,3.5627624516711247,771.0,gpcc2025
2019-06-01,box_seaustralia,2.9304893324471704,768.0,gpcc2025
2019-07-01,box_seaustralia,3.369275288740053,769.0,gpcc2025
2019-08-01,box_seaustralia,2.730396024311389,754.0,gpcc2025
2019-09-01,box_seaustralia,2.136995677148719,751.0,gpcc2025
2019-10-01,box_seaustralia,1.2839037739349168,768.0,gpcc2025
2019-11-01,box_seaustralia,2.4801504189069936,771.0,gpcc2025
2019-12-01,box_seaustralia,1.0088013112782785,756.0,gpcc2025
2020-01-01,box_seaustralia,2.0401205797904742,763.0,gpcc2025
2020-02-01,box_seaustralia,2.2720226773412113,758.0,gpcc2025
2020-03-01,box_seaustralia,2.1737894551987824,761.0,gpcc2025
2020-04-01,box_seaustralia,4.211807947660857,746.0,gpcc2025
2020-05-01,box_seaustralia,2.281504160730437,749.0,gpcc2025
2020-06-01,box_seaustralia,2.1875918572345854,746.0,gpcc2025
2020-07-01,box_seaustralia,1.9419819749612628,738.0,gpcc2025
2020-08-01,box_seaustralia,3.0149190220279563,732.0,gpcc2025
2020-09-01,box_seaustralia,2.4387761018738163,732.0,gpcc2025
2020-10-01,box_seaustralia,3.4669583944874494,736.0,gpcc2025
2020-11-01,box_seaustralia,1.4986181882660263,750.0,gpcc2025
2020-12-01,box_seaustralia,2.2544977995160855,744.0,gpcc2025
2016-01-01,box_ccanada,0.8625678198160385,61.0,gpcc2025
2016-02-01,box_ccanada,0.6064425618270447,64.0,gpcc2025
2016-03-01,box_ccanada,0.6997557309312528,62.0,gpcc2025
2016-04-01,box_ccanada,0.7891434397344412,63.0,gpcc2025
2016-05-01,box_ccanada,1.543589779253901,63.0,gpcc2025
2016-06-01,box_ccanada,2.677831120069661,63.0,gpcc2025
2016-07-01,box_ccanada,2.610219266713883,62.0,gpcc2025
2016-08-01,box_ccanada,2.6696309791177866,63.0,gpcc2025
2016-09-01,box_ccanada,2.6601859991934194,63.0,gpcc2025
2016-10-01,box_ccanada,2.577618288010589,61.0,gpcc2025
2016-11-01,box_ccanada,1.1179298177516217,52.0,gpcc2025
2016-12-01,box_ccanada,1.0011262380028045,55.0,gpcc2025
2017-01-01,box_ccanada,0.8136885861656512,55.0,gpcc2025
2017-02-01,box_ccanada,0.9088050432720914,53.0,gpcc2025
2017-03-01,box_ccanada,1.1290967045376452,50.0,gpcc2025
2017-04-01,box_ccanada,1.1177551831241836,54.0,gpcc2025
2017-05-01,box_ccanada,1.3539593978503754,54.0,gpcc2025
2017-06-01,box_ccanada,2.4225972674739937,53.0,gpcc2025
2017-07-01,box_ccanada,1.648170165732064,54.0,gpcc2025
2017-08-01,box_ccanada,1.2366931382611819,55.0,gpcc2025
2017-09-01,box_ccanada,2.6700703083811956,55.0,gpcc2025
2017-10-01,box_ccanada,1.7878079674157665,54.0,gpcc2025
2017-11-01,box_ccanada,1.3443755109522126,54.0,gpcc2025
2017-12-01,box_ccanada,0.8586537218300082,52.0,gpcc2025
2018-01-01,box_ccanada,0.9681711429210429,54.0,gpcc2025
2018-02-01,box_ccanada,0.5963778359785582,55.0,gpcc2025
2018-03-01,box_ccanada,0.3963920801278485,54.0,gpcc2025
2018-04-01,box_ccanada,0.39364791144189243,54.0,gpcc2025
2018-05-01,box_ccanada,1.4991263622433708,54.0,gpcc2025
2018-06-01,box_ccanada,1.934445593313961,55.0,gpcc2025
2018-07-01,box_ccanada,3.122060143901609,54.0,gpcc2025
2018-08-01,box_ccanada,1.9464146473299266,54.0,gpcc2025
2018-09-01,box_ccanada,3.01123961188192,54.0,gpcc2025
2018-10-01,box_ccanada,1.4605642844754152,55.0,gpcc2025
2018-11-01,box_ccanada,0.8413312298528851,53.0,gpcc2025
2018-12-01,box_ccanada,0.5485504392795665,54.0,gpcc2025
2019-01-01,box_ccanada,0.6410753578116812,54.0,gpcc2025
2019-02-01,box_ccanada,0.8513803572616281,54.0,gpcc2025
2019-03-01,box_ccanada,0.5444217405740359,52.0,gpcc2025
2019-04-01,box_ccanada,0.8339551326282278,52.0,gpcc2025
2019-05-01,box_ccanada,0.9137872913254911,54.0,gpcc2025
2019-06-01,box_ccanada,1.6939042553646624,55.0,gpcc2025
2019-07-01,box_ccanada,2.7279818309578117,55.0,gpcc2025
2019-08-01,box_ccanada,2.6981472039051235,54.0,gpcc2025
2019-09-01,box_ccanada,3.280726167387107,51.0,gpcc2025
2019-10-01,box_ccanada,1.8580676939960155,47.0,gpcc2025
2019-11-01,box_ccanada,0.9589143721549921,51.0,gpcc2025
2019-12-01,box_ccanada,0.626946436035145,50.0,gpcc2025
2020-01-01,box_ccanada,0.6585132986877538,52.0,gpcc2025
2020-02-01,box_ccanada,0.4393274758510755,54.0,gpcc2025
2020-03-01,box_ccanada,0.7688837469332096,53.0,gpcc2025
2020-04-01,box_ccanada,0.8742807641032253,54.0,gpcc2025
2020-05-01,box_ccanada,1.0742212400672841,52.0,gpcc2025
2020-06-01,box_ccanada,3.337789335607559,52.0,gpcc2025
2020-07-01,box_ccanada,2.871247840600406,54.0,gpcc2025
2020-08-01,box_ccanada,2.410594078735319,53.0,gpcc2025
2020-09-01,box_ccanada,2.2281847615597363,53.0,gpcc2025
2020-10-01,box_ccanada,1.180760713375198,55.0,gpcc2025
2020-11-01,box_ccanada,1.0891393885330847,55.0,gpcc2025
2020-12-01,box_ccanada,0.8120386054145712,55.0,gpcc2025
2016-01-01,box_hawaii,,5.0,gpcc2025
2016-02-01,box_hawaii,,5.0,gpcc2025
2016-03-01,box_hawaii,,5.0,gpcc2025
2016-04-01,box_hawaii,,5.0,gpcc2025
2016-05-01,box_hawaii,,5.0,gpcc2025
2016-06-01,box_hawaii,,5.0,gpcc2025
2016-07-01,box_hawaii,,5.0,gpcc2025
2016-08-01,box_hawaii,,5.0,gpcc2025
2016-09-01,box_hawaii,,5.0,gpcc2025
2016-10-01,box_hawaii,,5.0,gpcc2025
2016-11-01,box_hawaii,,5.0,gpcc2025
2016-12-01,box_hawaii,,5.0,gpcc2025
2017-01-01,box_hawaii,,5.0,gpcc2025
2017-02-01,box_hawaii,,5.0,gpcc2025
2017-03-01,box_hawaii,,5.0,gpcc2025
2017-04-01,box_hawaii,,5.0,gpcc2025
2017-05-01,box_hawaii,,5.0,gpcc2025
2017-06-01,box_hawaii,,5.0,gpcc2025
2017-07-01,box_hawaii,,5.0,gpcc2025
2017-08-01,box_hawaii,,5.0,gpcc2025
2017-09-01,box_hawaii,,5.0,gpcc2025
2017-10-01,box_hawaii,,5.0,gpcc2025
2017-11-01,box_hawaii,,5.0,gpcc2025
2017-12-01,box_hawaii,,5.0,gpcc2025
2018-01-01,box_hawaii,,5.0,gpcc2025
2018-02-01,box_hawaii,,5.0,gpcc2025
2018-03-01,box_hawaii,,5.0,gpcc2025
2018-04-01,box_hawaii,,5.0,gpcc2025
2018-05-01,box_hawaii,,5.0,gpcc2025
2018-06-01,box_hawaii,,5.0,gpcc2025
2018-07-01,box_hawaii,,5.0,gpcc2025
2018-08-01,box_hawaii,,5.0,gpcc2025
2018-09-01,box_hawaii,,5.0,gpcc2025
2018-10-01,box_hawaii,,5.0,gpcc2025
2018-11-01,box_hawaii,,5.0,gpcc2025
2018-12-01,box_hawaii,,5.0,gpcc2025
2019-01-01,box_hawaii,,5.0,gpcc2025
2019-02-01,box_hawaii,,5.0,gpcc2025
2019-03-01,box_hawaii,,5.0,gpcc2025
2019-04-01,box_hawaii,,5.0,gpcc2025
2019-05-01,box_hawaii,,5.0,gpcc2025
2019-06-01,box_hawaii,,5.0,gpcc2025
2019-07-01,box_hawaii,,5.0,gpcc2025
2019-08-01,box_hawaii,,5.0,gpcc2025
2019-09-01,box_hawaii,,5.0,gpcc2025
2019-10-01,box_hawaii,,5.0,gpcc2025
2019-11-01,box_hawaii,,5.0,gpcc2025
2019-12-01,box_hawaii,,5.0,gpcc2025
2020-01-01,box_hawaii,,4.0,gpcc2025
2020-02-01,box_hawaii,,5.0,gpcc2025
2020-03-01,box_hawaii,,5.0,gpcc2025
2020-04-01,box_hawaii,,5.0,gpcc2025
2020-05-01,box_hawaii,,5.0,gpcc2025
2020-06-01,box_hawaii,,5.0,gpcc2025
2020-07-01,box_hawaii,,5.0,gpcc2025
2020-08-01,box_hawaii,,5.0,gpcc2025
2020-09-01,box_hawaii,,5.0,gpcc2025
2020-10-01,box_hawaii,,5.0,gpcc2025
2020-11-01,box_hawaii,,5.0,gpcc2025
2020-12-01,box_hawaii,,5.0,gpcc2025
2016-01-01,drycorridor_wet,2.773939664945252,19.0,gpcc2025
2016-02-01,drycorridor_wet,3.2993666453074413,18.0,gpcc2025
2016-03-01,drycorridor_wet,1.9235014027678903,17.0,gpcc2025
2016-04-01,drycorridor_wet,2.1788141047062615,18.0,gpcc2025
2016-05-01,drycorridor_wet,4.504541048753923,19.0,gpcc2025
2016-06-01,drycorridor_wet,10.545200721681242,18.0,gpcc2025
2016-07-01,drycorridor_wet,7.239555817787825,18.0,gpcc2025
2016-08-01,drycorridor_wet,9.244574020092552,19.0,gpcc2025
2016-09-01,drycorridor_wet,7.734075901702362,19.0,gpcc2025
2016-10-01,drycorridor_wet,9.313772846615475,20.0,gpcc2025
2016-11-01,drycorridor_wet,9.879518819448357,19.0,gpcc2025
2016-12-01,drycorridor_wet,4.767355313699994,19.0,gpcc2025
2017-01-01,drycorridor_wet,2.854051463404507,19.0,gpcc2025
2017-02-01,drycorridor_wet,1.9297034391151076,19.0,gpcc2025
2017-03-01,drycorridor_wet,2.4868552068971312,19.0,gpcc2025
2017-04-01,drycorridor_wet,3.0987375525937844,19.0,gpcc2025
2017-05-01,drycorridor_wet,7.709850602988662,19.0,gpcc2025
2017-06-01,drycorridor_wet,10.355912399544794,19.0,gpcc2025
2017-07-01,drycorridor_wet,10.060290606218079,19.0,gpcc2025
2017-08-01,drycorridor_wet,8.187006295044359,19.0,gpcc2025
2017-09-01,drycorridor_wet,7.23677261772909,19.0,gpcc2025
2017-10-01,drycorridor_wet,13.198867588421656,19.0,gpcc2025
2017-11-01,drycorridor_wet,7.2021165785453425,19.0,gpcc2025
2017-12-01,drycorridor_wet,5.048914110399941,19.0,gpcc2025
2018-01-01,drycorridor_wet,6.836544406732122,19.0,gpcc2025
2018-02-01,drycorridor_wet,2.1848522274965454,19.0,gpcc2025
2018-03-01,drycorridor_wet,2.1015236020103685,19.0,gpcc2025
2018-04-01,drycorridor_wet,3.0248352110703576,18.0,gpcc2025
2018-05-01,drycorridor_wet,6.406098606634465,18.0,gpcc2025
2018-06-01,drycorridor_wet,8.154441967857757,17.0,gpcc2025
2018-07-01,drycorridor_wet,8.389193695808421,19.0,gpcc2025
2018-08-01,drycorridor_wet,7.699266973156289,20.0,gpcc2025
2018-09-01,drycorridor_wet,7.017158586772785,19.0,gpcc2025
2018-10-01,drycorridor_wet,10.051987073621422,18.0,gpcc2025
2018-11-01,drycorridor_wet,7.010730766587416,18.0,gpcc2025
2018-12-01,drycorridor_wet,3.999893106991123,19.0,gpcc2025
2019-01-01,drycorridor_wet,2.637761875721597,18.0,gpcc2025
2019-02-01,drycorridor_wet,1.570783048890957,19.0,gpcc2025
2019-03-01,drycorridor_wet,1.6674506887427691,20.0,gpcc2025
2019-04-01,drycorridor_wet,2.04671686782208,19.0,gpcc2025
2019-05-01,drycorridor_wet,5.820445227660559,19.0,gpcc2025
2019-06-01,drycorridor_wet,7.068508027832396,20.0,gpcc2025
2019-07-01,drycorridor_wet,6.259236478315613,18.0,gpcc2025
2019-08-01,drycorridor_wet,6.348785987021243,19.0,gpcc2025
2019-09-01,drycorridor_wet,7.06755875270009,20.0,gpcc2025
2019-10-01,drycorridor_wet,10.370414409248225,20.0,gpcc2025
2019-11-01,drycorridor_wet,5.693594828855577,20.0,gpcc2025
2019-12-01,drycorridor_wet,4.6197860302347395,19.0,gpcc2025
2020-01-01,drycorridor_wet,4.178907083414167,20.0,gpcc2025
2020-02-01,drycorridor_wet,2.441148887983117,20.0,gpcc2025
2020-03-01,drycorridor_wet,1.5642925428354801,17.0,gpcc2025
2020-04-01,drycorridor_wet,1.8366467053762785,16.0,gpcc2025
2020-05-01,drycorridor_wet,6.382233546013021,16.0,gpcc2025
2020-06-01,drycorridor_wet,9.973287387881799,17.0,gpcc2025
2020-07-01,drycorridor_wet,6.979850359340437,17.0,gpcc2025
2020-08-01,drycorridor_wet,9.425370611411033,19.0,gpcc2025
2020-09-01,drycorridor_wet,8.97411098236176,20.0,gpcc2025
2020-10-01,drycorridor_wet,11.873044990496775,20.0,gpcc2025
2020-11-01,drycorridor_wet,15.320645102437204,20.0,gpcc2025
2020-12-01,drycorridor_wet,6.762924371510359,19.0,gpcc2025
2021-01-01,box_antilles,0.49844892554257597,9.0,gpcc2025
2021-02-01,box_antilles,1.1289122153368474,9.0,gpcc2025
2021-03-01,box_antilles,1.156857295131981,9.0,gpcc2025
2021-04-01,box_antilles,1.3582288387004295,8.0,gpcc2025
2021-05-01,box_antilles,4.053929015912378,8.0,gpcc2025
2021-06-01,box_antilles,6.177084355358121,9.0,gpcc2025
2021-07-01,box_antilles,3.913691944066261,9.0,gpcc2025
2021-08-01,box_antilles,5.674579190405498,9.0,gpcc2025
2021-09-01,box_antilles,4.090142468850399,9.0,gpcc2025
2021-10-01,box_antilles,4.25012914055783,9.0,gpcc2025
2021-11-01,box_antilles,3.643939255209764,9.0,gpcc2025
2021-12-01,box_antilles,1.0622595156060348,9.0,gpcc2025
2022-01-01,box_antilles,1.2191520734475771,9.0,gpcc2025
2022-02-01,box_antilles,2.1634476560253026,9.0,gpcc2025
2022-03-01,box_antilles,2.1668085887462665,9.0,gpcc2025
2022-04-01,box_antilles,2.8117043691662382,9.0,gpcc2025
2022-05-01,box_antilles,5.885046820287355,9.0,gpcc2025
2022-06-01,box_antilles,7.128214949369926,9.0,gpcc2025
2022-07-01,box_antilles,2.6380671920478815,9.0,gpcc2025
2022-08-01,box_antilles,3.1785805424074898,8.0,gpcc2025
2022-09-01,box_antilles,4.410639652218243,9.0,gpcc2025
2022-10-01,box_antilles,3.1879731291592277,8.0,gpcc2025
2022-11-01,box_antilles,2.07046636607701,9.0,gpcc2025
2022-12-01,box_antilles,1.2616327559560427,9.0,gpcc2025
2023-01-01,box_antilles,0.5956305037387475,9.0,gpcc2025
2023-02-01,box_antilles,0.5428846486423066,10.0,gpcc2025
2023-03-01,box_antilles,1.3418739685390153,9.0,gpcc2025
2023-04-01,box_antilles,2.7425719476203176,9.0,gpcc2025
2023-05-01,box_antilles,7.0501078382502085,8.0,gpcc2025
2023-06-01,box_antilles,8.42127318572618,9.0,gpcc2025
2023-07-01,box_antilles,2.7921982021971017,8.0,gpcc2025
2023-08-01,box_antilles,6.01964152301395,7.0,gpcc2025
2023-09-01,box_antilles,4.025841628562248,8.0,gpcc2025
2023-10-01,box_antilles,4.494463289669989,7.0,gpcc2025
2023-11-01,box_antilles,3.764234840059541,7.0,gpcc2025
2023-12-01,box_antilles,4.604814934046231,6.0,gpcc2025
2024-01-01,box_antilles,1.0781396368864196,7.0,gpcc2025
2024-02-01,box_antilles,1.871581683105786,8.0,gpcc2025
2024-03-01,box_antilles,2.019902273504671,7.0,gpcc2025
2024-04-01,box_antilles,1.798640587758634,7.0,gpcc2025
2024-05-01,box_antilles,4.516144253708214,6.0,gpcc2025
2024-06-01,box_antilles,6.169919349292984,7.0,gpcc2025
2024-07-01,box_antilles,2.709403578998169,6.0,gpcc2025
2024-08-01,box_antilles,4.506575865855296,7.0,gpcc2025
2024-09-01,box_antilles,3.852030468251849,7.0,gpcc2025
2024-10-01,box_antilles,4.206910728240217,5.0,gpcc2025
2024-11-01,box_antilles,3.916058245573478,5.0,gpcc2025
2024-12-01,box_antilles,2.721316910917919,6.0,gpcc2025
2021-01-01,box_inlandnw,2.4848718263099845,244.0,gpcc2025
2021-02-01,box_inlandnw,2.0419368347371964,240.0,gpcc2025
2021-03-01,box_inlandnw,1.1366915526289603,241.0,gpcc2025
2021-04-01,box_inlandnw,0.885218688154296,243.0,gpcc2025
2021-05-01,box_inlandnw,1.6145943020459537,241.0,gpcc2025
2021-06-01,box_inlandnw,1.267446140147428,242.0,gpcc2025
2021-07-01,box_inlandnw,0.8959030935607678,242.0,gpcc2025
2021-08-01,box_inlandnw,1.5577982598759212,241.0,gpcc2025
2021-09-01,box_inlandnw,1.7586399746308095,241.0,gpcc2025
2021-10-01,box_inlandnw,1.9275712757038292,244.0,gpcc2025
2021-11-01,box_inlandnw,3.4235249306860007,241.0,gpcc2025
2021-12-01,box_inlandnw,2.592167946342856,239.0,gpcc2025
2022-01-01,box_inlandnw,2.632523660955072,241.0,gpcc2025
2022-02-01,box_inlandnw,1.7257044709020413,240.0,gpcc2025
2022-03-01,box_inlandnw,1.4997385115252617,238.0,gpcc2025
2022-04-01,box_inlandnw,1.5563157788174269,234.0,gpcc2025
2022-05-01,box_inlandnw,1.7565028457189296,235.0,gpcc2025
2022-06-01,box_inlandnw,2.834681110899529,234.0,gpcc2025
2022-07-01,box_inlandnw,1.3168388976240413,235.0,gpcc2025
2022-08-01,box_inlandnw,1.066167029001361,234.0,gpcc2025
2022-09-01,box_inlandnw,0.8819606160737241,233.0,gpcc2025
2022-10-01,box_inlandnw,1.237215729682393,232.0,gpcc2025
2022-11-01,box_inlandnw,2.16170355289941,234.0,gpcc2025
2022-12-01,box_inlandnw,2.616124970685655,232.0,gpcc2025
2023-01-01,box_inlandnw,1.7724203632623434,235.0,gpcc2025
2023-02-01,box_inlandnw,1.855003137526637,234.0,gpcc2025
2023-03-01,box_inlandnw,1.2120423993455993,231.0,gpcc2025
2023-04-01,box_inlandnw,1.619854577853452,236.0,gpcc2025
2023-05-01,box_inlandnw,1.3708688568760328,231.0,gpcc2025
2023-06-01,box_inlandnw,1.9996187560374061,231.0,gpcc2025
2023-07-01,box_inlandnw,1.336967123406988,238.0,gpcc2025
2023-08-01,box_inlandnw,1.5955786038479358,234.0,gpcc2025
2023-09-01,box_inlandnw,1.3079816453188025,236.0,gpcc2025
2023-10-01,box_inlandnw,1.419283478157418,236.0,gpcc2025
2023-11-01,box_inlandnw,1.9995546571635279,236.0,gpcc2025
2023-12-01,box_inlandnw,2.54014418089396,236.0,gpcc2025
2024-01-01,box_inlandnw,2.636009539928072,234.0,gpcc2025
2024-02-01,box_inlandnw,1.9838945774574064,234.0,gpcc2025
2024-03-01,box_inlandnw,1.3326390750092703,234.0,gpcc2025
2024-04-01,box_inlandnw,1.333188364351184,231.0,gpcc2025
2024-05-01,box_inlandnw,1.902000849038157,220.0,gpcc2025
2024-06-01,box_inlandnw,1.9050242312392662,191.0,gpcc2025
2024-07-01,box_inlandnw,1.037069722058507,190.0,gpcc2025
2024-08-01,box_inlandnw,1.6958779513659226,184.0,gpcc2025
2024-09-01,box_inlandnw,1.4830016226792604,183.0,gpcc2025
2024-10-01,box_inlandnw,1.920182883598187,184.0,gpcc2025
2024-11-01,box_inlandnw,2.565937670517967,183.0,gpcc2025
2024-12-01,box_inlandnw,2.725705079347154,176.0,gpcc2025
2021-01-01,box_srilanka,7.271021842560227,22.0,gpcc2025
2021-02-01,box_srilanka,1.7764373946520144,22.0,gpcc2025
2021-03-01,box_srilanka,3.153615232907329,22.0,gpcc2025
2021-04-01,box_srilanka,4.320946546996676,22.0,gpcc2025
2021-05-01,box_srilanka,6.189464726326391,22.0,gpcc2025
2021-06-01,box_srilanka,3.5938457280864826,22.0,gpcc2025
2021-07-01,box_srilanka,2.902306163368248,22.0,gpcc2025
2021-08-01,box_srilanka,3.0029661129105656,22.0,gpcc2025
2021-09-01,box_srilanka,4.58449647336872,22.0,gpcc2025
2021-10-01,box_srilanka,9.045888644861003,22.0,gpcc2025
2021-11-01,box_srilanka,14.93567935105157,22.0,gpcc2025
2021-12-01,box_srilanka,4.525730678929982,22.0,gpcc2025
2022-01-01,box_srilanka,2.9483079114180177,21.0,gpcc2025
2022-02-01,box_srilanka,3.565890985864609,21.0,gpcc2025
2022-03-01,box_srilanka,2.4507267777428514,19.0,gpcc2025
2022-04-01,box_srilanka,8.14812236125242,22.0,gpcc2025
2022-05-01,box_srilanka,4.4216035849614075,22.0,gpcc2025
2022-06-01,box_srilanka,1.9849279260385744,22.0,gpcc2025
2022-07-01,box_srilanka,3.2188227868356742,22.0,gpcc2025
2022-08-01,box_srilanka,4.1991507374331745,22.0,gpcc2025
2022-09-01,box_srilanka,2.0856148311179883,22.0,gpcc2025
2022-10-01,box_srilanka,9.073822176990765,22.0,gpcc2025
2022-11-01,box_srilanka,7.47443647192998,22.0,gpcc2025
2022-12-01,box_srilanka,7.1865013879605355,22.0,gpcc2025
2023-01-01,box_srilanka,3.0442299616488717,22.0,gpcc2025
2023-02-01,box_srilanka,4.417499740395121,22.0,gpcc2025
2023-03-01,box_srilanka,3.1304898656522218,22.0,gpcc2025
2023-04-01,box_srilanka,4.276537411769611,22.0,gpcc2025
2023-05-01,box_srilanka,5.242870304812676,22.0,gpcc2025
2023-06-01,box_srilanka,2.0340395220151866,21.0,gpcc2025
2023-07-01,box_srilanka,1.4371859474375401,22.0,gpcc2025
2023-08-01,box_srilanka,1.8282802416723007,22.0,gpcc2025
2023-09-01,box_srilanka,7.533521784693144,22.0,gpcc2025
2023-10-01,box_srilanka,12.638166184604135,22.0,gpcc2025
2023-11-01,box_srilanka,13.373189834294333,22.0,gpcc2025
2023-12-01,box_srilanka,12.39615959526964,22.0,gpcc2025
2024-01-01,box_srilanka,6.439058893105203,21.0,gpcc2025
2024-02-01,box_srilanka,0.6097499133641722,20.0,gpcc2025
2024-03-01,box_srilanka,0.9212932141694742,16.0,gpcc2025
2024-04-01,box_srilanka,2.7545825934234096,19.0,gpcc2025
2024-05-01,box_srilanka,5.746972219282854,21.0,gpcc2025
2024-06-01,box_srilanka,1.1803201242974124,21.0,gpcc2025
2024-07-01,box_srilanka,1.6406628555197238,21.0,gpcc2025
2024-08-01,box_srilanka,3.6307599742828853,21.0,gpcc2025
2024-09-01,box_srilanka,2.121683413744636,21.0,gpcc2025
2024-10-01,box_srilanka,6.546542166376584,21.0,gpcc2025
2024-11-01,box_srilanka,9.471005824747852,19.0,gpcc2025
2024-12-01,box_srilanka,4.009302862038953,20.0,gpcc2025
2021-01-01,box_seaustralia,2.5343908392819468,748.0,gpcc2025
2021-02-01,box_seaustralia,1.7462555821468333,748.0,gpcc2025
2021-03-01,box_seaustralia,2.733724909043035,739.0,gpcc2025
2021-04-01,box_seaustralia,1.6842974138762872,738.0,gpcc2025
2021-05-01,box_seaustralia,2.6056986403697584,734.0,gpcc2025
2021-06-01,box_seaustralia,3.5235788350414032,721.0,gpcc2025
2021-07-01,box_seaustralia,3.824855255455557,708.0,gpcc2025
2021-08-01,box_seaustralia,2.5226066850235638,706.0,gpcc2025
2021-09-01,box_seaustralia,3.2406091559813346,710.0,gpcc2025
2021-10-01,box_seaustralia,3.6820952455085005,722.0,gpcc2025
2021-11-01,box_seaustralia,2.655906774324468,724.0,gpcc2025
2021-12-01,box_seaustralia,1.1789329444972567,709.0,gpcc2025
2022-01-01,box_seaustralia,2.514939667628964,693.0,gpcc2025
2022-02-01,box_seaustralia,1.3889589740092905,692.0,gpcc2025
2022-03-01,box_seaustralia,1.6898882680439409,695.0,gpcc2025
2022-04-01,box_seaustralia,2.4435454803010335,686.0,gpcc2025
2022-05-01,box_seaustralia,2.8887981287894218,675.0,gpcc2025
2022-06-01,box_seaustralia,3.2130934954429846,635.0,gpcc2025
2022-07-01,box_seaustralia,1.890629749495486,616.0,gpcc2025
2022-08-01,box_seaustralia,4.15379929672773,383.0,gpcc2025
2022-09-01,box_seaustralia,2.942531878170592,139.0,gpcc2025
2022-10-01,box_seaustralia,5.39889307986004,142.0,gpcc2025
2022-11-01,box_seaustralia,3.3927491879227314,143.0,gpcc2025
2022-12-01,box_seaustralia,1.784837680340621,146.0,gpcc2025
2023-01-01,box_seaustralia,1.060534869154913,146.0,gpcc2025
2023-02-01,box_seaustralia,1.602945389357485,145.0,gpcc2025
2023-03-01,box_seaustralia,2.2877793351264617,143.0,gpcc2025
2023-04-01,box_seaustralia,2.531103470566696,136.0,gpcc2025
2023-05-01,box_seaustralia,2.8483540749624976,138.0,gpcc2025
2023-06-01,box_seaustralia,3.9780569213130272,139.0,gpcc2025
2023-07-01,box_seaustralia,2.3328789518577917,141.0,gpcc2025
2023-08-01,box_seaustralia,1.9557028187914967,140.0,gpcc2025
2023-09-01,box_seaustralia,1.40271146326228,138.0,gpcc2025
2023-10-01,box_seaustralia,2.7296891125723866,144.0,gpcc2025
2023-11-01,box_seaustralia,2.0223859378561317,145.0,gpcc2025
2023-12-01,box_seaustralia,2.540542169483286,145.0,gpcc2025
2024-01-01,box_seaustralia,2.57179661649362,145.0,gpcc2025
2024-02-01,box_seaustralia,0.6766501618277896,144.0,gpcc2025
2024-03-01,box_seaustralia,0.6888461365891925,142.0,gpcc2025
2024-04-01,box_seaustralia,2.2635116835646767,138.0,gpcc2025
2024-05-01,box_seaustralia,1.5832507105040519,135.0,gpcc2025
2024-06-01,box_seaustralia,2.2445939413829756,138.0,gpcc2025
2024-07-01,box_seaustralia,2.950243020448407,134.0,gpcc2025
2024-08-01,box_seaustralia,2.8373903451266824,134.0,gpcc2025
2024-09-01,box_seaustralia,3.1142944873301515,136.0,gpcc2025
2024-10-01,box_seaustralia,1.8528633751074604,143.0,gpcc2025
2024-11-01,box_seaustralia,2.809920823684922,142.0,gpcc2025
2024-12-01,box_seaustralia,1.8001488121957026,133.0,gpcc2025
2021-01-01,box_ccanada,0.5595855303829405,54.0,gpcc2025
2021-02-01,box_ccanada,0.5366689796461097,57.0,gpcc2025
2021-03-01,box_ccanada,0.822024426499349,56.0,gpcc2025
2021-04-01,box_ccanada,1.0221958012013015,55.0,gpcc2025
2021-05-01,box_ccanada,1.3511591615083332,55.0,gpcc2025
2021-06-01,box_ccanada,1.87731322781645,53.0,gpcc2025
2021-07-01,box_ccanada,1.3930165534712229,53.0,gpcc2025
2021-08-01,box_ccanada,2.36537226544816,55.0,gpcc2025
2021-09-01,box_ccanada,2.009707849686725,56.0,gpcc2025
2021-10-01,box_ccanada,1.3701046889671422,56.0,gpcc2025
2021-11-01,box_ccanada,1.1011814731242253,53.0,gpcc2025
2021-12-01,box_ccanada,1.1358451709967923,55.0,gpcc2025
2022-01-01,box_ccanada,0.629654677662677,58.0,gpcc2025
2022-02-01,box_ccanada,0.6595126948928428,56.0,gpcc2025
2022-03-01,box_ccanada,0.678332931243766,55.0,gpcc2025
2022-04-01,box_ccanada,1.7389594180008736,54.0,gpcc2025
2022-05-01,box_ccanada,2.32813983086119,55.0,gpcc2025
2022-06-01,box_ccanada,2.7770711034430877,54.0,gpcc2025
2022-07-01,box_ccanada,2.636322768261787,54.0,gpcc2025
2022-08-01,box_ccanada,2.3273810412306584,55.0,gpcc2025
2022-09-01,box_ccanada,1.488183182529568,54.0,gpcc2025
2022-10-01,box_ccanada,1.465817882662525,54.0,gpcc2025
2022-11-01,box_ccanada,1.346757340304259,56.0,gpcc2025
2022-12-01,box_ccanada,1.0730086804248748,54.0,gpcc2025
2023-01-01,box_ccanada,0.5094925374635536,55.0,gpcc2025
2023-02-01,box_ccanada,0.7110000485528651,57.0,gpcc2025
2023-03-01,box_ccanada,0.4117873755546812,56.0,gpcc2025
2023-04-01,box_ccanada,1.0309087643773642,55.0,gpcc2025
2023-05-01,box_ccanada,0.8689912779225395,55.0,gpcc2025
2023-06-01,box_ccanada,1.4067840053935623,56.0,gpcc2025
2023-07-01,box_ccanada,2.321844557913063,54.0,gpcc2025
2023-08-01,box_ccanada,2.0232801508734988,56.0,gpcc2025
2023-09-01,box_ccanada,1.0266786693749235,56.0,gpcc2025
2023-10-01,box_ccanada,1.5352809768421527,57.0,gpcc2025
2023-11-01,box_ccanada,0.8208356415471176,55.0,gpcc2025
2023-12-01,box_ccanada,0.6395398389875715,56.0,gpcc2025
2024-01-01,box_ccanada,0.7432124583200413,57.0,gpcc2025
2024-02-01,box_ccanada,0.6794770432225351,56.0,gpcc2025
2024-03-01,box_ccanada,0.9259586929396119,56.0,gpcc2025
2024-04-01,box_ccanada,0.8716919980304583,57.0,gpcc2025
2024-05-01,box_ccanada,2.231856795500552,57.0,gpcc2025
2024-06-01,box_ccanada,2.8095235778187715,59.0,gpcc2025
2024-07-01,box_ccanada,2.1686563214716807,59.0,gpcc2025
2024-08-01,box_ccanada,1.7392485374358517,56.0,gpcc2025
2024-09-01,box_ccanada,1.6179523619315754,56.0,gpcc2025
2024-10-01,box_ccanada,1.0450740877489548,59.0,gpcc2025
2024-11-01,box_ccanada,1.4837069589228484,58.0,gpcc2025
2024-12-01,box_ccanada,0.9379781466460773,57.0,gpcc2025
2021-01-01,box_hawaii,,5.0,gpcc2025
2021-02-01,box_hawaii,,5.0,gpcc2025
2021-03-01,box_hawaii,,5.0,gpcc2025
2021-04-01,box_hawaii,,5.0,gpcc2025
2021-05-01,box_hawaii,,5.0,gpcc2025
2021-06-01,box_hawaii,,5.0,gpcc2025
2021-07-01,box_hawaii,,5.0,gpcc2025
2021-08-01,box_hawaii,,5.0,gpcc2025
2021-09-01,box_hawaii,,5.0,gpcc2025
2021-10-01,box_hawaii,,5.0,gpcc2025
2021-11-01,box_hawaii,,5.0,gpcc2025
2021-12-01,box_hawaii,,5.0,gpcc2025
2022-01-01,box_hawaii,,4.0,gpcc2025
2022-02-01,box_hawaii,,5.0,gpcc2025
2022-03-01,box_hawaii,,5.0,gpcc2025
2022-04-01,box_hawaii,,5.0,gpcc2025
2022-05-01,box_hawaii,,5.0,gpcc2025
2022-06-01,box_hawaii,,5.0,gpcc2025
2022-07-01,box_hawaii,,5.0,gpcc2025
2022-08-01,box_hawaii,,5.0,gpcc2025
2022-09-01,box_hawaii,,5.0,gpcc2025
2022-10-01,box_hawaii,,5.0,gpcc2025
2022-11-01,box_hawaii,,5.0,gpcc2025
2022-12-01,box_hawaii,,5.0,gpcc2025
2023-01-01,box_hawaii,,5.0,gpcc2025
2023-02-01,box_hawaii,,5.0,gpcc2025
2023-03-01,box_hawaii,,5.0,gpcc2025
2023-04-01,box_hawaii,,5.0,gpcc2025
2023-05-01,box_hawaii,,5.0,gpcc2025
2023-06-01,box_hawaii,,5.0,gpcc2025
2023-07-01,box_hawaii,,5.0,gpcc2025
2023-08-01,box_hawaii,,5.0,gpcc2025
2023-09-01,box_hawaii,,5.0,gpcc2025
2023-10-01,box_hawaii,,5.0,gpcc2025
2023-11-01,box_hawaii,,5.0,gpcc2025
2023-12-01,box_hawaii,,5.0,gpcc2025
2024-01-01,box_hawaii,,4.0,gpcc2025
2024-02-01,box_hawaii,,5.0,gpcc2025
2024-03-01,box_hawaii,,5.0,gpcc2025
2024-04-01,box_hawaii,,5.0,gpcc2025
2024-05-01,box_hawaii,,5.0,gpcc2025
2024-06-01,box_hawaii,,5.0,gpcc2025
2024-07-01,box_hawaii,,4.0,gpcc2025
2024-08-01,box_hawaii,,5.0,gpcc2025
2024-09-01,box_hawaii,,5.0,gpcc2025
2024-10-01,box_hawaii,,5.0,gpcc2025
2024-11-01,box_hawaii,,5.0,gpcc2025
2024-12-01,box_hawaii,,5.0,gpcc2025
2021-01-01,drycorridor_wet,3.776491252201713,20.0,gpcc2025
2021-02-01,drycorridor_wet,2.7936795692712226,20.0,gpcc2025
2021-03-01,drycorridor_wet,2.4538267038009183,20.0,gpcc2025
2021-04-01,drycorridor_wet,5.3718371972805565,20.0,gpcc2025
2021-05-01,drycorridor_wet,4.830852949876386,20.0,gpcc2025
2021-06-01,drycorridor_wet,7.569225326208052,21.0,gpcc2025
2021-07-01,drycorridor_wet,8.514577625897244,21.0,gpcc2025
2021-08-01,drycorridor_wet,8.595444895449537,21.0,gpcc2025
2021-09-01,drycorridor_wet,7.118433806045815,21.0,gpcc2025
2021-10-01,drycorridor_wet,7.8574611989430005,21.0,gpcc2025
2021-11-01,drycorridor_wet,6.151379037000481,19.0,gpcc2025
2021-12-01,drycorridor_wet,3.447002714717034,21.0,gpcc2025
2022-01-01,drycorridor_wet,2.874495472577155,21.0,gpcc2025
2022-02-01,drycorridor_wet,2.7567557313576714,20.0,gpcc2025
2022-03-01,drycorridor_wet,1.857476711928622,19.0,gpcc2025
2022-04-01,drycorridor_wet,4.1368786960528885,20.0,gpcc2025
2022-05-01,drycorridor_wet,7.33857712732598,20.0,gpcc2025
2022-06-01,drycorridor_wet,11.191618911520555,20.0,gpcc2025
2022-07-01,drycorridor_wet,8.083589727044163,20.0,gpcc2025
2022-08-01,drycorridor_wet,10.223839475348823,20.0,gpcc2025
2022-09-01,drycorridor_wet,10.603450598730571,20.0,gpcc2025
2022-10-01,drycorridor_wet,7.282020539691788,20.0,gpcc2025
2022-11-01,drycorridor_wet,8.39764757690532,20.0,gpcc2025
2022-12-01,drycorridor_wet,3.8903892455068187,20.0,gpcc2025
2023-01-01,drycorridor_wet,2.4039861119862986,20.0,gpcc2025
2023-02-01,drycorridor_wet,2.0167353096265193,20.0,gpcc2025
2023-03-01,drycorridor_wet,2.274277100127414,20.0,gpcc2025
2023-04-01,drycorridor_wet,1.6382098491172528,21.0,gpcc2025
2023-05-01,drycorridor_wet,3.31641585430707,18.0,gpcc2025
2023-06-01,drycorridor_wet,7.659228955073861,19.0,gpcc2025
2023-07-01,drycorridor_wet,9.670158708556164,18.0,gpcc2025
2023-08-01,drycorridor_wet,6.63968550196586,21.0,gpcc2025
2023-09-01,drycorridor_wet,5.8976765361091585,21.0,gpcc2025
2023-10-01,drycorridor_wet,9.045257309916758,17.0,gpcc2025
2023-11-01,drycorridor_wet,9.660408292972312,19.0,gpcc2025
2023-12-01,drycorridor_wet,5.343169532138705,20.0,gpcc2025
2024-01-01,drycorridor_wet,2.661991220823884,21.0,gpcc2025
2024-02-01,drycorridor_wet,1.653311859452392,20.0,gpcc2025
2024-03-01,drycorridor_wet,1.1803365118194722,20.0,gpcc2025
2024-04-01,drycorridor_wet,3.0901354734869444,21.0,gpcc2025
2024-05-01,drycorridor_wet,3.9256789150945983,21.0,gpcc2025
2024-06-01,drycorridor_wet,11.739748193510888,18.0,gpcc2025
2024-07-01,drycorridor_wet,10.033623494139604,20.0,gpcc2025
2024-08-01,drycorridor_wet,7.76217966632311,20.0,gpcc2025
2024-09-01,drycorridor_wet,9.443217417976074,20.0,gpcc2025
2024-10-01,drycorridor_wet,10.179756917657691,20.0,gpcc2025
2024-11-01,drycorridor_wet,12.366334399307778,19.0,gpcc2025
2024-12-01,drycorridor_wet,7.0251408485915325,21.0,gpcc2025
